datetime,Potencia DC,Eficiencia
2021-02-27 05:00:00,1.8800000000000001,0.0
2021-02-27 05:01:00,1.51,0.0
2021-02-27 05:02:00,1.2000000000000002,0.0
2021-02-27 05:03:00,1.99,0.0
2021-02-27 05:04:00,2.7300000000000004,0.0
2021-02-27 05:05:00,2.45,0.0
2021-02-27 05:06:00,2.6500000000000004,0.0
2021-02-27 05:07:00,2.87,0.0
2021-02-27 05:08:00,3.6100000000000003,0.0
2021-02-27 05:09:00,3.88,0.0
2021-02-27 05:10:00,2.9800000000000004,0.0
2021-02-27 05:11:00,3.9299999999999997,0.0
2021-02-27 05:12:00,3.2100000000000004,0.0
2021-02-27 05:13:00,4.05,0.0
2021-02-27 05:14:00,3.4200000000000004,0.0
2021-02-27 05:15:00,4.010000000000001,0.0
2021-02-27 05:16:00,4.55,0.0
2021-02-27 05:17:00,3.88,0.0
2021-02-27 05:18:00,4.170000000000001,0.0
2021-02-27 05:19:00,3.5100000000000002,0.0
2021-02-27 05:20:00,1.8600000000000003,0.0
2021-02-27 05:21:00,3.9200000000000004,0.0
2021-02-27 05:22:00,4.49,0.0
2021-02-27 05:23:00,5.28,0.0
2021-02-27 05:24:00,6.09,0.0
2021-02-27 05:25:00,7.01,0.0
2021-02-27 05:26:00,8.24,0.0
2021-02-27 05:27:00,22.550000000000004,-109.5343680709534
2021-02-27 05:28:00,23.28,-118.98625429553265
2021-02-27 05:29:00,25.42,-93.23367427222658
2021-02-27 05:30:00,25.759999999999998,-99.37888198757764
2021-02-27 05:31:00,43.74000000000001,-57.61316872427982
2021-02-27 05:32:00,23.200000000000003,-118.10344827586205
2021-02-27 05:33:00,48.120000000000005,-55.07065669160431
2021-02-27 05:34:00,50.08,-44.329073482428115
2021-02-27 05:35:00,51.980000000000004,-50.98114659484416
2021-02-27 05:36:00,53.09,-52.55226973064606
2021-02-27 05:37:00,55.02,-49.07306434023991
2021-02-27 05:38:00,55.75,-46.2780269058296
2021-02-27 05:39:00,55.5,-42.34234234234234
2021-02-27 05:40:00,56.84,-54.011259676284304
2021-02-27 05:41:00,55.85,-45.837063563115485
2021-02-27 05:42:00,57.75,-42.07792207792208
2021-02-27 05:43:00,58.18000000000001,-40.39188724647645
2021-02-27 05:44:00,57.49000000000001,-45.57314315533135
2021-02-27 05:45:00,58.7,-50.08517887563884
2021-02-27 05:46:00,58.86,-50.11892626571526
2021-02-27 05:47:00,58.050000000000004,-44.961240310077514
2021-02-27 05:48:00,59.25,-47.76371308016878
2021-02-27 05:49:00,58.92,-41.41208418194161
2021-02-27 05:50:00,79.91,-3.2536603679139033
2021-02-27 05:51:00,99.82000000000001,-0.9016229212582648
2021-02-27 05:52:00,99.42,1.508750754375377
2021-02-27 05:53:00,123.4,11.750405186385738
2021-02-27 05:54:00,104.6,23.32695984703633
2021-02-27 05:55:00,128.97,21.167713421725985
2021-02-27 05:56:00,127.99,10.938354558949918
2021-02-27 05:57:00,127.51,17.253548741275193
2021-02-27 05:58:00,127.43,20.16793533704779
2021-02-27 05:59:00,156.75,1.2121212121212122
2021-02-27 06:00:00,157.89,13.997086579264046
2021-02-27 06:01:00,153.54,15.761365116581999
2021-02-27 06:02:00,154.62,19.40240589833139
2021-02-27 06:03:00,158.54999999999998,34.62630085146642
2021-02-27 06:04:00,180.44,40.67834183107959
2021-02-27 06:05:00,181.8,43.83938393839384
2021-02-27 06:06:00,184.20999999999998,37.077248792139414
2021-02-27 06:07:00,183.53,40.102435569116764
2021-02-27 06:08:00,183.11,45.546392878597565
2021-02-27 06:09:00,185.14,40.23981851571784
2021-02-27 06:10:00,214.04000000000002,37.09586993085405
2021-02-27 06:11:00,213.64000000000001,53.6884478562067
2021-02-27 06:12:00,240.87,53.34827915473077
2021-02-27 06:13:00,238.44,52.13051501425935
2021-02-27 06:14:00,263.4,49.582384206529994
2021-02-27 06:15:00,269.35,59.58789678856506
2021-02-27 06:16:00,268.05,66.96511844805073
2021-02-27 06:17:00,267.0,63.670411985018724
2021-02-27 06:18:00,268.5,65.28864059590317
2021-02-27 06:19:00,263.2,60.904255319148945
2021-02-27 06:20:00,259.3,51.330505206324716
2021-02-27 06:21:00,238.07999999999998,51.83131720430109
2021-02-27 06:22:00,232.32000000000002,56.12947658402203
2021-02-27 06:23:00,237.16,50.76741440377804
2021-02-27 06:24:00,236.25,53.50264550264551
2021-02-27 06:25:00,210.95999999999998,55.27114144861586
2021-02-27 06:26:00,212.24,52.440633245382585
2021-02-27 06:27:00,212.8,54.417293233082695
2021-02-27 06:28:00,212.8,54.417293233082695
2021-02-27 06:29:00,212.8,54.417293233082695
2021-02-27 06:30:00,212.8,54.417293233082695
2021-02-27 06:31:00,212.8,54.417293233082695
2021-02-27 06:32:00,212.8,54.417293233082695
2021-02-27 06:33:00,212.8,54.417293233082695
2021-02-27 06:34:00,212.8,54.417293233082695
2021-02-27 06:35:00,212.8,54.417293233082695
2021-02-27 06:36:00,212.8,54.417293233082695
2021-02-27 06:37:00,212.8,54.417293233082695
2021-02-27 06:38:00,212.8,54.417293233082695
2021-02-27 06:39:00,212.8,54.417293233082695
2021-02-27 06:40:00,212.8,54.417293233082695
2021-02-27 06:41:00,212.8,54.417293233082695
2021-02-27 06:42:00,212.8,54.417293233082695
2021-02-27 06:43:00,212.8,54.417293233082695
2021-02-27 06:44:00,212.8,54.417293233082695
2021-02-27 06:45:00,212.8,54.417293233082695
2021-02-27 06:46:00,212.8,54.417293233082695
2021-02-27 06:47:00,212.8,54.417293233082695
2021-02-27 06:48:00,212.8,54.417293233082695
2021-02-27 06:49:00,212.8,54.417293233082695
2021-02-27 06:50:00,212.8,54.417293233082695
2021-02-27 06:51:00,212.8,54.417293233082695
2021-02-27 06:52:00,212.8,54.417293233082695
2021-02-27 06:53:00,212.8,54.417293233082695
2021-02-27 06:54:00,159.52,88.6409227683049
2021-02-27 06:55:00,288.26,57.96850065912717
2021-02-27 06:56:00,287.38,66.39292922263206
2021-02-27 06:57:00,287.4,59.777313848295066
2021-02-27 06:58:00,289.87,66.51257460240798
2021-02-27 06:59:00,318.65999999999997,71.76928387623173
2021-02-27 07:00:00,350.05,69.67576060562777
2021-02-27 07:01:00,385.77,68.77154781346398
2021-02-27 07:02:00,411.85,66.8690057059609
2021-02-27 07:03:00,384.92999999999995,70.61024082300679
2021-02-27 07:04:00,381.56999999999994,69.18782923185786
2021-02-27 07:05:00,384.92999999999995,67.02517340815214
2021-02-27 07:06:00,385.28,74.02408637873754
2021-02-27 07:07:00,411.45000000000005,72.91286912139992
2021-02-27 07:08:00,409.69000000000005,72.68910639752006
2021-02-27 07:09:00,408.37,71.13646937825992
2021-02-27 07:10:00,410.52,69.83825392185521
2021-02-27 07:11:00,382.34000000000003,71.9778207877805
2021-02-27 07:12:00,384.86,70.25931507561191
2021-02-27 07:13:00,385.2099999999999,69.3128423457335
2021-02-27 07:14:00,386.33000000000004,72.63220562731344
2021-02-27 07:15:00,385.06999999999994,71.93497286207705
2021-02-27 07:16:00,384.51,67.07237783152583
2021-02-27 07:17:00,384.65,72.63746262836345
2021-02-27 07:18:00,410.36,68.76888585632128
2021-02-27 07:19:00,438.08000000000004,71.49379108838568
2021-02-27 07:20:00,463.77,74.71375897535417
2021-02-27 07:21:00,490.77000000000004,74.12841045703689
2021-02-27 07:22:00,494.64000000000004,78.31958596150734
2021-02-27 07:23:00,523.6600000000001,81.19772371386013
2021-02-27 07:24:00,555.3,82.71204754186927
2021-02-27 07:25:00,609.95,81.51487826871055
2021-02-27 07:26:00,670.2,82.0799761265294
2021-02-27 07:27:00,757.0999999999999,84.3349623563598
2021-02-27 07:28:00,815.5799999999999,87.41018661566002
2021-02-27 07:29:00,908.48,86.01179992955265
2021-02-27 07:30:00,1019.7,87.76110620770814
2021-02-27 07:31:00,1136.4,87.108412530799
2021-02-27 07:32:00,1223.04,91.82038199895342
2021-02-27 07:33:00,1336.09,90.95195682925552
2021-02-27 07:34:00,1479.92,90.89004811070868
2021-02-27 07:35:00,1988.6999999999998,90.83320762307035
2021-02-27 07:36:00,2671.95,93.95385392690733
2021-02-27 07:37:00,1827.7599999999998,93.23434148903577
2021-02-27 07:38:00,1975.75,91.777805896495
2021-02-27 07:39:00,1742.8200000000002,92.31016398710136
2021-02-27 07:40:00,1504.9800000000002,91.61583542638438
2021-02-27 07:41:00,1338.48,89.6763492917339
2021-02-27 07:42:00,1242.79,90.11981107025322
2021-02-27 07:43:00,1192.68,87.55072609585136
2021-02-27 07:44:00,1253.88,88.93195521102496
2021-02-27 07:45:00,1464.58,90.92709172595556
2021-02-27 07:46:00,1857.8999999999999,91.86716184939986
2021-02-27 07:47:00,2818.0,92.73953158268276
2021-02-27 07:48:00,2967.4700000000003,94.73389789955752
2021-02-27 07:49:00,1897.54,91.85577115633926
2021-02-27 07:50:00,1891.08,93.39636609767965
2021-02-27 07:51:00,2989.9500000000003,93.35607618856503
2021-02-27 07:52:00,3228.8599999999997,93.85046115347214
2021-02-27 07:53:00,3239.3100000000004,94.53556467272351
2021-02-27 07:54:00,3178.67,93.95438972903762
2021-02-27 07:55:00,3119.37,94.08951166421426
2021-02-27 07:56:00,2402.84,94.25513142781043
2021-02-27 07:57:00,2964.0600000000004,93.88811292618907
2021-02-27 07:58:00,2177.94,95.69593285398128
2021-02-27 07:59:00,939.6700000000001,85.79607734630243
2021-02-27 08:00:00,945.94,87.50026428737551
2021-02-27 08:01:00,1182.13,88.6704507964437
2021-02-27 08:02:00,1120.24,88.65957294865386
2021-02-27 08:03:00,1042.53,86.53947608222306
2021-02-27 08:04:00,1108.8,89.23160173160173
2021-02-27 08:05:00,2628.71,91.73320754286323
2021-02-27 08:06:00,3257.2799999999997,94.59733274388448
2021-02-27 08:07:00,3313.11,95.72576823588712
2021-02-27 08:08:00,3362.93,93.7099493596358
2021-02-27 08:09:00,3363.54,93.53835542315537
2021-02-27 08:10:00,3153.84,94.78286786901047
2021-02-27 08:11:00,3256.57,93.93318737198955
2021-02-27 08:12:00,3200.09,94.28797315075514
2021-02-27 08:13:00,3187.13,94.20701383376266
2021-02-27 08:14:00,3129.87,93.29780470115372
2021-02-27 08:15:00,2695.9700000000003,95.09007889553665
2021-02-27 08:16:00,2734.5,94.02815871274456
2021-02-27 08:17:00,2598.16,93.60855374572775
2021-02-27 08:18:00,2532.88,93.21799690470925
2021-02-27 08:19:00,1883.06,92.46651726445253
2021-02-27 08:20:00,1983.96,92.60771386519889
2021-02-27 08:21:00,3056.9,93.45742418790279
2021-02-27 08:22:00,3739.77,93.84534343021095
2021-02-27 08:23:00,3765.34,95.18131164781933
2021-02-27 08:24:00,3609.2799999999997,93.48678960900789
2021-02-27 08:25:00,3468.0400000000004,95.03638943034105
2021-02-27 08:26:00,1982.17,94.09384664282075
2021-02-27 08:27:00,1297.44,90.33943766185718
2021-02-27 08:28:00,1703.8100000000002,92.78616747172514
2021-02-27 08:29:00,1690.12,92.33072207890565
2021-02-27 08:30:00,1749.1200000000001,91.50887303329674
2021-02-27 08:31:00,1674.94,92.66003558336418
2021-02-27 08:32:00,3123.83,93.38216228155821
2021-02-27 08:33:00,2178.13,94.16793304348225
2021-02-27 08:34:00,3970.66,94.2261488014587
2021-02-27 08:35:00,3591.9,93.24034633480886
2021-02-27 08:36:00,4181.87,94.0560084364172
2021-02-27 08:37:00,4035.5400000000004,94.79276627167616
2021-02-27 08:38:00,4225.71,94.62788501813895
2021-02-27 08:39:00,4024.5,94.56826935022985
2021-02-27 08:40:00,3937.62,94.11522696451156
2021-02-27 08:41:00,3923.75,94.21344377190188
2021-02-27 08:42:00,2688.5,94.42068067695742
2021-02-27 08:43:00,2641.59,92.39889611938264
2021-02-27 08:44:00,3653.49,93.81714470273629
2021-02-27 08:45:00,2974.95,94.28393754516884
2021-02-27 08:46:00,2270.1000000000004,93.99145412096381
2021-02-27 08:47:00,1971.3400000000001,92.9621475747461
2021-02-27 08:48:00,1743.68,89.8846118553863
2021-02-27 08:49:00,1799.4899999999998,91.17027602265087
2021-02-27 08:50:00,2055.73,93.36829252868812
2021-02-27 08:51:00,1774.1000000000001,92.55960768840538
2021-02-27 08:52:00,1675.23,91.38446661055497
2021-02-27 08:53:00,1680.2600000000002,91.12875388332758
2021-02-27 08:54:00,1656.3,92.0666545915595
2021-02-27 08:55:00,2815.2,93.92227905655017
2021-02-27 08:56:00,3507.32,94.00054742652509
2021-02-27 08:57:00,3428.26,93.32139335989686
2021-02-27 08:58:00,2982.62,95.19818146461836
2021-02-27 08:59:00,2351.67,92.60653067819891
2021-02-27 09:00:00,1911.3500000000001,93.16451722604442
2021-02-27 09:01:00,1604.3,91.53524901826341
2021-02-27 09:02:00,1501.41,91.66716619710805
2021-02-27 09:03:00,1482.3000000000002,90.60244215071172
2021-02-27 09:04:00,1560.4099999999999,91.50159253016837
2021-02-27 09:05:00,1651.1999999999998,91.30329457364341
2021-02-27 09:06:00,1700.35,90.68721145646485
2021-02-27 09:07:00,1796.55,92.78895661128274
2021-02-27 09:08:00,2074.83,92.99075104948358
2021-02-27 09:09:00,2037.96,93.47582876994642
2021-02-27 09:10:00,2506.64,92.47837742954712
2021-02-27 09:11:00,2540.58,93.21099906320603
2021-02-27 09:12:00,2211.2,92.86360347322722
2021-02-27 09:13:00,2638.08,93.68934983017952
2021-02-27 09:14:00,1983.6,93.69328493647913
2021-02-27 09:15:00,2283.5,92.91876505364573
2021-02-27 09:16:00,2887.87,93.28674767215976
2021-02-27 09:17:00,2533.68,92.48997505604497
2021-02-27 09:18:00,3198.7,93.51924219214057
2021-02-27 09:19:00,2412.08,93.36340419886571
2021-02-27 09:20:00,2468.7,93.00441527929681
2021-02-27 09:21:00,2987.6800000000003,94.07299309162961
2021-02-27 09:22:00,3066.5599999999995,93.62282166336222
2021-02-27 09:23:00,2872.6,94.13423379516814
2021-02-27 09:24:00,2890.09,94.51608773429201
2021-02-27 09:25:00,2703.81,93.83055762054286
2021-02-27 09:26:00,4050.64,94.24436632235894
2021-02-27 09:27:00,3768.1000000000004,93.95716674185928
2021-02-27 09:28:00,3947.59,94.84774254671837
2021-02-27 09:29:00,3635.2799999999997,93.4068352369006
2021-02-27 09:30:00,4184.700000000001,94.2003010968528
2021-02-27 09:31:00,3661.83,93.13376098835829
2021-02-27 09:32:00,3169.6900000000005,94.26158394038534
2021-02-27 09:33:00,2506.51,93.50052463385343
2021-02-27 09:34:00,2506.51,93.50052463385343
2021-02-27 09:35:00,1770.04,299.11188447718695
2021-02-27 09:36:00,2512.8599999999997,93.1130265912148
2021-02-27 09:37:00,2756.5499999999997,93.31592026264717
2021-02-27 09:38:00,3421.63,92.68681885534087
2021-02-27 09:39:00,3308.74,95.06035530141385
2021-02-27 09:40:00,2391.3500000000004,93.37821732494196
2021-02-27 09:41:00,2345.85,93.88920860242557
2021-02-27 09:42:00,2238.7599999999998,93.2793153352749
2021-02-27 09:43:00,2214.41,93.12638580931264
2021-02-27 09:44:00,2155.6000000000004,93.6351827797365
2021-02-27 09:45:00,2114.19,93.17043406694762
2021-02-27 09:46:00,2121.21,93.57395071680786
2021-02-27 09:47:00,2239.42,93.01069026801582
2021-02-27 09:48:00,2347.8,92.65269614106823
2021-02-27 09:49:00,2193.99,92.2337841102284
2021-02-27 09:50:00,2061.5,92.9468833373757
2021-02-27 09:51:00,1985.4900000000002,92.15861072077925
2021-02-27 09:52:00,1859.8,93.34874717711583
2021-02-27 09:53:00,1829.83,92.20528682992409
2021-02-27 09:54:00,1805.7599999999998,92.66458444090024
2021-02-27 09:55:00,1830.4699999999998,91.41368063939863
2021-02-27 09:56:00,1842.55,92.05177607120567
2021-02-27 09:57:00,1871.02,91.9017434340627
2021-02-27 09:58:00,1890.11,92.105750458968
2021-02-27 09:59:00,1892.3999999999999,91.19108010991334
2021-02-27 10:00:00,1868.6399999999999,91.80473499443445
2021-02-27 10:01:00,1872.7199999999998,92.64065103165451
2021-02-27 10:02:00,1904.24,92.62487921690543
2021-02-27 10:03:00,2096.8399999999997,92.12910856336202
2021-02-27 10:04:00,3324.33,93.27593830937363
2021-02-27 10:05:00,4680.42,94.11975848321305
2021-02-27 10:06:00,4599.450000000001,95.93320940547237
2021-02-27 10:07:00,4878.63,90.3798812371506
2021-02-27 10:08:00,4774.280000000001,93.13236760307312
2021-02-27 10:09:00,5165.41,93.30721085063915
2021-02-27 10:10:00,5127.0,93.69416812951043
2021-02-27 10:11:00,5048.01,94.19751545658586
2021-02-27 10:12:00,4962.860000000001,94.31859855002959
2021-02-27 10:13:00,4732.32,92.56347837846975
2021-02-27 10:14:00,4675.35,93.96943544333578
2021-02-27 10:15:00,4689.05,92.8269052366684
2021-02-27 10:16:00,4165.77,93.83379303226053
2021-02-27 10:17:00,4625.849999999999,92.85428623928577
2021-02-27 10:18:00,4490.22,93.30723216234394
2021-02-27 10:19:00,4084.83,93.08343309268685
2021-02-27 10:20:00,4827.6900000000005,93.65348645004133
2021-02-27 10:21:00,4746.66,94.01347473802633
2021-02-27 10:22:00,4592.61,96.60737576236608
2021-02-27 10:23:00,4687.24,94.35616695539379
2021-02-27 10:24:00,4809.1,92.50795367116508
2021-02-27 10:25:00,4775.82,92.35063298030497
2021-02-27 10:26:00,4548.08,93.10742115354172
2021-02-27 10:27:00,4045.0499999999997,93.54396113768682
2021-02-27 10:28:00,4045.0499999999997,93.54396113768682
2021-02-27 10:29:00,4045.0499999999997,93.54396113768682
2021-02-27 10:30:00,4045.0499999999997,93.54396113768682
2021-02-27 10:31:00,2214.5,94.28313389026869
2021-02-27 10:32:00,1970.3,93.43754758158657
2021-02-27 10:33:00,2411.3199999999997,93.74118739943269
2021-02-27 10:34:00,2462.8,94.3072925125873
2021-02-27 10:35:00,1956.7199999999998,92.05711599002413
2021-02-27 10:36:00,1736.46,92.2739366296949
2021-02-27 10:37:00,1643.62,92.3510300434407
2021-02-27 10:38:00,1603.2,92.22804391217564
2021-02-27 10:39:00,1577.1299999999999,91.30509216107741
2021-02-27 10:40:00,1561.65,91.30086767201357
2021-02-27 10:41:00,1566.0,90.24265644955301
2021-02-27 10:42:00,1523.7599999999998,91.17577571271067
2021-02-27 10:43:00,1580.5,90.23093957608351
2021-02-27 10:44:00,1583.69,91.59620885400551
2021-02-27 10:45:00,1610.1799999999998,92.41202846886685
2021-02-27 10:46:00,1664.1800000000003,90.48300063695031
2021-02-27 10:47:00,1810.0499999999997,90.98091212949919
2021-02-27 10:48:00,2042.4,92.9445750097924
2021-02-27 10:49:00,3703.46,93.83387426892689
2021-02-27 10:50:00,4291.28,94.13974385265004
2021-02-27 10:51:00,3762.5699999999997,93.14112428473092
2021-02-27 10:52:00,3350.4800000000005,93.94773286215704
2021-02-27 10:53:00,3742.3,94.02773695321059
2021-02-27 10:54:00,3729.1099999999997,93.47270528356633
2021-02-27 10:55:00,4013.25,94.38235843767521
2021-02-27 10:56:00,4625.789999999999,93.28568741771677
2021-02-27 10:57:00,4957.56,93.4270084477041
2021-02-27 10:58:00,5133.780000000001,93.2276022735684
2021-02-27 10:59:00,5129.1900000000005,93.749695371004
2021-02-27 11:00:00,4764.68,93.9538436998917
2021-02-27 11:01:00,4272.84,93.19562632815645
2021-02-27 11:02:00,4443.92,94.55840789213129
2021-02-27 11:03:00,4957.67,93.67303592211664
2021-02-27 11:04:00,5360.76,93.39160865250449
2021-02-27 11:05:00,5266.66,93.58113111535586
2021-02-27 11:06:00,5254.0599999999995,94.0529799811955
2021-02-27 11:07:00,5258.45,93.64166246707681
2021-02-27 11:08:00,5256.55,94.41934348574634
2021-02-27 11:09:00,4800.0,93.78541666666666
2021-02-27 11:10:00,4670.63,94.18215529810753
2021-02-27 11:11:00,4382.5,93.82544209925841
2021-02-27 11:12:00,3525.9000000000005,94.04974616409993
2021-02-27 11:13:00,3262.8199999999997,93.96166506273715
2021-02-27 11:14:00,3129.91,93.51067602582823
2021-02-27 11:15:00,3377.42,93.81125237607405
2021-02-27 11:16:00,4063.8,94.48053545942221
2021-02-27 11:17:00,4263.999999999999,93.49437148217638
2021-02-27 11:18:00,4013.72,92.99851509323021
2021-02-27 11:19:00,3594.9000000000005,94.30582213691616
2021-02-27 11:20:00,3400.1499999999996,94.11643603958649
2021-02-27 11:21:00,3242.6,94.26077838771356
2021-02-27 11:22:00,3230.56,93.8227428062008
2021-02-27 11:23:00,3135.26,93.33516199613429
2021-02-27 11:24:00,3327.54,92.93652367815262
2021-02-27 11:25:00,4067.54,92.6186343588508
2021-02-27 11:26:00,4845.530000000001,94.04337605999754
2021-02-27 11:27:00,5384.1900000000005,94.34659623824567
2021-02-27 11:28:00,5378.46,93.66063891894706
2021-02-27 11:29:00,5205.0599999999995,93.50516612680738
2021-02-27 11:30:00,5088.0,94.18632075471697
2021-02-27 11:31:00,4889.93,93.68436766988485
2021-02-27 11:32:00,4688.32,93.63908606921031
2021-02-27 11:33:00,4827.42,93.0082735705615
2021-02-27 11:34:00,4860.48,93.21918822832312
2021-02-27 11:35:00,4911.11,92.87513413464573
2021-02-27 11:36:00,4863.36,95.49776286353467
2021-02-27 11:37:00,4932.34,93.42218906239228
2021-02-27 11:38:00,4941.16,94.38471937763602
2021-02-27 11:39:00,5084.530000000001,93.50913457094362
2021-02-27 11:40:00,5168.549999999999,93.99154501746139
2021-02-27 11:41:00,5265.52,93.77231498503471
2021-02-27 11:42:00,5213.530000000001,93.69083902845097
2021-02-27 11:43:00,5148.780000000001,93.72705767191451
2021-02-27 11:44:00,5143.860000000001,94.28328142678843
2021-02-27 11:45:00,5246.01,93.46531935699703
2021-02-27 11:46:00,4772.799999999999,93.90714046262154
2021-02-27 11:47:00,3488.6400000000003,95.01696936341956
2021-02-27 11:48:00,2709.89,92.6273760189528
2021-02-27 11:49:00,2562.7799999999997,93.37906492168662
2021-02-27 11:50:00,2740.4,92.94263611151656
2021-02-27 11:51:00,3157.2000000000003,93.76662865830482
2021-02-27 11:52:00,3941.25,93.47542023469711
2021-02-27 11:53:00,4729.9,93.35715342819087
2021-02-27 11:54:00,4675.58,93.94556397281193
2021-02-27 11:55:00,5271.360000000001,93.38197353244702
2021-02-27 11:56:00,5064.280000000001,93.4051829677664
2021-02-27 11:57:00,4621.26,94.272990483115
2021-02-27 11:58:00,3995.9399999999996,94.14555774110724
2021-02-27 11:59:00,3692.88,94.28142804531964
2021-02-27 12:00:00,3585.2400000000007,93.92955562249666
2021-02-27 12:01:00,3601.1100000000006,94.00712558072371
2021-02-27 12:02:00,3968.2899999999995,93.55415052831322
2021-02-27 12:03:00,3937.37,93.16117103548815
2021-02-27 12:04:00,4511.5599999999995,92.93902774206705
2021-02-27 12:05:00,4537.4,94.22136025036365
2021-02-27 12:06:00,3526.4799999999996,94.65812935278238
2021-02-27 12:07:00,3253.76,94.45687450826121
2021-02-27 12:08:00,3327.0299999999997,93.01388926459936
2021-02-27 12:09:00,3332.7,93.05668076934619
2021-02-27 12:10:00,3393.92,93.92089383367905
2021-02-27 12:11:00,3331.4399999999996,93.87832288740006
2021-02-27 12:12:00,3489.41,94.31107264551888
2021-02-27 12:13:00,4220.799999999999,92.97526535253982
2021-02-27 12:14:00,4360.74,93.87168232914598
2021-02-27 12:15:00,4001.58,94.99247797120137
2021-02-27 12:16:00,3764.88,94.82639552920676
2021-02-27 12:17:00,4319.759999999999,94.86175157879143
2021-02-27 12:18:00,4411.68,93.69899902078119
2021-02-27 12:19:00,4498.7699999999995,94.13017335849577
2021-02-27 12:20:00,4939.69,94.15165729023482
2021-02-27 12:21:00,4695.599999999999,93.289462475509
2021-02-27 12:22:00,4165.0199999999995,93.85549169031601
2021-02-27 12:23:00,3926.92,94.12975054240982
2021-02-27 12:24:00,3728.08,93.94916418102616
2021-02-27 12:25:00,3809.5699999999997,93.62473980002993
2021-02-27 12:26:00,3106.9400000000005,95.4186434240764
2021-02-27 12:27:00,2460.92,92.37602197552135
2021-02-27 12:28:00,2264.38,94.05223504888754
2021-02-27 12:29:00,2231.04,90.79622059667241
2021-02-27 12:30:00,2200.8799999999997,91.69514012576788
2021-02-27 12:31:00,2147.6,92.81523561184578
2021-02-27 12:32:00,2153.2,92.06297603566786
2021-02-27 12:33:00,2135.43,92.37015495708125
2021-02-27 12:34:00,2134.2299999999996,92.79224825815402
2021-02-27 12:35:00,2125.1099999999997,93.13400247516601
2021-02-27 12:36:00,2061.5,92.02522435120058
2021-02-27 12:37:00,2015.39,92.2203642967366
2021-02-27 12:38:00,2042.83,92.07325132291967
2021-02-27 12:39:00,2073.2799999999997,92.00879765395895
2021-02-27 12:40:00,2125.1099999999997,92.846958510383
2021-02-27 12:41:00,2129.79,93.01386521675846
2021-02-27 12:42:00,2153.09,91.37565080883753
2021-02-27 12:43:00,2123.16,94.08617343959006
2021-02-27 12:44:00,2109.12,92.29441662873616
2021-02-27 12:45:00,2064.16,91.26230524765523
2021-02-27 12:46:00,2022.0500000000002,91.43690808832619
2021-02-27 12:47:00,1959.84,91.70646583394563
2021-02-27 12:48:00,1905.3999999999999,91.77600503831216
2021-02-27 12:49:00,1850.62,93.02287881899039
2021-02-27 12:50:00,1804.1099999999997,92.8324769553963
2021-02-27 12:51:00,1804.77,92.85947793901717
2021-02-27 12:52:00,1809.3899999999999,93.34637640309718
2021-02-27 12:53:00,1866.26,91.36990558657422
2021-02-27 12:54:00,1895.6,91.9761553070268
2021-02-27 12:55:00,1987.2,89.6688808373591
2021-02-27 12:56:00,2062.0699999999997,92.4847362116708
2021-02-27 12:57:00,2264.0199999999995,92.70677820867309
2021-02-27 12:58:00,2418.6800000000003,93.41872426282103
2021-02-27 12:59:00,2291.94,90.94478913060551
2021-02-27 13:00:00,2248.0299999999997,91.84041138241038
2021-02-27 13:01:00,2247.62,91.84381701533178
2021-02-27 13:02:00,2215.8599999999997,92.27117236648526
2021-02-27 13:03:00,2257.4599999999996,89.6892968203202
2021-02-27 13:04:00,2297.82,92.50507002289126
2021-02-27 13:05:00,2327.58,93.97313948392753
2021-02-27 13:06:00,2353.8199999999997,95.00726478660222
2021-02-27 13:07:00,2469.1499999999996,93.12516453030398
2021-02-27 13:08:00,2575.13,93.02831313370586
2021-02-27 13:09:00,2557.74,93.86802411503908
2021-02-27 13:10:00,2504.7,94.39054577394498
2021-02-27 13:11:00,2491.8199999999997,92.72339093513979
2021-02-27 13:12:00,2507.9199999999996,92.7980158856742
2021-02-27 13:13:00,2434.05,93.37523879953164
2021-02-27 13:14:00,2342.21,92.79270432625597
2021-02-27 13:15:00,2332.3199999999997,93.22905947725872
2021-02-27 13:16:00,2387.0,92.3041474654378
2021-02-27 13:17:00,2445.3,91.93146035251297
2021-02-27 13:18:00,2561.03,92.50184496081654
2021-02-27 13:19:00,2856.76,92.35287528528822
2021-02-27 13:20:00,4713.6900000000005,93.41089464941479
2021-02-27 13:21:00,5219.950000000001,94.66182626270366
2021-02-27 13:22:00,3678.5,94.47872774228627
2021-02-27 13:23:00,3472.54,93.64902924084389
2021-02-27 13:24:00,4070.9900000000002,93.291803713593
2021-02-27 13:25:00,4148.29,93.74947267428266
2021-02-27 13:26:00,3551.5099999999998,93.36873611506093
2021-02-27 13:27:00,3729.94,93.39292321056104
2021-02-27 13:28:00,3434.6000000000004,93.01810982356024
2021-02-27 13:29:00,3467.87,93.97987813845387
2021-02-27 13:30:00,3587.6800000000003,93.51447174775899
2021-02-27 13:31:00,3711.62,93.74612702809017
2021-02-27 13:32:00,3630.17,93.7394116528978
2021-02-27 13:33:00,4742.719999999999,93.37890493219082
2021-02-27 13:34:00,4905.860000000001,93.23543680414849
2021-02-27 13:35:00,4254.58,94.28427717894598
2021-02-27 13:36:00,3789.43,94.55511778816339
2021-02-27 13:37:00,3620.3999999999996,92.98143851508122
2021-02-27 13:38:00,3301.1200000000003,94.15289356339666
2021-02-27 13:39:00,3069.77,94.41098193024231
2021-02-27 13:40:00,2863.85,93.73745133299579
2021-02-27 13:41:00,2625.0,94.44952380952381
2021-02-27 13:42:00,2570.54,93.2877916702327
2021-02-27 13:43:00,2457.1099999999997,92.73089116889355
2021-02-27 13:44:00,2393.1,93.51886674188292
2021-02-27 13:45:00,2439.8399999999997,91.59617024067154
2021-02-27 13:46:00,2419.16,93.59033714181783
2021-02-27 13:47:00,2530.95,92.44354886505067
2021-02-27 13:48:00,2109.18,93.16416806531448
2021-02-27 13:49:00,2043.2599999999998,91.7895911435647
2021-02-27 13:50:00,1981.72,90.92101810548412
2021-02-27 13:51:00,1997.2600000000002,91.75069845688593
2021-02-27 13:52:00,1993.56,93.15997511988604
2021-02-27 13:53:00,1876.0,93.11833688699362
2021-02-27 13:54:00,1803.4299999999998,92.03018692158832
2021-02-27 13:55:00,1842.46,90.09693561868372
2021-02-27 13:56:00,1857.04,91.06427432903976
2021-02-27 13:57:00,1948.68,92.58575035408583
2021-02-27 13:58:00,1947.2400000000002,92.13039995069944
2021-02-27 13:59:00,2200.96,92.88674033149171
2021-02-27 14:00:00,2108.73,90.74182090642235
2021-02-27 14:01:00,1996.15,92.45798161460812
2021-02-27 14:02:00,1945.44,91.80956493132658
2021-02-27 14:03:00,2117.31,92.32469501395639
2021-02-27 14:04:00,1885.4499999999998,90.65209896841604
2021-02-27 14:05:00,1635.27,91.90531227259108
2021-02-27 14:06:00,1504.4399999999998,91.58224987370717
2021-02-27 14:07:00,1405.56,91.2020831554683
2021-02-27 14:08:00,1355.75,90.14936382076341
2021-02-27 14:09:00,1385.49,89.60728695263047
2021-02-27 14:10:00,1415.7,90.89496362223635
2021-02-27 14:11:00,1480.6800000000003,90.49220628359942
2021-02-27 14:12:00,1647.3000000000002,91.54373823832938
2021-02-27 14:13:00,1987.92,93.29349269588313
2021-02-27 14:14:00,2373.17,92.77885697189835
2021-02-27 14:15:00,2597.69,94.01814689204639
2021-02-27 14:16:00,2387.4400000000005,94.31441208993732
2021-02-27 14:17:00,2415.6000000000004,92.3331677430038
2021-02-27 14:18:00,3010.1499999999996,93.39069481587296
2021-02-27 14:19:00,3464.37,93.75153346784553
2021-02-27 14:20:00,3913.2000000000003,94.36778084432179
2021-02-27 14:21:00,3846.0,93.12272490899636
2021-02-27 14:22:00,3980.46,93.78313059294653
2021-02-27 14:23:00,3615.56,93.9937381761055
2021-02-27 14:24:00,1811.08,90.44327141815933
2021-02-27 14:25:00,3349.86,93.47554823186641
2021-02-27 14:26:00,2470.2,93.84260383774593
2021-02-27 14:27:00,2174.41,91.59266191748566
2021-02-27 14:28:00,2037.94,92.33343474292668
2021-02-27 14:29:00,1811.8600000000001,91.94970913867516
2021-02-27 14:30:00,1899.1,90.96414090885156
2021-02-27 14:31:00,1837.36,91.56616014281362
2021-02-27 14:32:00,2216.95,92.37916957982814
2021-02-27 14:33:00,1542.12,91.72437942572563
2021-02-27 14:34:00,1079.0,90.9082483781279
2021-02-27 14:35:00,1397.5700000000002,89.04741801841767
2021-02-27 14:36:00,1261.09,90.00943628131219
2021-02-27 14:37:00,1662.0,89.53068592057761
2021-02-27 14:38:00,2894.32,93.82514718483097
2021-02-27 14:39:00,3099.5099999999998,94.11810253878839
2021-02-27 14:40:00,3132.15,94.45269224015452
2021-02-27 14:41:00,2243.1099999999997,92.65706987174059
2021-02-27 14:42:00,3533.69,94.64044667189255
2021-02-27 14:43:00,3518.71,93.7360566798628
2021-02-27 14:44:00,2765.3,93.21954218348823
2021-02-27 14:45:00,2578.37,94.79244639054907
2021-02-27 14:46:00,1061.2,87.0806633999246
2021-02-27 14:47:00,3520.4,93.53482558800137
2021-02-27 14:48:00,3414.08,94.32702221389071
2021-02-27 14:49:00,4407.34,93.01075024844918
2021-02-27 14:50:00,3587.8399999999997,93.93952907599002
2021-02-27 14:51:00,1655.4,91.20454270871087
2021-02-27 14:52:00,1292.1799999999998,91.03994799486142
2021-02-27 14:53:00,1163.5800000000002,87.76362605063682
2021-02-27 14:54:00,3298.2699999999995,92.38782755808349
2021-02-27 14:55:00,3480.32,93.68104082383229
2021-02-27 14:56:00,3096.24,93.30349068547659
2021-02-27 14:57:00,2969.6000000000004,93.24488146551722
2021-02-27 14:58:00,3089.3999999999996,93.32880170906974
2021-02-27 14:59:00,3061.5199999999995,92.62392537040425
2021-02-27 15:00:00,2995.85,94.67429944756914
2021-02-27 15:01:00,2982.6499999999996,93.14200459323087
2021-02-27 15:02:00,2920.32,93.36648038571114
2021-02-27 15:03:00,2860.41,94.29417461133194
2021-02-27 15:04:00,2862.5299999999997,92.86889569716301
2021-02-27 15:05:00,2809.04,93.64409193176316
2021-02-27 15:06:00,2812.16,93.67888029130633
2021-02-27 15:07:00,2769.8099999999995,93.25188370321432
2021-02-27 15:08:00,2726.0,94.71753484959648
2021-02-27 15:09:00,2705.0,93.39001848428835
2021-02-27 15:10:00,2663.1499999999996,94.36569475996471
2021-02-27 15:11:00,2661.6800000000003,93.82420125634937
2021-02-27 15:12:00,2669.03,92.21702266366432
2021-02-27 15:13:00,2618.88,93.83400537634408
2021-02-27 15:14:00,2611.2,92.593443627451
2021-02-27 15:15:00,2559.1499999999996,93.80458355313289
2021-02-27 15:16:00,2563.38,92.98270252557171
2021-02-27 15:17:00,2501.9399999999996,94.44670935354166
2021-02-27 15:18:00,2500.1,93.24827006919725
2021-02-27 15:19:00,2511.1399999999994,91.77106812045527
2021-02-27 15:20:00,2460.15,92.88458020852386
2021-02-27 15:21:00,2462.4,92.1174463937622
2021-02-27 15:22:00,2454.75,92.38822690701701
2021-02-27 15:23:00,2412.5200000000004,92.57125329530946
2021-02-27 15:24:00,2417.36,92.96918952907303
2021-02-27 15:25:00,2362.85,94.70343017965592
2021-02-27 15:26:00,2363.2799999999997,93.38715683287634
2021-02-27 15:27:00,1801.9900000000002,60.99367921020649
2021-02-27 15:28:00,2305.8,93.11301934252754
2021-02-27 15:29:00,2305.8,92.11987162806834
2021-02-27 15:30:00,2257.46,94.50444304660991
2021-02-27 15:31:00,2263.2,92.93036408624957
2021-02-27 15:32:00,2263.6099999999997,91.83119000181127
2021-02-27 15:33:00,2206.4,93.26957940536622
2021-02-27 15:34:00,2204.8,92.58889695210449
2021-02-27 15:35:00,2155.92,92.81420460870532
2021-02-27 15:36:00,2151.24,93.26713895241815
2021-02-27 15:37:00,2145.39,91.70360633730931
2021-02-27 15:38:00,2124.04,93.19504340784542
2021-02-27 15:39:00,2094.18,91.82591754290463
2021-02-27 15:40:00,2068.07,92.21641433800596
2021-02-27 15:41:00,2068.7,91.3520568472954
2021-02-27 15:42:00,2045.73,93.26743998474872
2021-02-27 15:43:00,2013.57,93.92770055175633
2021-02-27 15:44:00,1992.2400000000002,92.35333092398506
2021-02-27 15:45:00,1997.64,91.24266634628862
2021-02-27 15:46:00,1938.65,92.36840069120264
2021-02-27 15:47:00,1944.25,92.46753246753246
2021-02-27 15:48:00,1908.4599999999998,91.44021881517035
2021-02-27 15:49:00,1889.04,91.66031423368483
2021-02-27 15:50:00,1887.68,91.41909645702661
2021-02-27 15:51:00,1843.38,94.50574488168472
2021-02-27 15:52:00,1832.8199999999997,91.42196178566363
2021-02-27 15:53:00,1807.95,92.15409718189107
2021-02-27 15:54:00,1784.3200000000002,92.67956420373027
2021-02-27 15:55:00,1780.8000000000002,91.47574123989217
2021-02-27 15:56:00,1726.3899999999999,92.27926482428653
2021-02-27 15:57:00,1727.63,90.81226883071028
2021-02-27 15:58:00,1694.62,91.74328167966861
2021-02-27 15:59:00,1700.4500000000003,91.40521626628244
2021-02-27 16:00:00,1675.5,91.35183527305281
2021-02-27 16:01:00,1562.6799999999998,91.67583894335372
2021-02-27 16:02:00,1481.8200000000002,91.29313951762022
2021-02-27 16:03:00,1566.04,90.43830298076678
2021-02-27 16:04:00,1596.1799999999998,93.29774837424351
2021-02-27 16:05:00,1578.36,90.37862084695507
2021-02-27 16:06:00,1541.75,90.7994162477704
2021-02-27 16:07:00,1515.24,90.69190359283019
2021-02-27 16:08:00,1516.5900000000001,90.76942350932023
2021-02-27 16:09:00,1428.15,90.41767321359801
2021-02-27 16:10:00,1229.5800000000002,90.10393793002488
2021-02-27 16:11:00,1031.69,86.27591621514215
2021-02-27 16:12:00,942.6500000000001,85.76884315493555
2021-02-27 16:13:00,535.6,78.99551904406273
2021-02-27 16:14:00,327.0899999999999,66.58717784096122
2021-02-27 16:15:00,432.88,74.38551099611902
2021-02-27 16:16:00,570.94,77.73146039864083
2021-02-27 16:17:00,665.4,81.68019236549443
2021-02-27 16:18:00,608.19,81.70144198359064
2021-02-27 16:19:00,725.6600000000001,86.2800760686823
2021-02-27 16:20:00,960.8399999999999,88.42263019857626
2021-02-27 16:21:00,966.62,86.61107777616851
2021-02-27 16:22:00,611.27,83.36741538109183
2021-02-27 16:23:00,548.4,77.4799416484318
2021-02-27 16:24:00,1149.2,88.27880264531848
2021-02-27 16:25:00,1152.0,87.58680555555556
2021-02-27 16:26:00,1058.53,88.62290157104664
2021-02-27 16:27:00,854.7,89.77418977418976
2021-02-27 16:28:00,291.16999999999996,65.80348250163136
2021-02-27 16:29:00,291.34,69.64371524679069
2021-02-27 16:30:00,588.3900000000001,79.52208569146313
2021-02-27 16:31:00,795.9,85.45043347154166
2021-02-27 16:32:00,858.0,87.44755244755244
2021-02-27 16:33:00,858.45,85.13017648086667
2021-02-27 16:34:00,977.3299999999999,87.21721424697901
2021-02-27 16:35:00,734.3700000000001,84.58951209880577
2021-02-27 16:36:00,572.08,79.42945042651377
2021-02-27 16:37:00,443.28000000000003,74.94134632737772
2021-02-27 16:38:00,421.28,66.03684010634258
2021-02-27 16:39:00,396.17,71.96405583461646
2021-02-27 16:40:00,399.71999999999997,71.8002601821275
2021-02-27 16:41:00,377.23,73.98669246878562
2021-02-27 16:42:00,399.88,67.82034610383116
2021-02-27 16:43:00,401.71000000000004,72.04202036294838
2021-02-27 16:44:00,432.96000000000004,69.54453067257946
2021-02-27 16:45:00,493.38000000000005,72.11479995135595
2021-02-27 16:46:00,432.48,75.05549389567148
2021-02-27 16:47:00,460.58,69.95527378522732
2021-02-27 16:48:00,656.71,83.1569490338201
2021-02-27 16:49:00,720.6700000000001,82.09027710325114
2021-02-27 16:50:00,631.6200000000001,83.42041100661788
2021-02-27 16:51:00,594.86,79.27915812123861
2021-02-27 16:52:00,634.48,82.01992182574706
2021-02-27 16:53:00,473.47,80.74429214100154
2021-02-27 16:54:00,320.28,71.49993755463969
2021-02-27 16:55:00,319.55999999999995,62.02278132432095
2021-02-27 16:56:00,353.94,49.217381477086505
2021-02-27 16:57:00,341.46999999999997,70.60649544615926
2021-02-27 16:58:00,388.84999999999997,63.93210749646394
2021-02-27 16:59:00,413.71000000000004,68.69546300548693
2021-02-27 17:00:00,386.89,65.93605417560548
2021-02-27 17:01:00,324.96000000000004,64.53101920236335
2021-02-27 17:02:00,262.15,65.3061224489796
2021-02-27 17:03:00,233.59000000000003,52.31388329979879
2021-02-27 17:04:00,208.08,44.838523644752016
2021-02-27 17:05:00,210.68,39.870894247199544
2021-02-27 17:06:00,208.36,44.05836052985217
2021-02-27 17:07:00,182.32999999999998,44.75401744090385
2021-02-27 17:08:00,179.45,34.66146558930065
2021-02-27 17:09:00,157.26,22.31972529568867
2021-02-27 17:10:00,160.17,18.105762627208595
2021-02-27 17:11:00,157.76999999999998,21.233441085123918
2021-02-27 17:12:00,159.24,22.418990203466464
2021-02-27 17:13:00,157.07999999999998,19.416857652151773
2021-02-27 17:14:00,158.10000000000002,6.8943706514864
2021-02-27 17:15:00,129.61,24.689452974307535
2021-02-27 17:16:00,158.82,14.985518196700667
2021-02-27 17:17:00,160.23,10.984210197840607
2021-02-27 17:18:00,158.73,16.758016758016762
2021-02-27 17:19:00,129.74,17.265299830430088
2021-02-27 17:20:00,131.0,27.480916030534353
2021-02-27 17:21:00,129.99,18.155242710977767
2021-02-27 17:22:00,130.22,15.819382583320534
2021-02-27 17:23:00,130.01999999999998,12.075065374557761
2021-02-27 17:24:00,129.57999999999998,17.9039975304831
2021-02-27 17:25:00,103.10000000000001,-22.211445198836078
2021-02-27 17:26:00,95.9,-14.181438998957246
2021-02-27 17:27:00,89.36,-40.51029543419875
2021-02-27 17:28:00,80.06,-32.60054958780915
2021-02-27 17:29:00,45.16,-28.786536758193094
2021-02-27 17:30:00,39.97,-104.82862146609958
2021-02-27 17:31:00,35.89,-72.7222067428253
2021-02-27 17:32:00,32.89,-79.35542718151413
2021-02-27 17:33:00,23.91,-92.84818067754077
2021-02-27 17:34:00,30.650000000000002,-59.05383360522023
2021-02-27 17:35:00,22.87,-107.5644949715785
2021-02-27 17:36:00,24.390000000000004,-127.51127511275111
2021-02-27 17:37:00,25.29,-68.01107156979043
2021-02-27 17:38:00,25.490000000000002,-100.43154178109062
2021-02-27 17:39:00,23.78,-120.6896551724138
2021-02-27 17:40:00,19.21,-101.50963040083289
2021-02-27 17:41:00,17.64,-141.7233560090703
2021-02-27 17:42:00,17.790000000000003,-86.0033726812816
2021-02-27 17:43:00,18.96,-180.90717299578057
2021-02-27 17:44:00,18.120000000000005,-57.947019867549656
2021-02-27 17:45:00,18.57,-147.54981152396337
2021-02-27 17:46:00,18.410000000000004,-87.99565453557847
2021-02-27 17:47:00,20.61,-116.44832605531296
2021-02-27 17:48:00,21.61,-150.85608514576586
2021-02-27 17:49:00,19.26,-86.18899273104881
2021-02-27 17:50:00,20.770000000000003,-130.4766490129995
2021-02-27 17:51:00,22.23,-125.95591542959963
2021-02-27 17:52:00,9.770000000000001,0.0
2021-02-27 17:53:00,9.209999999999999,0.0
2021-02-27 17:54:00,8.459999999999999,0.0
2021-02-27 17:55:00,8.08,0.0
2021-02-27 17:56:00,8.16,0.0
2021-02-27 17:57:00,7.940000000000001,0.0
2021-02-27 17:58:00,8.0,0.0
2021-02-27 17:59:00,9.96,0.0
2021-02-27 18:00:00,9.86,0.0
2021-02-28 05:00:00,2.22,0.0
2021-02-28 05:01:00,2.5100000000000002,0.0
2021-02-28 05:02:00,1.7800000000000002,0.0
2021-02-28 05:03:00,3.14,0.0
2021-02-28 05:04:00,3.83,0.0
2021-02-28 05:05:00,4.2299999999999995,0.0
2021-02-28 05:06:00,3.64,0.0
2021-02-28 05:07:00,3.78,0.0
2021-02-28 05:08:00,4.03,0.0
2021-02-28 05:09:00,3.5,0.0
2021-02-28 05:10:00,4.32,0.0
2021-02-28 05:11:00,3.12,0.0
2021-02-28 05:12:00,3.89,0.0
2021-02-28 05:13:00,3.69,0.0
2021-02-28 05:14:00,3.4200000000000004,0.0
2021-02-28 05:15:00,4.720000000000001,0.0
2021-02-28 05:16:00,3.6,0.0
2021-02-28 05:17:00,13.07,-209.64039785768932
2021-02-28 05:18:00,17.87,-144.93564633463905
2021-02-28 05:19:00,20.5,-116.09756097560977
2021-02-28 05:20:00,21.580000000000002,-103.33642261353104
2021-02-28 05:21:00,21.67,-120.44300876788185
2021-02-28 05:22:00,23.240000000000002,-90.79173838209982
2021-02-28 05:23:00,28.410000000000004,-79.1974656810982
2021-02-28 05:24:00,49.650000000000006,-41.8932527693857
2021-02-28 05:25:00,51.2,-51.562499999999986
2021-02-28 05:26:00,51.790000000000006,-36.493531569801114
2021-02-28 05:27:00,53.16000000000001,-41.94883370955605
2021-02-28 05:28:00,53.91,-50.268966796512714
2021-02-28 05:29:00,53.790000000000006,-37.925264919129944
2021-02-28 05:30:00,55.17,-38.06416530723219
2021-02-28 05:31:00,54.77,-31.40405331385795
2021-02-28 05:32:00,56.10000000000001,-41.71122994652406
2021-02-28 05:33:00,56.480000000000004,-40.01416430594901
2021-02-28 05:34:00,55.94,-40.221666070790135
2021-02-28 05:35:00,57.05,-36.28396143733567
2021-02-28 05:36:00,57.24,-40.35639412997904
2021-02-28 05:37:00,56.24000000000001,-42.14082503556187
2021-02-28 05:38:00,57.74,-32.213370280568064
2021-02-28 05:39:00,56.97000000000001,-36.33491311216429
2021-02-28 05:40:00,58.14,-37.66769865841073
2021-02-28 05:41:00,58.24000000000001,-29.87637362637362
2021-02-28 05:42:00,57.11,-33.794431798284016
2021-02-28 05:43:00,58.47,-33.00838036599966
2021-02-28 05:44:00,58.59,-26.113671274961597
2021-02-28 05:45:00,57.290000000000006,-30.8954442311049
2021-02-28 05:46:00,58.82,-33.66201972118327
2021-02-28 05:47:00,58.11,-24.436413698158663
2021-02-28 05:48:00,45.08,-23.513753327417923
2021-02-28 05:49:00,59.28,-27.83400809716599
2021-02-28 05:50:00,58.5,-35.55555555555556
2021-02-28 05:51:00,76.87,-9.756732145180173
2021-02-28 05:52:00,99.66000000000001,-9.030704394942804
2021-02-28 05:53:00,76.89999999999999,-6.762028608582575
2021-02-28 05:54:00,102.58000000000001,-22.324039773835054
2021-02-28 05:55:00,103.82000000000001,-22.2500481602774
2021-02-28 05:56:00,104.46000000000001,-18.38024124066628
2021-02-28 05:57:00,105.16000000000001,-18.923545074172683
2021-02-28 05:58:00,102.1,18.903036238981393
2021-02-28 05:59:00,128.15,26.84354272337105
2021-02-28 06:00:00,128.17,28.243738784426935
2021-02-28 06:01:00,157.23000000000002,23.468803663423007
2021-02-28 06:02:00,156.63,44.30824235459364
2021-02-28 06:03:00,185.91,45.77483728685923
2021-02-28 06:04:00,214.8,50.27932960893855
2021-02-28 06:05:00,214.8,54.28305400372439
2021-02-28 06:06:00,271.4,62.490788504053064
2021-02-28 06:07:00,301.1,75.8884091663899
2021-02-28 06:08:00,300.31,72.52505744064467
2021-02-28 06:09:00,266.2,63.7114951164538
2021-02-28 06:10:00,293.53,64.25237624774299
2021-02-28 06:11:00,324.53999999999996,66.67899180378383
2021-02-28 06:12:00,387.72999999999996,67.1085549222397
2021-02-28 06:13:00,415.56,77.6301857734142
2021-02-28 06:14:00,416.23,74.5741537130913
2021-02-28 06:15:00,416.63,70.54220771427885
2021-02-28 06:16:00,389.48,77.79603573996097
2021-02-28 06:17:00,444.8,69.13219424460432
2021-02-28 06:18:00,447.76,72.24852599606932
2021-02-28 06:19:00,414.08000000000004,73.31916537867079
2021-02-28 06:20:00,387.16999999999996,75.54820879716921
2021-02-28 06:21:00,423.32,82.77426060663328
2021-02-28 06:22:00,651.02,83.57654142729871
2021-02-28 06:23:00,679.7,81.05046343975282
2021-02-28 06:24:00,676.49,80.08987568182825
2021-02-28 06:25:00,676.1400000000001,82.45333806608097
2021-02-28 06:26:00,776.65,81.65840468679586
2021-02-28 06:27:00,773.13,87.81188157230996
2021-02-28 06:28:00,774.6700000000001,87.6244078123588
2021-02-28 06:29:00,805.98,85.06414551229558
2021-02-28 06:30:00,832.5,86.47447447447448
2021-02-28 06:31:00,801.92,84.75907821229052
2021-02-28 06:32:00,644.06,89.43266155327144
2021-02-28 06:33:00,581.53,83.95095695836844
2021-02-28 06:34:00,518.19,77.84789362974969
2021-02-28 06:35:00,416.83,81.80793129093395
2021-02-28 06:36:00,574.07,81.62767606737854
2021-02-28 06:37:00,826.52,84.55935730532836
2021-02-28 06:38:00,910.2199999999999,86.18795456043594
2021-02-28 06:39:00,908.31,89.18761215884446
2021-02-28 06:40:00,937.59,89.49540844078967
2021-02-28 06:41:00,935.0799999999999,88.01385977670361
2021-02-28 06:42:00,990.3599999999999,86.55438426430794
2021-02-28 06:43:00,1014.55,88.94583805628112
2021-02-28 06:44:00,1046.64,86.9926622334327
2021-02-28 06:45:00,1045.1299999999999,87.6828719872169
2021-02-28 06:46:00,1043.69,88.3787331487319
2021-02-28 06:47:00,1039.87,92.3288487984075
2021-02-28 06:48:00,1097.3400000000001,90.53711702845061
2021-02-28 06:49:00,1058.21,87.27946248854197
2021-02-28 06:50:00,1191.2,88.80960376091338
2021-02-28 06:51:00,1258.78,92.52609669680167
2021-02-28 06:52:00,1340.34,90.35767044182819
2021-02-28 06:53:00,1391.65,91.68253512018109
2021-02-28 06:54:00,1388.52,91.91801342436551
2021-02-28 06:55:00,1210.21,91.86835342626486
2021-02-28 06:56:00,1043.48,88.65526890788516
2021-02-28 06:57:00,661.1999999999999,81.0496067755596
2021-02-28 06:58:00,596.86,81.4428844285092
2021-02-28 06:59:00,540.3,80.86248380529337
2021-02-28 07:00:00,485.55,81.72175883019257
2021-02-28 07:01:00,482.49,80.62343261000228
2021-02-28 07:02:00,485.82000000000005,79.741468033428
2021-02-28 07:03:00,487.44,81.97932053175776
2021-02-28 07:04:00,488.34000000000003,80.82483515583404
2021-02-28 07:05:00,511.09000000000003,77.69668747187384
2021-02-28 07:06:00,546.6,81.63190633004024
2021-02-28 07:07:00,664.0799999999999,83.63450186724492
2021-02-28 07:08:00,839.7,87.74562343694176
2021-02-28 07:09:00,950.4699999999999,89.55569349900577
2021-02-28 07:10:00,1008.3600000000001,88.97615930818358
2021-02-28 07:11:00,965.97,88.4603041502324
2021-02-28 07:12:00,849.23,87.2555138184002
2021-02-28 07:13:00,830.4,83.99566473988439
2021-02-28 07:14:00,1187.97,87.5527159776762
2021-02-28 07:15:00,1908.21,92.46361773599342
2021-02-28 07:16:00,1838.76,92.82342448171593
2021-02-28 07:17:00,1111.8,87.524734664508
2021-02-28 07:18:00,965.9200000000001,86.99478217657776
2021-02-28 07:19:00,939.76,88.39490933855453
2021-02-28 07:20:00,1062.48,87.00399066335366
2021-02-28 07:21:00,1399.5,91.13254733833513
2021-02-28 07:22:00,1773.0700000000002,91.52486929450049
2021-02-28 07:23:00,1736.93,92.63470606184474
2021-02-28 07:24:00,2342.42,93.27533064096106
2021-02-28 07:25:00,2395.98,93.9532049516273
2021-02-28 07:26:00,2131.53,93.84338949017841
2021-02-28 07:27:00,1828.5299999999997,91.20987897382051
2021-02-28 07:28:00,1919.71,92.47750962384943
2021-02-28 07:29:00,2113.18,93.04933796458418
2021-02-28 07:30:00,2429.3500000000004,92.942556650956
2021-02-28 07:31:00,2712.6400000000003,94.05228854547599
2021-02-28 07:32:00,2771.21,93.33107198660512
2021-02-28 07:33:00,2711.91,95.32395986592476
2021-02-28 07:34:00,2645.8199999999997,94.45086967367395
2021-02-28 07:35:00,1863.8,93.52934864255822
2021-02-28 07:36:00,844.48,85.75691549829482
2021-02-28 07:37:00,819.0800000000002,87.51281926063386
2021-02-28 07:38:00,762.52,86.4633058805015
2021-02-28 07:39:00,662.9300000000001,86.73615615525017
2021-02-28 07:40:00,608.37,81.3813961898187
2021-02-28 07:41:00,577.28,80.23835920177383
2021-02-28 07:42:00,525.8,84.25256751616585
2021-02-28 07:43:00,530.9,78.0749670371068
2021-02-28 07:44:00,532.2,78.72980082675684
2021-02-28 07:45:00,562.89,77.01327079891276
2021-02-28 07:46:00,710.58,85.76092769287061
2021-02-28 07:47:00,1123.3000000000002,87.05599572687616
2021-02-28 07:48:00,2493.92,92.29245525117084
2021-02-28 07:49:00,3197.13,94.49725222308757
2021-02-28 07:50:00,3120.3199999999997,94.12816634191365
2021-02-28 07:51:00,3139.5600000000004,93.4908076290945
2021-02-28 07:52:00,3158.0,94.56934768841039
2021-02-28 07:53:00,3210.46,94.31047264254967
2021-02-28 07:54:00,3123.36,94.65127298806414
2021-02-28 07:55:00,3050.3199999999997,93.61640745888955
2021-02-28 07:56:00,3164.37,94.24624806833589
2021-02-28 07:57:00,3158.5299999999997,93.98359363374735
2021-02-28 07:58:00,3048.84,94.09480326944019
2021-02-28 07:59:00,2966.7,95.04499949438771
2021-02-28 08:00:00,2944.1499999999996,94.17319090399607
2021-02-28 08:01:00,2869.7,95.68247552008921
2021-02-28 08:02:00,2852.99,94.32910735754419
2021-02-28 08:03:00,2800.74,94.06442583031628
2021-02-28 08:04:00,2790.84,93.73880265439794
2021-02-28 08:05:00,2745.31,93.53770612426284
2021-02-28 08:06:00,2695.5699999999997,95.53081537485579
2021-02-28 08:07:00,2680.89,93.2638041844313
2021-02-28 08:08:00,2727.4799999999996,93.66154838898912
2021-02-28 08:09:00,2740.1099999999997,94.17505136655099
2021-02-28 08:10:00,2751.4300000000003,93.80940092969836
2021-02-28 08:11:00,2758.19,95.51553736327084
2021-02-28 08:12:00,2796.04,93.6252700247493
2021-02-28 08:13:00,2829.0699999999997,93.6314760681072
2021-02-28 08:14:00,2809.7,94.62220165854006
2021-02-28 08:15:00,2852.99,93.52293558687552
2021-02-28 08:16:00,2849.81,93.49395222839418
2021-02-28 08:17:00,2850.87,94.07303735350963
2021-02-28 08:18:00,2889.3999999999996,94.52135391430748
2021-02-28 08:19:00,2883.6000000000004,94.37508669718406
2021-02-28 08:20:00,2901.96,93.67117396518215
2021-02-28 08:21:00,2931.5,93.3651714139519
2021-02-28 08:22:00,2929.8500000000004,94.26421147840333
2021-02-28 08:23:00,2971.5099999999998,93.8882924842925
2021-02-28 08:24:00,2985.9199999999996,93.28448183474441
2021-02-28 08:25:00,2995.67,94.58985802842102
2021-02-28 08:26:00,3009.2,94.13465372856574
2021-02-28 08:27:00,3006.4300000000003,94.35443366384713
2021-02-28 08:28:00,3035.8199999999997,93.92190577833996
2021-02-28 08:29:00,3058.9799999999996,94.22094946681574
2021-02-28 08:30:00,3073.8900000000003,93.99815868492367
2021-02-28 08:31:00,3110.54,93.48216065377717
2021-02-28 08:32:00,3136.13,93.23911955180428
2021-02-28 08:33:00,3170.86,94.46333171442448
2021-02-28 08:34:00,3277.62,93.96147204373905
2021-02-28 08:35:00,3332.6099999999997,94.46649923033299
2021-02-28 08:36:00,3402.9,95.0512797907667
2021-02-28 08:37:00,3404.8,94.51950187969925
2021-02-28 08:38:00,3358.13,94.20123699797209
2021-02-28 08:39:00,3364.45,93.03452273031253
2021-02-28 08:40:00,3335.2200000000003,94.31161962329321
2021-02-28 08:41:00,3339.0,94.01916741539384
2021-02-28 08:42:00,3341.66,93.76178306590137
2021-02-28 08:43:00,3335.22,93.73294715191201
2021-02-28 08:44:00,3318.96,94.32171523609806
2021-02-28 08:45:00,3340.2599999999998,93.96573919395496
2021-02-28 08:46:00,3361.92,93.33952027412906
2021-02-28 08:47:00,3370.8500000000004,93.7805004672412
2021-02-28 08:48:00,3374.7400000000002,95.05621173779313
2021-02-28 08:49:00,3386.01,93.53191514496413
2021-02-28 08:50:00,3367.01,94.72499339176301
2021-02-28 08:51:00,3400.96,93.69707376740685
2021-02-28 08:52:00,3417.46,93.89136961368969
2021-02-28 08:53:00,3422.8,94.83463830781815
2021-02-28 08:54:00,3442.4,93.99546827794562
2021-02-28 08:55:00,3452.15,94.35279463522731
2021-02-28 08:56:00,3470.55,93.8698477186613
2021-02-28 08:57:00,3495.3599999999997,93.1921175501236
2021-02-28 08:58:00,3489.42,94.60024875194158
2021-02-28 08:59:00,3481.5,94.6976877782565
2021-02-28 09:00:00,3470.9399999999996,94.24248186370264
2021-02-28 09:01:00,3487.08,93.76039551716623
2021-02-28 09:02:00,3493.02,93.39482739864073
2021-02-28 09:03:00,3491.65,93.98708347056548
2021-02-28 09:04:00,3524.2,94.50371715566655
2021-02-28 09:05:00,3538.89,94.49573171248612
2021-02-28 09:06:00,3543.6499999999996,94.8880391686538
2021-02-28 09:07:00,3581.5600000000004,94.39462133818782
2021-02-28 09:08:00,3576.12,94.88775544444819
2021-02-28 09:09:00,3596.5199999999995,92.4115533904997
2021-02-28 09:10:00,3627.6500000000005,94.44681818808317
2021-02-28 09:11:00,3630.09,93.22358398827578
2021-02-28 09:12:00,3617.67,94.50281534800024
2021-02-28 09:13:00,3617.67,94.63826164354404
2021-02-28 09:14:00,3663.1,93.65564685648768
2021-02-28 09:15:00,3668.0,93.85223555070883
2021-02-28 09:16:00,3682.2000000000003,93.75916571614795
2021-02-28 09:17:00,3716.1399999999994,93.57559187759344
2021-02-28 09:18:00,3729.63,93.08161935634367
2021-02-28 09:19:00,3737.4399999999996,93.43561368209257
2021-02-28 09:20:00,3738.1499999999996,93.89403849497747
2021-02-28 09:21:00,3742.41,93.7925026921155
2021-02-28 09:22:00,3757.3399999999997,95.73794226766809
2021-02-28 09:23:00,3790.8,93.95378284267173
2021-02-28 09:24:00,3792.96,94.67276216991479
2021-02-28 09:25:00,3795.1200000000003,94.63995868378338
2021-02-28 09:26:00,3823.0099999999998,94.06462447129357
2021-02-28 09:27:00,3861.3199999999997,93.67780966094497
2021-02-28 09:28:00,3876.1200000000003,93.3717222377016
2021-02-28 09:29:00,3876.1200000000003,94.37788303767684
2021-02-28 09:30:00,3925.5,93.25181505540695
2021-02-28 09:31:00,3891.6600000000003,94.31964765678399
2021-02-28 09:32:00,3894.62,94.52526819047816
2021-02-28 09:33:00,3912.03,93.96400334353264
2021-02-28 09:34:00,3900.75,94.70742805870667
2021-02-28 09:35:00,3938.25,94.01637783279375
2021-02-28 09:36:00,3934.34,94.38940203439458
2021-02-28 09:37:00,3922.5,93.84576163161249
2021-02-28 09:38:00,3936.04,95.02190018394123
2021-02-28 09:39:00,3942.88,94.7124944203222
2021-02-28 09:40:00,3961.12,93.99614250515008
2021-02-28 09:41:00,3959.5999999999995,94.33781190019197
2021-02-28 09:42:00,3948.96,94.58946152911146
2021-02-28 09:43:00,3982.46,93.78625271816917
2021-02-28 09:44:00,3998.61,92.98731309129921
2021-02-28 09:45:00,4013.9500000000007,92.52731100287744
2021-02-28 09:46:00,4033.38,94.57080661876638
2021-02-28 09:47:00,4099.3099999999995,93.3205832201029
2021-02-28 09:48:00,4085.88,94.49861474149999
2021-02-28 09:49:00,4092.2000000000003,95.02468110063046
2021-02-28 09:50:00,4088.2500000000005,94.28484070201185
2021-02-28 09:51:00,4107.210000000001,93.28960535253856
2021-02-28 09:52:00,4080.3600000000006,92.98689331333509
2021-02-28 09:53:00,4072.38,93.53252888974015
2021-02-28 09:54:00,4091.7,94.88965466676443
2021-02-28 09:55:00,4112.74,93.99816180940202
2021-02-28 09:56:00,4095.3600000000006,94.93670886075948
2021-02-28 09:57:00,4140.8,93.7403400309119
2021-02-28 09:58:00,4137.6,93.89501160092807
2021-02-28 09:59:00,4145.6,93.46777306059437
2021-02-28 10:00:00,4146.4,93.79944047848737
2021-02-28 10:01:00,4181.42,94.4822572236226
2021-02-28 10:02:00,4265.639999999999,93.8804024718448
2021-02-28 10:03:00,2543.0,94.72276838379867
2021-02-28 10:04:00,3618.3600000000006,92.50323350910355
2021-02-28 10:05:00,4356.370000000001,94.49151472441503
2021-02-28 10:06:00,4247.9400000000005,94.5164008907847
2021-02-28 10:07:00,4267.030000000001,93.84044639948628
2021-02-28 10:08:00,4289.04,93.76690354951224
2021-02-28 10:09:00,4284.84,94.64764145218957
2021-02-28 10:10:00,4299.12,94.55190829751206
2021-02-28 10:11:00,4233.0,94.50271674935034
2021-02-28 10:12:00,4190.2,95.20070641019522
2021-02-28 10:13:00,4182.370000000001,94.72858690168492
2021-02-28 10:14:00,4172.98,94.93695153104017
2021-02-28 10:15:00,4175.44,94.39723717739928
2021-02-28 10:16:00,4173.7699999999995,95.03877789145066
2021-02-28 10:17:00,4168.0599999999995,95.40889526542325
2021-02-28 10:18:00,4197.58,95.59555744023938
2021-02-28 10:19:00,4268.04,94.74606610997085
2021-02-28 10:20:00,4252.09,94.89451069944427
2021-02-28 10:21:00,4284.0,93.8001867413632
2021-02-28 10:22:00,4327.35,94.54747131616347
2021-02-28 10:23:00,4388.58,94.29929498835612
2021-02-28 10:24:00,4370.5199999999995,94.15355609858781
2021-02-28 10:25:00,4307.95,94.62969625924164
2021-02-28 10:26:00,4257.960000000001,96.1375870134994
2021-02-28 10:27:00,4267.2,94.4506936632921
2021-02-28 10:28:00,4258.8,94.3552174321405
2021-02-28 10:29:00,4347.299999999999,94.96469072757804
2021-02-28 10:30:00,4434.32,93.93999530931463
2021-02-28 10:31:00,4380.45,94.79391386729674
2021-02-28 10:32:00,4346.4400000000005,95.445928161898
2021-02-28 10:33:00,4328.539999999999,94.56075258632242
2021-02-28 10:34:00,4290.8,95.19203878064695
2021-02-28 10:35:00,4318.92,94.66255452752077
2021-02-28 10:36:00,4306.1,94.2128608253408
2021-02-28 10:37:00,4224.040000000001,95.16481851497616
2021-02-28 10:38:00,4345.58,94.58346181637434
2021-02-28 10:39:00,4342.14,94.38663884628315
2021-02-28 10:40:00,4302.7,94.94735863527553
2021-02-28 10:41:00,4401.33,93.96023474722413
2021-02-28 10:42:00,4479.37,94.29004525189927
2021-02-28 10:43:00,4433.14,94.5763048313385
2021-02-28 10:44:00,4384.799999999999,94.42848020434229
2021-02-28 10:45:00,4362.78,95.02885774666612
2021-02-28 10:46:00,4400.46,92.73575944333092
2021-02-28 10:47:00,4372.030000000001,94.23082641244456
2021-02-28 10:48:00,4373.1,93.88305778509523
2021-02-28 10:49:00,4400.459999999999,94.08789081141519
2021-02-28 10:50:00,4357.62,94.4988319311918
2021-02-28 10:51:00,4327.35,95.20145123458929
2021-02-28 10:52:00,4208.93,94.33989161140717
2021-02-28 10:53:00,4266.360000000001,93.78955362416673
2021-02-28 10:54:00,4505.18,95.15269090247226
2021-02-28 10:55:00,4434.09,93.71257687597681
2021-02-28 10:56:00,4421.120000000001,93.86309351476547
2021-02-28 10:57:00,4322.36,95.3182983370196
2021-02-28 10:58:00,4380.709999999999,93.86149733718966
2021-02-28 10:59:00,4432.5199999999995,94.07966574318898
2021-02-28 11:00:00,4456.23,95.01978129495112
2021-02-28 11:01:00,4469.58,94.64423950348802
2021-02-28 11:02:00,4450.89,94.16543657560622
2021-02-28 11:03:00,4423.3,94.02256234033413
2021-02-28 11:04:00,4444.110000000001,93.52378766502179
2021-02-28 11:05:00,4457.120000000001,94.46234339663279
2021-02-28 11:06:00,4451.240000000001,93.99403312335437
2021-02-28 11:07:00,4451.16,93.94180393425535
2021-02-28 11:08:00,4471.460000000001,94.48368094537352
2021-02-28 11:09:00,4508.74,93.35867670346927
2021-02-28 11:10:00,4552.62,94.13041281723491
2021-02-28 11:11:00,4653.36,94.7960183609263
2021-02-28 11:12:00,4772.57,94.58845024797961
2021-02-28 11:13:00,4843.700000000001,94.05000309680615
2021-02-28 11:14:00,4824.039999999999,93.67874229898594
2021-02-28 11:15:00,4750.0,95.63578947368421
2021-02-28 11:16:00,4691.540000000001,94.09703423609305
2021-02-28 11:17:00,4695.299999999999,94.44976891785404
2021-02-28 11:18:00,3479.67,95.88552937491198
2021-02-28 11:19:00,2950.59,90.7005039670032
2021-02-28 11:20:00,4919.15,94.03860423040565
2021-02-28 11:21:00,4837.469999999999,93.67086514231615
2021-02-28 11:22:00,2874.99,95.66641970928596
2021-02-28 11:23:00,2532.44,92.73664923946865
2021-02-28 11:24:00,4798.700000000001,94.43182528601494
2021-02-28 11:25:00,4756.72,94.04379488386955
2021-02-28 11:26:00,4676.9400000000005,94.81413060676424
2021-02-28 11:27:00,4715.1,94.11677376937921
2021-02-28 11:28:00,4570.200000000001,94.49914664566101
2021-02-28 11:29:00,4475.09,93.67632829730799
2021-02-28 11:30:00,4467.8,94.65956399122611
2021-02-28 11:31:00,4535.4400000000005,94.39216481752597
2021-02-28 11:32:00,4471.280000000001,94.68205972339015
2021-02-28 11:33:00,4524.76,93.86354193371582
2021-02-28 11:34:00,4414.95,94.65792364579441
2021-02-28 11:35:00,4487.38,94.26213068650303
2021-02-28 11:36:00,4568.87,94.33842503726304
2021-02-28 11:37:00,4444.000000000001,94.30018001800178
2021-02-28 11:38:00,4527.43,94.05998546636833
2021-02-28 11:39:00,4534.2,94.73115433814124
2021-02-28 11:40:00,4552.73,94.00074241169585
2021-02-28 11:41:00,4573.37,93.86076350699814
2021-02-28 11:42:00,4557.05,94.13984924457708
2021-02-28 11:43:00,4571.65,93.73858453731148
2021-02-28 11:44:00,3935.4500000000003,93.71990496639519
2021-02-28 11:45:00,4590.799999999999,94.97691034242399
2021-02-28 11:46:00,4567.29,95.13518957631332
2021-02-28 11:47:00,4557.0599999999995,93.98603485580617
2021-02-28 11:48:00,4544.1,94.31130476882112
2021-02-28 11:49:00,4532.4,94.12893831082872
2021-02-28 11:50:00,4518.0,93.92872952633908
2021-02-28 11:51:00,4514.969999999999,93.85222936143542
2021-02-28 11:52:00,4526.51,94.69768099485033
2021-02-28 11:53:00,4561.43,94.30595230004624
2021-02-28 11:54:00,4784.2,94.11395844655324
2021-02-28 11:55:00,4636.9800000000005,94.71250684712894
2021-02-28 11:56:00,4540.889999999999,93.783377267452
2021-02-28 11:57:00,4492.72,94.36599654552253
2021-02-28 11:58:00,4487.38,94.92844376896987
2021-02-28 11:59:00,4293.780000000001,94.3713930383019
2021-02-28 12:00:00,3460.41,94.29518467464838
2021-02-28 12:01:00,4686.51,93.89289684648064
2021-02-28 12:02:00,4681.879999999999,93.73584970140203
2021-02-28 12:03:00,4759.22,94.6163446951391
2021-02-28 12:04:00,4765.110000000001,93.85722470205303
2021-02-28 12:05:00,4635.879999999999,93.92391520056603
2021-02-28 12:06:00,4552.73,94.55205997280754
2021-02-28 12:07:00,4514.4,94.14983164983167
2021-02-28 12:08:00,4479.15,93.45299889487961
2021-02-28 12:09:00,4453.889999999999,94.14915949877525
2021-02-28 12:10:00,4424.64,93.94888623707239
2021-02-28 12:11:00,4426.32,93.33938802436336
2021-02-28 12:12:00,4419.2,93.96723388848662
2021-02-28 12:13:00,4447.18,94.02812568863864
2021-02-28 12:14:00,4495.39,94.97284996407429
2021-02-28 12:15:00,4574.700000000001,94.48707019039499
2021-02-28 12:16:00,3662.1,119.02733404330847
2021-02-28 12:17:00,4675.389999999999,94.01140867392881
2021-02-28 12:18:00,4623.949999999999,94.3241168265228
2021-02-28 12:19:00,4530.120000000001,93.91141956504462
2021-02-28 12:20:00,4496.370000000001,93.5977243865607
2021-02-28 12:21:00,4436.120000000001,94.22197776435262
2021-02-28 12:22:00,4514.01,94.68299804386785
2021-02-28 12:23:00,4539.99,94.52663992651966
2021-02-28 12:24:00,4527.43,94.02022781136317
2021-02-28 12:25:00,4675.44,94.87021542357512
2021-02-28 12:26:00,4697.57,94.5723001466716
2021-02-28 12:27:00,4577.299999999999,94.50549450549453
2021-02-28 12:28:00,4430.67,94.3085357293592
2021-02-28 12:29:00,4401.76,93.86699865508342
2021-02-28 12:30:00,4367.99,93.69526944887696
2021-02-28 12:31:00,4342.4,94.03325350036847
2021-02-28 12:32:00,4379.99,94.29930205320105
2021-02-28 12:33:00,4375.65,94.46139430713151
2021-02-28 12:34:00,4375.65,94.46139430713151
2021-02-28 12:35:00,4180.710000000001,94.24954134584794
2021-02-28 12:36:00,4352.46,93.85496937364157
2021-02-28 12:37:00,4343.0,94.21137462583468
2021-02-28 12:38:00,4306.0199999999995,94.32376068852444
2021-02-28 12:39:00,4269.44,94.77589566781593
2021-02-28 12:40:00,4230.24,94.6211089678127
2021-02-28 12:41:00,4213.4400000000005,94.38131313131312
2021-02-28 12:42:00,4286.68,94.14745210745845
2021-02-28 12:43:00,4293.35,95.54776573072307
2021-02-28 12:44:00,4338.87,94.28261275401199
2021-02-28 12:45:00,4402.2,93.67361773658625
2021-02-28 12:46:00,4294.200000000001,94.88146802664058
2021-02-28 12:47:00,2350.4700000000003,95.32136125966295
2021-02-28 12:48:00,2004.0600000000002,90.37653563266568
2021-02-28 12:49:00,4407.7699999999995,93.92504599831662
2021-02-28 12:50:00,4340.95,94.18675635517572
2021-02-28 12:51:00,4360.200000000001,94.2365029127104
2021-02-28 12:52:00,4346.44,94.23804308813651
2021-02-28 12:53:00,4175.93,94.74057275864298
2021-02-28 12:54:00,4371.8,92.87707580401666
2021-02-28 12:55:00,4351.58,95.58137504078978
2021-02-28 12:56:00,2117.8599999999997,95.1196018622572
2021-02-28 12:57:00,3138.67,94.58464891180022
2021-02-28 12:58:00,1862.21,90.40870793304728
2021-02-28 12:59:00,4450.5,94.16694753398494
2021-02-28 13:00:00,4286.370000000001,94.7958295714089
2021-02-28 13:01:00,3114.91,92.47137156450749
2021-02-28 13:02:00,1827.28,92.61306422661005
2021-02-28 13:03:00,4399.6,93.52213837621602
2021-02-28 13:04:00,3958.72,94.62654595424785
2021-02-28 13:05:00,2698.37,93.37488928501281
2021-02-28 13:06:00,3008.46,94.46693657219973
2021-02-28 13:07:00,805.76,91.31751389992057
2021-02-28 13:08:00,2572.7300000000005,90.40591123048279
2021-02-28 13:09:00,3410.61,95.4022887401374
2021-02-28 13:10:00,2782.12,91.94786709415841
2021-02-28 13:11:00,3685.5200000000004,94.85228678721049
2021-02-28 13:12:00,2942.5,92.38402718776551
2021-02-28 13:13:00,4493.5,93.92233225770556
2021-02-28 13:14:00,2704.52,95.41434339550086
2021-02-28 13:15:00,2323.8999999999996,92.03494126253283
2021-02-28 13:16:00,3655.1500000000005,93.31491183672351
2021-02-28 13:17:00,3756.49,94.91839456513927
2021-02-28 13:18:00,3300.42,95.14546633458771
2021-02-28 13:19:00,1825.25,92.84755512943433
2021-02-28 13:20:00,806.4000000000001,87.84722222222221
2021-02-28 13:21:00,721.4200000000001,86.99509301100606
2021-02-28 13:22:00,2844.57,91.56392706103206
2021-02-28 13:23:00,4459.56,94.0989694050534
2021-02-28 13:24:00,4474.4,94.87976041480422
2021-02-28 13:25:00,1704.17,97.70738834740665
2021-02-28 13:26:00,821.76,83.54020638629284
2021-02-28 13:27:00,3547.91,90.71537891321934
2021-02-28 13:28:00,2568.3,93.723474671962
2021-02-28 13:29:00,3849.06,92.97334933724079
2021-02-28 13:30:00,3741.9,93.55407680590075
2021-02-28 13:31:00,4223.34,94.87988179971302
2021-02-28 13:32:00,4156.110000000001,94.21791049803781
2021-02-28 13:33:00,4200.66,94.11616269824266
2021-02-28 13:34:00,4206.8099999999995,95.2931080795187
2021-02-28 13:35:00,3869.92,94.83141770372514
2021-02-28 13:36:00,4141.87,94.02274817896264
2021-02-28 13:37:00,3061.0299999999997,94.63154559086321
2021-02-28 13:38:00,689.78,80.22847864536519
2021-02-28 13:39:00,3000.92,93.67127414259627
2021-02-28 13:40:00,4115.110000000001,93.80551188182088
2021-02-28 13:41:00,4040.1900000000005,95.00790804392861
2021-02-28 13:42:00,4038.84,93.94776718067564
2021-02-28 13:43:00,3422.0,94.0677966101695
2021-02-28 13:44:00,2385.86,94.44812352778453
2021-02-28 13:45:00,4147.2,94.31182484567901
2021-02-28 13:46:00,4027.1399999999994,94.64036512264289
2021-02-28 13:47:00,3855.51,95.15991399322009
2021-02-28 13:48:00,3636.62,94.12311432044042
2021-02-28 13:49:00,3945.16,93.83396364152532
2021-02-28 13:50:00,2286.7900000000004,94.56924334984845
2021-02-28 13:51:00,1771.16,91.73084306330314
2021-02-28 13:52:00,2784.45,93.73844026647991
2021-02-28 13:53:00,2120.99,95.83260647150624
2021-02-28 13:54:00,2633.66,93.15553260481612
2021-02-28 13:55:00,3574.08,92.92461276748142
2021-02-28 13:56:00,4104.63,94.36904178939393
2021-02-28 13:57:00,3998.6099999999997,94.4178101890407
2021-02-28 13:58:00,3891.0,94.39475713184272
2021-02-28 13:59:00,3916.5,93.65760245116813
2021-02-28 14:00:00,3970.2400000000002,94.61392762150399
2021-02-28 14:01:00,4071.66,93.7209884911805
2021-02-28 14:02:00,4128.0,93.65310077519379
2021-02-28 14:03:00,4169.88,93.79646416683453
2021-02-28 14:04:00,4122.17,93.29066972007462
2021-02-28 14:05:00,4030.8,92.4630346333234
2021-02-28 14:06:00,3953.95,93.48626057486817
2021-02-28 14:07:00,3833.25,94.1420465662297
2021-02-28 14:08:00,3788.08,93.27944499588182
2021-02-28 14:09:00,3707.2799999999997,94.33870654496019
2021-02-28 14:10:00,3698.6400000000003,94.49419245993121
2021-02-28 14:11:00,3714.4800000000005,94.12084598651761
2021-02-28 14:12:00,3740.9700000000003,93.56931491030402
2021-02-28 14:13:00,3763.8799999999997,94.06250996312318
2021-02-28 14:14:00,3749.2799999999997,94.15941194042591
2021-02-28 14:15:00,3754.0800000000004,93.9830797425734
2021-02-28 14:16:00,3761.69,95.01580406678912
2021-02-28 14:17:00,3814.7000000000003,94.21186462893543
2021-02-28 14:18:00,3452.23,95.16167810371846
2021-02-28 14:19:00,2848.45,93.38763186996437
2021-02-28 14:20:00,3664.3099999999995,92.90152852788111
2021-02-28 14:21:00,3666.71,93.49798593289353
2021-02-28 14:22:00,3633.0,93.94715111478116
2021-02-28 14:23:00,3587.31,94.04539892008218
2021-02-28 14:24:00,3533.96,93.91730523265684
2021-02-28 14:25:00,3521.0,93.73189434819655
2021-02-28 14:26:00,3474.76,94.32881695426445
2021-02-28 14:27:00,3431.34,93.93997680206566
2021-02-28 14:28:00,3374.8,94.72857650823752
2021-02-28 14:29:00,3342.08,93.35204423592494
2021-02-28 14:30:00,3292.38,94.3876466264526
2021-02-28 14:31:00,3307.5,93.36961451247166
2021-02-28 14:32:00,3301.83,93.76921283046067
2021-02-28 14:33:00,3283.38,94.03724211026442
2021-02-28 14:34:00,3258.7200000000003,94.01851033534639
2021-02-28 14:35:00,3218.97,94.33452315492224
2021-02-28 14:36:00,3210.43,94.24594213236233
2021-02-28 14:37:00,3215.31,93.84165134932557
2021-02-28 14:38:00,3217.42,94.33645591809587
2021-02-28 14:39:00,3203.72,94.93651130560724
2021-02-28 14:40:00,3182.37,94.4610463271084
2021-02-28 14:41:00,3161.51,94.09427773437376
2021-02-28 14:42:00,3153.5999999999995,93.14434297311011
2021-02-28 14:43:00,3134.3200000000006,93.5992495979989
2021-02-28 14:44:00,3154.8,94.33244579688093
2021-02-28 14:45:00,3119.92,93.82932895715274
2021-02-28 14:46:00,3093.96,94.15764909695018
2021-02-28 14:47:00,3058.92,93.69646803446969
2021-02-28 14:48:00,2987.94,94.76093897467821
2021-02-28 14:49:00,2990.2200000000003,94.01314953414797
2021-02-28 14:50:00,2964.08,93.44214731046395
2021-02-28 14:51:00,2959.04,93.89531740023791
2021-02-28 14:52:00,2960.98,93.15159170274706
2021-02-28 14:53:00,2960.16,93.01524241932869
2021-02-28 14:54:00,2922.15,93.31485378916209
2021-02-28 14:55:00,2905.96,93.62482621921842
2021-02-28 14:56:00,2873.88,94.18973652344566
2021-02-28 14:57:00,2866.8599999999997,93.36695897253442
2021-02-28 14:58:00,2828.08,95.05388815026448
2021-02-28 14:59:00,2822.7799999999997,93.51065261904931
2021-02-28 15:00:00,2838.1499999999996,92.70827827986541
2021-02-28 15:01:00,2799.98,93.622097300695
2021-02-28 15:02:00,2788.76,94.78406173353031
2021-02-28 15:03:00,2771.8599999999997,93.90084636309194
2021-02-28 15:04:00,2768.27,93.55662561816587
2021-02-28 15:05:00,2718.81,93.76528701895316
2021-02-28 15:06:00,2739.21,92.78587621978599
2021-02-28 15:07:00,2703.97,93.2443777112912
2021-02-28 15:08:00,2682.5,93.84902143522834
2021-02-28 15:09:00,2683.0,93.27618337681699
2021-02-28 15:10:00,2625.91,94.52342235644025
2021-02-28 15:11:00,2625.42,93.04416055335909
2021-02-28 15:12:00,2610.7200000000003,92.7368695225838
2021-02-28 15:13:00,2574.24,93.45670955311084
2021-02-28 15:14:00,2556.0,93.27464788732394
2021-02-28 15:15:00,2555.9300000000003,92.99159210150513
2021-02-28 15:16:00,2520.61,94.6437568683771
2021-02-28 15:17:00,2521.08,92.8927285131769
2021-02-28 15:18:00,2503.95,93.42838315461572
2021-02-28 15:19:00,2469.2799999999997,92.8975247845526
2021-02-28 15:20:00,2492.74,92.39631891011497
2021-02-28 15:21:00,2457.4399999999996,92.44986652776875
2021-02-28 15:22:00,2423.7,94.5207740231877
2021-02-28 15:23:00,2435.85,93.10507625674816
2021-02-28 15:24:00,2415.3,93.18925185277192
2021-02-28 15:25:00,2390.08,93.94246217699826
2021-02-28 15:26:00,2390.5200000000004,93.49848568512287
2021-02-28 15:27:00,2406.1800000000003,92.66139690297483
2021-02-28 15:28:00,2403.2800000000007,93.31413734562761
2021-02-28 15:29:00,2336.62,93.2244010579384
2021-02-28 15:30:00,2330.6,91.94198918733375
2021-02-28 15:31:00,2279.76,93.40456890198968
2021-02-28 15:32:00,2285.2200000000003,92.13992525883721
2021-02-28 15:33:00,2226.2999999999997,93.11413556124512
2021-02-28 15:34:00,2203.31,93.39130671580486
2021-02-28 15:35:00,2132.52,93.9967737699998
2021-02-28 15:36:00,2180.8,93.50696991929567
2021-02-28 15:37:00,2189.2,91.26164809062672
2021-02-28 15:38:00,2121.6,93.56146304675717
2021-02-28 15:39:00,2132.52,93.0682947873877
2021-02-28 15:40:00,2132.13,92.00658496433144
2021-02-28 15:41:00,2078.22,92.62253274436779
2021-02-28 15:42:00,2129.01,92.66278692913606
2021-02-28 15:43:00,2128.23,92.36313744285157
2021-02-28 15:44:00,2102.17,92.33791748526522
2021-02-28 15:45:00,1795.86,92.86915461116124
2021-02-28 15:46:00,1633.7999999999997,91.89007222426247
2021-02-28 15:47:00,1812.03,93.17174660463678
2021-02-28 15:48:00,1290.48,88.0680057033042
2021-02-28 15:49:00,2044.25,93.14418490889078
2021-02-28 15:50:00,2037.2200000000003,94.16263339256436
2021-02-28 15:51:00,1777.0700000000002,92.01663412245999
2021-02-28 15:52:00,1981.4400000000003,93.3361595607235
2021-02-28 15:53:00,2041.6599999999999,90.93580713732943
2021-02-28 15:54:00,1934.8000000000002,91.75108538350216
2021-02-28 15:55:00,1876.8,92.50319693094629
2021-02-28 15:56:00,1826.55,91.95477813363992
2021-02-28 15:57:00,1735.74,93.01508290412158
2021-02-28 15:58:00,1739.5400000000002,93.48448440392288
2021-02-28 15:59:00,1722.67,92.170874282364
2021-02-28 16:00:00,1721.43,91.57502773856619
2021-02-28 16:01:00,1719.88,91.58778519431587
2021-02-28 16:02:00,1772.8000000000002,91.26805054151623
2021-02-28 16:03:00,1795.1599999999999,92.19790993560463
2021-02-28 16:04:00,1775.6799999999998,92.25761398450172
2021-02-28 16:05:00,1770.2400000000002,91.73332429501085
2021-02-28 16:06:00,1720.81,93.47923361672702
2021-02-28 16:07:00,1716.47,91.62991488345267
2021-02-28 16:08:00,1723.29,91.70249928915041
2021-02-28 16:09:00,1661.7,93.26593247878678
2021-02-28 16:10:00,634.6800000000001,80.76510997668116
2021-02-28 16:11:00,514.4000000000001,83.8063763608087
2021-02-28 16:12:00,495.76,76.0852025173471
2021-02-28 16:13:00,500.45000000000005,76.87081626536116
2021-02-28 16:14:00,556.58,78.82065471270975
2021-02-28 16:15:00,588.5,81.7162276975361
2021-02-28 16:16:00,647.04,80.87598911968348
2021-02-28 16:17:00,1521.1800000000003,90.67960399163806
2021-02-28 16:18:00,1461.7200000000003,91.25550721068329
2021-02-28 16:19:00,1375.3,91.69635715843816
2021-02-28 16:20:00,1320.21,91.30365623650783
2021-02-28 16:21:00,1262.38,91.9849807506456
2021-02-28 16:22:00,1261.4099999999999,89.14627282168368
2021-02-28 16:23:00,1293.29,90.10353439677102
2021-02-28 16:24:00,1356.24,89.85872706895535
2021-02-28 16:25:00,1351.1999999999998,90.3937240970989
2021-02-28 16:26:00,1321.45,91.30878958719588
2021-02-28 16:27:00,1176.42,91.07291613539383
2021-02-28 16:28:00,1092.65,87.59438063423785
2021-02-28 16:29:00,1093.48,90.91158503127629
2021-02-28 16:30:00,1129.8,86.13028854664543
2021-02-28 16:31:00,1075.4,88.34852148037939
2021-02-28 16:32:00,1019.8800000000001,88.59865866572537
2021-02-28 16:33:00,963.05,90.54566221899175
2021-02-28 16:34:00,932.04,87.81811939401743
2021-02-28 16:35:00,905.28,85.18911276069284
2021-02-28 16:36:00,902.4000000000001,86.82402482269502
2021-02-28 16:37:00,852.0,87.46478873239437
2021-02-28 16:38:00,850.3500000000001,86.74075380725583
2021-02-28 16:39:00,618.52,57.78309513031107
2021-02-28 16:40:00,794.22,83.65440306212383
2021-02-28 16:41:00,763.71,82.12541409697398
2021-02-28 16:42:00,739.1800000000001,83.26794556129765
2021-02-28 16:43:00,739.0500000000001,81.57770110276705
2021-02-28 16:44:00,682.2,85.3122251539138
2021-02-28 16:45:00,683.4,79.6166227685104
2021-02-28 16:46:00,624.3600000000001,79.24915113075788
2021-02-28 16:47:00,592.1600000000001,81.63334233990813
2021-02-28 16:48:00,565.0999999999999,79.89736329853125
2021-02-28 16:49:00,566.2,81.15506888025432
2021-02-28 16:50:00,567.9,82.81387568233845
2021-02-28 16:51:00,568.6,75.6067534294759
2021-02-28 16:52:00,568.1,75.05720823798626
2021-02-28 16:53:00,535.9300000000001,80.96206594144756
2021-02-28 16:54:00,535.41,77.04376085616632
2021-02-28 16:55:00,566.2,81.91451783821971
2021-02-28 16:56:00,246.08,58.029908972691814
2021-02-28 16:57:00,63.52,-48.48866498740554
2021-02-28 16:58:00,63.11000000000001,-42.465536365076844
2021-02-28 16:59:00,207.32,49.102836195253715
2021-02-28 17:00:00,432.32000000000005,74.62065136935603
2021-02-28 17:01:00,431.52000000000004,67.57508342602893
2021-02-28 17:02:00,383.46000000000004,70.9070046419444
2021-02-28 17:03:00,391.78999999999996,70.87980806044054
2021-02-28 17:04:00,354.15,66.89255964986587
2021-02-28 17:05:00,314.1,65.13849092645654
2021-02-28 17:06:00,236.79000000000002,58.36395118037079
2021-02-28 17:07:00,267.2,51.047904191616766
2021-02-28 17:08:00,262.9,54.20311905667554
2021-02-28 17:09:00,326.82000000000005,66.39740529955326
2021-02-28 17:10:00,323.46,67.89092932665554
2021-02-28 17:11:00,257.65,62.2938094313992
2021-02-28 17:12:00,231.6,54.74956822107081
2021-02-28 17:13:00,204.92000000000002,42.01639664259223
2021-02-28 17:14:00,180.07999999999998,31.541537094624612
2021-02-28 17:15:00,155.43,28.179888052499514
2021-02-28 17:16:00,152.82,23.884308336605155
2021-02-28 17:17:00,124.67999999999999,14.116137311517488
2021-02-28 17:18:00,124.28999999999999,9.49392549682195
2021-02-28 17:19:00,101.44000000000001,2.4645110410094633
2021-02-28 17:20:00,126.52,20.15491621877964
2021-02-28 17:21:00,101.98000000000002,12.45342223965483
2021-02-28 17:22:00,101.36000000000001,-5.228887134964482
2021-02-28 17:23:00,101.70000000000002,-2.261553588987217
2021-02-28 17:24:00,102.82000000000002,-1.1670881151526937
2021-02-28 17:25:00,101.04000000000002,-5.839271575613617
2021-02-28 17:26:00,102.24000000000001,-1.4671361502347415
2021-02-28 17:27:00,103.5,-5.217391304347826
2021-02-28 17:28:00,102.32000000000001,5.961688819390147
2021-02-28 17:29:00,101.48000000000002,-10.938115884903427
2021-02-28 17:30:00,102.60000000000001,-14.717348927875243
2021-02-28 17:31:00,101.92,-16.581632653061224
2021-02-28 17:32:00,74.69,-19.279689382782166
2021-02-28 17:33:00,74.33,-29.463204628010224
2021-02-28 17:34:00,102.08000000000001,-30.074451410658305
2021-02-28 17:35:00,73.30000000000001,-37.51705320600272
2021-02-28 17:36:00,69.52000000000001,-50.77675489067893
2021-02-28 17:37:00,45.65,-74.47973713033954
2021-02-28 17:38:00,59.120000000000005,-44.65493910690122
2021-02-28 17:39:00,42.790000000000006,-78.99041832203784
2021-02-28 17:40:00,40.27,-59.10106779240129
2021-02-28 17:41:00,38.07,-32.57157867086945
2021-02-28 17:42:00,34.870000000000005,-53.62776025236592
2021-02-28 17:43:00,29.009999999999998,-114.44329541537404
2021-02-28 17:44:00,28.17,-90.87681931132411
2021-02-28 17:45:00,29.35,-104.59965928449743
2021-02-28 17:46:00,27.840000000000003,-106.32183908045975
2021-02-28 17:47:00,25.73,-110.76564321803342
2021-02-28 17:48:00,26.410000000000004,-96.55433547898522
2021-02-28 17:49:00,30.43,-106.14525139664804
2021-02-28 17:50:00,30.380000000000003,-135.6155365371955
2021-02-28 17:51:00,12.8,-178.90624999999997
2021-02-28 17:52:00,11.89,-214.4659377628259
2021-02-28 17:53:00,25.82,-151.82029434546865
2021-02-28 17:54:00,8.06,0.0
2021-02-28 17:55:00,8.040000000000001,0.0
2021-02-28 17:56:00,8.22,0.0
2021-02-28 17:57:00,10.280000000000001,-354.08560311284043
2021-02-28 17:58:00,11.100000000000001,-299.09909909909913
2021-02-28 17:59:00,9.08,0.0
2021-02-28 18:00:00,8.020000000000001,0.0
2021-03-01 05:00:00,2.2,0.0
2021-03-01 05:01:00,2.23,0.0
2021-03-01 05:02:00,2.27,0.0
2021-03-01 05:03:00,2.44,0.0
2021-03-01 05:04:00,2.84,0.0
2021-03-01 05:05:00,3.4000000000000004,0.0
2021-03-01 05:06:00,3.8200000000000003,0.0
2021-03-01 05:07:00,3.5,0.0
2021-03-01 05:08:00,4.04,0.0
2021-03-01 05:09:00,3.7200000000000006,0.0
2021-03-01 05:10:00,3.54,0.0
2021-03-01 05:11:00,3.98,0.0
2021-03-01 05:12:00,3.1500000000000004,0.0
2021-03-01 05:13:00,3.7700000000000005,0.0
2021-03-01 05:14:00,4.0600000000000005,0.0
2021-03-01 05:15:00,4.19,0.0
2021-03-01 05:16:00,4.19,0.0
2021-03-01 05:17:00,3.91,0.0
2021-03-01 05:18:00,3.3200000000000003,0.0
2021-03-01 05:19:00,12.86,-213.84136858475898
2021-03-01 05:20:00,16.62,-162.4548736462094
2021-03-01 05:21:00,20.840000000000003,-143.47408829174663
2021-03-01 05:22:00,23.400000000000002,-126.06837606837607
2021-03-01 05:23:00,27.970000000000006,-85.09116910976044
2021-03-01 05:24:00,48.38000000000001,-53.5345183960314
2021-03-01 05:25:00,50.02,-50.379848060775686
2021-03-01 05:26:00,50.519999999999996,-54.82977038796516
2021-03-01 05:27:00,52.16,-45.628834355828225
2021-03-01 05:28:00,53.04,-40.912518853695325
2021-03-01 05:29:00,52.790000000000006,-49.63061185830649
2021-03-01 05:30:00,54.25000000000001,-41.6589861751152
2021-03-01 05:31:00,53.75,-43.72093023255814
2021-03-01 05:32:00,55.34,-40.657752078062884
2021-03-01 05:33:00,55.870000000000005,-44.56774655450151
2021-03-01 05:34:00,55.17,-41.508065977886524
2021-03-01 05:35:00,56.480000000000004,-40.89943342776204
2021-03-01 05:36:00,56.790000000000006,-44.550096848036624
2021-03-01 05:37:00,56.2,-46.97508896797152
2021-03-01 05:38:00,57.36000000000001,-34.69316596931659
2021-03-01 05:39:00,56.24000000000001,-51.564722617354185
2021-03-01 05:40:00,57.489999999999995,-43.83371021047139
2021-03-01 05:41:00,58.0,-43.44827586206896
2021-03-01 05:42:00,56.790000000000006,-38.03486529318542
2021-03-01 05:43:00,58.38,-47.790339157245626
2021-03-01 05:44:00,58.36,-37.35435229609322
2021-03-01 05:45:00,57.540000000000006,-46.054918317692035
2021-03-01 05:46:00,58.620000000000005,-39.918116683725685
2021-03-01 05:47:00,57.69,-41.08164326573063
2021-03-01 05:48:00,59.01,-41.85731231994577
2021-03-01 05:49:00,59.04,-44.207317073170735
2021-03-01 05:50:00,58.080000000000005,-42.52754820936639
2021-03-01 05:51:00,105.94,-1.8878610534264677
2021-03-01 05:52:00,99.5,1.9095477386934672
2021-03-01 05:53:00,99.2,6.350806451612903
2021-03-01 05:54:00,102.62,7.893198206977196
2021-03-01 05:55:00,127.38,17.035641387972994
2021-03-01 05:56:00,126.84,20.498265531378113
2021-03-01 05:57:00,156.35999999999999,27.94832437963674
2021-03-01 05:58:00,184.62,36.615751272884836
2021-03-01 05:59:00,217.84000000000003,54.62724935732647
2021-03-01 06:00:00,247.37,68.68254032421069
2021-03-01 06:01:00,305.1,60.013110455588325
2021-03-01 06:02:00,306.91999999999996,67.7375211781572
2021-03-01 06:03:00,367.04999999999995,65.08650047677429
2021-03-01 06:04:00,352.15,64.6315490558001
2021-03-01 06:05:00,422.69000000000005,69.0340438619319
2021-03-01 06:06:00,415.39,73.06386769060401
2021-03-01 06:07:00,378.97999999999996,70.05646735975513
2021-03-01 06:08:00,312.59999999999997,68.93793985924505
2021-03-01 06:09:00,258.20000000000005,60.57319907048798
2021-03-01 06:10:00,232.79000000000002,54.46969371536577
2021-03-01 06:11:00,209.92000000000002,62.118902439024396
2021-03-01 06:12:00,238.53,54.91971659749297
2021-03-01 06:13:00,259.6,55.35439137134052
2021-03-01 06:14:00,204.72,53.24345447440406
2021-03-01 06:15:00,170.8,36.82669789227166
2021-03-01 06:16:00,153.03,24.30895902764164
2021-03-01 06:17:00,125.28,11.733716475095784
2021-03-01 06:18:00,125.79999999999998,24.085850556438796
2021-03-01 06:19:00,153.93,19.22951991164815
2021-03-01 06:20:00,184.24,41.08771168041685
2021-03-01 06:21:00,237.54000000000002,48.74968426370295
2021-03-01 06:22:00,211.96000000000004,62.18154368748821
2021-03-01 06:23:00,210.92000000000002,56.5143182249194
2021-03-01 06:24:00,208.76000000000002,54.75186817397968
2021-03-01 06:25:00,211.84,60.51737160120846
2021-03-01 06:26:00,239.18,51.091228363575546
2021-03-01 06:27:00,266.35,54.70245917026468
2021-03-01 06:28:00,324.0,69.84567901234568
2021-03-01 06:29:00,412.65,75.99660729431723
2021-03-01 06:30:00,498.33000000000004,73.64597756506733
2021-03-01 06:31:00,521.0,81.95777351247601
2021-03-01 06:32:00,525.86,80.66785836534439
2021-03-01 06:33:00,521.88,81.87705986050433
2021-03-01 06:34:00,495.53999999999996,77.89482181055011
2021-03-01 06:35:00,494.1,79.88261485529245
2021-03-01 06:36:00,440.96000000000004,77.94357764876632
2021-03-01 06:37:00,384.92999999999995,70.99992206375187
2021-03-01 06:38:00,346.46,71.66772498989783
2021-03-01 06:39:00,317.58,69.1794193589017
2021-03-01 06:40:00,285.84000000000003,67.90512174643156
2021-03-01 06:41:00,286.09000000000003,58.5130553322381
2021-03-01 06:42:00,292.22,61.871192936828415
2021-03-01 06:43:00,318.72,71.97540160642569
2021-03-01 06:44:00,350.17,70.08024673729902
2021-03-01 06:45:00,409.72,70.12105828370593
2021-03-01 06:46:00,439.2800000000001,79.47095246767437
2021-03-01 06:47:00,525.38,81.25547222962427
2021-03-01 06:48:00,584.99,83.60826680797963
2021-03-01 06:49:00,668.8800000000001,81.1057289797871
2021-03-01 06:50:00,729.17,84.16418667800377
2021-03-01 06:51:00,785.54,84.48965043155027
2021-03-01 06:52:00,784.6999999999999,86.2750095577928
2021-03-01 06:53:00,729.69,85.99542271375515
2021-03-01 06:54:00,727.74,84.30208590980295
2021-03-01 06:55:00,748.3399999999999,84.70748590213006
2021-03-01 06:56:00,750.56,85.0298443828608
2021-03-01 06:57:00,780.22,85.77068006459717
2021-03-01 06:58:00,835.6500000000001,86.33997486986178
2021-03-01 06:59:00,924.6400000000001,87.32047066966602
2021-03-01 07:00:00,1240.8000000000002,88.82978723404254
2021-03-01 07:01:00,1362.7199999999998,90.84771633204181
2021-03-01 07:02:00,1179.5700000000002,90.46516951092345
2021-03-01 07:03:00,1262.71,91.77879323043297
2021-03-01 07:04:00,1145.95,90.0213796413456
2021-03-01 07:05:00,1181.46,89.07622771824693
2021-03-01 07:06:00,1241.0200000000002,89.61177096259526
2021-03-01 07:07:00,1030.65,87.91539319846699
2021-03-01 07:08:00,1005.1200000000001,87.94969754855141
2021-03-01 07:09:00,1031.9099999999999,87.82742681047768
2021-03-01 07:10:00,1061.9099999999999,89.5273610757974
2021-03-01 07:11:00,1063.24,88.99213724088635
2021-03-01 07:12:00,1030.67,89.90268466143382
2021-03-01 07:13:00,968.51,87.38164809862572
2021-03-01 07:14:00,884.96,85.91348761525944
2021-03-01 07:15:00,831.45,86.74003247338986
2021-03-01 07:16:00,834.75,87.04402515723271
2021-03-01 07:17:00,954.8899999999999,87.15139963765462
2021-03-01 07:18:00,1132.1999999999998,88.41194135311784
2021-03-01 07:19:00,1128.4,87.76143211627081
2021-03-01 07:20:00,1156.58,88.49366234934031
2021-03-01 07:21:00,1006.92,87.14694315337861
2021-03-01 07:22:00,947.07,87.67039395187261
2021-03-01 07:23:00,915.63,88.17972325065801
2021-03-01 07:24:00,947.24,86.83121489801951
2021-03-01 07:25:00,1011.5999999999999,87.69276393831555
2021-03-01 07:26:00,1067.99,87.63190666579274
2021-03-01 07:27:00,1125.2,88.18876644152151
2021-03-01 07:28:00,1146.33,89.31110587701622
2021-03-01 07:29:00,1123.1999999999998,88.19444444444446
2021-03-01 07:30:00,1062.86,90.29411211260187
2021-03-01 07:31:00,1034.69,88.81887328571842
2021-03-01 07:32:00,1003.5,87.47384155455904
2021-03-01 07:33:00,1008.1800000000001,85.97671050804419
2021-03-01 07:34:00,1004.5800000000002,86.7626271675725
2021-03-01 07:35:00,995.94,85.19589533506034
2021-03-01 07:36:00,911.5600000000001,88.23335819913115
2021-03-01 07:37:00,884.0,88.57466063348416
2021-03-01 07:38:00,887.84,88.42809515227968
2021-03-01 07:39:00,916.13,85.6210363158067
2021-03-01 07:40:00,945.2,87.6322471434617
2021-03-01 07:41:00,1004.22,85.8178486785764
2021-03-01 07:42:00,1065.8999999999999,89.17346843043438
2021-03-01 07:43:00,1118.6,89.57625603432862
2021-03-01 07:44:00,1168.8600000000001,90.12199921290829
2021-03-01 07:45:00,1228.7000000000003,89.72084316757547
2021-03-01 07:46:00,1225.6200000000001,91.69236794438731
2021-03-01 07:47:00,1226.7200000000003,90.64008086604929
2021-03-01 07:48:00,1192.83,90.78410167416985
2021-03-01 07:49:00,1187.44,88.18971905948932
2021-03-01 07:50:00,1172.6399999999999,87.89568836130442
2021-03-01 07:51:00,1141.75,91.27216991460476
2021-03-01 07:52:00,1114.6,90.1399605239548
2021-03-01 07:53:00,1086.1799999999998,90.27969581469003
2021-03-01 07:54:00,1055.6399999999999,90.18225910348225
2021-03-01 07:55:00,1114.2,87.97343385388619
2021-03-01 07:56:00,1177.0500000000002,88.97667898559958
2021-03-01 07:57:00,1291.22,90.17053639193941
2021-03-01 07:58:00,1406.75,89.69610805047094
2021-03-01 07:59:00,1462.2400000000002,91.36667031403873
2021-03-01 08:00:00,1513.89,90.91149290899601
2021-03-01 08:01:00,1572.7599999999998,92.12467255016661
2021-03-01 08:02:00,1654.4299999999998,90.85304304201446
2021-03-01 08:03:00,1739.41,92.10019489367085
2021-03-01 08:04:00,1785.2800000000002,90.80368345581644
2021-03-01 08:05:00,1848.0,91.69913419913419
2021-03-01 08:06:00,1932.5,92.23803363518758
2021-03-01 08:07:00,2012.4,92.24309282448817
2021-03-01 08:08:00,2101.16,93.56260351424929
2021-03-01 08:09:00,2307.89,93.8346281668537
2021-03-01 08:10:00,2465.76,93.95886055414964
2021-03-01 08:11:00,2194.35,94.06885865973979
2021-03-01 08:12:00,2114.3199999999997,93.39172878277651
2021-03-01 08:13:00,2323.01,93.12486816673196
2021-03-01 08:14:00,3147.5099999999998,94.83687105044942
2021-03-01 08:15:00,1893.46,92.80365046000443
2021-03-01 08:16:00,2035.8899999999999,92.24958126421369
2021-03-01 08:17:00,2469.26,92.4527996241789
2021-03-01 08:18:00,2093.04,93.13247716240492
2021-03-01 08:19:00,1947.75,92.05493518161981
2021-03-01 08:20:00,2219.6,93.30510001802126
2021-03-01 08:21:00,2606.15,93.24098766379525
2021-03-01 08:22:00,2561.74,93.46381756150119
2021-03-01 08:23:00,2998.0800000000004,92.76270146226918
2021-03-01 08:24:00,4076.4300000000003,94.25404091325007
2021-03-01 08:25:00,3936.96,94.4053279687881
2021-03-01 08:26:00,3504.0000000000005,93.64726027397259
2021-03-01 08:27:00,2571.84,93.89775413711584
2021-03-01 08:28:00,2219.1499999999996,93.27895815965573
2021-03-01 08:29:00,2006.05,92.48024725206253
2021-03-01 08:30:00,1499.4,61.66466586634654
2021-03-01 08:31:00,1935.85,92.0319239610507
2021-03-01 08:32:00,1928.15,92.3527733838135
2021-03-01 08:33:00,1882.58,91.50739941994497
2021-03-01 08:34:00,1887.68,92.58454822851331
2021-03-01 08:35:00,1942.5,92.83912483912485
2021-03-01 08:36:00,2175.81,91.26716027594321
2021-03-01 08:37:00,2169.18,93.09508662259472
2021-03-01 08:38:00,2122.6800000000003,91.12065878983171
2021-03-01 08:39:00,2305.2,92.87263577997572
2021-03-01 08:40:00,2091.8999999999996,93.47005114967256
2021-03-01 08:41:00,1878.5,92.02555230236892
2021-03-01 08:42:00,1608.92,92.45332272580364
2021-03-01 08:43:00,1566.3199999999997,92.2480719137852
2021-03-01 08:44:00,1478.0100000000002,89.0454056467818
2021-03-01 08:45:00,1342.8,88.21864760202561
2021-03-01 08:46:00,1289.6099999999997,89.2052636068269
2021-03-01 08:47:00,1233.1000000000001,88.77625496715595
2021-03-01 08:48:00,1128.6,89.89898989898991
2021-03-01 08:49:00,1038.8799999999999,90.963345140921
2021-03-01 08:50:00,952.6800000000001,88.38224797413612
2021-03-01 08:51:00,959.1400000000001,85.08664011510311
2021-03-01 08:52:00,956.76,87.6290814833396
2021-03-01 08:53:00,961.52,88.39129711290457
2021-03-01 08:54:00,925.9499999999999,87.97451266267078
2021-03-01 08:55:00,909.76,87.363700316567
2021-03-01 08:56:00,963.5600000000001,89.65710490265265
2021-03-01 08:57:00,930.07,86.8214220435021
2021-03-01 08:58:00,996.2099999999999,86.58816916112066
2021-03-01 08:59:00,1086.61,89.59976440489228
2021-03-01 09:00:00,1084.8999999999999,91.28030233201217
2021-03-01 09:01:00,1137.2,86.22933520928596
2021-03-01 09:02:00,1108.53,90.44410164812861
2021-03-01 09:03:00,1112.36,86.76148009637168
2021-03-01 09:04:00,1107.31,87.87963623556186
2021-03-01 09:05:00,1111.58,91.0955576746613
2021-03-01 09:06:00,1143.0,87.63779527559056
2021-03-01 09:07:00,1149.4,90.08178179919958
2021-03-01 09:08:00,1149.4,91.36941012702279
2021-03-01 09:09:00,1194.69,90.00661259406205
2021-03-01 09:10:00,1263.46,87.49782343722792
2021-03-01 09:11:00,1312.38,87.80231335436382
2021-03-01 09:12:00,1310.08,92.09361260381046
2021-03-01 09:13:00,1316.75,92.02202392253656
2021-03-01 09:14:00,1318.1299999999999,89.24764628678507
2021-03-01 09:15:00,1323.65,90.08423676953878
2021-03-01 09:16:00,1403.46,90.81128069200405
2021-03-01 09:17:00,1462.85,89.83149331783846
2021-03-01 09:18:00,1490.3200000000002,89.67872671640988
2021-03-01 09:19:00,1460.5500000000002,92.7116497209955
2021-03-01 09:20:00,1518.0,91.23188405797103
2021-03-01 09:21:00,1553.3100000000002,91.6172560532025
2021-03-01 09:22:00,1550.3400000000001,92.2442818994543
2021-03-01 09:23:00,1489.54,91.5920351249379
2021-03-01 09:24:00,1460.69,90.96385954583108
2021-03-01 09:25:00,1438.75,90.33536055603824
2021-03-01 09:26:00,1440.0,90.13194444444446
2021-03-01 09:27:00,1434.0,89.93026499302648
2021-03-01 09:28:00,1374.48,91.19085035795355
2021-03-01 09:29:00,1312.84,91.35157368757808
2021-03-01 09:30:00,1213.06,90.86112805632038
2021-03-01 09:31:00,1078.44,88.24783947182968
2021-03-01 09:32:00,955.06,86.88459363809604
2021-03-01 09:33:00,901.7600000000001,86.95218239886444
2021-03-01 09:34:00,963.22,86.38732584456302
2021-03-01 09:35:00,989.0799999999999,88.79969264366888
2021-03-01 09:36:00,1021.3199999999999,87.23025104766381
2021-03-01 09:37:00,1147.4,88.58288303991633
2021-03-01 09:38:00,1248.06,90.90107847379133
2021-03-01 09:39:00,1220.64,90.68193734434395
2021-03-01 09:40:00,1196.37,90.9334068891731
2021-03-01 09:41:00,1189.65,90.86706174084814
2021-03-01 09:42:00,1193.6399999999999,87.00278140812976
2021-03-01 09:43:00,1194.06,86.95542937540827
2021-03-01 09:44:00,1225.08,90.21451660299736
2021-03-01 09:45:00,1223.2000000000003,89.97710922171352
2021-03-01 09:46:00,1255.1000000000001,88.07266353278624
2021-03-01 09:47:00,1195.1100000000001,90.9623381948105
2021-03-01 09:48:00,1165.8200000000002,88.20401091077524
2021-03-01 09:49:00,1082.62,89.06172064066801
2021-03-01 09:50:00,1020.78,86.61023922882502
2021-03-01 09:51:00,1021.1400000000001,85.60040738782145
2021-03-01 09:52:00,1017.36,86.21333647872926
2021-03-01 09:53:00,1082.4299999999998,85.60368799830013
2021-03-01 09:54:00,1144.2,88.6208704771893
2021-03-01 09:55:00,1168.6799999999998,88.96361707225248
2021-03-01 09:56:00,1196.5800000000002,88.39358839358839
2021-03-01 09:57:00,1376.6399999999999,90.13976057647606
2021-03-01 09:58:00,1636.1399999999999,91.33692715782269
2021-03-01 09:59:00,1844.8000000000002,91.0830442324371
2021-03-01 10:00:00,1562.05,61.82260491021415
2021-03-01 10:01:00,2065.3199999999997,92.31983421455271
2021-03-01 10:02:00,2064.96,92.33592902525956
2021-03-01 10:03:00,2054.52,93.39894476568736
2021-03-01 10:04:00,1994.6499999999999,91.77048605018425
2021-03-01 10:05:00,1990.45,91.91891280866135
2021-03-01 10:06:00,1939.0199999999998,94.18675413353138
2021-03-01 10:07:00,1819.2,93.25527704485488
2021-03-01 10:08:00,1557.75,92.03659123736159
2021-03-01 10:09:00,1320.08,89.22186534149445
2021-03-01 10:10:00,1124.2,91.4428037715709
2021-03-01 10:11:00,852.22,87.30140104667808
2021-03-01 10:12:00,653.16,82.69030559127933
2021-03-01 10:13:00,566.48,77.81386809772631
2021-03-01 10:14:00,784.42,85.70663675072028
2021-03-01 10:15:00,1161.73,88.04111110154682
2021-03-01 10:16:00,1253.5600000000002,89.28970292606655
2021-03-01 10:17:00,1129.1999999999998,87.98264257881686
2021-03-01 10:18:00,953.7,89.02170493865995
2021-03-01 10:19:00,845.4000000000001,85.82919328128695
2021-03-01 10:20:00,876.3800000000001,83.27437869417375
2021-03-01 10:21:00,915.3599999999999,84.5459709840937
2021-03-01 10:22:00,1023.84,87.58204406938584
2021-03-01 10:23:00,1167.92,90.32296732652921
2021-03-01 10:24:00,1385.52,89.60534672902592
2021-03-01 10:25:00,1499.94,89.09023027587769
2021-03-01 10:26:00,1311.69,90.73790301061989
2021-03-01 10:27:00,1221.02,89.84291821591785
2021-03-01 10:28:00,1043.87,88.49760985563337
2021-03-01 10:29:00,755.68,83.85824687698498
2021-03-01 10:30:00,756.45,81.72384162866018
2021-03-01 10:31:00,636.4100000000001,84.53669804057132
2021-03-01 10:32:00,730.47,81.45440606732652
2021-03-01 10:33:00,1085.47,82.63701438086727
2021-03-01 10:34:00,1404.99,93.01133815899045
2021-03-01 10:35:00,1372.32,92.80634254401305
2021-03-01 10:36:00,1434.5,89.68281631230394
2021-03-01 10:37:00,1369.1999999999998,91.27957931638913
2021-03-01 10:38:00,1400.83,90.49634859333396
2021-03-01 10:39:00,1458.37,92.10282712891791
2021-03-01 10:40:00,1430.5,91.93988116043343
2021-03-01 10:41:00,1546.83,90.21030106734419
2021-03-01 10:42:00,1727.6999999999998,91.02853504659375
2021-03-01 10:43:00,1839.68,93.30427030787963
2021-03-01 10:44:00,1955.3399999999997,92.17322818537954
2021-03-01 10:45:00,2058.12,90.56809126775893
2021-03-01 10:46:00,2110.11,92.41224391145485
2021-03-01 10:47:00,2222.2200000000003,93.07809307809308
2021-03-01 10:48:00,2324.29,92.43252778267774
2021-03-01 10:49:00,2323.8799999999997,94.09694132227138
2021-03-01 10:50:00,2395.09,92.75225565636363
2021-03-01 10:51:00,2442.4700000000003,92.61526241878097
2021-03-01 10:52:00,2518.2,93.83686760384403
2021-03-01 10:53:00,2561.22,92.45593896658625
2021-03-01 10:54:00,2623.0699999999997,93.64599496010402
2021-03-01 10:55:00,2778.55,92.50148458728472
2021-03-01 10:56:00,2880.8,94.73063038044987
2021-03-01 10:57:00,2864.73,93.52015722249565
2021-03-01 10:58:00,2771.0,93.089137495489
2021-03-01 10:59:00,2691.57,93.65537585869957
2021-03-01 11:00:00,2637.12,92.56689115398616
2021-03-01 11:01:00,2594.87,92.1471981255323
2021-03-01 11:02:00,2528.62,94.16598777198631
2021-03-01 11:03:00,2442.9700000000003,94.13951051384176
2021-03-01 11:04:00,2322.1800000000003,93.85577345425418
2021-03-01 11:05:00,2291.06,93.11410438836172
2021-03-01 11:06:00,2264.0199999999995,92.63169053276916
2021-03-01 11:07:00,2230.0,91.7713004484305
2021-03-01 11:08:00,2158.6499999999996,93.64185949551805
2021-03-01 11:09:00,2163.7200000000003,91.79098959199895
2021-03-01 11:10:00,2166.84,93.12639604216277
2021-03-01 11:11:00,2217.6,92.86616161616162
2021-03-01 11:12:00,2275.09,91.64912157321248
2021-03-01 11:13:00,2321.34,93.4374111504562
2021-03-01 11:14:00,2417.25,93.7635743096494
2021-03-01 11:15:00,2544.2599999999998,93.67753295653746
2021-03-01 11:16:00,2764.5,92.87032013022247
2021-03-01 11:17:00,2820.2999999999997,94.01127539623445
2021-03-01 11:18:00,2862.6,94.11024942360092
2021-03-01 11:19:00,2981.34,93.45462107642871
2021-03-01 11:20:00,3239.2200000000003,93.51942751650088
2021-03-01 11:21:00,3159.1499999999996,94.54441859360905
2021-03-01 11:22:00,3232.6100000000006,93.90863729308514
2021-03-01 11:23:00,3337.92,92.77034800115041
2021-03-01 11:24:00,3308.0299999999997,93.99551999226126
2021-03-01 11:25:00,3258.0,93.92879066912215
2021-03-01 11:26:00,3301.9300000000003,94.05105498905185
2021-03-01 11:27:00,3089.9700000000003,92.84556160739425
2021-03-01 11:28:00,2881.61,94.80811074364678
2021-03-01 11:29:00,2739.98,93.88024730107519
2021-03-01 11:30:00,2681.2799999999997,93.55979233798783
2021-03-01 11:31:00,2782.5599999999995,93.82367316428038
2021-03-01 11:32:00,2998.6,94.54745547922364
2021-03-01 11:33:00,2964.7200000000003,93.84697374456947
2021-03-01 11:34:00,2887.97,93.65748259157817
2021-03-01 11:35:00,2830.36,94.68053533826087
2021-03-01 11:36:00,2623.2,93.40118938700823
2021-03-01 11:37:00,2685.69,94.3407466982414
2021-03-01 11:38:00,2626.08,92.42673490525803
2021-03-01 11:39:00,2703.92,94.21136720021302
2021-03-01 11:40:00,2624.16,92.94021705993538
2021-03-01 11:41:00,2542.7,93.18441027254494
2021-03-01 11:42:00,2406.3600000000006,93.41495038148904
2021-03-01 11:43:00,2239.42,92.78295272883157
2021-03-01 11:44:00,2122.38,93.54121316635099
2021-03-01 11:45:00,2130.5699999999997,92.69819813477146
2021-03-01 11:46:00,2311.26,93.12236615525731
2021-03-01 11:47:00,2705.29,93.92338714148946
2021-03-01 11:48:00,2976.48,94.63863355372789
2021-03-01 11:49:00,2984.0400000000004,93.39352019409927
2021-03-01 11:50:00,2880.5,94.05658739802118
2021-03-01 11:51:00,2849.6000000000004,92.43753509264457
2021-03-01 11:52:00,2793.2699999999995,93.62145442438432
2021-03-01 11:53:00,2814.18,93.91368000625405
2021-03-01 11:54:00,2876.69,95.06411883101758
2021-03-01 11:55:00,2901.75,94.54294822090118
2021-03-01 11:56:00,2957.58,94.25273365386566
2021-03-01 11:57:00,2936.5200000000004,93.80491193657797
2021-03-01 11:58:00,2981.88,93.18282425852146
2021-03-01 11:59:00,3077.7599999999998,94.86119775421086
2021-03-01 12:00:00,3333.6499999999996,93.39612736790006
2021-03-01 12:01:00,3577.24,93.8460936364348
2021-03-01 12:02:00,3574.06,94.82493298937344
2021-03-01 12:03:00,3240.0,94.30246913580247
2021-03-01 12:04:00,2967.25,94.36009773359172
2021-03-01 12:05:00,3002.5,94.23147377185678
2021-03-01 12:06:00,2993.6499999999996,93.78851903195097
2021-03-01 12:07:00,3086.55,94.35453823848634
2021-03-01 12:08:00,3101.37,94.40021667843565
2021-03-01 12:09:00,3063.75,93.44430844553244
2021-03-01 12:10:00,2993.1000000000004,93.95609902776384
2021-03-01 12:11:00,2933.2799999999997,93.31192385316098
2021-03-01 12:12:00,2810.08,94.0613790354723
2021-03-01 12:13:00,2655.3100000000004,94.61418817388552
2021-03-01 12:14:00,2656.7799999999997,94.73121598325794
2021-03-01 12:15:00,2769.3,94.07431480879643
2021-03-01 12:16:00,2721.0,94.16023520764425
2021-03-01 12:17:00,2802.3199999999997,94.2932998372777
2021-03-01 12:18:00,3003.0,94.72860472860472
2021-03-01 12:19:00,3045.8399999999997,93.84274945499436
2021-03-01 12:20:00,2921.37,94.86987269671422
2021-03-01 12:21:00,2720.5,92.32494026833302
2021-03-01 12:22:00,2233.27,92.67128470807381
2021-03-01 12:23:00,1874.58,93.1035218555623
2021-03-01 12:24:00,1895.24,91.47654122960681
2021-03-01 12:25:00,2036.1100000000001,91.87126432265447
2021-03-01 12:26:00,2034.63,92.04130480726225
2021-03-01 12:27:00,1862.8600000000001,93.946941799169
2021-03-01 12:28:00,1763.52,93.18862275449102
2021-03-01 12:29:00,1829.85,90.22050987785885
2021-03-01 12:30:00,1906.32,93.41034034160057
2021-03-01 12:31:00,1997.2799999999997,92.82624369142034
2021-03-01 12:32:00,2141.72,92.55178081168408
2021-03-01 12:33:00,2223.2,92.33987045699892
2021-03-01 12:34:00,2382.63,92.08311823489169
2021-03-01 12:35:00,2470.13,93.93027897317144
2021-03-01 12:36:00,2558.9799999999996,92.40791252764774
2021-03-01 12:37:00,2464.9,93.9713578644164
2021-03-01 12:38:00,2257.46,92.59521763397802
2021-03-01 12:39:00,2037.96,93.57887299063769
2021-03-01 12:40:00,2018.06,93.0101186287821
2021-03-01 12:41:00,2048.69,92.34193557834519
2021-03-01 12:42:00,1994.04,91.8286493751379
2021-03-01 12:43:00,1906.3400000000001,92.89004060136176
2021-03-01 12:44:00,1879.86,92.18239656144608
2021-03-01 12:45:00,1882.2399999999998,93.19215402924176
2021-03-01 12:46:00,1943.1999999999998,91.40592836558255
2021-03-01 12:47:00,1941.8000000000002,91.82717066639199
2021-03-01 12:48:00,1910.79,93.12378649668463
2021-03-01 12:49:00,1831.5,92.55801255801256
2021-03-01 12:50:00,1779.8400000000001,91.48575152822724
2021-03-01 12:51:00,1744.39,90.81684715000658
2021-03-01 12:52:00,1781.1200000000001,91.9140765361121
2021-03-01 12:53:00,1845.36,93.45601942168466
2021-03-01 12:54:00,1891.08,93.26416650802717
2021-03-01 12:55:00,1891.08,93.20599868858007
2021-03-01 12:56:00,1890.74,93.13813639104266
2021-03-01 12:57:00,1835.79,90.6203868634212
2021-03-01 12:58:00,1721.12,92.77098633447987
2021-03-01 12:59:00,1686.04,91.65856088823516
2021-03-01 13:00:00,1667.6999999999998,90.98758769562872
2021-03-01 13:01:00,1643.9099999999999,92.1644128936499
2021-03-01 13:02:00,1609.21,92.14459268833775
2021-03-01 13:03:00,1610.66,92.01197024822122
2021-03-01 13:04:00,1584.1399999999999,92.73170300604745
2021-03-01 13:05:00,1608.92,86.0763742137583
2021-03-01 13:06:00,1614.72,93.83050931430836
2021-03-01 13:07:00,1619.65,91.76673972771894
2021-03-01 13:08:00,1642.3600000000001,91.50247205241237
2021-03-01 13:09:00,1647.0900000000001,90.43221681875306
2021-03-01 13:10:00,1621.97,92.5294549221009
2021-03-01 13:11:00,1674.3000000000002,90.09735411813892
2021-03-01 13:12:00,1679.7000000000003,92.30815026492824
2021-03-01 13:13:00,1733.83,90.39525212967823
2021-03-01 13:14:00,1760.16,92.54272338878285
2021-03-01 13:15:00,1817.4299999999998,90.94160435340014
2021-03-01 13:16:00,1870.1,92.41217047216726
2021-03-01 13:17:00,1955.1,92.3942509334561
2021-03-01 13:18:00,2013.12,90.68510570656494
2021-03-01 13:19:00,2001.96,91.85498211752483
2021-03-01 13:20:00,1947.0499999999997,93.18712924680929
2021-03-01 13:21:00,1950.8999999999999,91.13229791378339
2021-03-01 13:22:00,1918.06,93.13055900232527
2021-03-01 13:23:00,1920.8400000000001,93.77668103538035
2021-03-01 13:24:00,1945.65,91.33708529283273
2021-03-01 13:25:00,1948.7999999999997,91.03550903119869
2021-03-01 13:26:00,1920.86,91.88592609560303
2021-03-01 13:27:00,1892.44,91.88138065143411
2021-03-01 13:28:00,1833.81,93.89195172891411
2021-03-01 13:29:00,1836.12,92.03646820469251
2021-03-01 13:30:00,1838.1,92.49768782982429
2021-03-01 13:31:00,1847.0099999999998,92.27887233961918
2021-03-01 13:32:00,1894.48,91.67159326041975
2021-03-01 13:33:00,1893.12,91.7057555780933
2021-03-01 13:34:00,1912.15,92.26786601469549
2021-03-01 13:35:00,1947.4,91.00852418609428
2021-03-01 13:36:00,2002.68,92.88054007629776
2021-03-01 13:37:00,2059.79,93.5629360274591
2021-03-01 13:38:00,2179.71,92.19575081088767
2021-03-01 13:39:00,2282.47,92.22465136453054
2021-03-01 13:40:00,2324.7,94.70039144835893
2021-03-01 13:41:00,2362.85,94.27598027805405
2021-03-01 13:42:00,2372.74,92.69873648187328
2021-03-01 13:43:00,2267.71,92.60002381256864
2021-03-01 13:44:00,2089.24,92.1004767283797
2021-03-01 13:45:00,1919.4,92.68000416796916
2021-03-01 13:46:00,1879.8600000000001,91.58128796825295
2021-03-01 13:47:00,1882.24,92.09771336280177
2021-03-01 13:48:00,2027.52,91.34805082070707
2021-03-01 13:49:00,2248.34,93.1042457991229
2021-03-01 13:50:00,2674.5599999999995,92.8601340033501
2021-03-01 13:51:00,2746.0299999999997,94.4636438786175
2021-03-01 13:52:00,2707.7400000000002,93.64266879390192
2021-03-01 13:53:00,2751.5,94.74831909867345
2021-03-01 13:54:00,2805.5099999999998,94.74213244650706
2021-03-01 13:55:00,2986.7400000000007,93.25552274386119
2021-03-01 13:56:00,2970.5400000000004,94.06033919758696
2021-03-01 13:57:00,2953.8,94.08219920102918
2021-03-01 13:58:00,3042.48,93.8970839578239
2021-03-01 13:59:00,2886.91,94.7968589252869
2021-03-01 14:00:00,2748.0299999999997,94.7187621678075
2021-03-01 14:01:00,2505.62,93.1625705414229
2021-03-01 14:02:00,1894.1999999999998,92.60901699926092
2021-03-01 14:03:00,1512.2799999999997,90.02301161160634
2021-03-01 14:04:00,1405.04,91.84791892045779
2021-03-01 14:05:00,1478.25,90.32978183663116
2021-03-01 14:06:00,1482.3000000000002,92.63307022869863
2021-03-01 14:07:00,1491.21,91.52969735986213
2021-03-01 14:08:00,1495.2600000000002,90.41905755520777
2021-03-01 14:09:00,1556.24,91.50902174471803
2021-03-01 14:10:00,1757.94,92.4377396270635
2021-03-01 14:11:00,2067.56,92.96465398827604
2021-03-01 14:12:00,3088.5899999999997,92.22978770247913
2021-03-01 14:13:00,2674.08,93.83414108777598
2021-03-01 14:14:00,3722.9,92.41182948776492
2021-03-01 14:15:00,4813.93,94.64408497838565
2021-03-01 14:16:00,3969.5,94.7625645547298
2021-03-01 14:17:00,3146.86,92.87988661713581
2021-03-01 14:18:00,2791.74,93.16411986789602
2021-03-01 14:19:00,2526.7799999999997,93.49052944854718
2021-03-01 14:20:00,2588.29,93.3937078148121
2021-03-01 14:21:00,2134.8599999999997,92.77423343919509
2021-03-01 14:22:00,2027.23,92.79164179693473
2021-03-01 14:23:00,2095.7,92.62298993176505
2021-03-01 14:24:00,2216.0,92.47292418772562
2021-03-01 14:25:00,2322.1800000000003,93.52849477646005
2021-03-01 14:26:00,3209.14,92.80367949045538
2021-03-01 14:27:00,4497.699999999999,94.65726927096073
2021-03-01 14:28:00,3967.5499999999993,93.5640382603874
2021-03-01 14:29:00,3196.03,94.23878999884231
2021-03-01 14:30:00,1948.68,92.3189030523226
2021-03-01 14:31:00,1855.7199999999998,91.99124867975773
2021-03-01 14:32:00,2000.0,92.66499999999999
2021-03-01 14:33:00,2311.26,92.26569057570329
2021-03-01 14:34:00,2570.49,92.99783309796965
2021-03-01 14:35:00,2388.0299999999997,93.51641311038806
2021-03-01 14:36:00,2318.8199999999997,92.53413374043696
2021-03-01 14:37:00,2771.5,92.9099765469962
2021-03-01 14:38:00,2696.96,94.00584361651639
2021-03-01 14:39:00,2679.32,93.60584028783421
2021-03-01 14:40:00,2706.76,93.30712734043652
2021-03-01 14:41:00,2819.79,93.05302877164611
2021-03-01 14:42:00,3150.3900000000003,94.39783645834325
2021-03-01 14:43:00,3394.5,95.12741198998378
2021-03-01 14:44:00,2624.64,92.43553401609364
2021-03-01 14:45:00,2615.04,93.7767682329907
2021-03-01 14:46:00,2631.3599999999997,92.38188617292961
2021-03-01 14:47:00,1954.8,92.43912420708001
2021-03-01 14:48:00,1744.96,91.99637814047314
2021-03-01 14:49:00,1752.0,90.87899543378995
2021-03-01 14:50:00,1815.0,90.79338842975207
2021-03-01 14:51:00,1817.9699999999998,89.96848132807472
2021-03-01 14:52:00,1816.32,92.02673537702609
2021-03-01 14:53:00,1763.2000000000003,92.12227767695099
2021-03-01 14:54:00,1875.1,92.14975201322598
2021-03-01 14:55:00,2176.5899999999997,91.12418967283689
2021-03-01 14:56:00,2887.04,92.99836510751497
2021-03-01 14:57:00,2512.1099999999997,91.94661061816562
2021-03-01 14:58:00,2646.72,92.71097811631002
2021-03-01 14:59:00,2472.75,93.46274390860377
2021-03-01 15:00:00,2591.11,92.46230380030181
2021-03-01 15:01:00,2846.05,93.12555998664816
2021-03-01 15:02:00,2598.63,93.21834966886398
2021-03-01 15:03:00,2475.9,93.36806817722847
2021-03-01 15:04:00,2360.7,92.68437327911214
2021-03-01 15:05:00,2609.4400000000005,92.40679992642097
2021-03-01 15:06:00,3236.74,93.01334058342654
2021-03-01 15:07:00,3549.75,94.38129445735616
2021-03-01 15:08:00,3240.28,92.83148369893959
2021-03-01 15:09:00,3423.47,93.68564643475773
2021-03-01 15:10:00,3417.9300000000003,93.38400727925966
2021-03-01 15:11:00,3834.0,94.56964006259781
2021-03-01 15:12:00,3866.72,93.8237058799189
2021-03-01 15:13:00,3329.99,94.06034252355113
2021-03-01 15:14:00,2764.71,92.87773401188552
2021-03-01 15:15:00,2342.21,93.5270535092925
2021-03-01 15:16:00,1840.42,90.90316340835244
2021-03-01 15:17:00,1709.46,91.54352836568273
2021-03-01 15:18:00,1687.6399999999999,92.44270104998697
2021-03-01 15:19:00,1348.8,58.377817319098455
2021-03-01 15:20:00,1957.9699999999998,90.90026915632006
2021-03-01 15:21:00,1989.7200000000003,92.07325653860843
2021-03-01 15:22:00,2000.5500000000002,93.63924920646821
2021-03-01 15:23:00,1933.0499999999997,92.16005793952563
2021-03-01 15:24:00,1928.85,93.5738911786816
2021-03-01 15:25:00,1878.5,92.27042853340431
2021-03-01 15:26:00,1875.44,91.35456212942029
2021-03-01 15:27:00,1923.9499999999998,91.3589230489358
2021-03-01 15:28:00,2529.29,92.91935681554902
2021-03-01 15:29:00,2374.0299999999997,93.56242338976341
2021-03-01 15:30:00,2268.9399999999996,93.32992498699835
2021-03-01 15:31:00,2208.8,92.81510322346975
2021-03-01 15:32:00,2219.6,92.54370156785006
2021-03-01 15:33:00,2335.6200000000003,93.6624964677473
2021-03-01 15:34:00,2722.9300000000003,91.76879317499899
2021-03-01 15:35:00,2847.17,93.20834372376781
2021-03-01 15:36:00,2479.9500000000003,93.15510393354704
2021-03-01 15:37:00,1468.8000000000002,90.3254357298475
2021-03-01 15:38:00,1025.4299999999998,89.4844114176492
2021-03-01 15:39:00,980.1000000000001,87.21559024589325
2021-03-01 15:40:00,985.6800000000001,87.73638503368232
2021-03-01 15:41:00,1014.42,86.71950474162577
2021-03-01 15:42:00,1049.75,89.64039056918314
2021-03-01 15:43:00,1103.4,90.47489577669022
2021-03-01 15:44:00,1131.35,90.43178503557698
2021-03-01 15:45:00,1163.6100000000001,88.75826092934916
2021-03-01 15:46:00,1225.4,89.06479516892443
2021-03-01 15:47:00,1246.0,90.55377207062601
2021-03-01 15:48:00,1281.1,88.1508078994614
2021-03-01 15:49:00,1302.9699999999998,90.00207218892224
2021-03-01 15:50:00,1339.92,89.93074213385873
2021-03-01 15:51:00,1365.22,89.65587963844655
2021-03-01 15:52:00,1362.81,90.79035228681914
2021-03-01 15:53:00,1337.52,92.82851845206052
2021-03-01 15:54:00,1393.5,91.60387513455328
2021-03-01 15:55:00,1507.4100000000003,93.6108955095163
2021-03-01 15:56:00,1391.25,90.86073674752919
2021-03-01 15:57:00,1336.32,90.57710727969351
2021-03-01 15:58:00,1392.75,89.63561299587148
2021-03-01 15:59:00,1280.1799999999998,92.23702916777329
2021-03-01 16:00:00,1281.1,90.52376863632816
2021-03-01 16:01:00,1246.69,89.76569957246788
2021-03-01 16:02:00,1224.7400000000002,87.61859660009469
2021-03-01 16:03:00,1282.25,87.08130239812829
2021-03-01 16:04:00,1458.3400000000001,88.77902272446754
2021-03-01 16:05:00,1691.7000000000003,91.54105337825854
2021-03-01 16:06:00,2089.76,92.20197534645126
2021-03-01 16:07:00,1969.8000000000002,91.49659863945577
2021-03-01 16:08:00,2051.87,92.14521387807221
2021-03-01 16:09:00,1818.8700000000001,92.60694827007977
2021-03-01 16:10:00,1821.3400000000001,91.50405745220552
2021-03-01 16:11:00,1885.2399999999998,91.75489592836988
2021-03-01 16:12:00,1222.3200000000002,88.7819883500229
2021-03-01 16:13:00,1358.8,92.02237268177805
2021-03-01 16:14:00,1793.2800000000002,92.40051748750892
2021-03-01 16:15:00,1926.7799999999997,90.80434714912964
2021-03-01 16:16:00,1676.1,92.41095400035798
2021-03-01 16:17:00,1622.26,90.25063799884111
2021-03-01 16:18:00,1630.0900000000001,90.91522553969412
2021-03-01 16:19:00,1278.7999999999997,90.67094150766344
2021-03-01 16:20:00,1176.0,89.86394557823128
2021-03-01 16:21:00,1003.1400000000001,87.07657954024363
2021-03-01 16:22:00,715.9100000000001,81.51862664301377
2021-03-01 16:23:00,598.73,80.83777328679037
2021-03-01 16:24:00,540.3,80.23320377568018
2021-03-01 16:25:00,434.72,72.80548398969451
2021-03-01 16:26:00,346.2,78.19179664933564
2021-03-01 16:27:00,250.85,41.61849710982659
2021-03-01 16:28:00,204.40000000000003,40.50880626223091
2021-03-01 16:29:00,207.84000000000003,33.968437259430324
2021-03-01 16:30:00,204.24,44.01684292988641
2021-03-01 16:31:00,209.88000000000002,33.82885458357156
2021-03-01 16:32:00,210.16000000000003,37.9710696612105
2021-03-01 16:33:00,212.04,50.50933786078098
2021-03-01 16:34:00,212.08,50.782723500565815
2021-03-01 16:35:00,212.08,46.96341003394945
2021-03-01 16:36:00,182.54000000000002,50.892954968773964
2021-03-01 16:37:00,156.66,35.61853695901953
2021-03-01 16:38:00,157.68,20.357686453576864
2021-03-01 16:39:00,153.57,24.744416227127694
2021-03-01 16:40:00,154.32,14.061689994815968
2021-03-01 16:41:00,156.89999999999998,20.458891013384324
2021-03-01 16:42:00,158.85,45.262826565942724
2021-03-01 16:43:00,184.15000000000003,40.781971219114844
2021-03-01 16:44:00,181.43,39.794962244391776
2021-03-01 16:45:00,182.71000000000004,36.06808603798369
2021-03-01 16:46:00,164.07,41.01907722313647
2021-03-01 16:47:00,61.330000000000005,-52.66590575574759
2021-03-01 16:48:00,61.4,-41.20521172638437
2021-03-01 16:49:00,61.25,-60.08163265306122
2021-03-01 16:50:00,158.16,37.746585735963585
2021-03-01 16:51:00,203.24,41.576461326510525
2021-03-01 16:52:00,203.32,44.117647058823536
2021-03-01 16:53:00,180.32,38.81987577639752
2021-03-01 16:54:00,180.11,41.863305757592585
2021-03-01 16:55:00,156.12,33.30771201639764
2021-03-01 16:56:00,155.25,10.177133655394526
2021-03-01 16:57:00,126.64000000000001,15.319014529374602
2021-03-01 16:58:00,153.63,19.267070233678318
2021-03-01 16:59:00,153.63,20.11325912907635
2021-03-01 17:00:00,153.24,20.294962150874447
2021-03-01 17:01:00,155.07,5.868317534016896
2021-03-01 17:02:00,125.5,14.980079681274901
2021-03-01 17:03:00,125.63999999999999,12.09805794333015
2021-03-01 17:04:00,125.49,20.639094748585542
2021-03-01 17:05:00,125.78,30.211480362537763
2021-03-01 17:06:00,102.54,12.190364735712892
2021-03-01 17:07:00,127.0,21.25984251968504
2021-03-01 17:08:00,125.57,22.69650394202437
2021-03-01 17:09:00,125.02000000000001,9.43848984162534
2021-03-01 17:10:00,126.04,16.502697556331324
2021-03-01 17:11:00,127.27,13.51457531232812
2021-03-01 17:12:00,103.56,5.3109308613364234
2021-03-01 17:13:00,125.75999999999999,8.985368956743004
2021-03-01 17:14:00,102.76000000000002,3.892565200467107
2021-03-01 17:15:00,102.64,-17.244738893219015
2021-03-01 17:16:00,102.36000000000001,-1.7584994138335284
2021-03-01 17:17:00,100.22,-13.470365196567553
2021-03-01 17:18:00,102.46000000000001,-3.123170017567831
2021-03-01 17:19:00,103.6,-2.2200772200772203
2021-03-01 17:20:00,102.44,-10.542756735650137
2021-03-01 17:21:00,75.62,-24.99338799259455
2021-03-01 17:22:00,74.86,8.950040074806305
2021-03-01 17:23:00,75.54,1.985702938840349
2021-03-01 17:24:00,74.78,-29.285905322278683
2021-03-01 17:25:00,74.80000000000001,-37.2994652406417
2021-03-01 17:26:00,73.9,-33.01759133964816
2021-03-01 17:27:00,50.27,-39.58623433459319
2021-03-01 17:28:00,49.14,-58.201058201058196
2021-03-01 17:29:00,45.510000000000005,-56.69083717864205
2021-03-01 17:30:00,43.160000000000004,-52.13160333642261
2021-03-01 17:31:00,42.56,-32.659774436090224
2021-03-01 17:32:00,42.85,-30.805134189031502
2021-03-01 17:33:00,41.269999999999996,-38.526774897019635
2021-03-01 17:34:00,40.05,-65.91760299625469
2021-03-01 17:35:00,38.55,-48.50843060959792
2021-03-01 17:36:00,39.480000000000004,-50.15197568389057
2021-03-01 17:37:00,37.57,-30.343359063082247
2021-03-01 17:38:00,37.13,-47.93967142472394
2021-03-01 17:39:00,37.129999999999995,3.2318879612173443
2021-03-01 17:40:00,35.0,-59.42857142857143
2021-03-01 17:41:00,37.39,-81.57261299812784
2021-03-01 17:42:00,37.64,-48.087141339001064
2021-03-01 17:43:00,34.11000000000001,-55.40897097625328
2021-03-01 17:44:00,31.86,-61.205273069679855
2021-03-01 17:45:00,8.75,0.0
2021-03-01 17:46:00,30.910000000000004,-98.6735684244581
2021-03-01 17:47:00,11.5,-180.0
2021-03-01 17:48:00,30.55,-96.23567921440261
2021-03-01 17:49:00,29.86,-108.17146684527796
2021-03-01 17:50:00,10.41,-221.9020172910663
2021-03-01 17:51:00,9.71,0.0
2021-03-01 17:52:00,9.31,0.0
2021-03-01 17:53:00,24.47,-189.61994278708622
2021-03-01 17:54:00,8.28,0.0
2021-03-01 17:55:00,10.61,-368.5202639019793
2021-03-01 17:56:00,11.97,-279.8663324979114
2021-03-01 17:57:00,11.4,-387.719298245614
2021-03-01 17:58:00,9.63,0.0
2021-03-01 17:59:00,3.84,0.0
2021-03-01 18:00:00,3.9700000000000006,0.0
2021-03-02 05:00:00,1.7100000000000002,0.0
2021-03-02 05:01:00,1.77,0.0
2021-03-02 05:02:00,2.07,0.0
2021-03-02 05:03:00,2.34,0.0
2021-03-02 05:04:00,2.7100000000000004,0.0
2021-03-02 05:05:00,3.3000000000000003,0.0
2021-03-02 05:06:00,3.91,0.0
2021-03-02 05:07:00,3.99,0.0
2021-03-02 05:08:00,4.0,0.0
2021-03-02 05:09:00,4.05,0.0
2021-03-02 05:10:00,4.13,0.0
2021-03-02 05:11:00,4.08,0.0
2021-03-02 05:12:00,4.2,0.0
2021-03-02 05:13:00,4.170000000000001,0.0
2021-03-02 05:14:00,4.13,0.0
2021-03-02 05:15:00,4.25,0.0
2021-03-02 05:16:00,4.2299999999999995,0.0
2021-03-02 05:17:00,4.3,0.0
2021-03-02 05:18:00,4.37,0.0
2021-03-02 05:19:00,4.93,0.0
2021-03-02 05:20:00,5.760000000000001,0.0
2021-03-02 05:21:00,15.170000000000002,-191.16677653263017
2021-03-02 05:22:00,17.580000000000002,-138.22525597269623
2021-03-02 05:23:00,20.36,-108.05500982318273
2021-03-02 05:24:00,23.270000000000003,-105.71551353674258
2021-03-02 05:25:00,22.57,-121.84315463003988
2021-03-02 05:26:00,26.970000000000002,-87.1338524286244
2021-03-02 05:27:00,48.21000000000001,-49.36735117195602
2021-03-02 05:28:00,50.63,-38.11969188228323
2021-03-02 05:29:00,51.790000000000006,-39.5829310677737
2021-03-02 05:30:00,54.120000000000005,-45.08499630450849
2021-03-02 05:31:00,54.89,-47.54964474403353
2021-03-02 05:32:00,54.27000000000001,-40.90657822001105
2021-03-02 05:33:00,56.150000000000006,-47.37310774710596
2021-03-02 05:34:00,55.480000000000004,-40.19466474405191
2021-03-02 05:35:00,56.93000000000001,-39.69787458282101
2021-03-02 05:36:00,57.160000000000004,-44.261721483554936
2021-03-02 05:37:00,56.6,-44.16961130742049
2021-03-02 05:38:00,57.52000000000001,-40.3337969401947
2021-03-02 05:39:00,57.550000000000004,-39.096437880104254
2021-03-02 05:40:00,57.1,-44.13309982486865
2021-03-02 05:41:00,58.620000000000005,-44.18287273967928
2021-03-02 05:42:00,58.89,-40.753948038716246
2021-03-02 05:43:00,55.34,-7.4087459342247906
2021-03-02 05:44:00,120.95,16.039685820587017
2021-03-02 05:45:00,148.62,19.580137262817924
2021-03-02 05:46:00,150.95999999999998,39.28192898781134
2021-03-02 05:47:00,156.6,24.712643678160923
2021-03-02 05:48:00,155.49,27.97607563187343
2021-03-02 05:49:00,157.14,29.845997199949093
2021-03-02 05:50:00,181.28,34.973521624007056
2021-03-02 05:51:00,182.46,38.03573385947605
2021-03-02 05:52:00,183.05,48.948374760994255
2021-03-02 05:53:00,212.32000000000002,40.78749058025621
2021-03-02 05:54:00,214.88,51.84288905435592
2021-03-02 05:55:00,236.01,56.26880216939961
2021-03-02 05:56:00,238.99,53.39135528683207
2021-03-02 05:57:00,269.25,55.93314763231197
2021-03-02 05:58:00,298.99,62.610789658517
2021-03-02 05:59:00,330.66,65.9589911086917
2021-03-02 06:00:00,358.03,63.73767561377538
2021-03-02 06:01:00,360.88,64.81378851695855
2021-03-02 06:02:00,359.94,72.67877979663278
2021-03-02 06:03:00,359.63,73.90929566498902
2021-03-02 06:04:00,350.30999999999995,68.13964774057264
2021-03-02 06:05:00,348.73,66.09698047199839
2021-03-02 06:06:00,382.76,68.13669139931028
2021-03-02 06:07:00,409.37,72.8192100056184
2021-03-02 06:08:00,437.91999999999996,73.50657654366094
2021-03-02 06:09:00,463.86,75.25977665674989
2021-03-02 06:10:00,497.70000000000005,75.36668675909182
2021-03-02 06:11:00,559.5999999999999,75.92923516797714
2021-03-02 06:12:00,589.53,82.08233677675436
2021-03-02 06:13:00,590.4100000000001,84.89016107450753
2021-03-02 06:14:00,552.4,74.61984069514844
2021-03-02 06:15:00,589.22,79.42703913648552
2021-03-02 06:16:00,699.8600000000001,82.85942902866286
2021-03-02 06:17:00,581.8199999999999,81.33099584063801
2021-03-02 06:18:00,707.0600000000001,87.23446383616665
2021-03-02 06:19:00,784.4200000000001,84.49555085285942
2021-03-02 06:20:00,809.0099999999999,85.95691029777136
2021-03-02 06:21:00,804.47,85.00006215272165
2021-03-02 06:22:00,741.77,87.62824055974224
2021-03-02 06:23:00,660.8399999999999,82.2892076750802
2021-03-02 06:24:00,603.35,83.35128863843539
2021-03-02 06:25:00,661.56,77.52887115303223
2021-03-02 06:26:00,693.38,81.0378147624679
2021-03-02 06:27:00,722.67,84.09094053994217
2021-03-02 06:28:00,782.18,86.28448694673861
2021-03-02 06:29:00,837.3,85.69210557745134
2021-03-02 06:30:00,804.04,88.37868762748123
2021-03-02 06:31:00,785.8199999999999,85.24853019775522
2021-03-02 06:32:00,753.8799999999999,83.77991192232187
2021-03-02 06:33:00,695.37,85.07700936192244
2021-03-02 06:34:00,699.0,84.52074391988555
2021-03-02 06:35:00,732.5,83.94539249146757
2021-03-02 06:36:00,707.57,85.4897748632644
2021-03-02 06:37:00,833.96,83.96086143220299
2021-03-02 06:38:00,1012.98,84.8881517897688
2021-03-02 06:39:00,1101.9,90.02631817769307
2021-03-02 06:40:00,1129.98,90.80691693658294
2021-03-02 06:41:00,1183.24,88.17315168520334
2021-03-02 06:42:00,1212.46,88.38229714794714
2021-03-02 06:43:00,1212.3,91.4872556297946
2021-03-02 06:44:00,1235.74,90.55302895431078
2021-03-02 06:45:00,1235.1999999999998,90.23639896373058
2021-03-02 06:46:00,1264.73,88.02669344445059
2021-03-02 06:47:00,1262.23,89.71423591579982
2021-03-02 06:48:00,1264.1599999999999,89.13428679913935
2021-03-02 06:49:00,1256.46,90.36499371249384
2021-03-02 06:50:00,1283.87,89.62745449305616
2021-03-02 06:51:00,1313.22,91.41651817669545
2021-03-02 06:52:00,1366.84,89.95200608703287
2021-03-02 06:53:00,1334.7199999999998,91.59224406617119
2021-03-02 06:54:00,1330.02,90.8557766048631
2021-03-02 06:55:00,1278.1399999999999,89.6067723410581
2021-03-02 06:56:00,1331.02,89.02195308860874
2021-03-02 06:57:00,1153.85,90.80903063656454
2021-03-02 06:58:00,1093.05,86.72979278166598
2021-03-02 06:59:00,908.54,86.43537984018315
2021-03-02 07:00:00,739.77,84.47220081917352
2021-03-02 07:01:00,858.8800000000001,85.66970938897167
2021-03-02 07:02:00,1209.5700000000002,87.32028737485221
2021-03-02 07:03:00,1353.8400000000001,90.35041068368493
2021-03-02 07:04:00,1613.9999999999998,90.97893432465925
2021-03-02 07:05:00,1489.68,91.97277267601095
2021-03-02 07:06:00,1380.7599999999998,88.84961905037805
2021-03-02 07:07:00,1610.24,89.67607313195548
2021-03-02 07:08:00,1661.8400000000001,91.50700428440764
2021-03-02 07:09:00,1599.5,90.8783994998437
2021-03-02 07:10:00,1630.3799999999999,92.00922484328807
2021-03-02 07:11:00,1772.8000000000002,93.6033393501805
2021-03-02 07:12:00,1881.79,91.00377831745307
2021-03-02 07:13:00,1819.7,93.30109358685496
2021-03-02 07:14:00,1992.52,92.07435809929135
2021-03-02 07:15:00,2035.6,92.21851051287089
2021-03-02 07:16:00,2041.4,91.69687469383756
2021-03-02 07:17:00,2051.59,91.63624310900326
2021-03-02 07:18:00,2088.81,93.59874761227684
2021-03-02 07:19:00,2109.7599999999998,93.30919156681328
2021-03-02 07:20:00,2087.97,93.63161348103661
2021-03-02 07:21:00,2149.7999999999997,90.12466275932645
2021-03-02 07:22:00,2188.82,92.72119224056797
2021-03-02 07:23:00,2188.4700000000003,92.02319428641927
2021-03-02 07:24:00,2194.79,92.765139261615
2021-03-02 07:25:00,2077.51,92.31724516368152
2021-03-02 07:26:00,1510.25,91.79274954477735
2021-03-02 07:27:00,1994.4,91.10008022462897
2021-03-02 07:28:00,2080.45,92.15794659809177
2021-03-02 07:29:00,1789.77,91.60394911077961
2021-03-02 07:30:00,1487.43,87.9974183659063
2021-03-02 07:31:00,1398.32,89.67189198466733
2021-03-02 07:32:00,1340.3400000000001,89.1639434770282
2021-03-02 07:33:00,1225.4,91.61906316304879
2021-03-02 07:34:00,1544.48,90.04972547394591
2021-03-02 07:35:00,1318.32,89.28029613447418
2021-03-02 07:36:00,1408.94,90.08900308032989
2021-03-02 07:37:00,987.48,87.07011787580508
2021-03-02 07:38:00,1217.04,88.13186090843357
2021-03-02 07:39:00,1379.5,89.37296121783255
2021-03-02 07:40:00,1519.23,90.70384339435108
2021-03-02 07:41:00,1526.83,90.5798287956092
2021-03-02 07:42:00,1635.9,91.03857203985572
2021-03-02 07:43:00,1669.1999999999998,89.85142583273425
2021-03-02 07:44:00,1380.75,89.21962701430382
2021-03-02 07:45:00,1578.6599999999999,89.28458312746254
2021-03-02 07:46:00,2202.75,91.95778004766768
2021-03-02 07:47:00,1830.1799999999998,92.34610803308965
2021-03-02 07:48:00,2009.88,94.3638426174697
2021-03-02 07:49:00,2364.2200000000003,93.46422921724711
2021-03-02 07:50:00,2018.74,93.7416408254654
2021-03-02 07:51:00,2108.24,92.14795279474824
2021-03-02 07:52:00,1930.6999999999998,93.87268866214328
2021-03-02 07:53:00,1771.2,91.3843721770551
2021-03-02 07:54:00,2893.8500000000004,93.01104065518253
2021-03-02 07:55:00,2893.8500000000004,93.01104065518253
2021-03-02 07:56:00,1752.0,90.73059360730593
2021-03-02 07:57:00,3246.7700000000004,93.52679740172539
2021-03-02 07:58:00,3212.45,93.81624616725553
2021-03-02 07:59:00,3143.1,93.38869269192836
2021-03-02 08:00:00,3062.6399999999994,93.61531227960192
2021-03-02 08:01:00,2964.8,93.45992984349702
2021-03-02 08:02:00,1281.36,91.36386339514267
2021-03-02 08:03:00,965.3399999999999,87.9275695609837
2021-03-02 08:04:00,994.7,87.33286418015483
2021-03-02 08:05:00,1830.3600000000001,89.96590834589917
2021-03-02 08:06:00,2283.05,93.26996780622413
2021-03-02 08:07:00,1730.6100000000001,90.77724039500522
2021-03-02 08:08:00,2244.96,90.375775069489
2021-03-02 08:09:00,3547.2200000000003,94.31611233585737
2021-03-02 08:10:00,3498.2400000000002,93.60707098426636
2021-03-02 08:11:00,3335.95,94.06615806591826
2021-03-02 08:12:00,3330.5200000000004,94.77499009163733
2021-03-02 08:13:00,3258.0,93.66789441375076
2021-03-02 08:14:00,3160.34,93.83167633862179
2021-03-02 08:15:00,3124.7400000000002,94.1230310361822
2021-03-02 08:16:00,2753.05,94.00846334065854
2021-03-02 08:17:00,3020.64,93.54971131945548
2021-03-02 08:18:00,3071.7300000000005,93.67034211991287
2021-03-02 08:19:00,3288.5099999999998,92.6954760666685
2021-03-02 08:20:00,2250.36,93.47393305959935
2021-03-02 08:21:00,1858.47,91.74213196877001
2021-03-02 08:22:00,2023.68,91.8129348513599
2021-03-02 08:23:00,2357.5699999999997,93.62606412534943
2021-03-02 08:24:00,1649.3700000000001,91.5137294845911
2021-03-02 08:25:00,2006.51,91.29782557774445
2021-03-02 08:26:00,2885.2200000000003,94.78999868294272
2021-03-02 08:27:00,1981.94,92.41954852316418
2021-03-02 08:28:00,1823.8999999999999,92.45572673940458
2021-03-02 08:29:00,1578.1799999999998,91.4597827877682
2021-03-02 08:30:00,1525.7199999999998,91.10452769839814
2021-03-02 08:31:00,1803.7799999999997,92.31170098349023
2021-03-02 08:32:00,1979.28,90.01252980881937
2021-03-02 08:33:00,2009.71,91.90380701693279
2021-03-02 08:34:00,1867.28,93.01765134313013
2021-03-02 08:35:00,1981.8,90.89716419416692
2021-03-02 08:36:00,2025.38,92.35797726846319
2021-03-02 08:37:00,2263.6099999999997,93.23602564045927
2021-03-02 08:38:00,2251.72,92.58255911036896
2021-03-02 08:39:00,2506.74,93.75523588405659
2021-03-02 08:40:00,2631.3599999999997,93.26355952815275
2021-03-02 08:41:00,3614.82,94.38644247846366
2021-03-02 08:42:00,3052.5599999999995,93.60667767382134
2021-03-02 08:43:00,4239.3,93.91408959026253
2021-03-02 08:44:00,2868.8900000000003,96.31948244791539
2021-03-02 08:45:00,2348.54,93.24090711676192
2021-03-02 08:46:00,2797.6000000000004,92.70088647412067
2021-03-02 08:47:00,3006.6399999999994,94.01524625495571
2021-03-02 08:48:00,2419.2000000000003,92.26190476190476
2021-03-02 08:49:00,3074.01,94.42389582337076
2021-03-02 08:50:00,4175.85,94.05989199803632
2021-03-02 08:51:00,2567.26,93.89777428075067
2021-03-02 08:52:00,2205.7999999999997,92.88240094296856
2021-03-02 08:53:00,2631.7900000000004,93.39650959993007
2021-03-02 08:54:00,1522.5,91.02134646962233
2021-03-02 08:55:00,1317.5,90.15559772296015
2021-03-02 08:56:00,1173.26,89.28967151356049
2021-03-02 08:57:00,1152.2600000000002,90.37022894138474
2021-03-02 08:58:00,1261.46,88.50062625846242
2021-03-02 08:59:00,1301.76,88.55703048180924
2021-03-02 09:00:00,1157.15,88.67476126690575
2021-03-02 09:01:00,1026.3799999999999,85.99154309320136
2021-03-02 09:02:00,915.79,86.75569726684066
2021-03-02 09:03:00,823.5600000000001,85.2882607217446
2021-03-02 09:04:00,750.9599999999999,83.29338446788111
2021-03-02 09:05:00,703.04,84.37642239417389
2021-03-02 09:06:00,708.63,83.06168240125312
2021-03-02 09:07:00,713.44,86.60854451670778
2021-03-02 09:08:00,719.94,83.72919965552683
2021-03-02 09:09:00,748.49,85.57228553487688
2021-03-02 09:10:00,780.22,81.25913203968112
2021-03-02 09:11:00,808.4,86.31865413161802
2021-03-02 09:12:00,930.22,86.79667175506869
2021-03-02 09:13:00,1139.1999999999998,89.07127808988766
2021-03-02 09:14:00,1377.36,90.15798338851135
2021-03-02 09:15:00,1700.4900000000002,90.98553946215502
2021-03-02 09:16:00,2133.79,91.76160728094143
2021-03-02 09:17:00,2246.0099999999998,91.17946937012749
2021-03-02 09:18:00,1792.8,60.687193217313705
2021-03-02 09:19:00,2295.2,93.05071453468108
2021-03-02 09:20:00,2292.8,92.89078855547803
2021-03-02 09:21:00,2469.06,93.95883453622027
2021-03-02 09:22:00,1961.4,92.56653410828999
2021-03-02 09:23:00,1528.4700000000003,91.0976335812937
2021-03-02 09:24:00,1236.4,91.08702685215141
2021-03-02 09:25:00,1007.1,88.5016383675901
2021-03-02 09:26:00,829.6500000000001,87.65141927318749
2021-03-02 09:27:00,723.97,81.05308231004045
2021-03-02 09:28:00,632.8800000000001,85.67184932372645
2021-03-02 09:29:00,606.8700000000001,81.45072256002108
2021-03-02 09:30:00,575.69,86.07062828953082
2021-03-02 09:31:00,245.92000000000002,53.3100195185426
2021-03-02 09:32:00,65.06,-52.72056563172456
2021-03-02 09:33:00,65.44,-47.37163814180929
2021-03-02 09:34:00,309.79999999999995,62.94383473208522
2021-03-02 09:35:00,774.9,86.10143244289587
2021-03-02 09:36:00,883.2,83.66168478260869
2021-03-02 09:37:00,974.5699999999999,88.37743825482008
2021-03-02 09:38:00,1021.5,87.2148800783162
2021-03-02 09:39:00,1052.82,89.24602496153189
2021-03-02 09:40:00,1086.99,90.04682655774202
2021-03-02 09:41:00,1113.22,89.29950953091034
2021-03-02 09:42:00,1140.2,87.26539203648483
2021-03-02 09:43:00,1106.75,91.0232663203072
2021-03-02 09:44:00,1106.77,89.49465561950541
2021-03-02 09:45:00,1044.3,87.15886239586327
2021-03-02 09:46:00,1014.6600000000001,88.99532848441842
2021-03-02 09:47:00,1014.1200000000001,86.60710764012147
2021-03-02 09:48:00,1046.2,89.45708277575989
2021-03-02 09:49:00,1134.6,86.31235677771902
2021-03-02 09:50:00,1283.6599999999999,91.05993798981041
2021-03-02 09:51:00,1427.5,91.58669001751313
2021-03-02 09:52:00,1541.9700000000003,92.29103030538855
2021-03-02 09:53:00,1663.15,92.19252623034602
2021-03-02 09:54:00,1744.52,92.97686469630615
2021-03-02 09:55:00,1805.5200000000002,92.82644335149983
2021-03-02 09:56:00,1857.7999999999997,91.90440305737971
2021-03-02 09:57:00,1885.29,92.86104525033284
2021-03-02 09:58:00,2194.6699999999996,93.83643098962489
2021-03-02 09:59:00,2674.7700000000004,93.20427550780066
2021-03-02 10:00:00,2609.5799999999995,92.62793246422797
2021-03-02 10:01:00,2484.6800000000003,94.08455012315467
2021-03-02 10:02:00,2847.8199999999997,92.46722054062407
2021-03-02 10:03:00,2860.08,93.40647814047159
2021-03-02 10:04:00,3242.2,93.80975880574918
2021-03-02 10:05:00,3950.24,93.48292761958768
2021-03-02 10:06:00,3775.55,94.74116353908701
2021-03-02 10:07:00,3892.51,94.08068315816786
2021-03-02 10:08:00,4123.76,93.53114633247327
2021-03-02 10:09:00,4381.29,94.5748854789343
2021-03-02 10:10:00,4033.5,93.78207512086277
2021-03-02 10:11:00,3945.68,94.26512033413759
2021-03-02 10:12:00,4227.29,93.69596124230891
2021-03-02 10:13:00,4020.54,95.14144866112511
2021-03-02 10:14:00,3802.32,94.13463359212271
2021-03-02 10:15:00,3610.12,93.9442456206442
2021-03-02 10:16:00,3595.84,93.80283883598824
2021-03-02 10:17:00,3603.3199999999997,95.23161972847264
2021-03-02 10:18:00,3488.7599999999998,93.25089716690171
2021-03-02 10:19:00,3550.33,93.2730196911273
2021-03-02 10:20:00,3393.92,93.89732227041297
2021-03-02 10:21:00,3381.76,94.19059897804694
2021-03-02 10:22:00,3276.7,93.40189825128942
2021-03-02 10:23:00,3312.04,92.4022656731199
2021-03-02 10:24:00,3224.46,94.49024022627044
2021-03-02 10:25:00,3184.2000000000003,94.68626342566421
2021-03-02 10:26:00,3090.24,93.68851610230921
2021-03-02 10:27:00,2985.92,93.77679241238882
2021-03-02 10:28:00,2919.95,94.23449031661502
2021-03-02 10:29:00,2911.4700000000003,93.71898044630375
2021-03-02 10:30:00,2957.8999999999996,93.97883633659016
2021-03-02 10:31:00,2913.3,93.41983317886931
2021-03-02 10:32:00,2902.5,93.54005167958657
2021-03-02 10:33:00,2816.5600000000004,93.5147839918198
2021-03-02 10:34:00,2796.5600000000004,93.21452069685613
2021-03-02 10:35:00,2745.8399999999997,93.57427963756083
2021-03-02 10:36:00,2701.0,92.79896334690855
2021-03-02 10:37:00,2646.4900000000002,93.2442593775151
2021-03-02 10:38:00,2653.84,93.48717330359027
2021-03-02 10:39:00,2602.08,93.79419541290045
2021-03-02 10:40:00,2552.1000000000004,93.75024489635985
2021-03-02 10:41:00,2545.9900000000002,92.5376768958244
2021-03-02 10:42:00,2499.64,92.81736570066089
2021-03-02 10:43:00,2391.84,94.50046825874641
2021-03-02 10:44:00,2335.33,90.95502562806969
2021-03-02 10:45:00,2287.32,92.36136614028644
2021-03-02 10:46:00,2207.1499999999996,92.51296921369189
2021-03-02 10:47:00,2239.83,93.55174276619208
2021-03-02 10:48:00,2192.8,93.62002918642831
2021-03-02 10:49:00,1652.82,60.79911908132767
2021-03-02 10:50:00,2141.1,92.45247769837934
2021-03-02 10:51:00,2029.08,91.7755830228478
2021-03-02 10:52:00,1862.8600000000001,90.6187260448987
2021-03-02 10:53:00,1665.5099999999998,91.93580344759265
2021-03-02 10:54:00,1702.83,92.32865288960144
2021-03-02 10:55:00,1873.4,92.27607558449877
2021-03-02 10:56:00,2076.85,92.9051207357296
2021-03-02 10:57:00,2266.0699999999997,91.61676382459501
2021-03-02 10:58:00,2369.3,94.2430253661419
2021-03-02 10:59:00,2544.72,93.44839510830269
2021-03-02 11:00:00,2714.1100000000006,93.41183666100488
2021-03-02 11:01:00,3053.0699999999997,93.53535949061109
2021-03-02 11:02:00,3149.9300000000003,94.43384456162516
2021-03-02 11:03:00,3536.91,93.9690294635713
2021-03-02 11:04:00,3751.53,94.03896543543567
2021-03-02 11:05:00,3263.4,94.06140834712264
2021-03-02 11:06:00,3295.22,94.17580616772175
2021-03-02 11:07:00,3267.6000000000004,92.19610723466764
2021-03-02 11:08:00,4060.5,92.95406969585028
2021-03-02 11:09:00,4903.6,93.95750061179541
2021-03-02 11:10:00,5068.5599999999995,96.193001562574
2021-03-02 11:11:00,5432.62,94.72041114600323
2021-03-02 11:12:00,5322.7,96.51304788922917
2021-03-02 11:13:00,5450.67,93.90955607292314
2021-03-02 11:14:00,5351.16,93.70865382459131
2021-03-02 11:15:00,5162.37,94.00914696157
2021-03-02 11:16:00,4579.65,93.9962660902034
2021-03-02 11:17:00,4269.52,94.19560044220427
2021-03-02 11:18:00,4249.6,94.37594126506022
2021-03-02 11:19:00,3407.05,93.85832318281211
2021-03-02 11:20:00,3782.42,93.86847573775519
2021-03-02 11:21:00,3783.64,94.75267203010857
2021-03-02 11:22:00,4207.2,91.97090701654308
2021-03-02 11:23:00,4850.210000000001,94.0598448314609
2021-03-02 11:24:00,5154.360000000001,93.89914557772447
2021-03-02 11:25:00,5161.02,94.25656168741838
2021-03-02 11:26:00,5193.449999999999,92.86505117022405
2021-03-02 11:27:00,5294.82,93.11175828451205
2021-03-02 11:28:00,4957.24,93.85262767184966
2021-03-02 11:29:00,4026.18,93.96003159322235
2021-03-02 11:30:00,3414.84,93.42165372316124
2021-03-02 11:31:00,3698.6000000000004,93.66246687935974
2021-03-02 11:32:00,4042.5,93.10575139146569
2021-03-02 11:33:00,4954.860000000001,93.39517160928865
2021-03-02 11:34:00,5422.25,92.4800590160911
2021-03-02 11:35:00,5411.34,94.17815180713094
2021-03-02 11:36:00,5285.09,92.96341216516653
2021-03-02 11:37:00,5227.52,94.00442274730656
2021-03-02 11:38:00,5008.620000000001,94.51705260131533
2021-03-02 11:39:00,5271.42,94.48687450440299
2021-03-02 11:40:00,4102.38,92.44146081055388
2021-03-02 11:41:00,5029.22,94.1597305347549
2021-03-02 11:42:00,3749.34,93.36843284418057
2021-03-02 11:43:00,4699.290000000001,93.94610675229661
2021-03-02 11:44:00,4757.34,93.80872504382701
2021-03-02 11:45:00,5136.09,93.08248103129034
2021-03-02 11:46:00,5228.48,94.05792888181652
2021-03-02 11:47:00,5065.48,93.74037603543988
2021-03-02 11:48:00,3539.66,93.79149409830323
2021-03-02 11:49:00,2941.5,94.10844807071221
2021-03-02 11:50:00,3327.2,92.90995431594135
2021-03-02 11:51:00,3662.1799999999994,93.30508058041933
2021-03-02 11:52:00,3468.27,92.5648810502066
2021-03-02 11:53:00,3321.6000000000004,94.25276974951828
2021-03-02 11:54:00,3902.17,93.46594330846682
2021-03-02 11:55:00,4281.9800000000005,93.80707056081532
2021-03-02 11:56:00,4197.42,94.19119363799668
2021-03-02 11:57:00,3986.1400000000003,94.38454243955304
2021-03-02 11:58:00,3678.5699999999997,94.08819187890948
2021-03-02 11:59:00,3739.31,94.3783746199165
2021-03-02 12:00:00,3326.31,94.19446774353563
2021-03-02 12:01:00,3715.4299999999994,93.81955789774
2021-03-02 12:02:00,3853.51,93.92216446823805
2021-03-02 12:03:00,3451.4700000000003,94.49307106826946
2021-03-02 12:04:00,3329.55,93.96765328648014
2021-03-02 12:05:00,2821.96,93.67602659144708
2021-03-02 12:06:00,3808.08,94.21545765845256
2021-03-02 12:07:00,4301.75,94.61033300400999
2021-03-02 12:08:00,3171.5999999999995,93.47963173161813
2021-03-02 12:09:00,4238.73,93.70967247265102
2021-03-02 12:10:00,3789.0,92.59435207178676
2021-03-02 12:11:00,3481.9900000000002,94.33973101588458
2021-03-02 12:12:00,3461.7,93.24898171418667
2021-03-02 12:13:00,3292.38,94.0626537641463
2021-03-02 12:14:00,3046.16,93.56698269296425
2021-03-02 12:15:00,2988.83,94.87659050531478
2021-03-02 12:16:00,2973.5999999999995,94.79755178907723
2021-03-02 12:17:00,2884.6800000000003,93.89603006225992
2021-03-02 12:18:00,2826.49,93.2074764106719
2021-03-02 12:19:00,2889.54,92.99057981547236
2021-03-02 12:20:00,3270.21,93.8808211093477
2021-03-02 12:21:00,3993.19,93.31637112183493
2021-03-02 12:22:00,3966.75,94.53835003466313
2021-03-02 12:23:00,3476.2199999999993,93.90947638526907
2021-03-02 12:24:00,2903.45,93.2476880951971
2021-03-02 12:25:00,2697.8999999999996,92.47192260647172
2021-03-02 12:26:00,2714.3999999999996,91.46404361921604
2021-03-02 12:27:00,2659.0,92.91462955998495
2021-03-02 12:28:00,2661.0,93.89327320556183
2021-03-02 12:29:00,2666.0,93.06076519129782
2021-03-02 12:30:00,2637.6099999999997,93.87665348554184
2021-03-02 12:31:00,2609.7400000000002,92.79851632729698
2021-03-02 12:32:00,2628.8500000000004,92.5918177149704
2021-03-02 12:33:00,2623.4600000000005,93.79216759546551
2021-03-02 12:34:00,2579.52,93.53678203696812
2021-03-02 12:35:00,2580.0,92.41472868217056
2021-03-02 12:36:00,2565.6000000000004,93.01917680074835
2021-03-02 12:37:00,2581.92,93.09738489186341
2021-03-02 12:38:00,2688.5,92.18895294774038
2021-03-02 12:39:00,2841.8599999999997,93.96310866826657
2021-03-02 12:40:00,3044.37,94.12456435978544
2021-03-02 12:41:00,3239.1,92.97644407397117
2021-03-02 12:42:00,3359.16,94.1276985913145
2021-03-02 12:43:00,3302.12,93.71555243298245
2021-03-02 12:44:00,3294.68,93.845229278716
2021-03-02 12:45:00,2753.92,92.4100917964211
2021-03-02 12:46:00,2936.45,93.08859336954487
2021-03-02 12:47:00,3471.56,93.83965709940199
2021-03-02 12:48:00,3611.33,94.2699780967123
2021-03-02 12:49:00,3899.06,93.64821264612496
2021-03-02 12:50:00,3518.0,92.85389425810119
2021-03-02 12:51:00,3278.5600000000004,93.98638426626323
2021-03-02 12:52:00,3566.6000000000004,93.47557898278471
2021-03-02 12:53:00,3710.7000000000003,93.87716603336297
2021-03-02 12:54:00,3679.9,93.81776678714095
2021-03-02 12:55:00,3432.65,93.70894207099471
2021-03-02 12:56:00,3374.08,93.46844176783004
2021-03-02 12:57:00,3355.5200000000004,94.45927903871828
2021-03-02 12:58:00,3155.1400000000003,92.52521282732303
2021-03-02 12:59:00,3305.2300000000005,94.08119858527242
2021-03-02 13:00:00,3336.4799999999996,93.88037692418358
2021-03-02 13:01:00,3398.21,93.87000803364124
2021-03-02 13:02:00,3279.1800000000003,94.3620051354302
2021-03-02 13:03:00,3441.1,93.45558106419459
2021-03-02 13:04:00,3276.2799999999997,94.50962677182659
2021-03-02 13:05:00,3471.8999999999996,93.7037357066736
2021-03-02 13:06:00,3059.65,94.32124589413822
2021-03-02 13:07:00,4043.5699999999997,93.68454113567961
2021-03-02 13:08:00,4065.51,93.79389055739622
2021-03-02 13:09:00,2629.5,93.66419471382392
2021-03-02 13:10:00,2384.5499999999997,94.084837810069
2021-03-02 13:11:00,2987.74,92.72895231847484
2021-03-02 13:12:00,3943.5,93.27754532775452
2021-03-02 13:13:00,3940.42,93.94430035376939
2021-03-02 13:14:00,3884.26,93.45666870909774
2021-03-02 13:15:00,3156.0,93.68187579214194
2021-03-02 13:16:00,3001.62,93.20300371132922
2021-03-02 13:17:00,2750.8,93.19470699432891
2021-03-02 13:18:00,3281.04,93.24787262575282
2021-03-02 13:19:00,2707.1,92.70067600014777
2021-03-02 13:20:00,2653.0,94.62495288352808
2021-03-02 13:21:00,2366.6099999999997,93.04025589345099
2021-03-02 13:22:00,3337.46,94.20637251083159
2021-03-02 13:23:00,3958.07,93.97509392203776
2021-03-02 13:24:00,3948.3900000000003,93.52926129384382
2021-03-02 13:25:00,3707.8999999999996,94.21775128779095
2021-03-02 13:26:00,4012.4700000000003,93.39384468918148
2021-03-02 13:27:00,3667.3,93.4065934065934
2021-03-02 13:28:00,4001.4,93.50977157994701
2021-03-02 13:29:00,4200.0,93.47142857142858
2021-03-02 13:30:00,4144.34,93.87501990666789
2021-03-02 13:31:00,4014.01,92.99927005662666
2021-03-02 13:32:00,4417.14,93.61487297210412
2021-03-02 13:33:00,4943.28,94.03472997685746
2021-03-02 13:34:00,4481.37,93.3866206093226
2021-03-02 13:35:00,4624.200000000001,94.1871026339691
2021-03-02 13:36:00,4357.95,94.25762112920066
2021-03-02 13:37:00,4100.1,93.43186751542645
2021-03-02 13:38:00,4304.160000000001,94.06713505074158
2021-03-02 13:39:00,4420.4,93.21780834313638
2021-03-02 13:40:00,4690.369999999999,93.90090760430417
2021-03-02 13:41:00,4815.549999999999,94.46480671989701
2021-03-02 13:42:00,3489.08,94.52348470083804
2021-03-02 13:43:00,1819.71,93.72922059009402
2021-03-02 13:44:00,1607.35,91.98992129903257
2021-03-02 13:45:00,2580.83,92.67948683175568
2021-03-02 13:46:00,4038.2700000000004,93.11413055590634
2021-03-02 13:47:00,3498.7400000000002,93.93953251742055
2021-03-02 13:48:00,2778.79,93.9797537777234
2021-03-02 13:49:00,2901.8,93.46267833758355
2021-03-02 13:50:00,3009.6000000000004,94.34144072301966
2021-03-02 13:51:00,2803.7,93.8260156222135
2021-03-02 13:52:00,2119.6,92.05982260803925
2021-03-02 13:53:00,2248.1800000000003,93.32437794126804
2021-03-02 13:54:00,3008.95,93.05904052908822
2021-03-02 13:55:00,3203.4,94.68377349066616
2021-03-02 13:56:00,3248.25,93.61348418379127
2021-03-02 13:57:00,4045.88,92.91427328541627
2021-03-02 13:58:00,3942.7200000000003,94.0771852934015
2021-03-02 13:59:00,2769.5200000000004,93.427741991392
2021-03-02 14:00:00,2697.8999999999996,92.4904555394937
2021-03-02 14:01:00,2666.0,92.40435108777194
2021-03-02 14:02:00,3216.87,92.95060105008906
2021-03-02 14:03:00,3903.5000000000005,93.80812091712565
2021-03-02 14:04:00,3281.66,93.62639639694545
2021-03-02 14:05:00,3276.08,93.18148518961685
2021-03-02 14:06:00,2585.2400000000007,94.28525011217525
2021-03-02 14:07:00,2381.3999999999996,92.09288653733098
2021-03-02 14:08:00,2345.6400000000003,93.40307975648436
2021-03-02 14:09:00,2412.9,91.52472128973434
2021-03-02 14:10:00,2528.13,93.04901251122371
2021-03-02 14:11:00,2950.0600000000004,92.184565737646
2021-03-02 14:12:00,3062.61,93.34848380956112
2021-03-02 14:13:00,2582.2700000000004,93.78182761678676
2021-03-02 14:14:00,2688.5,93.82927282871489
2021-03-02 14:15:00,2691.5,92.70295374326584
2021-03-02 14:16:00,2204.16,92.39801103368177
2021-03-02 14:17:00,2496.42,92.27613943166614
2021-03-02 14:18:00,2695.5,93.78593952884438
2021-03-02 14:19:00,2699.0,93.36050389032977
2021-03-02 14:20:00,2482.16,92.294614368131
2021-03-02 14:21:00,2463.1499999999996,93.17743539776305
2021-03-02 14:22:00,2476.6400000000003,92.67798307384197
2021-03-02 14:23:00,2604.0,93.64823348694316
2021-03-02 14:24:00,2483.54,92.82717411436902
2021-03-02 14:25:00,2491.8199999999997,91.70806880111726
2021-03-02 14:26:00,2376.0,93.2449494949495
2021-03-02 14:27:00,2238.0699999999997,92.26252976895273
2021-03-02 14:28:00,2281.44,93.30948874395119
2021-03-02 14:29:00,2437.2,93.16428688659117
2021-03-02 14:30:00,2727.0,92.11954528786211
2021-03-02 14:31:00,2231.79,65.74991374636502
2021-03-02 14:32:00,2796.98,92.2816752354325
2021-03-02 14:33:00,3190.7200000000003,94.27966101694913
2021-03-02 14:34:00,2669.17,92.64303135431614
2021-03-02 14:35:00,3281.78,93.79970625697031
2021-03-02 14:36:00,2967.8,93.99218276164162
2021-03-02 14:37:00,2618.59,92.94314879381652
2021-03-02 14:38:00,3202.5200000000004,93.78239636286423
2021-03-02 14:39:00,3340.56,93.99322269320113
2021-03-02 14:40:00,3200.71,94.23534153359722
2021-03-02 14:41:00,3188.3599999999997,93.35206814788796
2021-03-02 14:42:00,2856.17,92.63104086941603
2021-03-02 14:43:00,2645.51,92.16748377439511
2021-03-02 14:44:00,2612.49,93.83385199560573
2021-03-02 14:45:00,2724.06,93.28722568519048
2021-03-02 14:46:00,2748.3899999999994,94.25518212480763
2021-03-02 14:47:00,2970.5499999999997,93.84794061705746
2021-03-02 14:48:00,2674.0,93.85190725504862
2021-03-02 14:49:00,3112.9399999999996,92.67444923448575
2021-03-02 14:50:00,2860.41,93.46911806349439
2021-03-02 14:51:00,2721.4399999999996,93.0573519901229
2021-03-02 14:52:00,3535.67,94.31592880557291
2021-03-02 14:53:00,3812.7,93.17543997691925
2021-03-02 14:54:00,3791.3999999999996,93.58020783879307
2021-03-02 14:55:00,3449.55,94.76308504007768
2021-03-02 14:56:00,3209.4,93.26353835607901
2021-03-02 14:57:00,3337.46,93.45430357217765
2021-03-02 14:58:00,3569.76,93.12110618080767
2021-03-02 14:59:00,3503.1399999999994,93.36480985630035
2021-03-02 15:00:00,3304.6000000000004,93.57259577558553
2021-03-02 15:01:00,2777.32,93.81346045828352
2021-03-02 15:02:00,2642.96,92.46829312588916
2021-03-02 15:03:00,2463.2999999999997,91.88486988998498
2021-03-02 15:04:00,2369.4000000000005,93.019329788132
2021-03-02 15:05:00,2256.24,94.19210722263588
2021-03-02 15:06:00,2270.1000000000004,92.43645654376458
2021-03-02 15:07:00,2349.09,92.27828648540498
2021-03-02 15:08:00,2389.6400000000003,92.50765805728058
2021-03-02 15:09:00,2336.62,93.57105562735919
2021-03-02 15:10:00,2458.7999999999997,92.74849520091102
2021-03-02 15:11:00,2674.9100000000003,93.33398133021296
2021-03-02 15:12:00,2662.17,93.45383653185183
2021-03-02 15:13:00,2612.16,92.16127649148598
2021-03-02 15:14:00,2605.9199999999996,94.46184073187206
2021-03-02 15:15:00,2616.0,92.48088685015291
2021-03-02 15:16:00,2728.0,93.6400293255132
2021-03-02 15:17:00,2657.76,94.83173800493648
2021-03-02 15:18:00,2434.0499999999997,93.64639181610896
2021-03-02 15:19:00,2508.84,92.6005644042665
2021-03-02 15:20:00,2602.08,92.72197626514172
2021-03-02 15:21:00,2433.1499999999996,91.67540020138505
2021-03-02 15:22:00,2363.7200000000003,92.57864721709846
2021-03-02 15:23:00,2396.2400000000002,94.35615798083663
2021-03-02 15:24:00,2276.4,92.64628360569318
2021-03-02 15:25:00,2232.45,92.08716880557238
2021-03-02 15:26:00,2354.68,92.13566174596973
2021-03-02 15:27:00,2402.4000000000005,92.6157176157176
2021-03-02 15:28:00,2399.76,92.58009134246757
2021-03-02 15:29:00,2223.0199999999995,94.63702530791448
2021-03-02 15:30:00,2069.8599999999997,91.62455431768333
2021-03-02 15:31:00,2006.88,92.51175954715777
2021-03-02 15:32:00,1905.4,91.92295580980371
2021-03-02 15:33:00,1735.6800000000003,90.82895464601768
2021-03-02 15:34:00,1578.7599999999998,89.7603182244293
2021-03-02 15:35:00,1533.28,90.06835020348534
2021-03-02 15:36:00,1474.4699999999998,92.90117805041812
2021-03-02 15:37:00,1533.0,89.86301369863014
2021-03-02 15:38:00,1563.2999999999997,91.7098445595855
2021-03-02 15:39:00,1599.9299999999998,92.77905908383494
2021-03-02 15:40:00,1710.58,90.86391750166611
2021-03-02 15:41:00,1704.0700000000002,90.86481189153027
2021-03-02 15:42:00,1653.9,91.01517625007557
2021-03-02 15:43:00,1477.17,92.5688986372591
2021-03-02 15:44:00,1360.5,88.64388092613011
2021-03-02 15:45:00,1256.9499999999998,90.01949162655636
2021-03-02 15:46:00,1231.31,90.04231265887552
2021-03-02 15:47:00,1204.06,89.70483198511701
2021-03-02 15:48:00,1205.38,88.0303306840996
2021-03-02 15:49:00,1209.1200000000001,86.83174540161438
2021-03-02 15:50:00,1153.9499999999998,90.34186923176915
2021-03-02 15:51:00,1105.6,90.57525325615052
2021-03-02 15:52:00,1044.24,90.86991496207769
2021-03-02 15:53:00,1016.3999999999999,88.22314049586778
2021-03-02 15:54:00,984.96,86.3182261208577
2021-03-02 15:55:00,929.05,89.91981055917336
2021-03-02 15:56:00,931.5999999999999,85.86303134392443
2021-03-02 15:57:00,901.77,87.19518280714594
2021-03-02 15:58:00,877.1200000000001,89.30363006202114
2021-03-02 15:59:00,870.8800000000001,87.54363402535365
2021-03-02 16:00:00,881.28,86.95306826434278
2021-03-02 16:01:00,875.2,88.37979890310785
2021-03-02 16:02:00,899.19,88.37954158742869
2021-03-02 16:03:00,882.5600000000001,88.75317258883247
2021-03-02 16:04:00,881.9200000000001,86.01687227866472
2021-03-02 16:05:00,849.5900000000001,86.75949575677679
2021-03-02 16:06:00,820.05,90.88470215230778
2021-03-02 16:07:00,772.0999999999999,86.75042092993137
2021-03-02 16:08:00,769.02,85.99256196197757
2021-03-02 16:09:00,767.48,80.43206337624433
2021-03-02 16:10:00,772.8,81.25
2021-03-02 16:11:00,772.9399999999998,82.95598623437786
2021-03-02 16:12:00,771.26,81.71044783860178
2021-03-02 16:13:00,771.26,83.13668542385189
2021-03-02 16:14:00,733.49,86.34064540757201
2021-03-02 16:15:00,712.01,85.13925366216768
2021-03-02 16:16:00,714.8700000000001,82.98012225999132
2021-03-02 16:17:00,687.3299999999999,83.45336301339968
2021-03-02 16:18:00,659.04,85.21485797523671
2021-03-02 16:19:00,656.76,82.32840002436203
2021-03-02 16:20:00,656.16,80.97110460863203
2021-03-02 16:21:00,630.54,84.8479081422273
2021-03-02 16:22:00,656.04,77.55624657033108
2021-03-02 16:23:00,632.6,82.16882706291494
2021-03-02 16:24:00,605.77,83.77767139343315
2021-03-02 16:25:00,608.08,81.140639389554
2021-03-02 16:26:00,577.0100000000001,77.64163532694405
2021-03-02 16:27:00,544.0999999999999,77.76144091159715
2021-03-02 16:28:00,543.0,83.35174953959485
2021-03-02 16:29:00,539.4,78.77271041898406
2021-03-02 16:30:00,539.9,76.79199851824413
2021-03-02 16:31:00,511.63,80.13603580712625
2021-03-02 16:32:00,483.12,77.26858751448916
2021-03-02 16:33:00,481.5,79.14849428868122
2021-03-02 16:34:00,477.45,76.61535239292073
2021-03-02 16:35:00,480.51,79.9359014380554
2021-03-02 16:36:00,484.29,77.74267484358545
2021-03-02 16:37:00,446.51,81.6555060356991
2021-03-02 16:38:00,440.79,78.31393634156855
2021-03-02 16:39:00,419.6,74.66634890371783
2021-03-02 16:40:00,426.32000000000005,71.6128729592794
2021-03-02 16:41:00,426.96000000000004,65.22859284242082
2021-03-02 16:42:00,373.59,73.61010733692017
2021-03-02 16:43:00,373.16999999999996,75.22040892890641
2021-03-02 16:44:00,374.08,72.6849871685201
2021-03-02 16:45:00,344.46000000000004,69.93555129768333
2021-03-02 16:46:00,343.99,66.07750225297248
2021-03-02 16:47:00,345.41999999999996,69.10427884893753
2021-03-02 16:48:00,323.64,69.36719812136943
2021-03-02 16:49:00,321.78,66.78475977375847
2021-03-02 16:50:00,319.2,51.40977443609023
2021-03-02 16:51:00,289.47,67.95177393166821
2021-03-02 16:52:00,265.4,68.76412961567446
2021-03-02 16:53:00,264.9,66.55341638354096
2021-03-02 16:54:00,261.45000000000005,57.02811244979918
2021-03-02 16:55:00,265.45,48.55905066867584
2021-03-02 16:56:00,234.39000000000001,51.7940185161483
2021-03-02 16:57:00,234.73000000000002,59.046564137519695
2021-03-02 16:58:00,236.51,57.16460191958056
2021-03-02 16:59:00,212.2,54.47690857681433
2021-03-02 17:00:00,211.48000000000002,61.187819179118584
2021-03-02 17:01:00,209.04000000000002,64.86796785304247
2021-03-02 17:02:00,211.28,49.460431654676256
2021-03-02 17:03:00,182.16,43.42336407553798
2021-03-02 17:04:00,183.93,46.48507584407111
2021-03-02 17:05:00,158.61,43.56597944644095
2021-03-02 17:06:00,181.72,44.40898084965882
2021-03-02 17:07:00,157.38,52.73859448468675
2021-03-02 17:08:00,158.39999999999998,38.88888888888889
2021-03-02 17:09:00,183.94,45.6126997934109
2021-03-02 17:10:00,183.81,42.870355258147
2021-03-02 17:11:00,158.45999999999998,42.660608355420926
2021-03-02 17:12:00,158.64,30.257186081694403
2021-03-02 17:13:00,157.86,22.614975294564804
2021-03-02 17:14:00,159.20999999999998,15.45129074806859
2021-03-02 17:15:00,130.64000000000001,19.672382118799753
2021-03-02 17:16:00,130.13,12.064858218704371
2021-03-02 17:17:00,129.83999999999997,25.878003696857675
2021-03-02 17:18:00,128.62,9.874047582024566
2021-03-02 17:19:00,129.73000000000002,23.741617204964154
2021-03-02 17:20:00,105.46000000000001,17.826664138061822
2021-03-02 17:21:00,127.67999999999999,7.6754385964912295
2021-03-02 17:22:00,101.02000000000001,14.0566224509998
2021-03-02 17:23:00,102.12,11.555033294163728
2021-03-02 17:24:00,101.64000000000001,-9.543486816214086
2021-03-02 17:25:00,95.28,-15.848026868178
2021-03-02 17:26:00,86.30000000000001,-26.882966396292
2021-03-02 17:27:00,81.28,-21.161417322834644
2021-03-02 17:28:00,55.85,-27.57385854968666
2021-03-02 17:29:00,74.72000000000001,-29.443254817987146
2021-03-02 17:30:00,38.99,-61.041292639138234
2021-03-02 17:31:00,31.900000000000002,-53.918495297805634
2021-03-02 17:32:00,34.84,-70.03444316877152
2021-03-02 17:33:00,23.700000000000003,-162.02531645569618
2021-03-02 17:34:00,22.79,-114.52391399736727
2021-03-02 17:35:00,23.060000000000002,-124.02428447528186
2021-03-02 17:36:00,21.020000000000003,-90.39010466222643
2021-03-02 17:37:00,20.41,-92.60166585007349
2021-03-02 17:38:00,20.33,-84.60403344810625
2021-03-02 17:39:00,21.119999999999997,-95.6439393939394
2021-03-02 17:40:00,21.59,-102.82538212135248
2021-03-02 17:41:00,19.660000000000004,-85.4526958290946
2021-03-02 17:42:00,20.53,-131.51485630784217
2021-03-02 17:43:00,22.950000000000003,-125.05446623093681
2021-03-02 17:44:00,22.51,-59.08485117725455
2021-03-02 17:45:00,21.78,-139.57759412304867
2021-03-02 17:46:00,22.990000000000002,-119.182253153545
2021-03-02 17:47:00,24.25,-114.22680412371133
2021-03-02 17:48:00,24.810000000000002,-172.5110842402257
2021-03-02 17:49:00,9.01,0.0
2021-03-02 17:50:00,24.96,-138.62179487179486
2021-03-02 17:51:00,24.080000000000002,-115.86378737541527
2021-03-02 17:52:00,8.88,0.0
2021-03-02 17:53:00,8.64,0.0
2021-03-02 17:54:00,8.190000000000001,0.0
2021-03-02 17:55:00,8.120000000000001,0.0
2021-03-02 17:56:00,8.13,0.0
2021-03-02 17:57:00,9.53,0.0
2021-03-02 17:58:00,9.72,0.0
2021-03-02 17:59:00,4.08,0.0
2021-03-02 18:00:00,3.95,0.0
2021-03-03 05:00:00,1.7300000000000002,0.0
2021-03-03 05:01:00,2.2600000000000002,0.0
2021-03-03 05:02:00,2.72,0.0
2021-03-03 05:03:00,2.83,0.0
2021-03-03 05:04:00,3.3200000000000003,0.0
2021-03-03 05:05:00,3.9200000000000004,0.0
2021-03-03 05:06:00,4.13,0.0
2021-03-03 05:07:00,4.2299999999999995,0.0
2021-03-03 05:08:00,3.4299999999999997,0.0
2021-03-03 05:09:00,4.03,0.0
2021-03-03 05:10:00,4.0200000000000005,0.0
2021-03-03 05:11:00,3.98,0.0
2021-03-03 05:12:00,4.39,0.0
2021-03-03 05:13:00,4.2299999999999995,0.0
2021-03-03 05:14:00,4.28,0.0
2021-03-03 05:15:00,4.28,0.0
2021-03-03 05:16:00,4.3500000000000005,0.0
2021-03-03 05:17:00,4.86,0.0
2021-03-03 05:18:00,12.120000000000001,-153.46534653465346
2021-03-03 05:19:00,6.220000000000001,0.0
2021-03-03 05:20:00,15.93,-150.65913370998118
2021-03-03 05:21:00,16.9,-133.7278106508876
2021-03-03 05:22:00,21.21,-123.52663837812352
2021-03-03 05:23:00,22.87,-92.26060341058155
2021-03-03 05:24:00,25.430000000000003,-69.99606763664961
2021-03-03 05:25:00,45.21,-43.79562043795621
2021-03-03 05:26:00,49.870000000000005,-42.71104872668939
2021-03-03 05:27:00,50.75,-31.330049261083744
2021-03-03 05:28:00,52.85000000000001,-41.059602649006614
2021-03-03 05:29:00,54.190000000000005,-37.27625023066986
2021-03-03 05:30:00,54.230000000000004,-51.81633782039461
2021-03-03 05:31:00,55.760000000000005,-34.43328550932568
2021-03-03 05:32:00,56.489999999999995,-37.528766153301476
2021-03-03 05:33:00,56.41000000000001,-44.31838326537847
2021-03-03 05:34:00,57.36,-39.92329149232915
2021-03-03 05:35:00,56.46,-39.49698901877435
2021-03-03 05:36:00,57.76,-39.64681440443213
2021-03-03 05:37:00,57.85,-40.44943820224719
2021-03-03 05:38:00,56.61000000000001,-52.11093446387564
2021-03-03 05:39:00,58.09,-40.79876054398347
2021-03-03 05:40:00,58.26,-50.12015104703055
2021-03-03 05:41:00,55.120000000000005,-34.470246734397676
2021-03-03 05:42:00,97.26000000000002,20.769072588936865
2021-03-03 05:43:00,120.82000000000001,25.575235888097996
2021-03-03 05:44:00,120.54,30.861124937779994
2021-03-03 05:45:00,124.92,29.779058597502406
2021-03-03 05:46:00,125.25,24.191616766467067
2021-03-03 05:47:00,154.38,13.149371680269468
2021-03-03 05:48:00,127.0,25.196850393700785
2021-03-03 05:49:00,155.73000000000002,11.108970654337636
2021-03-03 05:50:00,155.19,15.336039693279208
2021-03-03 05:51:00,155.28,17.387944358578054
2021-03-03 05:52:00,156.14999999999998,12.808197246237594
2021-03-03 05:53:00,155.31,14.165217951194386
2021-03-03 05:54:00,157.5,46.22222222222222
2021-03-03 05:55:00,183.89,45.51634129098918
2021-03-03 05:56:00,213.04000000000002,43.372136687945925
2021-03-03 05:57:00,212.76000000000002,58.61064109795075
2021-03-03 05:58:00,237.09,53.228731705259605
2021-03-03 05:59:00,208.40000000000003,60.50863723608444
2021-03-03 06:00:00,207.96000000000004,55.29909597999614
2021-03-03 06:01:00,208.92000000000002,47.530155083285464
2021-03-03 06:02:00,209.84000000000003,34.83606557377048
2021-03-03 06:03:00,178.32,48.11574697173621
2021-03-03 06:04:00,185.67000000000002,38.83233694188613
2021-03-03 06:05:00,214.84,49.57177434369763
2021-03-03 06:06:00,239.70999999999998,55.60886070668726
2021-03-03 06:07:00,266.8,57.94602698650674
2021-03-03 06:08:00,268.9,52.51022685013016
2021-03-03 06:09:00,238.94,58.466560642839205
2021-03-03 06:10:00,265.65,57.971014492753625
2021-03-03 06:11:00,290.38,66.94675941869275
2021-03-03 06:12:00,320.58,69.56141992638344
2021-03-03 06:13:00,347.4,66.52274035693725
2021-03-03 06:14:00,313.62,72.73133091001849
2021-03-03 06:15:00,287.69,64.27056901525948
2021-03-03 06:16:00,287.90999999999997,62.65846966065786
2021-03-03 06:17:00,288.96,60.3889811738649
2021-03-03 06:18:00,264.5,66.5406427221172
2021-03-03 06:19:00,289.95000000000005,61.70029315399206
2021-03-03 06:20:00,287.32,65.64109703466518
2021-03-03 06:21:00,262.15,63.74213236696548
2021-03-03 06:22:00,260.35,57.38429037833686
2021-03-03 06:23:00,261.85,63.7005919419515
2021-03-03 06:24:00,262.15,55.044821666984554
2021-03-03 06:25:00,266.45,57.98461249765434
2021-03-03 06:26:00,294.87,66.70736256655475
2021-03-03 06:27:00,350.04,70.50622785967317
2021-03-03 06:28:00,386.68,73.9112444398469
2021-03-03 06:29:00,466.7900000000001,76.22271256882108
2021-03-03 06:30:00,524.25,78.16881258941345
2021-03-03 06:31:00,522.11,76.7654325716803
2021-03-03 06:32:00,459.25,79.17256396298313
2021-03-03 06:33:00,408.97,69.19822969899992
2021-03-03 06:34:00,352.76,76.70937748043997
2021-03-03 06:35:00,348.54,74.05175876513457
2021-03-03 06:36:00,346.79999999999995,73.32756632064591
2021-03-03 06:37:00,346.79999999999995,73.32756632064591
2021-03-03 06:38:00,346.79999999999995,73.32756632064591
2021-03-03 06:39:00,386.33,69.50016824994177
2021-03-03 06:40:00,384.65,70.08969192772652
2021-03-03 06:41:00,385.21000000000004,73.7000597076919
2021-03-03 06:42:00,443.28,71.46724417975095
2021-03-03 06:43:00,701.73,82.2966098071908
2021-03-03 06:44:00,619.0799999999999,84.12483039348712
2021-03-03 06:45:00,673.44,83.25908766928012
2021-03-03 06:46:00,726.5699999999999,82.22194695624647
2021-03-03 06:47:00,898.4000000000001,82.59127337488869
2021-03-03 06:48:00,811.55,85.30589612469964
2021-03-03 06:49:00,1373.04,88.99230903688168
2021-03-03 06:50:00,1447.8999999999999,90.79356309137371
2021-03-03 06:51:00,1421.48,91.39066325238483
2021-03-03 06:52:00,968.5,88.55962829117192
2021-03-03 06:53:00,490.41,75.44707489651515
2021-03-03 06:54:00,579.81,83.26865697383626
2021-03-03 06:55:00,693.6700000000001,86.65503769804084
2021-03-03 06:56:00,519.11,80.98476238176879
2021-03-03 06:57:00,784.7,86.12208487319994
2021-03-03 06:58:00,689.5699999999999,83.25478196557276
2021-03-03 06:59:00,490.1400000000001,76.5291549353246
2021-03-03 07:00:00,489.42,79.05275632381186
2021-03-03 07:01:00,460.3,80.96893330436671
2021-03-03 07:02:00,430.56000000000006,74.78632478632477
2021-03-03 07:03:00,405.96,71.58340723223964
2021-03-03 07:04:00,405.64,69.1746376097032
2021-03-03 07:05:00,406.15999999999997,73.17313374039787
2021-03-03 07:06:00,436.1600000000001,75.77494497432133
2021-03-03 07:07:00,492.03,75.78806170355466
2021-03-03 07:08:00,522.36,79.17911019220462
2021-03-03 07:09:00,551.3,80.68202430618538
2021-03-03 07:10:00,575.8000000000001,84.73428273706146
2021-03-03 07:11:00,631.92,80.4215723509305
2021-03-03 07:12:00,657.5999999999999,81.47810218978103
2021-03-03 07:13:00,664.92,80.26529507309151
2021-03-03 07:14:00,655.0799999999999,80.11235268974782
2021-03-03 07:15:00,567.3800000000001,75.87507490570692
2021-03-03 07:16:00,552.3,79.0693463697266
2021-03-03 07:17:00,691.8599999999999,87.7489665539271
2021-03-03 07:18:00,1181.88,89.49301113480217
2021-03-03 07:19:00,2160.23,92.09667489109957
2021-03-03 07:20:00,1971.72,92.37112774633314
2021-03-03 07:21:00,1006.9200000000001,90.19584475430024
2021-03-03 07:22:00,584.76,82.40987755660441
2021-03-03 07:23:00,683.64,82.45567842724242
2021-03-03 07:24:00,774.2,86.14053216223198
2021-03-03 07:25:00,630.1500000000001,79.06054114099817
2021-03-03 07:26:00,747.09,83.91224618185224
2021-03-03 07:27:00,740.9000000000001,86.17897152112295
2021-03-03 07:28:00,512.22,77.68146499550973
2021-03-03 07:29:00,548.3,80.02918110523437
2021-03-03 07:30:00,742.22,84.78618199455687
2021-03-03 07:31:00,779.0999999999999,84.87998973174176
2021-03-03 07:32:00,1580.04,89.57368167894484
2021-03-03 07:33:00,2699.46,93.92989709052921
2021-03-03 07:34:00,2743.67,94.39181825802666
2021-03-03 07:35:00,2720.8900000000003,94.28165048936194
2021-03-03 07:36:00,2653.34,94.40177285986718
2021-03-03 07:37:00,2531.47,94.97643661587932
2021-03-03 07:38:00,657.35,91.12345021677949
2021-03-03 07:39:00,462.96000000000004,76.52928978745463
2021-03-03 07:40:00,390.59000000000003,74.14424332420185
2021-03-03 07:41:00,392.5,72.43312101910828
2021-03-03 07:42:00,1115.95,85.81925713517631
2021-03-03 07:43:00,2387.05,93.55899541274796
2021-03-03 07:44:00,2433.73,93.12454545081007
2021-03-03 07:45:00,1447.5600000000002,94.15153776009284
2021-03-03 07:46:00,556.1500000000001,78.3781353951272
2021-03-03 07:47:00,1315.75,88.76306289188676
2021-03-03 07:48:00,1870.4399999999998,94.94022796775091
2021-03-03 07:49:00,1897.77,92.58761599140043
2021-03-03 07:50:00,2628.2300000000005,94.18886474927992
2021-03-03 07:51:00,2629.63,94.19576138087868
2021-03-03 07:52:00,2454.09,95.04133915219083
2021-03-03 07:53:00,2666.15,93.19055567016109
2021-03-03 07:54:00,2698.4700000000003,94.17558838897597
2021-03-03 07:55:00,2706.32,95.1956900883857
2021-03-03 07:56:00,2719.0,94.33247517469658
2021-03-03 07:57:00,2738.3999999999996,94.09874379199535
2021-03-03 07:58:00,2727.73,95.77194223768481
2021-03-03 07:59:00,2765.8599999999997,95.09881194275923
2021-03-03 08:00:00,2080.26,94.5891378962245
2021-03-03 08:01:00,784.5,84.89483747609943
2021-03-03 08:02:00,1250.1799999999998,90.13901998112274
2021-03-03 08:03:00,1443.69,89.30587591518955
2021-03-03 08:04:00,835.04,86.5826786740755
2021-03-03 08:05:00,735.4200000000001,86.29082701041581
2021-03-03 08:06:00,821.5400000000001,86.33785329990017
2021-03-03 08:07:00,967.1399999999999,85.82004673573631
2021-03-03 08:08:00,1250.05,89.03643854245831
2021-03-03 08:09:00,2860.0,94.4125874125874
2021-03-03 08:10:00,1741.7600000000002,94.35283850817562
2021-03-03 08:11:00,1291.44,90.52685374465712
2021-03-03 08:12:00,1150.0,90.32173913043479
2021-03-03 08:13:00,1072.2,88.46297332587203
2021-03-03 08:14:00,1104.5900000000001,90.33215944377551
2021-03-03 08:15:00,2363.2799999999997,92.26160251853358
2021-03-03 08:16:00,3372.29,95.38918657648068
2021-03-03 08:17:00,2787.1499999999996,93.45029869221248
2021-03-03 08:18:00,3315.1000000000004,94.88401556514131
2021-03-03 08:19:00,3486.6000000000004,94.72838868812022
2021-03-03 08:20:00,3369.87,93.9769189909403
2021-03-03 08:21:00,3175.4700000000003,94.66630136641189
2021-03-03 08:22:00,3127.4,93.45782439086781
2021-03-03 08:23:00,3127.0,93.85992964502718
2021-03-03 08:24:00,3087.09,95.05391809114732
2021-03-03 08:25:00,3165.5999999999995,94.16540308314381
2021-03-03 08:26:00,3132.16,93.6254852881079
2021-03-03 08:27:00,3125.04,94.57478944269513
2021-03-03 08:28:00,3122.09,94.26057544785704
2021-03-03 08:29:00,3144.0,94.43384223918575
2021-03-03 08:30:00,3149.4,94.81806058296817
2021-03-03 08:31:00,3169.79,94.55515980553916
2021-03-03 08:32:00,3170.39,94.80852513413177
2021-03-03 08:33:00,3192.74,94.00389633982098
2021-03-03 08:34:00,3206.8199999999997,94.42999607087395
2021-03-03 08:35:00,3214.84,94.71077876348434
2021-03-03 08:36:00,3248.8,94.14553065747351
2021-03-03 08:37:00,3248.8,94.86887466141344
2021-03-03 08:38:00,3259.05,94.98780319418233
2021-03-03 08:39:00,3258.99,94.07822668986404
2021-03-03 08:40:00,3258.44,94.19538183916231
2021-03-03 08:41:00,3269.7,93.93522341499221
2021-03-03 08:42:00,3297.2200000000003,94.64033337174953
2021-03-03 08:43:00,3312.6400000000003,94.7763717156105
2021-03-03 08:44:00,3310.08,94.53547950502707
2021-03-03 08:45:00,3308.16,94.00694041400659
2021-03-03 08:46:00,3320.96,93.93970418192329
2021-03-03 08:47:00,3344.7799999999997,94.8732054126131
2021-03-03 08:48:00,3362.45,94.52631265892431
2021-03-03 08:49:00,3367.0,94.6955746955747
2021-03-03 08:50:00,3394.7699999999995,94.44527906161537
2021-03-03 08:51:00,3429.3599999999997,93.52765530594631
2021-03-03 08:52:00,3403.29,95.57516403245094
2021-03-03 08:53:00,3449.8300000000004,93.6973705950728
2021-03-03 08:54:00,3463.9,93.76425416438119
2021-03-03 08:55:00,3478.84,94.26992905681205
2021-03-03 08:56:00,3500.44,94.12816674475208
2021-03-03 08:57:00,3523.7599999999998,94.55808568120418
2021-03-03 08:58:00,3558.3300000000004,94.68486621533133
2021-03-03 08:59:00,3600.7999999999997,93.84303488113753
2021-03-03 09:00:00,3600.1000000000004,94.55015138468376
2021-03-03 09:01:00,3597.3,93.60909571067188
2021-03-03 09:02:00,3585.3999999999996,94.7007307413399
2021-03-03 09:03:00,3595.8999999999996,94.16279651825691
2021-03-03 09:04:00,3588.2,94.60175018114933
2021-03-03 09:05:00,3627.33,92.99953409256946
2021-03-03 09:06:00,3635.2,93.74449823943662
2021-03-03 09:07:00,3682.08,94.53895624212402
2021-03-03 09:08:00,3688.5600000000004,94.34847203244625
2021-03-03 09:09:00,3730.3,94.44012545907836
2021-03-03 09:10:00,3800.98,93.49430936232235
2021-03-03 09:11:00,3801.81,95.20728284685453
2021-03-03 09:12:00,2811.05,93.53444442468117
2021-03-03 09:13:00,3764.6099999999997,95.5105575345122
2021-03-03 09:14:00,3149.9,93.19343471221309
2021-03-03 09:15:00,2962.7,92.71947885374827
2021-03-03 09:16:00,3957.7999999999997,94.07499115670322
2021-03-03 09:17:00,3943.94,93.67789570835255
2021-03-03 09:18:00,3885.88,93.99157977086271
2021-03-03 09:19:00,3824.25,94.41851343400667
2021-03-03 09:20:00,3822.0,94.23600209314495
2021-03-03 09:21:00,3803.08,93.81606487373392
2021-03-03 09:22:00,3816.75,93.16565140499115
2021-03-03 09:23:00,3812.25,94.30913502524756
2021-03-03 09:24:00,3819.0,93.82822728462948
2021-03-03 09:25:00,3810.75,95.07839664108114
2021-03-03 09:26:00,3845.3,94.70262398252412
2021-03-03 09:27:00,3907.0199999999995,94.63222609559206
2021-03-03 09:28:00,3967.08,93.84988454984523
2021-03-03 09:29:00,3991.08,94.49071429287311
2021-03-03 09:30:00,4058.3999999999996,93.94589000591367
2021-03-03 09:31:00,4049.6000000000004,94.80195574871591
2021-03-03 09:32:00,3401.54,95.92713888415247
2021-03-03 09:33:00,1298.18,91.19690643824431
2021-03-03 09:34:00,2063.46,89.29661830129976
2021-03-03 09:35:00,4079.5600000000004,94.08367569051563
2021-03-03 09:36:00,4245.450000000001,94.18318435030443
2021-03-03 09:37:00,4165.75,94.75124527396027
2021-03-03 09:38:00,3903.91,94.0902838436337
2021-03-03 09:39:00,4155.16,94.07820637472443
2021-03-03 09:40:00,4103.459999999999,94.46418388384438
2021-03-03 09:41:00,3885.12,93.46429453916481
2021-03-03 09:42:00,3308.5,93.4894967507934
2021-03-03 09:43:00,3771.78,95.12219694679965
2021-03-03 09:44:00,3200.48,93.73906414037893
2021-03-03 09:45:00,4182.82,94.1494015998776
2021-03-03 09:46:00,4168.0599999999995,94.20209881815522
2021-03-03 09:47:00,4147.969999999999,94.23404701576918
2021-03-03 09:48:00,4133.619999999999,94.14750267320171
2021-03-03 09:49:00,4122.9,93.65252613451696
2021-03-03 09:50:00,4152.48,94.09076022039842
2021-03-03 09:51:00,4116.4,94.1380818190652
2021-03-03 09:52:00,4137.73,94.11198894079604
2021-03-03 09:53:00,4153.32,94.23063958471776
2021-03-03 09:54:00,4180.710000000001,94.51983036374202
2021-03-03 09:55:00,4192.4400000000005,94.9470952476362
2021-03-03 09:56:00,4208.88,95.2248579194465
2021-03-03 09:57:00,4263.6,93.50314288394783
2021-03-03 09:58:00,4280.6,94.38863710694761
2021-03-03 09:59:00,4299.3099999999995,95.34553219004911
2021-03-03 10:00:00,4370.009999999999,93.91511689904603
2021-03-03 10:01:00,4403.370000000001,94.37544426200839
2021-03-03 10:02:00,4501.8,94.34670576213959
2021-03-03 10:03:00,4486.5,94.47453471525688
2021-03-03 10:04:00,4398.38,94.87811421477909
2021-03-03 10:05:00,4412.62,93.41615638781497
2021-03-03 10:06:00,4370.96,93.27927960905613
2021-03-03 10:07:00,4345.76,93.56476197489046
2021-03-03 10:08:00,4361.28,94.08017829628001
2021-03-03 10:09:00,4332.549999999999,94.00237735282919
2021-03-03 10:10:00,4352.4800000000005,94.11186266220636
2021-03-03 10:11:00,4356.000000000001,94.36179981634524
2021-03-03 10:12:00,4342.210000000001,93.62743856239102
2021-03-03 10:13:00,4370.08,94.15388276644822
2021-03-03 10:14:00,4336.64,94.94216720779221
2021-03-03 10:15:00,4354.240000000001,93.76377967222751
2021-03-03 10:16:00,4325.450000000001,94.2584008600261
2021-03-03 10:17:00,4315.2,94.89479050797183
2021-03-03 10:18:00,4266.459999999999,93.77563600736913
2021-03-03 10:19:00,4279.36,94.30148433410605
2021-03-03 10:20:00,4292.26,94.039037709738
2021-03-03 10:21:00,4286.24,94.67971928776737
2021-03-03 10:22:00,4269.04,93.9157281262298
2021-03-03 10:23:00,4272.48,94.63590233307121
2021-03-03 10:24:00,4278.5,94.83463830781817
2021-03-03 10:25:00,4303.71,93.84693671274319
2021-03-03 10:26:00,4293.98,94.68371999869586
2021-03-03 10:27:00,4289.68,94.57581917532309
2021-03-03 10:28:00,4272.48,94.58206943040108
2021-03-03 10:29:00,4287.1,93.87231461827342
2021-03-03 10:30:00,4287.3,94.59100132950809
2021-03-03 10:31:00,4304.299999999999,94.0013474897196
2021-03-03 10:32:00,4296.79,94.20055436733003
2021-03-03 10:33:00,4284.52,95.40158524175403
2021-03-03 10:34:00,4320.42,93.74783007207633
2021-03-03 10:35:00,4350.82,93.43296206232388
2021-03-03 10:36:00,4329.99,94.51522982732062
2021-03-03 10:37:00,4331.73,94.10327975196978
2021-03-03 10:38:00,4326.51,94.9425749622675
2021-03-03 10:39:00,4317.8099999999995,94.68457389278363
2021-03-03 10:40:00,4322.79,94.56161414271801
2021-03-03 10:41:00,4324.759999999999,94.7798259325373
2021-03-03 10:42:00,4336.64,94.05668904958677
2021-03-03 10:43:00,4335.21,94.18920882725405
2021-03-03 10:44:00,4371.84,94.30811740594349
2021-03-03 10:45:00,4344.56,95.54016977553538
2021-03-03 10:46:00,4411.4400000000005,94.16879749016192
2021-03-03 10:47:00,4419.18,94.32971727786604
2021-03-03 10:48:00,4434.87,94.8415624358775
2021-03-03 10:49:00,4497.3,93.79627776666
2021-03-03 10:50:00,4507.200000000001,94.18264110756121
2021-03-03 10:51:00,4569.11,94.1277404133409
2021-03-03 10:52:00,4566.969999999999,95.35862946329844
2021-03-03 10:53:00,4619.31,94.15475471444869
2021-03-03 10:54:00,4210.07,95.01742251316487
2021-03-03 10:55:00,3732.0,93.44319399785638
2021-03-03 10:56:00,4812.17,94.9135213427622
2021-03-03 10:57:00,4727.2,94.17414114063294
2021-03-03 10:58:00,4663.34,94.2757765893115
2021-03-03 10:59:00,4669.92,94.84744920683866
2021-03-03 11:00:00,4371.3,94.92828220437856
2021-03-03 11:01:00,3610.98,93.93571828146375
2021-03-03 11:02:00,4768.51,94.25795479090952
2021-03-03 11:03:00,4637.96,95.28542721368878
2021-03-03 11:04:00,4565.039999999999,94.71329933582182
2021-03-03 11:05:00,4528.68,93.95452979676196
2021-03-03 11:06:00,4470.38,95.26035817984153
2021-03-03 11:07:00,4449.360000000001,94.11690670118848
2021-03-03 11:08:00,4442.23,94.77897362360798
2021-03-03 11:09:00,4463.1,94.00864869709393
2021-03-03 11:10:00,4532.71,94.58359347939754
2021-03-03 11:11:00,4610.01,94.83059689675292
2021-03-03 11:12:00,4615.59,94.18080895400155
2021-03-03 11:13:00,4553.08,94.07258383336115
2021-03-03 11:14:00,4506.32,94.5627474302757
2021-03-03 11:15:00,4530.44,93.45008431852094
2021-03-03 11:16:00,3172.67,95.05873601729773
2021-03-03 11:17:00,4634.1900000000005,93.73806425718409
2021-03-03 11:18:00,4638.84,93.69368204119995
2021-03-03 11:19:00,4664.280000000001,94.51619542566054
2021-03-03 11:20:00,4645.969999999999,94.31184445874598
2021-03-03 11:21:00,4721.4,93.73067310543483
2021-03-03 11:22:00,4668.040000000001,93.65815202954558
2021-03-03 11:23:00,4616.9400000000005,92.90352484546041
2021-03-03 11:24:00,4550.049999999999,94.9462093823145
2021-03-03 11:25:00,4512.6900000000005,94.26528301301438
2021-03-03 11:26:00,4504.5,94.27239427239428
2021-03-03 11:27:00,4514.5599999999995,92.93042954352141
2021-03-03 11:28:00,4551.82,94.8675474864999
2021-03-03 11:29:00,4512.6,93.80179940610734
2021-03-03 11:30:00,4505.339999999999,93.8441937789379
2021-03-03 11:31:00,4491.9,93.80440348182285
2021-03-03 11:32:00,4516.200000000001,93.35060449050084
2021-03-03 11:33:00,4506.610000000001,93.61804105524995
2021-03-03 11:34:00,4509.9,94.80254551098695
2021-03-03 11:35:00,4516.200000000001,95.20171825871306
2021-03-03 11:36:00,4543.2,94.69756999471738
2021-03-03 11:37:00,4578.21,94.2420727751676
2021-03-03 11:38:00,4568.2,93.89912875968653
2021-03-03 11:39:00,4548.81,94.08174885299671
2021-03-03 11:40:00,4546.9400000000005,94.00827809471863
2021-03-03 11:41:00,4554.21,94.42911064707161
2021-03-03 11:42:00,4537.26,94.2969986291286
2021-03-03 11:43:00,4561.43,94.18099148731866
2021-03-03 11:44:00,4553.639999999999,93.77113693660458
2021-03-03 11:45:00,4509.0,95.34264803725881
2021-03-03 11:46:00,4547.7,93.23174351870176
2021-03-03 11:47:00,4522.5,93.83084577114428
2021-03-03 11:48:00,4510.52,94.2773782180325
2021-03-03 11:49:00,4504.89,93.7936331408758
2021-03-03 11:50:00,4477.59,94.53522988929312
2021-03-03 11:51:00,4517.1,93.67514555799073
2021-03-03 11:52:00,4542.3,93.58034475926293
2021-03-03 11:53:00,4542.48,93.76155756326942
2021-03-03 11:54:00,4533.4,94.76992985397274
2021-03-03 11:55:00,4535.44,93.58739174148486
2021-03-03 11:56:00,4492.37,94.37780058187549
2021-03-03 11:57:00,4516.42,93.8752374668432
2021-03-03 11:58:00,4488.27,94.40385716545573
2021-03-03 11:59:00,4480.26,94.92975854079897
2021-03-03 12:00:00,4507.2,93.96521121760738
2021-03-03 12:01:00,4539.780000000001,93.61246580230758
2021-03-03 12:02:00,4516.75,94.9488016826258
2021-03-03 12:03:00,4514.4,93.04669502037923
2021-03-03 12:04:00,4427.280000000001,95.32263602031043
2021-03-03 12:05:00,4336.98,93.29533454154735
2021-03-03 12:06:00,4471.360000000001,94.09888713948328
2021-03-03 12:07:00,4463.35,94.15349457246236
2021-03-03 12:08:00,4419.12,93.43715490866961
2021-03-03 12:09:00,4477.47,94.42385990302559
2021-03-03 12:10:00,4490.9400000000005,93.72870713035579
2021-03-03 12:11:00,4472.25,93.78277153558052
2021-03-03 12:12:00,4458.08,93.92159853569251
2021-03-03 12:13:00,4427.280000000001,94.44399269980664
2021-03-03 12:14:00,4435.75,93.53322437017414
2021-03-03 12:15:00,4419.599999999999,93.83202099737534
2021-03-03 12:16:00,4416.119999999999,93.91954928760997
2021-03-03 12:17:00,4428.7,92.94375324587351
2021-03-03 12:18:00,4410.03,93.68190239068667
2021-03-03 12:19:00,4404.17,93.40465967480819
2021-03-03 12:20:00,4371.17,94.03203261369381
2021-03-03 12:21:00,4371.969999999999,94.28015288302528
2021-03-03 12:22:00,4349.879999999999,94.68996845890003
2021-03-03 12:23:00,4373.77,93.57830887312318
2021-03-03 12:24:00,4386.0,93.97628818969449
2021-03-03 12:25:00,4410.869999999999,93.61191783026935
2021-03-03 12:26:00,4399.759999999999,94.06876738731206
2021-03-03 12:27:00,4401.41,93.79267098497981
2021-03-03 12:28:00,4385.67,93.71658150294027
2021-03-03 12:29:00,4385.929999999999,93.1934618199561
2021-03-03 12:30:00,4367.02,93.41381537066465
2021-03-03 12:31:00,4370.32,94.22422156729941
2021-03-03 12:32:00,4382.44,93.45935141154244
2021-03-03 12:33:00,4371.209999999999,93.15269685052883
2021-03-03 12:34:00,4342.139999999999,93.68422022320793
2021-03-03 12:35:00,3366.0399999999995,60.39441004860312
2021-03-03 12:36:00,4294.2,95.34022635182339
2021-03-03 12:37:00,4284.0,94.27170868347339
2021-03-03 12:38:00,4282.3,94.29512178035168
2021-03-03 12:39:00,4316.3,93.32298496397377
2021-03-03 12:40:00,4276.4400000000005,94.64414325934655
2021-03-03 12:41:00,4275.6,94.28852090934605
2021-03-03 12:42:00,4287.360000000001,93.83863263173606
2021-03-03 12:43:00,4285.68,93.70508297399712
2021-03-03 12:44:00,4282.32,93.56143398905267
2021-03-03 12:45:00,4277.280000000001,93.96158306213293
2021-03-03 12:46:00,4259.71,93.99935676372336
2021-03-03 12:47:00,4242.13,94.77550192945526
2021-03-03 12:48:00,4216.400000000001,95.05976662555733
2021-03-03 12:49:00,4192.33,94.53215753530853
2021-03-03 12:50:00,4222.960000000001,93.57417545986699
2021-03-03 12:51:00,4212.25,93.8666983203751
2021-03-03 12:52:00,4210.3,94.45170177897062
2021-03-03 12:53:00,4192.66,93.7781742378347
2021-03-03 12:54:00,4188.5599999999995,94.22331302404646
2021-03-03 12:55:00,4175.44,93.33148123311557
2021-03-03 12:56:00,4164.78,94.28349156498062
2021-03-03 12:57:00,4158.61,93.50961018224841
2021-03-03 12:58:00,4152.849999999999,94.14498476949565
2021-03-03 12:59:00,4144.77,93.4768394868714
2021-03-03 13:00:00,4156.9,93.41336091799178
2021-03-03 13:01:00,4145.31,94.09911442087562
2021-03-03 13:02:00,4145.58,93.34520139522094
2021-03-03 13:03:00,4152.87,93.73276794120693
2021-03-03 13:04:00,4140.72,93.46683668540736
2021-03-03 13:05:00,4139.83,93.18981697316073
2021-03-03 13:06:00,4092.8,94.34616888193901
2021-03-03 13:07:00,4094.4,94.29708870652598
2021-03-03 13:08:00,4114.09,93.50062832850034
2021-03-03 13:09:00,4089.6,94.47378716744915
2021-03-03 13:10:00,4090.3999999999996,93.42851554860161
2021-03-03 13:11:00,4038.4800000000005,94.74109070739485
2021-03-03 13:12:00,4037.6900000000005,94.46490443793355
2021-03-03 13:13:00,4048.55,93.19632955008582
2021-03-03 13:14:00,4006.09,93.79220137340897
2021-03-03 13:15:00,4035.35,93.0823844276209
2021-03-03 13:16:00,4001.62,93.74703245185701
2021-03-03 13:17:00,4011.8599999999997,93.78692177693141
2021-03-03 13:18:00,4011.8599999999997,93.333266863749
2021-03-03 13:19:00,4009.9799999999996,93.0777709614512
2021-03-03 13:20:00,4019.3399999999997,93.73678265585893
2021-03-03 13:21:00,3992.5600000000004,94.32294066964553
2021-03-03 13:22:00,3994.8700000000003,93.94047866388642
2021-03-03 13:23:00,3973.2000000000003,94.00483237692539
2021-03-03 13:24:00,3960.88,94.38306638928722
2021-03-03 13:25:00,3977.82,94.08922475124565
2021-03-03 13:26:00,3983.2100000000005,94.19287459109611
2021-03-03 13:27:00,3941.8399999999997,94.43051975727073
2021-03-03 13:28:00,3930.38,93.28614535999064
2021-03-03 13:29:00,3925.4,93.70764762826718
2021-03-03 13:30:00,3901.8399999999992,94.81936727287639
2021-03-03 13:31:00,3912.4799999999996,93.74105426737006
2021-03-03 13:32:00,3905.6400000000003,94.1100562263803
2021-03-03 13:33:00,3882.76,93.22234699028526
2021-03-03 13:34:00,3847.5,94.91358024691358
2021-03-03 13:35:00,3876.75,93.74605017089057
2021-03-03 13:36:00,3850.87,93.77361479354016
2021-03-03 13:37:00,3846.75,94.2197959316306
2021-03-03 13:38:00,3863.25,94.15388597683298
2021-03-03 13:39:00,3885.0,93.33590733590734
2021-03-03 13:40:00,3920.8399999999997,93.87529202925904
2021-03-03 13:41:00,3902.45,93.38236236210585
2021-03-03 13:42:00,3878.25,93.40810932766067
2021-03-03 13:43:00,3821.36,94.27795339878995
2021-03-03 13:44:00,3822.1000000000004,94.21260563564532
2021-03-03 13:45:00,3839.8600000000006,93.2091274161037
2021-03-03 13:46:00,3804.34,94.06625065057275
2021-03-03 13:47:00,3783.59,95.11865714836966
2021-03-03 13:48:00,3768.99,94.43909376251995
2021-03-03 13:49:00,3710.88,94.69182511964817
2021-03-03 13:50:00,3715.17,93.56234035050886
2021-03-03 13:51:00,3719.52,93.52550866778509
2021-03-03 13:52:00,3733.2000000000003,93.4694096217722
2021-03-03 13:53:00,3721.56,93.42587517062736
2021-03-03 13:54:00,3666.4399999999996,94.9095034965798
2021-03-03 13:55:00,3692.71,94.33180509706963
2021-03-03 13:56:00,2708.37,93.05966319225217
2021-03-03 13:57:00,3665.2,93.4846665939103
2021-03-03 13:58:00,3717.41,93.43871136086685
2021-03-03 13:59:00,3301.83,95.32895394372211
2021-03-03 14:00:00,1776.84,89.7886134936179
2021-03-03 14:01:00,3780.7200000000003,93.19653399352504
2021-03-03 14:02:00,3684.1000000000004,93.83838658016882
2021-03-03 14:03:00,3625.9500000000007,93.55065569023289
2021-03-03 14:04:00,3596.52,94.00197969147955
2021-03-03 14:05:00,3577.4799999999996,94.79857329740489
2021-03-03 14:06:00,3562.12,93.36294116986514
2021-03-03 14:07:00,3551.33,93.26646636612197
2021-03-03 14:08:00,3495.3900000000003,94.84206340351147
2021-03-03 14:09:00,3510.13,94.26431499688046
2021-03-03 14:10:00,3465.0,94.87445887445888
2021-03-03 14:11:00,3499.27,93.8738651204394
2021-03-03 14:12:00,3494.04,92.90105436686473
2021-03-03 14:13:00,3415.41,94.41911805610455
2021-03-03 14:14:00,3365.76,94.92655447803764
2021-03-03 14:15:00,3379.84,94.49559742473016
2021-03-03 14:16:00,3381.76,93.51343679031037
2021-03-03 14:17:00,3323.88,94.19112603343082
2021-03-03 14:18:00,3297.7799999999997,93.60236280164233
2021-03-03 14:19:00,3342.7799999999997,93.85601206181681
2021-03-03 14:20:00,3388.8,93.54048630783758
2021-03-03 14:21:00,3359.31,93.7990242043753
2021-03-03 14:22:00,3335.2200000000003,94.57547028381936
2021-03-03 14:23:00,3327.0699999999997,93.76418289966848
2021-03-03 14:24:00,3318.33,93.35720076062357
2021-03-03 14:25:00,3322.67,93.77097334372657
2021-03-03 14:26:00,3294.6800000000003,94.40977575970958
2021-03-03 14:27:00,3303.36,93.63496561077206
2021-03-03 14:28:00,3299.0200000000004,93.63992943358936
2021-03-03 14:29:00,3268.32,93.32623488520096
2021-03-03 14:30:00,3245.2,94.07740663133244
2021-03-03 14:31:00,3201.9,93.51010337612043
2021-03-03 14:32:00,3190.2,93.60541658830167
2021-03-03 14:33:00,3189.5999999999995,93.54778028592929
2021-03-03 14:34:00,3180.0200000000004,93.7258256237382
2021-03-03 14:35:00,3142.9300000000003,94.09372782721854
2021-03-03 14:36:00,3148.83,93.15841121940531
2021-03-03 14:37:00,3133.07,93.5599906800678
2021-03-03 14:38:00,3124.88,94.33642251862472
2021-03-03 14:39:00,3104.16,93.38114014741508
2021-03-03 14:40:00,3094.88,94.19105102621103
2021-03-03 14:41:00,3074.96,93.89715638577412
2021-03-03 14:42:00,3043.2300000000005,93.97252261577337
2021-03-03 14:43:00,3057.4800000000005,92.87386998443161
2021-03-03 14:44:00,3045.51,93.22248162048392
2021-03-03 14:45:00,2997.68,94.44637186090577
2021-03-03 14:46:00,3008.3199999999997,93.32783746409957
2021-03-03 14:47:00,2982.51,93.73983658059822
2021-03-03 14:48:00,2960.1,93.71980676328502
2021-03-03 14:49:00,2940.3,94.10604360099309
2021-03-03 14:50:00,2919.01,93.27134884772576
2021-03-03 14:51:00,2885.76,94.79651807496118
2021-03-03 14:52:00,2897.6400000000003,93.28971162739332
2021-03-03 14:53:00,2866.55,93.4433378102597
2021-03-03 14:54:00,2833.38,94.20550720341076
2021-03-03 14:55:00,2837.62,93.26830230968206
2021-03-03 14:56:00,2799.16,93.69596593263694
2021-03-03 14:57:00,2805.4,92.90653739217224
2021-03-03 14:58:00,2793.44,93.04656624090725
2021-03-03 14:59:00,2774.93,92.60053406752603
2021-03-03 15:00:00,2749.92,93.92273229766684
2021-03-03 15:01:00,2750.4299999999994,93.2363303192592
2021-03-03 15:02:00,2740.74,93.33975495669054
2021-03-03 15:03:00,2726.16,91.98653050444581
2021-03-03 15:04:00,2697.0,93.14423433444567
2021-03-03 15:05:00,2653.3500000000004,94.22805133133583
2021-03-03 15:06:00,2662.17,93.75809959544281
2021-03-03 15:07:00,2632.28,94.28328293342653
2021-03-03 15:08:00,2600.6400000000003,92.51184323858742
2021-03-03 15:09:00,2551.16,93.45160632810173
2021-03-03 15:10:00,2545.99,93.98308712917178
2021-03-03 15:11:00,2541.29,94.53860047456213
2021-03-03 15:12:00,2538.9400000000005,93.53115867251685
2021-03-03 15:13:00,2541.29,93.85784385095758
2021-03-03 15:14:00,1977.7600000000002,59.93143758595581
2021-03-03 15:15:00,2492.2799999999997,93.77357279278412
2021-03-03 15:16:00,2501.0199999999995,92.53824439628634
2021-03-03 15:17:00,2448.0,93.12091503267973
2021-03-03 15:18:00,2453.3999999999996,92.04777044102065
2021-03-03 15:19:00,2453.3999999999996,92.04777044102065
2021-03-03 15:20:00,2443.95,92.05180138709875
2021-03-03 15:21:00,2342.21,93.47581984535974
2021-03-03 15:22:00,1981.4900000000002,91.05269267066701
2021-03-03 15:23:00,2268.15,92.03976809293917
2021-03-03 15:24:00,2401.96,93.27382637512697
2021-03-03 15:25:00,2512.0599999999995,92.64906093007335
2021-03-03 15:26:00,2002.81,93.36881681237861
2021-03-03 15:27:00,2569.0200000000004,93.07050937711655
2021-03-03 15:28:00,2485.58,93.31423651622559
2021-03-03 15:29:00,2459.25,92.83318084781945
2021-03-03 15:30:00,2566.2,93.54687865326163
2021-03-03 15:31:00,2658.9700000000003,93.2165462566332
2021-03-03 15:32:00,2625.12,92.50624733345524
2021-03-03 15:33:00,2565.73,93.74330112677482
2021-03-03 15:34:00,2566.67,92.6609186221836
2021-03-03 15:35:00,2566.2,93.38710934455617
2021-03-03 15:36:00,2562.91,92.15306038838665
2021-03-03 15:37:00,2506.08,92.84220775075018
2021-03-03 15:38:00,1918.7600000000002,60.47134607767516
2021-03-03 15:39:00,2460.15,93.9495559213869
2021-03-03 15:40:00,2405.92,92.0437919797832
2021-03-03 15:41:00,2182.0,92.28230980751604
2021-03-03 15:42:00,2246.7999999999997,91.32544062666905
2021-03-03 15:43:00,2241.8799999999997,91.50355951255197
2021-03-03 15:44:00,2249.2599999999998,92.2214417186097
2021-03-03 15:45:00,2312.52,93.05865462785187
2021-03-03 15:46:00,2410.32,94.64303494971621
2021-03-03 15:47:00,2403.7200000000003,93.10568618641105
2021-03-03 15:48:00,2132.91,92.54961531428893
2021-03-03 15:49:00,1428.0800000000002,91.0943364517394
2021-03-03 15:50:00,876.0,81.39269406392694
2021-03-03 15:51:00,1495.7599999999998,91.19778574102799
2021-03-03 15:52:00,793.2,83.11901159858799
2021-03-03 15:53:00,808.8,86.47378832838774
2021-03-03 15:54:00,1065.5700000000002,87.11769287799017
2021-03-03 15:55:00,1238.3200000000002,89.73447897150977
2021-03-03 15:56:00,1950.2,92.78022766895702
2021-03-03 15:57:00,1839.09,89.34309903267376
2021-03-03 15:58:00,1828.53,92.82866564945613
2021-03-03 15:59:00,1769.6,92.625452079566
2021-03-03 16:00:00,1665.6,92.29707012487992
2021-03-03 16:01:00,755.3,86.04528002118363
2021-03-03 16:02:00,1114.44,86.47392412332651
2021-03-03 16:03:00,1219.02,92.0657577398238
2021-03-03 16:04:00,729.03,87.21177454974418
2021-03-03 16:05:00,1133.44,87.18591191417279
2021-03-03 16:06:00,1519.29,92.2404544227896
2021-03-03 16:07:00,1573.8799999999999,91.51269474165757
2021-03-03 16:08:00,1629.2199999999998,90.68143037772678
2021-03-03 16:09:00,1173.27,90.72932913992517
2021-03-03 16:10:00,492.18,81.16949083668577
2021-03-03 16:11:00,1305.06,88.70856512344261
2021-03-03 16:12:00,1351.92,90.64885496183206
2021-03-03 16:13:00,1351.1999999999998,90.85997631734756
2021-03-03 16:14:00,1321.61,90.01142545834247
2021-03-03 16:15:00,1063.0499999999997,88.20845679883357
2021-03-03 16:16:00,732.36,82.73253591130046
2021-03-03 16:17:00,705.51,82.38012218111722
2021-03-03 16:18:00,1218.3000000000002,89.87113190511367
2021-03-03 16:19:00,1189.23,90.88233562893636
2021-03-03 16:20:00,1158.0500000000002,89.13259358404213
2021-03-03 16:21:00,1133.8,88.87810901393544
2021-03-03 16:22:00,1102.4099999999999,91.10040728948395
2021-03-03 16:23:00,1076.73,88.15580507648157
2021-03-03 16:24:00,1077.87,88.90682549843673
2021-03-03 16:25:00,1023.3,89.1234242157725
2021-03-03 16:26:00,1017.3599999999999,89.44719666588033
2021-03-03 16:27:00,773.0799999999999,85.28224763284524
2021-03-03 16:28:00,990.17,87.82330306916994
2021-03-03 16:29:00,966.11,87.18468911407604
2021-03-03 16:30:00,931.98,87.85596257430416
2021-03-03 16:31:00,932.94,85.70754818101915
2021-03-03 16:32:00,908.1600000000001,87.18727977448907
2021-03-03 16:33:00,908.0,88.78854625550662
2021-03-03 16:34:00,878.8699999999999,87.61250241787751
2021-03-03 16:35:00,852.75,85.59366754617413
2021-03-03 16:36:00,796.7399999999999,85.2097296483169
2021-03-03 16:37:00,796.8800000000001,84.66770404577854
2021-03-03 16:38:00,766.0200000000001,83.4965144513198
2021-03-03 16:39:00,738.53,85.42645525571066
2021-03-03 16:40:00,741.1299999999999,81.37573705018013
2021-03-03 16:41:00,705.3399999999999,82.86783678793206
2021-03-03 16:42:00,680.6400000000001,82.49588622472966
2021-03-03 16:43:00,681.24,79.44336797604369
2021-03-03 16:44:00,648.26,82.51318915250053
2021-03-03 16:45:00,623.5900000000001,82.26559117368782
2021-03-03 16:46:00,593.13,82.62944042621349
2021-03-03 16:47:00,566.4000000000001,86.88206214689265
2021-03-03 16:48:00,568.4000000000001,83.14567206192821
2021-03-03 16:49:00,567.5,79.15418502202643
2021-03-03 16:50:00,569.9000000000001,73.59185822074046
2021-03-03 16:51:00,566.5999999999999,74.09106953759267
2021-03-03 16:52:00,566.0,78.30388692579506
2021-03-03 16:53:00,564.8,76.29249291784703
2021-03-03 16:54:00,509.49,78.82392196117686
2021-03-03 16:55:00,475.18000000000006,75.06629066879918
2021-03-03 16:56:00,505.9800000000001,75.75398237084468
2021-03-03 16:57:00,450.48,78.8270289469011
2021-03-03 16:58:00,381.85,66.78014927327484
2021-03-03 16:59:00,328.08,63.09436722750549
2021-03-03 17:00:00,233.77,57.62073833254908
2021-03-03 17:01:00,260.95,58.78520789423261
2021-03-03 17:02:00,211.16000000000003,57.586664140935774
2021-03-03 17:03:00,273.15,64.21380194032584
2021-03-03 17:04:00,207.96000000000004,47.74956722446623
2021-03-03 17:05:00,208.72000000000003,50.019164430816396
2021-03-03 17:06:00,298.49,62.38064926798217
2021-03-03 17:07:00,274.4,68.65889212827989
2021-03-03 17:08:00,274.04999999999995,58.018609742747685
2021-03-03 17:09:00,211.64000000000001,55.518805518805515
2021-03-03 17:10:00,212.04,36.45538577626863
2021-03-03 17:11:00,218.40000000000003,55.81501831501831
2021-03-03 17:12:00,217.0,48.525345622119815
2021-03-03 17:13:00,213.24,39.90808478709435
2021-03-03 17:14:00,183.45000000000002,41.10111747070046
2021-03-03 17:15:00,186.13,42.01364637618869
2021-03-03 17:16:00,154.41,27.97746259957257
2021-03-03 17:17:00,152.84999999999997,31.468760222440306
2021-03-03 17:18:00,154.05,30.055176890619922
2021-03-03 17:19:00,153.32999999999998,23.804865323159202
2021-03-03 17:20:00,127.4,22.998430141287287
2021-03-03 17:21:00,154.70999999999998,10.148018874022366
2021-03-03 17:22:00,154.23,17.89535109900798
2021-03-03 17:23:00,126.14,27.826224829554462
2021-03-03 17:24:00,125.69,23.78868645079163
2021-03-03 17:25:00,126.35,15.591610605461021
2021-03-03 17:26:00,102.18,4.403992953611273
2021-03-03 17:27:00,101.78,-4.421300844959717
2021-03-03 17:28:00,103.78,-12.719213721333588
2021-03-03 17:29:00,103.58000000000001,-26.742614404325156
2021-03-03 17:30:00,74.47,-49.415872163287226
2021-03-03 17:31:00,73.05000000000001,-38.740588637919224
2021-03-03 17:32:00,69.38,-44.249063130585185
2021-03-03 17:33:00,62.92,-37.666878575969484
2021-03-03 17:34:00,59.53,-31.244750545943223
2021-03-03 17:35:00,43.45,-85.385500575374
2021-03-03 17:36:00,51.870000000000005,-32.388663967611336
2021-03-03 17:37:00,41.88,-74.25978987583572
2021-03-03 17:38:00,40.4,-52.97029702970298
2021-03-03 17:39:00,38.69,-40.57896097182734
2021-03-03 17:40:00,35.14,-46.10130904951622
2021-03-03 17:41:00,33.46,-83.68200836820083
2021-03-03 17:42:00,30.17,-96.78488564799468
2021-03-03 17:43:00,25.87,-144.18245071511402
2021-03-03 17:44:00,24.990000000000002,-88.83553421368546
2021-03-03 17:45:00,26.7,-91.01123595505618
2021-03-03 17:46:00,24.35,-122.38193018480492
2021-03-03 17:47:00,25.950000000000003,-72.06165703275529
2021-03-03 17:48:00,25.29,-111.90193752471333
2021-03-03 17:49:00,12.120000000000001,-244.2244224422442
2021-03-03 17:50:00,30.630000000000003,-118.18478615736205
2021-03-03 17:51:00,10.65,-146.4788732394366
2021-03-03 17:52:00,9.209999999999999,0.0
2021-03-03 17:53:00,23.990000000000002,-99.20800333472279
2021-03-03 17:54:00,9.39,0.0
2021-03-03 17:55:00,8.340000000000002,0.0
2021-03-03 17:56:00,5.210000000000001,0.0
2021-03-03 17:57:00,11.56,-267.3010380622837
2021-03-03 17:58:00,11.770000000000001,-92.60832625318606
2021-03-03 17:59:00,22.880000000000003,-144.66783216783216
2021-03-03 18:00:00,7.41,0.0
2021-03-04 05:00:00,2.06,0.0
2021-03-04 05:01:00,2.29,0.0
2021-03-04 05:02:00,2.42,0.0
2021-03-04 05:03:00,2.5300000000000002,0.0
2021-03-04 05:04:00,2.9000000000000004,0.0
2021-03-04 05:05:00,3.0600000000000005,0.0
2021-03-04 05:06:00,3.59,0.0
2021-03-04 05:07:00,3.8100000000000005,0.0
2021-03-04 05:08:00,3.38,0.0
2021-03-04 05:09:00,3.7200000000000006,0.0
2021-03-04 05:10:00,3.7200000000000006,0.0
2021-03-04 05:11:00,3.1300000000000003,0.0
2021-03-04 05:12:00,5.420000000000001,0.0
2021-03-04 05:13:00,2.66,0.0
2021-03-04 05:14:00,3.7600000000000002,0.0
2021-03-04 05:15:00,3.2,0.0
2021-03-04 05:16:00,3.3100000000000005,0.0
2021-03-04 05:17:00,4.890000000000001,0.0
2021-03-04 05:18:00,4.04,0.0
2021-03-04 05:19:00,3.7200000000000006,0.0
2021-03-04 05:20:00,3.29,0.0
2021-03-04 05:21:00,4.71,0.0
2021-03-04 05:22:00,5.86,0.0
2021-03-04 05:23:00,6.91,0.0
2021-03-04 05:24:00,17.91,-117.25293132328306
2021-03-04 05:25:00,20.72,-86.87258687258688
2021-03-04 05:26:00,23.04,-86.37152777777779
2021-03-04 05:27:00,27.990000000000002,-79.31404072883171
2021-03-04 05:28:00,48.650000000000006,-50.154162384378196
2021-03-04 05:29:00,50.510000000000005,-33.26074044743615
2021-03-04 05:30:00,51.59,-44.969955417716605
2021-03-04 05:31:00,53.68,-36.51266766020865
2021-03-04 05:32:00,54.58,-35.17772077684133
2021-03-04 05:33:00,54.260000000000005,-38.8868411352746
2021-03-04 05:34:00,55.75,-49.68609865470852
2021-03-04 05:35:00,55.45,-33.00270513976555
2021-03-04 05:36:00,56.800000000000004,-38.55633802816901
2021-03-04 05:37:00,57.27,-33.17618299284092
2021-03-04 05:38:00,56.67,-36.52726310217046
2021-03-04 05:39:00,58.269999999999996,-32.95006006521366
2021-03-04 05:40:00,58.69,-33.225421707275515
2021-03-04 05:41:00,57.29,-24.786175597835573
2021-03-04 05:42:00,97.64000000000001,24.580090126997128
2021-03-04 05:43:00,120.53999999999999,25.551684088269454
2021-03-04 05:44:00,148.14,19.373565546105038
2021-03-04 05:45:00,155.33999999999997,27.16621604222995
2021-03-04 05:46:00,183.63,40.407340848445244
2021-03-04 05:47:00,182.96,44.927853082641015
2021-03-04 05:48:00,211.48000000000002,35.937204463779075
2021-03-04 05:49:00,180.93,44.54761509976233
2021-03-04 05:50:00,212.4,35.40489642184558
2021-03-04 05:51:00,214.32,38.913773796192615
2021-03-04 05:52:00,213.36,36.464191976002994
2021-03-04 05:53:00,240.74,55.78632549638615
2021-03-04 05:54:00,270.2,50.703182827535166
2021-03-04 05:55:00,295.51,61.25004229975297
2021-03-04 05:56:00,323.03999999999996,66.77191679049035
2021-03-04 05:57:00,325.86,72.39305223101945
2021-03-04 05:58:00,295.8,62.50845165652468
2021-03-04 05:59:00,298.65,58.73095596852503
2021-03-04 06:00:00,299.73,61.32185633737029
2021-03-04 06:01:00,299.82,65.5393235941565
2021-03-04 06:02:00,292.81,71.82131757795158
2021-03-04 06:03:00,321.9,71.4196955576266
2021-03-04 06:04:00,319.2,69.95614035087719
2021-03-04 06:05:00,323.52,72.1748269040554
2021-03-04 06:06:00,317.94,61.583946656601874
2021-03-04 06:07:00,300.12,69.97201119552179
2021-03-04 06:08:00,355.0,66.19718309859155
2021-03-04 06:09:00,354.28999999999996,67.28950859465411
2021-03-04 06:10:00,386.26,73.81038678610264
2021-03-04 06:11:00,412.39,68.91534712286914
2021-03-04 06:12:00,412.73,69.5127565236353
2021-03-04 06:13:00,413.03999999999996,68.32268061204726
2021-03-04 06:14:00,413.89,73.47362825871609
2021-03-04 06:15:00,443.76,77.63205336217776
2021-03-04 06:16:00,470.69,70.51350145531029
2021-03-04 06:17:00,471.68000000000006,80.6690976933514
2021-03-04 06:18:00,501.66,76.24686042339432
2021-03-04 06:19:00,525.1700000000001,75.84210826970313
2021-03-04 06:20:00,526.05,78.92785856857714
2021-03-04 06:21:00,523.44,77.18172092312395
2021-03-04 06:22:00,612.37,82.13988275062462
2021-03-04 06:23:00,638.5,82.97572435395458
2021-03-04 06:24:00,696.53,81.40352892194163
2021-03-04 06:25:00,725.79,82.94410228854076
2021-03-04 06:26:00,750.89,82.36892221230806
2021-03-04 06:27:00,752.86,86.76247907977579
2021-03-04 06:28:00,809.04,84.47048353604272
2021-03-04 06:29:00,805.51,88.99951583468858
2021-03-04 06:30:00,862.0,87.38979118329466
2021-03-04 06:31:00,860.75,88.50421144350857
2021-03-04 06:32:00,799.9499999999999,85.2428276767298
2021-03-04 06:33:00,581.79,79.10070644046822
2021-03-04 06:34:00,811.31,82.64411877087674
2021-03-04 06:35:00,864.4100000000001,85.0290949896461
2021-03-04 06:36:00,835.6500000000001,87.23747980613894
2021-03-04 06:37:00,836.6999999999999,85.71770049002033
2021-03-04 06:38:00,828.8999999999999,83.93051031487515
2021-03-04 06:39:00,913.5,85.14504652435686
2021-03-04 06:40:00,974.53,85.8772946959047
2021-03-04 06:41:00,974.5600000000001,86.58266294532918
2021-03-04 06:42:00,946.2199999999999,87.29470947559766
2021-03-04 06:43:00,923.31,84.76026469982997
2021-03-04 06:44:00,874.63,88.24302848061465
2021-03-04 06:45:00,995.97,87.74360673514262
2021-03-04 06:46:00,1138.63,87.84240710327322
2021-03-04 06:47:00,1136.92,90.25261232100762
2021-03-04 06:48:00,1167.6100000000001,89.51619119397743
2021-03-04 06:49:00,1168.77,89.03377054510297
2021-03-04 06:50:00,1217.14,88.56828302413855
2021-03-04 06:51:00,1213.35,91.00424444719167
2021-03-04 06:52:00,1213.35,91.00424444719167
2021-03-04 06:53:00,1261.77,90.24624139106177
2021-03-04 06:54:00,1270.8899999999999,92.34473479215353
2021-03-04 06:55:00,1289.84,90.78645413384606
2021-03-04 06:56:00,1315.79,91.16956353217458
2021-03-04 06:57:00,1257.06,92.64474249439168
2021-03-04 06:58:00,1400.0,90.35714285714286
2021-03-04 06:59:00,1491.7600000000002,89.51171770257949
2021-03-04 07:00:00,1431.5500000000002,91.55810135866716
2021-03-04 07:01:00,1539.08,90.57358941705435
2021-03-04 07:02:00,1657.3700000000001,92.0434181866451
2021-03-04 07:03:00,1680.3000000000002,90.85877521871095
2021-03-04 07:04:00,1592.3999999999999,92.01833710123086
2021-03-04 07:05:00,1132.46,89.16871236070148
2021-03-04 07:06:00,1247.4,88.79268879268878
2021-03-04 07:07:00,1756.9700000000003,92.92133616396407
2021-03-04 07:08:00,1805.37,92.31902601682759
2021-03-04 07:09:00,1804.47,91.60584548371544
2021-03-04 07:10:00,1723.9099999999999,93.50836180543068
2021-03-04 07:11:00,1691.1,91.40204600555852
2021-03-04 07:12:00,1665.8999999999999,91.1759409328291
2021-03-04 07:13:00,998.4,89.67347756410257
2021-03-04 07:14:00,1782.08,91.37075776620578
2021-03-04 07:15:00,1860.7499999999998,92.17788526131937
2021-03-04 07:16:00,1910.5299999999997,91.70753665213319
2021-03-04 07:17:00,1876.46,92.19487758865097
2021-03-04 07:18:00,1878.5,91.92973116848549
2021-03-04 07:19:00,1764.48,94.25439789626405
2021-03-04 07:20:00,804.9,84.18437072928315
2021-03-04 07:21:00,1851.79,92.55909147365522
2021-03-04 07:22:00,1943.8999999999999,91.41931169298833
2021-03-04 07:23:00,1492.2900000000002,92.73666646563335
2021-03-04 07:24:00,721.9300000000001,82.99973681658886
2021-03-04 07:25:00,939.5600000000001,85.51875345906595
2021-03-04 07:26:00,1895.8400000000001,93.81593383407882
2021-03-04 07:27:00,1568.52,89.23061229694234
2021-03-04 07:28:00,2365.0699999999997,94.23399730240543
2021-03-04 07:29:00,2352.3599999999997,94.98546140896804
2021-03-04 07:30:00,2317.98,94.37958912501401
2021-03-04 07:31:00,2301.6,92.57473062217588
2021-03-04 07:32:00,2262.3799999999997,94.22820215878855
2021-03-04 07:33:00,2246.8,93.39505073882856
2021-03-04 07:34:00,2215.65,93.92728996005685
2021-03-04 07:35:00,2219.2599999999998,93.86011553400684
2021-03-04 07:36:00,2243.1099999999997,93.2544547525534
2021-03-04 07:37:00,2269.11,93.53446946159507
2021-03-04 07:38:00,2303.7,93.49741719841994
2021-03-04 07:39:00,2359.84,94.09536239745067
2021-03-04 07:40:00,2356.83,92.75594760759155
2021-03-04 07:41:00,2407.2400000000007,94.09946660906263
2021-03-04 07:42:00,2439.08,93.62136543286813
2021-03-04 07:43:00,2462.3999999999996,93.36419753086422
2021-03-04 07:44:00,2411.2,93.32282680822827
2021-03-04 07:45:00,769.3700000000001,85.87545654236582
2021-03-04 07:46:00,1805.4299999999998,92.98615842209335
2021-03-04 07:47:00,628.3199999999999,81.74178762414058
2021-03-04 07:48:00,544.31,81.71813856074664
2021-03-04 07:49:00,553.96,78.30890316990397
2021-03-04 07:50:00,1078.0,87.57884972170686
2021-03-04 07:51:00,1419.8600000000001,91.52310791204766
2021-03-04 07:52:00,2510.55,92.23476927366512
2021-03-04 07:53:00,2692.55,94.8283225938237
2021-03-04 07:54:00,2763.5,93.70725529220192
2021-03-04 07:55:00,2858.46,94.21156846693674
2021-03-04 07:56:00,2843.88,93.80494254328592
2021-03-04 07:57:00,2802.04,93.89230703344707
2021-03-04 07:58:00,2884.26,94.11079444987622
2021-03-04 07:59:00,2921.9400000000005,93.77331498935636
2021-03-04 08:00:00,2862.0,94.70300489168415
2021-03-04 08:01:00,2832.83,94.24144759833806
2021-03-04 08:02:00,2800.7200000000003,93.57593761604159
2021-03-04 08:03:00,2774.76,94.41897677636985
2021-03-04 08:04:00,2750.43,94.31252567780312
2021-03-04 08:05:00,2722.34,95.10200783149789
2021-03-04 08:06:00,2636.69,94.55794955038324
2021-03-04 08:07:00,2716.7799999999997,94.83653442678465
2021-03-04 08:08:00,2745.33,94.32745790123592
2021-03-04 08:09:00,2764.96,93.41183959261618
2021-03-04 08:10:00,2796.5600000000004,93.77234888577394
2021-03-04 08:11:00,2802.8,94.37348365919793
2021-03-04 08:12:00,2842.39,93.99836053462053
2021-03-04 08:13:00,2845.5699999999997,94.62778986283944
2021-03-04 08:14:00,2868.16,94.29041615530515
2021-03-04 08:15:00,2888.4600000000005,94.03626846139463
2021-03-04 08:16:00,2898.1800000000003,94.09698500438205
2021-03-04 08:17:00,2946.3500000000004,93.20345512243962
2021-03-04 08:18:00,2989.8399999999997,93.1220399753833
2021-03-04 08:19:00,3045.51,94.20097126589636
2021-03-04 08:20:00,3114.02,94.08417415430858
2021-03-04 08:21:00,3157.09,94.62511363312417
2021-03-04 08:22:00,3101.9700000000003,94.04991021834512
2021-03-04 08:23:00,3061.8199999999997,94.06170186359748
2021-03-04 08:24:00,3055.69,94.4565711835952
2021-03-04 08:25:00,3064.72,93.98248453366051
2021-03-04 08:26:00,3049.64,94.74560931782112
2021-03-04 08:27:00,3001.05,93.43396477899401
2021-03-04 08:28:00,3101.2599999999998,93.04605224973076
2021-03-04 08:29:00,2883.1900000000005,94.71453494219942
2021-03-04 08:30:00,3247.31,93.70833089541806
2021-03-04 08:31:00,3394.5600000000004,94.5601197209653
2021-03-04 08:32:00,2038.3099999999997,94.3477684944881
2021-03-04 08:33:00,2416.16,92.56837295543342
2021-03-04 08:34:00,3541.62,93.82429509659423
2021-03-04 08:35:00,2701.87,93.305747500805
2021-03-04 08:36:00,3474.8999999999996,93.72643817088263
2021-03-04 08:37:00,3303.7200000000003,94.30883973218069
2021-03-04 08:38:00,3248.18,94.25893885191091
2021-03-04 08:39:00,3310.4400000000005,93.96938171360905
2021-03-04 08:40:00,2314.4,93.42810231593502
2021-03-04 08:41:00,2398.69,93.71365203506915
2021-03-04 08:42:00,3210.4300000000003,94.04347704201616
2021-03-04 08:43:00,3477.34,94.5895425813984
2021-03-04 08:44:00,3450.8500000000004,93.91309387542199
2021-03-04 08:45:00,3379.84,95.08734141261125
2021-03-04 08:46:00,3391.36,93.6939752783544
2021-03-04 08:47:00,3358.96,95.47300354871746
2021-03-04 08:48:00,3373.12,94.3696044018594
2021-03-04 08:49:00,3386.2400000000002,94.66546966546966
2021-03-04 08:50:00,3393.7900000000004,94.93221442693861
2021-03-04 08:51:00,3446.95,93.76985450905873
2021-03-04 08:52:00,3438.05,94.2511016419191
2021-03-04 08:53:00,3436.55,94.41154646374997
2021-03-04 08:54:00,3428.19,94.2013132294301
2021-03-04 08:55:00,3443.84,93.8603419438766
2021-03-04 08:56:00,3439.8,93.74963660677946
2021-03-04 08:57:00,3439.8,93.74963660677946
2021-03-04 08:58:00,3459.7200000000003,93.10580046940214
2021-03-04 08:59:00,3461.7,92.87055492965884
2021-03-04 09:00:00,3483.4799999999996,93.45252448700727
2021-03-04 09:01:00,3482.58,94.5218774586657
2021-03-04 09:02:00,3488.6900000000005,93.96363678056805
2021-03-04 09:03:00,3499.41,93.85296378532382
2021-03-04 09:04:00,3536.0,94.1289592760181
2021-03-04 09:05:00,3531.92,94.12444222972208
2021-03-04 09:06:00,3558.4799999999996,93.61862368202155
2021-03-04 09:07:00,3557.11,93.72496211812398
2021-03-04 09:08:00,3548.2,93.54884166619696
2021-03-04 09:09:00,3560.6499999999996,94.49117436423126
2021-03-04 09:10:00,3578.34,93.6411855776701
2021-03-04 09:11:00,2785.5,60.822114521629864
2021-03-04 09:12:00,3613.2400000000002,93.86035801662773
2021-03-04 09:13:00,3607.08,94.45035873892456
2021-03-04 09:14:00,3615.5,94.63144793251278
2021-03-04 09:15:00,3649.1000000000004,94.50823490723738
2021-03-04 09:16:00,3659.6000000000004,94.15783145698983
2021-03-04 09:17:00,3689.16,93.3383209185831
2021-03-04 09:18:00,3689.87,93.94639919563562
2021-03-04 09:19:00,3741.12,92.88662218800788
2021-03-04 09:20:00,3732.48,93.77411265432099
2021-03-04 09:21:00,3736.0800000000004,94.38770047750583
2021-03-04 09:22:00,3767.96,94.10662533572544
2021-03-04 09:23:00,3751.2,94.09255704841118
2021-03-04 09:24:00,3760.6800000000003,94.33932161204889
2021-03-04 09:25:00,3749.04,94.90162815013977
2021-03-04 09:26:00,3765.34,93.52409078595824
2021-03-04 09:27:00,3771.91,94.02398254465245
2021-03-04 09:28:00,3792.5,94.06196440342782
2021-03-04 09:29:00,3806.4500000000003,93.42563280747152
2021-03-04 09:30:00,3804.48,94.25729666077886
2021-03-04 09:31:00,3825.8,93.65361493021067
2021-03-04 09:32:00,3849.6,93.71882793017457
2021-03-04 09:33:00,3884.25,93.24580034755745
2021-03-04 09:34:00,3871.5,93.71561410306083
2021-03-04 09:35:00,3887.25,93.50054665894912
2021-03-04 09:36:00,3880.09,94.09317825101995
2021-03-04 09:37:00,3890.71,94.73335201030146
2021-03-04 09:38:00,3915.5199999999995,93.6350727361883
2021-03-04 09:39:00,3907.1599999999994,94.24492470234136
2021-03-04 09:40:00,3923.8600000000006,94.23373922617013
2021-03-04 09:41:00,3955.49,93.60407939345062
2021-03-04 09:42:00,3944.71,94.13619759120444
2021-03-04 09:43:00,3961.6500000000005,93.88512362273295
2021-03-04 09:44:00,4035.9500000000007,93.63594692699363
2021-03-04 09:45:00,2913.96,93.57026177435517
2021-03-04 09:46:00,4117.6,94.04507480085485
2021-03-04 09:47:00,4056.6500000000005,94.13925283177005
2021-03-04 09:48:00,4040.8500000000004,94.35886014081196
2021-03-04 09:49:00,4040.0600000000004,94.124839730103
2021-03-04 09:50:00,4086.3999999999996,93.22631166797181
2021-03-04 09:51:00,4090.5199999999995,93.82425706267176
2021-03-04 09:52:00,4089.6000000000004,94.44199921752738
2021-03-04 09:53:00,4112.0,93.59192607003891
2021-03-04 09:54:00,4063.5699999999997,94.29393365931928
2021-03-04 09:55:00,4103.459999999999,94.02309270713009
2021-03-04 09:56:00,4121.28,93.91014442115072
2021-03-04 09:57:00,4133.24,94.06180139551539
2021-03-04 09:58:00,4156.58,93.74293289194482
2021-03-04 09:59:00,4115.61,93.96662949113257
2021-03-04 10:00:00,4095.42,94.64963300467352
2021-03-04 10:01:00,4193.990000000001,93.82235055400703
2021-03-04 10:02:00,4228.02,94.19302652305333
2021-03-04 10:03:00,4241.3,94.02305896776932
2021-03-04 10:04:00,4275.5,94.17611975207578
2021-03-04 10:05:00,4247.9400000000005,94.6105641793434
2021-03-04 10:06:00,4302.9800000000005,93.36320410506207
2021-03-04 10:07:00,4420.469999999999,93.3678997934609
2021-03-04 10:08:00,3530.3599999999997,93.45789097995673
2021-03-04 10:09:00,4542.33,93.59293578405796
2021-03-04 10:10:00,4631.66,93.32938946295712
2021-03-04 10:11:00,4001.5599999999995,94.70556482971642
2021-03-04 10:12:00,2230.59,92.76021142388335
2021-03-04 10:13:00,1822.6799999999998,96.18803081177168
2021-03-04 10:14:00,997.5999999999999,86.04651162790698
2021-03-04 10:15:00,832.1700000000001,85.12683706454209
2021-03-04 10:16:00,811.36,85.27657266811279
2021-03-04 10:17:00,826.24,87.67428350116188
2021-03-04 10:18:00,938.52,87.60601798576482
2021-03-04 10:19:00,1057.6,89.65582450832073
2021-03-04 10:20:00,1199.81,89.29747209974914
2021-03-04 10:21:00,1353.25,89.00055422131905
2021-03-04 10:22:00,1476.63,89.53495459255195
2021-03-04 10:23:00,1586.3,90.96639979827272
2021-03-04 10:24:00,1726.6399999999999,91.42033081591995
2021-03-04 10:25:00,1930.95,90.47877987519097
2021-03-04 10:26:00,2148.8999999999996,92.58225138442926
2021-03-04 10:27:00,2292.38,93.5403379893386
2021-03-04 10:28:00,2641.4399999999996,92.95308619540859
2021-03-04 10:29:00,3068.86,93.52984495871432
2021-03-04 10:30:00,2872.33,94.49471335118179
2021-03-04 10:31:00,3665.79,93.26502609260214
2021-03-04 10:32:00,3644.83,94.40495167127136
2021-03-04 10:33:00,4167.0,93.87568994480442
2021-03-04 10:34:00,4211.77,94.44485335144131
2021-03-04 10:35:00,4156.49,93.93983866194795
2021-03-04 10:36:00,4639.65,94.20322653648444
2021-03-04 10:37:00,4440.15,94.48104230712929
2021-03-04 10:38:00,4226.15,93.80641955444081
2021-03-04 10:39:00,4509.48,94.02192714015807
2021-03-04 10:40:00,4634.929999999999,94.5861102540923
2021-03-04 10:41:00,4606.200000000001,93.10494550822803
2021-03-04 10:42:00,3551.2800000000007,60.61758014011848
2021-03-04 10:43:00,4489.93,94.01037432654852
2021-03-04 10:44:00,4475.68,94.30522289350445
2021-03-04 10:45:00,4439.17,93.94774248339216
2021-03-04 10:46:00,4429.169999999999,94.06954350363614
2021-03-04 10:47:00,4416.99,93.76068318017474
2021-03-04 10:48:00,4406.549999999999,93.5788768991615
2021-03-04 10:49:00,4410.9,93.56140470198827
2021-03-04 10:50:00,4390.299999999999,93.24647518392823
2021-03-04 10:51:00,4392.629999999999,94.007462499687
2021-03-04 10:52:00,4371.15,93.63897372544983
2021-03-04 10:53:00,4368.54,93.37902365550048
2021-03-04 10:54:00,4372.62,94.54743380398936
2021-03-04 10:55:00,4387.619999999999,93.5928817901277
2021-03-04 10:56:00,3236.59,95.69330684454934
2021-03-04 10:57:00,3687.8,91.29291176311078
2021-03-04 10:58:00,4500.73,94.00919406407407
2021-03-04 10:59:00,4480.139999999999,92.86540152763084
2021-03-04 11:00:00,4487.84,93.65084316731433
2021-03-04 11:01:00,4446.4400000000005,95.31220482003579
2021-03-04 11:02:00,4519.8,93.59263684233815
2021-03-04 11:03:00,4532.46,93.7901272156842
2021-03-04 11:04:00,3738.4799999999996,95.03595043975093
2021-03-04 11:05:00,3887.88,93.92007983785507
2021-03-04 11:06:00,2666.96,93.5072142064373
2021-03-04 11:07:00,4126.24,93.49674279731668
2021-03-04 11:08:00,4181.509999999999,93.87517906210915
2021-03-04 11:09:00,2430.8900000000003,93.39377758763251
2021-03-04 11:10:00,4536.9,93.80854768674646
2021-03-04 11:11:00,4447.52,93.21149764363061
2021-03-04 11:12:00,3441.0099999999993,60.6333605540234
2021-03-04 11:13:00,4433.4400000000005,93.0518964957234
2021-03-04 11:14:00,4438.72,93.27013192992574
2021-03-04 11:15:00,4381.32,94.5240247231428
2021-03-04 11:16:00,4399.589999999999,93.28369234405936
2021-03-04 11:17:00,4382.19,94.20860346082667
2021-03-04 11:18:00,4378.709999999999,93.96603109134884
2021-03-04 11:19:00,4382.19,94.13558061152074
2021-03-04 11:20:00,4377.84,93.2354768561665
2021-03-04 11:21:00,4372.619999999999,93.93224199678913
2021-03-04 11:22:00,4368.2699999999995,93.26804432876173
2021-03-04 11:23:00,4347.79,94.27548248650464
2021-03-04 11:24:00,4351.74,93.8865832977154
2021-03-04 11:25:00,4326.66,93.8160151248307
2021-03-04 11:26:00,4454.450000000001,93.72425327481506
2021-03-04 11:27:00,4369.139999999999,94.4854136054235
2021-03-04 11:28:00,4359.57,94.19965730565171
2021-03-04 11:29:00,4358.699999999999,94.79431940716272
2021-03-04 11:30:00,4386.539999999999,93.89632831343157
2021-03-04 11:31:00,4383.0599999999995,93.8157360382929
2021-03-04 11:32:00,4362.110000000001,94.11729644598599
2021-03-04 11:33:00,4379.58,94.32411327113559
2021-03-04 11:34:00,4387.51,93.68183776219313
2021-03-04 11:35:00,4387.55,93.47813700128772
2021-03-04 11:36:00,4371.75,94.62343455138102
2021-03-04 11:37:00,4385.669999999999,94.4507908711782
2021-03-04 11:38:00,4414.379999999999,93.76175136712293
2021-03-04 11:39:00,4416.99,94.14556066461549
2021-03-04 11:40:00,4384.799999999999,94.6018062397373
2021-03-04 11:41:00,4379.58,94.10719749382362
2021-03-04 11:42:00,4416.72,93.62603923273379
2021-03-04 11:43:00,4392.790000000001,94.3546128997744
2021-03-04 11:44:00,4412.9,93.7206825443586
2021-03-04 11:45:00,4410.03,93.37804958242914
2021-03-04 11:46:00,4409.16,93.88636384254599
2021-03-04 11:47:00,4343.039999999999,93.66480621868554
2021-03-04 11:48:00,4366.45,93.8680163519564
2021-03-04 11:49:00,4381.43,93.62696653832195
2021-03-04 11:50:00,4264.33,93.81544111267186
2021-03-04 11:51:00,4394.72,94.41102049732406
2021-03-04 11:52:00,4382.400000000001,94.37066447608615
2021-03-04 11:53:00,4390.320000000001,94.12297964613057
2021-03-04 11:54:00,4282.98,94.24512839191405
2021-03-04 11:55:00,4368.320000000001,94.03386198813271
2021-03-04 11:56:00,4361.89,94.4567607161116
2021-03-04 11:57:00,4485.389999999999,93.75327452016437
2021-03-04 11:58:00,3271.62,93.54387123198904
2021-03-04 11:59:00,4513.48,94.33740705619611
2021-03-04 12:00:00,4445.55,94.31903813926286
2021-03-04 12:01:00,4444.66,93.67420680097015
2021-03-04 12:02:00,4428.75,93.68331922099915
2021-03-04 12:03:00,4415.84,94.15422660241313
2021-03-04 12:04:00,4426.400000000001,93.43258630037953
2021-03-04 12:05:00,4412.32,92.8627116800232
2021-03-04 12:06:00,4388.43,94.17263121435228
2021-03-04 12:07:00,4392.960000000001,94.38283071095569
2021-03-04 12:08:00,4375.22,94.40896686338058
2021-03-04 12:09:00,4364.8,94.27465175953078
2021-03-04 12:10:00,4389.299999999999,94.06511288815986
2021-03-04 12:11:00,4411.96,93.69758565354172
2021-03-04 12:12:00,4372.62,94.10605083451111
2021-03-04 12:13:00,4368.320000000001,93.5027653651747
2021-03-04 12:14:00,4367.39,93.70814147580133
2021-03-04 12:15:00,4354.349999999999,93.75452134072825
2021-03-04 12:16:00,4390.96,93.89290724579591
2021-03-04 12:17:00,4387.41,94.18312854280771
2021-03-04 12:18:00,4375.28,93.36773875043426
2021-03-04 12:19:00,4329.99,94.67689301822868
2021-03-04 12:20:00,4343.04,94.23353227232538
2021-03-04 12:21:00,4336.119999999999,94.31934540556999
2021-03-04 12:22:00,4339.07,93.54078178042762
2021-03-04 12:23:00,4373.7,93.50435557994375
2021-03-04 12:24:00,4363.92,93.9338942968707
2021-03-04 12:25:00,4322.16,94.41112776944861
2021-03-04 12:26:00,4306.969999999999,94.49102269112626
2021-03-04 12:27:00,4220.72,93.65226785951212
2021-03-04 12:28:00,4378.74,93.90829325331032
2021-03-04 12:29:00,4363.049999999999,94.96338570495413
2021-03-04 12:30:00,4391.200000000001,94.0995627618874
2021-03-04 12:31:00,4516.2,94.69465479828175
2021-03-04 12:32:00,3770.96,93.99728451110593
2021-03-04 12:33:00,4198.96,93.24213614799855
2021-03-04 12:34:00,2858.7700000000004,93.94949576216344
2021-03-04 12:35:00,4366.67,93.74191317411209
2021-03-04 12:36:00,4640.48,94.53978898734616
2021-03-04 12:37:00,3894.1099999999997,94.00093988099978
2021-03-04 12:38:00,4551.299999999999,94.24779733263026
2021-03-04 12:39:00,4125.87,93.38878830404255
2021-03-04 12:40:00,4522.5,93.68269762299613
2021-03-04 12:41:00,4522.5,93.57435046987284
2021-03-04 12:42:00,4510.799999999999,94.32916555821585
2021-03-04 12:43:00,4537.889999999999,93.66467675505577
2021-03-04 12:44:00,4615.639999999999,94.8535847683095
2021-03-04 12:45:00,4622.6,95.07420066629169
2021-03-04 12:46:00,4557.72,94.0031419218381
2021-03-04 12:47:00,3971.25,94.48662259993705
2021-03-04 12:48:00,1886.3600000000001,93.11584215102101
2021-03-04 12:49:00,1885.15,91.65848871442591
2021-03-04 12:50:00,2201.07,92.55498462111609
2021-03-04 12:51:00,3082.9399999999996,93.40759145490993
2021-03-04 12:52:00,4707.2,93.48232494901427
2021-03-04 12:53:00,2621.46,95.45825608630305
2021-03-04 12:54:00,3002.0699999999997,93.79528125593342
2021-03-04 12:55:00,2173.92,92.55170383454772
2021-03-04 12:56:00,2469.8500000000004,93.17569892908476
2021-03-04 12:57:00,3539.39,93.14316873811589
2021-03-04 12:58:00,4710.78,93.8846645353848
2021-03-04 12:59:00,2801.8499999999995,95.86880097078718
2021-03-04 13:00:00,3031.2599999999998,91.86278973100296
2021-03-04 13:01:00,4762.76,94.1449915595159
2021-03-04 13:02:00,4546.09,93.36154805558184
2021-03-04 13:03:00,3134.94,94.1836207391529
2021-03-04 13:04:00,3676.3799999999997,93.60838651064364
2021-03-04 13:05:00,4297.49,95.5278546314244
2021-03-04 13:06:00,4011.78,93.83365987167791
2021-03-04 13:07:00,3923.49,95.90441163352017
2021-03-04 13:08:00,2278.76,94.25740314908107
2021-03-04 13:09:00,3622.6499999999996,92.21150262929072
2021-03-04 13:10:00,4680.83,94.14142363640637
2021-03-04 13:11:00,4584.389999999999,94.28517207305661
2021-03-04 13:12:00,4399.76,94.80289833990946
2021-03-04 13:13:00,2957.84,94.53182051767504
2021-03-04 13:14:00,2702.4400000000005,93.58579653942361
2021-03-04 13:15:00,2778.2599999999998,93.8285113704261
2021-03-04 13:16:00,3375.96,94.07990616002559
2021-03-04 13:17:00,2419.5999999999995,93.18069102330966
2021-03-04 13:18:00,2375.55,92.81219086106375
2021-03-04 13:19:00,2503.2200000000003,93.47959827741867
2021-03-04 13:20:00,3599.7799999999997,95.06136486118596
2021-03-04 13:21:00,4678.73,92.40328037736738
2021-03-04 13:22:00,4046.9300000000003,93.17927416584917
2021-03-04 13:23:00,3805.38,94.29018915325145
2021-03-04 13:24:00,4064.49,94.6145764905314
2021-03-04 13:25:00,3668.71,93.41158063733573
2021-03-04 13:26:00,2625.48,93.08012249188721
2021-03-04 13:27:00,2080.8,93.04594386774316
2021-03-04 13:28:00,2413.62,92.57878207837192
2021-03-04 13:29:00,2127.6,93.66422259823275
2021-03-04 13:30:00,1842.0500000000002,93.81395727586111
2021-03-04 13:31:00,1809.1399999999999,92.81758183446279
2021-03-04 13:32:00,1816.62,93.29413966597308
2021-03-04 13:33:00,2490.66,92.13622092136222
2021-03-04 13:34:00,2361.04,92.74302849591705
2021-03-04 13:35:00,4751.49,93.86529278184317
2021-03-04 13:36:00,4751.49,93.86529278184317
2021-03-04 13:37:00,4633.889999999999,93.73981687092272
2021-03-04 13:38:00,4773.12,93.37707830517566
2021-03-04 13:39:00,4539.21,93.83130544742366
2021-03-04 13:40:00,4250.58,93.89777395084906
2021-03-04 13:41:00,3524.96,95.88761290908265
2021-03-04 13:42:00,2265.5600000000004,93.34116068433408
2021-03-04 13:43:00,2228.5699999999997,92.22505911862766
2021-03-04 13:44:00,2508.48,92.1633818089042
2021-03-04 13:45:00,2603.3700000000003,92.66834910135707
2021-03-04 13:46:00,4056.0699999999997,93.73112396975398
2021-03-04 13:47:00,4014.52,94.30766318264699
2021-03-04 13:48:00,2836.56,94.06464167865302
2021-03-04 13:49:00,2591.61,92.93064928750854
2021-03-04 13:50:00,2545.92,93.24330693815988
2021-03-04 13:51:00,2979.7599999999998,94.21228555319892
2021-03-04 13:52:00,2588.7200000000003,92.63265243054481
2021-03-04 13:53:00,2739.73,92.77556547543007
2021-03-04 13:54:00,2280.29,92.64172539457701
2021-03-04 13:55:00,2120.4,92.38822863610639
2021-03-04 13:56:00,2040.6,92.47770263647946
2021-03-04 13:57:00,2388.5,92.26292652292233
2021-03-04 13:58:00,3341.42,94.1396172884582
2021-03-04 13:59:00,2315.12,92.85479802342859
2021-03-04 14:00:00,2021.6,93.34685397704789
2021-03-04 14:01:00,1971.73,92.11200316473351
2021-03-04 14:02:00,1986.16,92.26849800620292
2021-03-04 14:03:00,2078.38,93.5295759197067
2021-03-04 14:04:00,2439.0,93.78023780237802
2021-03-04 14:05:00,2297.08,92.68723771048461
2021-03-04 14:06:00,2550.69,92.48477862852796
2021-03-04 14:07:00,2202.93,93.03518495821474
2021-03-04 14:08:00,3058.7200000000003,92.77083224355285
2021-03-04 14:09:00,4059.43,93.48356789007323
2021-03-04 14:10:00,3939.0200000000004,94.38388228544156
2021-03-04 14:11:00,2588.67,96.08022652559035
2021-03-04 14:12:00,2352.4700000000003,92.42625835823624
2021-03-04 14:13:00,3933.74,93.4250865588473
2021-03-04 14:14:00,2866.5,94.29269143554858
2021-03-04 14:15:00,3339.63,93.70199692780338
2021-03-04 14:16:00,2015.9099999999999,91.62115372214038
2021-03-04 14:17:00,2612.2400000000002,93.67822252166722
2021-03-04 14:18:00,1772.8600000000001,91.89670927202374
2021-03-04 14:19:00,1597.5,91.84976525821595
2021-03-04 14:20:00,2054.66,90.88121635696417
2021-03-04 14:21:00,2160.4,92.07091279392704
2021-03-04 14:22:00,2738.45,93.88887874527562
2021-03-04 14:23:00,2290.3,93.96585600139719
2021-03-04 14:24:00,1377.7400000000002,88.93550307024546
2021-03-04 14:25:00,1130.47,89.36106221306183
2021-03-04 14:26:00,1073.6,90.83457526080478
2021-03-04 14:27:00,1077.4,90.61629849638017
2021-03-04 14:28:00,1105.3899999999999,89.34403242294576
2021-03-04 14:29:00,1090.0,87.75229357798166
2021-03-04 14:30:00,1120.62,89.11138476914566
2021-03-04 14:31:00,1264.77,88.33226594558695
2021-03-04 14:32:00,1319.28,90.86016615123401
2021-03-04 14:33:00,1438.8400000000001,89.8779572433349
2021-03-04 14:34:00,1496.3400000000001,89.99291604849164
2021-03-04 14:35:00,1518.2799999999997,91.39289195668783
2021-03-04 14:36:00,1595.29,90.42243103134854
2021-03-04 14:37:00,1494.45,92.76322392853558
2021-03-04 14:38:00,1519.3600000000001,90.88695240101094
2021-03-04 14:39:00,1490.67,89.47654410432891
2021-03-04 14:40:00,1362.25,90.04220957973939
2021-03-04 14:41:00,1167.97,90.14786338690207
2021-03-04 14:42:00,984.24,89.2973258554824
2021-03-04 14:43:00,884.01,86.00581441386409
2021-03-04 14:44:00,761.18,88.58614256811792
2021-03-04 14:45:00,660.72,82.07712798159582
2021-03-04 14:46:00,665.76,82.35700552751742
2021-03-04 14:47:00,693.86,82.35090652292969
2021-03-04 14:48:00,723.71,80.47422310041314
2021-03-04 14:49:00,672.5999999999999,81.14778471602736
2021-03-04 14:50:00,609.73,81.00306693126466
2021-03-04 14:51:00,511.07000000000005,76.79965562447414
2021-03-04 14:52:00,124.98,32.56521043366939
2021-03-04 14:53:00,64.18,-35.21346213773761
2021-03-04 14:54:00,64.13,-46.62404490877904
2021-03-04 14:55:00,295.4,58.8693297224103
2021-03-04 14:56:00,510.92,75.6478509355672
2021-03-04 14:57:00,511.77,83.08419797956114
2021-03-04 14:58:00,520.3299999999999,78.96911575346415
2021-03-04 14:59:00,523.0400000000001,74.81263383297645
2021-03-04 15:00:00,497.25,74.99245852187029
2021-03-04 15:01:00,498.78,75.96535546734032
2021-03-04 15:02:00,497.25,80.44243338360985
2021-03-04 15:03:00,527.49,78.02991525905705
2021-03-04 15:04:00,586.6600000000001,75.39290219207035
2021-03-04 15:05:00,645.18,82.3026132242165
2021-03-04 15:06:00,731.3800000000001,83.04848368836991
2021-03-04 15:07:00,818.46,84.46350463064779
2021-03-04 15:08:00,849.1499999999999,87.20485191073428
2021-03-04 15:09:00,904.32,86.61756900212313
2021-03-04 15:10:00,928.56,88.06108382872405
2021-03-04 15:11:00,952.6800000000001,85.88403241382206
2021-03-04 15:12:00,956.4199999999998,87.95299136362688
2021-03-04 15:13:00,1042.39,88.60407333147862
2021-03-04 15:14:00,1132.8,89.40677966101694
2021-03-04 15:15:00,1251.1400000000003,89.22262896238628
2021-03-04 15:16:00,1337.04,90.21420451145815
2021-03-04 15:17:00,1332.35,89.38342027245095
2021-03-04 15:18:00,1273.77,90.26747371974531
2021-03-04 15:19:00,1232.88,88.36220881188761
2021-03-04 15:20:00,1122.6,89.30162123641547
2021-03-04 15:21:00,1067.9899999999998,86.171218831637
2021-03-04 15:22:00,970.28,87.49020901183164
2021-03-04 15:23:00,611.8399999999999,57.92364016736402
2021-03-04 15:24:00,746.62,83.21502236746939
2021-03-04 15:25:00,659.52,84.57666181465308
2021-03-04 15:26:00,598.62,84.06000467742474
2021-03-04 15:27:00,573.78,81.54693436508767
2021-03-04 15:28:00,551.2,80.35195936139331
2021-03-04 15:29:00,523.16,79.61235568468538
2021-03-04 15:30:00,495.45,77.52548188515492
2021-03-04 15:31:00,465.35,81.16471473084775
2021-03-04 15:32:00,440.72,75.46741695407515
2021-03-04 15:33:00,439.6,68.97179253867152
2021-03-04 15:34:00,410.75,77.58977480219112
2021-03-04 15:35:00,386.18999999999994,72.37370206375101
2021-03-04 15:36:00,388.5,74.49163449163449
2021-03-04 15:37:00,413.49,70.7393165493724
2021-03-04 15:38:00,413.61,71.80677449771522
2021-03-04 15:39:00,440.56,71.97657526784094
2021-03-04 15:40:00,440.80000000000007,74.77313974591651
2021-03-04 15:41:00,440.88,79.59081836327346
2021-03-04 15:42:00,464.9200000000001,73.66858814419685
2021-03-04 15:43:00,466.19000000000005,75.87035328943134
2021-03-04 15:44:00,467.63,77.5613198468875
2021-03-04 15:45:00,467.33000000000004,76.5626003038538
2021-03-04 15:46:00,442.4,80.0632911392405
2021-03-04 15:47:00,465.14,77.91202648664918
2021-03-04 15:48:00,396.9,82.26253464348703
2021-03-04 15:49:00,64.43,-44.3892596616483
2021-03-04 15:50:00,29.85,-53.60134003350083
2021-03-04 15:51:00,64.6,-37.15170278637771
2021-03-04 15:52:00,504.81,76.44460291991045
2021-03-04 15:53:00,598.6200000000001,79.13200360829907
2021-03-04 15:54:00,654.0,79.15902140672783
2021-03-04 15:55:00,664.3199999999999,83.19785645472064
2021-03-04 15:56:00,726.44,80.77749022630911
2021-03-04 15:57:00,753.78,83.48589774204675
2021-03-04 15:58:00,779.0999999999999,87.12617122320627
2021-03-04 15:59:00,838.2,85.13481269386781
2021-03-04 16:00:00,1014.8399999999999,86.25004926885026
2021-03-04 16:01:00,1304.79,87.89153810191678
2021-03-04 16:02:00,1091.8799999999999,89.99157416565924
2021-03-04 16:03:00,1348.8,89.56109134045077
2021-03-04 16:04:00,1002.5999999999999,89.62696987831639
2021-03-04 16:05:00,941.29,85.01099554866195
2021-03-04 16:06:00,879.3600000000001,86.16493813682678
2021-03-04 16:07:00,828.3,87.3958710612097
2021-03-04 16:08:00,827.55,85.86792338831492
2021-03-04 16:09:00,829.8,87.67172812725958
2021-03-04 16:10:00,826.05,84.74063313358756
2021-03-04 16:11:00,825.0,82.18181818181817
2021-03-04 16:12:00,826.5,86.12220205686629
2021-03-04 16:13:00,826.6500000000001,81.67906611020383
2021-03-04 16:14:00,830.4,87.5
2021-03-04 16:15:00,850.36,86.9631685403829
2021-03-04 16:16:00,827.4000000000001,87.0195794053662
2021-03-04 16:17:00,889.1200000000001,87.20982544538418
2021-03-04 16:18:00,1252.4699999999998,88.36139787779351
2021-03-04 16:19:00,1346.1599999999999,87.75331312771142
2021-03-04 16:20:00,937.72,85.17467900865931
2021-03-04 16:21:00,880.8000000000001,83.5603996366939
2021-03-04 16:22:00,884.1600000000001,87.91395222584146
2021-03-04 16:23:00,1297.6599999999999,89.8463387944454
2021-03-04 16:24:00,885.12,86.75659797541576
2021-03-04 16:25:00,767.76,81.04095029696781
2021-03-04 16:26:00,712.6600000000001,82.38150029467066
2021-03-04 16:27:00,653.04,82.75143942178121
2021-03-04 16:28:00,618.73,80.7945307323065
2021-03-04 16:29:00,594.33,82.34482526542493
2021-03-04 16:30:00,565.45,84.30453621009815
2021-03-04 16:31:00,566.99,81.95911744475211
2021-03-04 16:32:00,542.2,83.234968646256
2021-03-04 16:33:00,569.3199999999999,82.8005339703506
2021-03-04 16:34:00,541.9,81.52795718767301
2021-03-04 16:35:00,539.2,76.70623145400593
2021-03-04 16:36:00,512.26,79.00285011517589
2021-03-04 16:37:00,489.15000000000003,76.9702545231524
2021-03-04 16:38:00,458.61,78.10557990449401
2021-03-04 16:39:00,459.04,73.23980481003834
2021-03-04 16:40:00,432.88,73.46146738126039
2021-03-04 16:41:00,434.88,76.41188373804269
2021-03-04 16:42:00,434.64000000000004,66.95196024295969
2021-03-04 16:43:00,405.18,71.77057110420061
2021-03-04 16:44:00,403.98,71.81048566760731
2021-03-04 16:45:00,404.56,64.68756179553094
2021-03-04 16:46:00,435.44000000000005,66.16296160205769
2021-03-04 16:47:00,434.24,69.36256448047162
2021-03-04 16:48:00,435.84000000000003,79.04276798825256
2021-03-04 16:49:00,494.54999999999995,78.41472045293702
2021-03-04 16:50:00,434.8,78.2658693652254
2021-03-04 16:51:00,461.26,77.8302909422018
2021-03-04 16:52:00,615.23,82.0018529655576
2021-03-04 16:53:00,646.4200000000001,81.49500324866185
2021-03-04 16:54:00,681.36,80.29529176940238
2021-03-04 16:55:00,623.59,83.37208742924037
2021-03-04 16:56:00,592.94,80.81762066988227
2021-03-04 16:57:00,503.73,82.6633315466619
2021-03-04 16:58:00,506.07000000000005,81.60926354061691
2021-03-04 16:59:00,504.9,75.97544068132305
2021-03-04 17:00:00,504.27,78.48969797925714
2021-03-04 17:01:00,506.43000000000006,79.53715222241968
2021-03-04 17:02:00,506.7,73.06098283007697
2021-03-04 17:03:00,473.66,81.53527846978845
2021-03-04 17:04:00,474.80000000000007,78.68576242628474
2021-03-04 17:05:00,446.08,74.87446197991392
2021-03-04 17:06:00,378.90999999999997,67.45665197540313
2021-03-04 17:07:00,318.0,73.0503144654088
2021-03-04 17:08:00,274.62,60.22867963003423
2021-03-04 17:09:00,260.1,55.01730103806227
2021-03-04 17:10:00,260.75,54.53499520613614
2021-03-04 17:11:00,230.37,55.823240873377614
2021-03-04 17:12:00,203.2,55.068897637795274
2021-03-04 17:13:00,209.04,35.92613853807883
2021-03-04 17:14:00,181.74,33.67448002641136
2021-03-04 17:15:00,157.32,36.231884057971016
2021-03-04 17:16:00,153.75,35.12195121951219
2021-03-04 17:17:00,126.62,23.45601010898752
2021-03-04 17:18:00,101.70000000000002,6.293018682399213
2021-03-04 17:19:00,102.47999999999999,-0.5854800936768151
2021-03-04 17:20:00,72.87,-9.880609304240426
2021-03-04 17:21:00,71.53999999999999,-10.763209393346381
2021-03-04 17:22:00,67.09,-27.873006409300938
2021-03-04 17:23:00,44.21000000000001,-73.73897308301288
2021-03-04 17:24:00,41.8,-68.42105263157896
2021-03-04 17:25:00,39.769999999999996,-35.705305506663315
2021-03-04 17:26:00,38.52,-85.15057113187953
2021-03-04 17:27:00,36.88,-58.02603036876355
2021-03-04 17:28:00,39.27,-58.05958747135217
2021-03-04 17:29:00,40.99000000000001,-63.18614296169795
2021-03-04 17:30:00,41.120000000000005,-39.396887159533065
2021-03-04 17:31:00,38.25000000000001,-90.45751633986927
2021-03-04 17:32:00,36.07,-72.35930135846964
2021-03-04 17:33:00,38.81,-12.110280855449625
2021-03-04 17:34:00,39.190000000000005,-41.337075784638934
2021-03-04 17:35:00,36.56,-68.92778993435448
2021-03-04 17:36:00,33.1,-82.17522658610271
2021-03-04 17:37:00,31.21,-93.55975648830503
2021-03-04 17:38:00,27.75,-100.54054054054053
2021-03-04 17:39:00,25.279999999999998,-57.357594936708864
2021-03-04 17:40:00,28.2,-79.7872340425532
2021-03-04 17:41:00,27.570000000000004,-83.0612985128763
2021-03-04 17:42:00,24.880000000000003,-112.13826366559483
2021-03-04 17:43:00,22.5,-60.0
2021-03-04 17:44:00,22.47,-133.0663106364041
2021-03-04 17:45:00,11.170000000000002,-174.57475380483436
2021-03-04 17:46:00,28.220000000000006,-59.88660524450743
2021-03-04 17:47:00,10.38,-254.3352601156069
2021-03-04 17:48:00,11.920000000000002,-106.54362416107381
2021-03-04 17:49:00,11.93,-295.05448449287513
2021-03-04 17:50:00,11.71,-120.40990606319384
2021-03-04 17:51:00,10.15,-245.32019704433498
2021-03-04 17:52:00,8.370000000000001,0.0
2021-03-04 17:53:00,8.64,0.0
2021-03-04 17:54:00,8.1,0.0
2021-03-04 17:55:00,8.76,0.0
2021-03-04 17:56:00,11.32,-215.54770318021198
2021-03-04 17:57:00,11.3,-209.73451327433628
2021-03-04 17:58:00,10.39,-264.6775745909528
2021-03-04 17:59:00,8.73,0.0
2021-03-04 18:00:00,4.28,0.0
2021-03-05 05:00:00,1.85,0.0
2021-03-05 05:01:00,2.16,0.0
2021-03-05 05:02:00,2.22,0.0
2021-03-05 05:03:00,2.22,0.0
2021-03-05 05:04:00,2.67,0.0
2021-03-05 05:05:00,2.77,0.0
2021-03-05 05:06:00,3.33,0.0
2021-03-05 05:07:00,3.8000000000000003,0.0
2021-03-05 05:08:00,3.8700000000000006,0.0
2021-03-05 05:09:00,4.32,0.0
2021-03-05 05:10:00,3.45,0.0
2021-03-05 05:11:00,3.34,0.0
2021-03-05 05:12:00,3.89,0.0
2021-03-05 05:13:00,4.16,0.0
2021-03-05 05:14:00,3.78,0.0
2021-03-05 05:15:00,4.36,0.0
2021-03-05 05:16:00,3.12,0.0
2021-03-05 05:17:00,3.41,0.0
2021-03-05 05:18:00,4.5600000000000005,0.0
2021-03-05 05:19:00,3.4600000000000004,0.0
2021-03-05 05:20:00,11.32,-244.69964664310956
2021-03-05 05:21:00,4.5200000000000005,0.0
2021-03-05 05:22:00,7.620000000000001,0.0
2021-03-05 05:23:00,19.060000000000002,-107.03043022035675
2021-03-05 05:24:00,21.44,-111.94029850746267
2021-03-05 05:25:00,22.91,-78.56831078131819
2021-03-05 05:26:00,27.810000000000002,-76.59115426105717
2021-03-05 05:27:00,49.71,-39.831019915509955
2021-03-05 05:28:00,52.24000000000001,-27.565084226646242
2021-03-05 05:29:00,53.19,-31.772889640909945
2021-03-05 05:30:00,54.870000000000005,-34.44505194095133
2021-03-05 05:31:00,55.86000000000001,-41.53240243465807
2021-03-05 05:32:00,26.04,-48.38709677419355
2021-03-05 05:33:00,57.080000000000005,-35.73931324456902
2021-03-05 05:34:00,56.17,-40.056969912764814
2021-03-05 05:35:00,57.95,-33.13201035375323
2021-03-05 05:36:00,58.41000000000001,-43.1432973805855
2021-03-05 05:37:00,57.3,-38.39441535776614
2021-03-05 05:38:00,58.99,-25.936599423631122
2021-03-05 05:39:00,59.27,-38.63674708959001
2021-03-05 05:40:00,58.58,-12.120177534994879
2021-03-05 05:41:00,122.03,23.109071539785297
2021-03-05 05:42:00,122.59,38.50232482257933
2021-03-05 05:43:00,149.67000000000002,19.442774103026657
2021-03-05 05:44:00,155.16,18.754833720030938
2021-03-05 05:45:00,157.29,25.557886706084304
2021-03-05 05:46:00,156.36,29.930928626247116
2021-03-05 05:47:00,157.26,42.09589215312222
2021-03-05 05:48:00,183.14,41.825925521459
2021-03-05 05:49:00,214.28,47.18125816688445
2021-03-05 05:50:00,215.12,56.526589810338415
2021-03-05 05:51:00,238.13,50.560618149750134
2021-03-05 05:52:00,235.7,59.01569792108613
2021-03-05 05:53:00,265.7,55.51373729770418
2021-03-05 05:54:00,265.9,55.99849567506582
2021-03-05 05:55:00,264.6,68.06500377928948
2021-03-05 05:56:00,265.15,64.41636809353197
2021-03-05 05:57:00,263.45,65.51527804137407
2021-03-05 05:58:00,287.88,61.101847992218985
2021-03-05 05:59:00,290.09000000000003,68.22020752180357
2021-03-05 06:00:00,316.73999999999995,56.03965397486898
2021-03-05 06:01:00,290.25,64.8062015503876
2021-03-05 06:02:00,289.74,60.74411541381929
2021-03-05 06:03:00,286.15999999999997,59.93150684931508
2021-03-05 06:04:00,287.53999999999996,65.79954093343535
2021-03-05 06:05:00,287.88,65.7218285396693
2021-03-05 06:06:00,318.59999999999997,63.0571249215317
2021-03-05 06:07:00,314.52,70.997074907796
2021-03-05 06:08:00,341.61,67.21114721465999
2021-03-05 06:09:00,342.38,64.69419942753666
2021-03-05 06:10:00,348.11,67.96702191835914
2021-03-05 06:11:00,379.46999999999997,64.4056183624529
2021-03-05 06:12:00,380.52,71.84904867024072
2021-03-05 06:13:00,406.71000000000004,70.02532517026874
2021-03-05 06:14:00,405.91999999999996,78.7839968466693
2021-03-05 06:15:00,436.4,78.13932172318974
2021-03-05 06:16:00,436.32000000000005,80.10176017601759
2021-03-05 06:17:00,435.6,81.8870523415978
2021-03-05 06:18:00,434.72,71.49429517850571
2021-03-05 06:19:00,407.93999999999994,72.41260969750454
2021-03-05 06:20:00,406.4,74.08956692913387
2021-03-05 06:21:00,437.84000000000003,69.04348620500639
2021-03-05 06:22:00,404.8,74.38241106719367
2021-03-05 06:23:00,379.96,74.8236656490157
2021-03-05 06:24:00,382.54999999999995,74.39550385570514
2021-03-05 06:25:00,382.19999999999993,74.20198848770279
2021-03-05 06:26:00,381.42999999999995,71.33681147261622
2021-03-05 06:27:00,381.28999999999996,72.59566209446878
2021-03-05 06:28:00,404.01,67.27556248607708
2021-03-05 06:29:00,378.63,70.46456963262288
2021-03-05 06:30:00,381.36,72.4774491294315
2021-03-05 06:31:00,404.30999999999995,71.97447503153522
2021-03-05 06:32:00,433.44000000000005,72.35142118863048
2021-03-05 06:33:00,434.80000000000007,75.50597976080957
2021-03-05 06:34:00,435.36,71.57295112091143
2021-03-05 06:35:00,405.02,66.61399437064837
2021-03-05 06:36:00,405.31000000000006,67.89864548123657
2021-03-05 06:37:00,434.8,73.06807727690892
2021-03-05 06:38:00,552.1,78.84441224415866
2021-03-05 06:39:00,727.0899999999999,84.32243601204804
2021-03-05 06:40:00,840.75,85.18584597085935
2021-03-05 06:41:00,809.06,86.68083949274467
2021-03-05 06:42:00,775.04,83.82793146160199
2021-03-05 06:43:00,925.07,84.14498362286096
2021-03-05 06:44:00,1104.4,87.42303513219846
2021-03-05 06:45:00,1250.5499999999997,91.62368557834554
2021-03-05 06:46:00,1153.98,89.21298462711658
2021-03-05 06:47:00,911.5699999999999,87.65097578902335
2021-03-05 06:48:00,909.9100000000001,85.75573408359067
2021-03-05 06:49:00,901.6400000000001,86.60884610265737
2021-03-05 06:50:00,909.24,86.96273811094981
2021-03-05 06:51:00,935.85,84.72511620451995
2021-03-05 06:52:00,907.0699999999999,84.67924195486567
2021-03-05 06:53:00,907.35,85.36948255910067
2021-03-05 06:54:00,907.03,84.68297630728863
2021-03-05 06:55:00,938.5699999999999,83.96816433510554
2021-03-05 06:56:00,938.74,88.33116730937213
2021-03-05 06:57:00,938.74,87.9689796961885
2021-03-05 06:58:00,1002.2400000000001,88.63146551724135
2021-03-05 06:59:00,1142.1599999999999,87.09812985921413
2021-03-05 07:00:00,994.3199999999999,89.08600852844155
2021-03-05 07:01:00,967.78,90.01012626836679
2021-03-05 07:02:00,1144.17,86.28962479351844
2021-03-05 07:03:00,1226.2800000000002,90.96617412010306
2021-03-05 07:04:00,1228.92,87.84135663834911
2021-03-05 07:05:00,1251.08,91.01736100009593
2021-03-05 07:06:00,1158.5700000000002,88.26398059677014
2021-03-05 07:07:00,1052.98,88.34925639613287
2021-03-05 07:08:00,991.6200000000001,87.66462959601459
2021-03-05 07:09:00,992.8800000000001,89.55765047135606
2021-03-05 07:10:00,1049.75,90.22148130507264
2021-03-05 07:11:00,1165.08,87.97679129330174
2021-03-05 07:12:00,1248.3600000000001,90.11823512448332
2021-03-05 07:13:00,1332.24,88.61766648651894
2021-03-05 07:14:00,1391.25,90.84636118598384
2021-03-05 07:15:00,1385.0,90.69314079422382
2021-03-05 07:16:00,1729.8000000000002,93.76806567233206
2021-03-05 07:17:00,1641.3799999999999,91.33168431441835
2021-03-05 07:18:00,1427.92,94.34702224214242
2021-03-05 07:19:00,1145.3400000000001,87.97387675275463
2021-03-05 07:20:00,1039.68,88.88311788242535
2021-03-05 07:21:00,1006.6899999999999,88.62708480267014
2021-03-05 07:22:00,1043.1,87.47004122327678
2021-03-05 07:23:00,1097.4,89.27464917076726
2021-03-05 07:24:00,1188.93,89.27354848477202
2021-03-05 07:25:00,1388.25,88.67278948316225
2021-03-05 07:26:00,1679.7000000000003,91.6651783056498
2021-03-05 07:27:00,2018.5200000000004,93.16231694508846
2021-03-05 07:28:00,2565.4199999999996,93.36482915078234
2021-03-05 07:29:00,2245.1499999999996,93.7264770728014
2021-03-05 07:30:00,1821.6,91.05731225296442
2021-03-05 07:31:00,1823.9099999999999,91.95629170298974
2021-03-05 07:32:00,1768.3200000000002,91.36355410785377
2021-03-05 07:33:00,1594.42,92.12127293937607
2021-03-05 07:34:00,1419.8600000000001,91.62875213049173
2021-03-05 07:35:00,1429.2199999999998,92.14116790976898
2021-03-05 07:36:00,1571.29,91.17349438995984
2021-03-05 07:37:00,1823.9099999999999,91.95629170298974
2021-03-05 07:38:00,2045.3600000000001,92.64872687448664
2021-03-05 07:39:00,2009.2800000000002,92.66503424112119
2021-03-05 07:40:00,1862.8600000000001,92.15936785373027
2021-03-05 07:41:00,1787.21,92.33945647125967
2021-03-05 07:42:00,1925.7,91.52515968219349
2021-03-05 07:43:00,2110.14,93.98428540286427
2021-03-05 07:44:00,2597.69,93.62549033949394
2021-03-05 07:45:00,2576.54,94.4871804823523
2021-03-05 07:46:00,2134.08,93.12678062678063
2021-03-05 07:47:00,1966.68,93.68580551996257
2021-03-05 07:48:00,1857.7599999999998,93.68809749375593
2021-03-05 07:49:00,1805.76,93.45095693779905
2021-03-05 07:50:00,1977.1200000000001,90.99599417334304
2021-03-05 07:51:00,2026.1200000000001,93.1287386729315
2021-03-05 07:52:00,2057.3,92.51932144072327
2021-03-05 07:53:00,1745.6,90.09509624197985
2021-03-05 07:54:00,1636.5,90.82187595478153
2021-03-05 07:55:00,1812.0299999999997,91.9797133601541
2021-03-05 07:56:00,1919.75,92.08490688891783
2021-03-05 07:57:00,1694.77,91.4106338913245
2021-03-05 07:58:00,2083.54,92.70760340574215
2021-03-05 07:59:00,2078.22,94.52319773652455
2021-03-05 08:00:00,1515.9199999999998,91.13277745527469
2021-03-05 08:01:00,1131.9,88.31168831168831
2021-03-05 08:02:00,939.72,56.14438343336313
2021-03-05 08:03:00,1279.02,90.44424637613172
2021-03-05 08:04:00,1365.25,91.82933528657755
2021-03-05 08:05:00,1452.0300000000002,88.97887784687643
2021-03-05 08:06:00,1477.44,90.05441845354125
2021-03-05 08:07:00,1560.9499999999998,91.45712546846471
2021-03-05 08:08:00,1566.5,90.13724864347272
2021-03-05 08:09:00,1955.6,93.03027203927184
2021-03-05 08:10:00,2183.42,94.50311896016342
2021-03-05 08:11:00,2185.0,92.61327231121281
2021-03-05 08:12:00,2325.39,92.13508271730764
2021-03-05 08:13:00,3181.3,94.12189985226166
2021-03-05 08:14:00,2198.4,92.85844250363901
2021-03-05 08:15:00,2251.31,93.5366519937281
2021-03-05 08:16:00,2461.95,93.34064461097911
2021-03-05 08:17:00,2582.1800000000003,93.31262731490445
2021-03-05 08:18:00,2519.42,93.16826888728359
2021-03-05 08:19:00,2621.2799999999997,94.42715009461027
2021-03-05 08:20:00,2728.5,92.80190580905258
2021-03-05 08:21:00,3421.5299999999997,94.79384953514949
2021-03-05 08:22:00,3310.47,94.3430993182237
2021-03-05 08:23:00,3426.1899999999996,94.64448848429305
2021-03-05 08:24:00,3085.04,95.07494230220678
2021-03-05 08:25:00,2892.78,94.12399145458694
2021-03-05 08:26:00,2245.32,93.8351771685105
2021-03-05 08:27:00,1615.85,93.8453445554971
2021-03-05 08:28:00,1613.7,91.22513478341699
2021-03-05 08:29:00,2179.58,93.34825975646685
2021-03-05 08:30:00,2537.0600000000004,93.39156346322119
2021-03-05 08:31:00,2104.44,93.47379825511774
2021-03-05 08:32:00,2007.6200000000001,93.035534613124
2021-03-05 08:33:00,2342.21,93.08302842187506
2021-03-05 08:34:00,2216.87,91.89081903765218
2021-03-05 08:35:00,2431.3500000000004,93.85320912250394
2021-03-05 08:36:00,2160.36,93.6232850080542
2021-03-05 08:37:00,2801.9900000000002,92.93751940585084
2021-03-05 08:38:00,3150.56,94.34195825504038
2021-03-05 08:39:00,3421.17,94.36830090290749
2021-03-05 08:40:00,3385.62,93.9000832934588
2021-03-05 08:41:00,3485.95,93.14534058147707
2021-03-05 08:42:00,3482.7,94.22000172280129
2021-03-05 08:43:00,3543.01,94.6088213129514
2021-03-05 08:44:00,3573.7800000000007,93.53961351845943
2021-03-05 08:45:00,3575.1200000000003,93.40106066369799
2021-03-05 08:46:00,3555.69,93.47271556294278
2021-03-05 08:47:00,3554.3500000000004,94.83027839126703
2021-03-05 08:48:00,3607.7799999999997,93.31500257776251
2021-03-05 08:49:00,3631.4700000000003,93.03395043880302
2021-03-05 08:50:00,3673.1000000000004,94.40254825624132
2021-03-05 08:51:00,3668.0,94.34569247546347
2021-03-05 08:52:00,3449.8199999999997,94.34405273318607
2021-03-05 08:53:00,2497.6800000000003,94.43563627045897
2021-03-05 08:54:00,2981.09,93.1169471569124
2021-03-05 08:55:00,3189.0,93.44622138601443
2021-03-05 08:56:00,3457.5699999999997,93.8202263439352
2021-03-05 08:57:00,3449.68,94.5681918322859
2021-03-05 08:58:00,3524.87,94.55384170196348
2021-03-05 08:59:00,3522.8599999999997,93.95491163429715
2021-03-05 09:00:00,3456.1099999999997,93.83671237315943
2021-03-05 09:01:00,3516.83,94.21552932612609
2021-03-05 09:02:00,3565.92,94.8170458114596
2021-03-05 09:03:00,3612.84,94.0617353660832
2021-03-05 09:04:00,3642.1,95.07152466983334
2021-03-05 09:05:00,3679.9299999999994,94.72462791411796
2021-03-05 09:06:00,3674.4400000000005,94.44704499188991
2021-03-05 09:07:00,3718.98,94.04998144652565
2021-03-05 09:08:00,3692.66,93.9756164932596
2021-03-05 09:09:00,3696.2599999999998,94.70924664390492
2021-03-05 09:10:00,3629.38,94.49272327504973
2021-03-05 09:11:00,3745.44,93.24939125977187
2021-03-05 09:12:00,3532.6000000000004,94.2167242257827
2021-03-05 09:13:00,3601.42,94.41275941156543
2021-03-05 09:14:00,3702.6499999999996,95.12106194212254
2021-03-05 09:15:00,3797.46,94.8291752908523
2021-03-05 09:16:00,3897.42,94.33420057371286
2021-03-05 09:17:00,3721.6800000000003,94.7340985791363
2021-03-05 09:18:00,3426.6299999999997,95.45821988367581
2021-03-05 09:19:00,2052.68,92.74217121032018
2021-03-05 09:20:00,2071.08,92.03893620719626
2021-03-05 09:21:00,1319.79,91.62063661643141
2021-03-05 09:22:00,1494.1999999999998,91.4736983000937
2021-03-05 09:23:00,2171.06,92.27289895258536
2021-03-05 09:24:00,2897.21,93.7729746894426
2021-03-05 09:25:00,2257.6000000000004,92.65148830616582
2021-03-05 09:26:00,3485.16,92.46347369991622
2021-03-05 09:27:00,4145.09,93.8700969098379
2021-03-05 09:28:00,4414.87,93.53163286801197
2021-03-05 09:29:00,3363.2,95.27533301617508
2021-03-05 09:30:00,3731.7599999999998,94.6416704182477
2021-03-05 09:31:00,3815.58,95.8255363535819
2021-03-05 09:32:00,2538.3100000000004,92.95160953547833
2021-03-05 09:33:00,2362.5,93.37989417989418
2021-03-05 09:34:00,2182.42,92.7914883477974
2021-03-05 09:35:00,2410.65,93.11181631510172
2021-03-05 09:36:00,3353.12,93.79622560480985
2021-03-05 09:37:00,3352.99,92.87829668445178
2021-03-05 09:38:00,3691.26,95.19784572205697
2021-03-05 09:39:00,2634.0,93.34092634776006
2021-03-05 09:40:00,2481.13,93.40099067763478
2021-03-05 09:41:00,2327.1600000000003,92.1939187679403
2021-03-05 09:42:00,2174.2299999999996,93.63774761639755
2021-03-05 09:43:00,2072.85,93.12299491038908
2021-03-05 09:44:00,1994.45,92.47160871418185
2021-03-05 09:45:00,1972.47,91.36260627538061
2021-03-05 09:46:00,2031.4799999999998,93.22759761356254
2021-03-05 09:47:00,2359.7200000000003,93.52804570033732
2021-03-05 09:48:00,3207.44,93.46394632479486
2021-03-05 09:49:00,4163.639999999999,94.21563823961728
2021-03-05 09:50:00,4356.09,94.35755459597942
2021-03-05 09:51:00,4096.45,94.38904417239317
2021-03-05 09:52:00,3693.9,93.69230352743713
2021-03-05 09:53:00,3148.2,94.54291341083795
2021-03-05 09:54:00,2506.39,93.94387944414078
2021-03-05 09:55:00,2949.7699999999995,93.30218966224486
2021-03-05 09:56:00,3369.94,93.27762512092204
2021-03-05 09:57:00,4464.369999999999,93.80046904714442
2021-03-05 09:58:00,3793.81,94.84924126405909
2021-03-05 09:59:00,3424.08,94.16836055232355
2021-03-05 10:00:00,4102.24,93.83653808650884
2021-03-05 10:01:00,4305.0,94.24622531939606
2021-03-05 10:02:00,3685.13,93.6683373449512
2021-03-05 10:03:00,3988.6,94.45168730883017
2021-03-05 10:04:00,3442.7599999999998,94.55495009817706
2021-03-05 10:05:00,3378.7,93.30511735282802
2021-03-05 10:06:00,4145.6,94.03463913546892
2021-03-05 10:07:00,4333.380000000001,93.36591759781047
2021-03-05 10:08:00,2652.6400000000003,93.99315398998733
2021-03-05 10:09:00,1569.58,92.80189604862447
2021-03-05 10:10:00,1471.88,91.09438269424138
2021-03-05 10:11:00,1513.2199999999998,92.99374843049921
2021-03-05 10:12:00,1640.52,91.27593689805671
2021-03-05 10:13:00,1939.96,92.50706200127837
2021-03-05 10:14:00,2413.35,92.3985331593014
2021-03-05 10:15:00,2943.6,92.9745889387145
2021-03-05 10:16:00,2549.0299999999997,94.80861347257584
2021-03-05 10:17:00,3204.75,93.93244402839535
2021-03-05 10:18:00,4483.73,93.3263153668932
2021-03-05 10:19:00,5368.24,93.68619882866639
2021-03-05 10:20:00,4058.34,94.39327409729101
2021-03-05 10:21:00,2718.56,94.93261138249662
2021-03-05 10:22:00,2618.5,92.3238495321749
2021-03-05 10:23:00,2369.25,93.36709929302522
2021-03-05 10:24:00,3681.4400000000005,93.37107218914336
2021-03-05 10:25:00,4842.96,94.78913722186432
2021-03-05 10:26:00,4815.139999999999,93.79166545521002
2021-03-05 10:27:00,4781.69,93.83293354441632
2021-03-05 10:28:00,4876.09,95.11309266235857
2021-03-05 10:29:00,4975.460000000001,94.49779517873722
2021-03-05 10:30:00,4504.5599999999995,94.39545704796919
2021-03-05 10:31:00,3246.01,87.0607299422984
2021-03-05 10:32:00,184.21,29.531512947179845
2021-03-05 10:33:00,30.25,-83.30578512396694
2021-03-05 10:34:00,65.2,-43.40490797546012
2021-03-05 10:35:00,65.04,-43.97293972939729
2021-03-05 10:36:00,3459.96,84.42005109885665
2021-03-05 10:37:00,4494.5,93.96595839359217
2021-03-05 10:38:00,4542.3,93.44825308764283
2021-03-05 10:39:00,4542.299999999999,93.72784712590538
2021-03-05 10:40:00,4533.3,94.1521628835506
2021-03-05 10:41:00,4547.7,94.12670140950372
2021-03-05 10:42:00,4533.3,94.1830454635696
2021-03-05 10:43:00,4564.969999999999,93.98090239366306
2021-03-05 10:44:00,4551.3,93.80616527146088
2021-03-05 10:45:00,4527.1,93.58087959179164
2021-03-05 10:46:00,4514.08,94.25176337149543
2021-03-05 10:47:00,4502.3,93.81427270506187
2021-03-05 10:48:00,4529.210000000001,92.07345210312613
2021-03-05 10:49:00,4490.05,93.93659313370675
2021-03-05 10:50:00,4493.29,94.57880528521417
2021-03-05 10:51:00,4516.16,93.53964429958194
2021-03-05 10:52:00,4476.56,94.09904033454258
2021-03-05 10:53:00,4491.52,93.03309347392418
2021-03-05 10:54:00,4482.720000000001,94.07457971945603
2021-03-05 10:55:00,4455.6900000000005,93.66674970655498
2021-03-05 10:56:00,4190.670000000001,93.45522315047472
2021-03-05 10:57:00,4559.469999999999,93.55034686049038
2021-03-05 10:58:00,4536.0,93.40828924162258
2021-03-05 10:59:00,4547.7,93.8738263297931
2021-03-05 11:00:00,4533.299999999999,93.31171552732008
2021-03-05 11:01:00,4527.99,92.57750127540034
2021-03-05 11:02:00,4534.55,93.88583211123486
2021-03-05 11:03:00,4532.4,93.00591298208455
2021-03-05 11:04:00,4525.650000000001,93.33907836443383
2021-03-05 11:05:00,4548.49,93.42001411457429
2021-03-05 11:06:00,4575.48,93.08750120205967
2021-03-05 11:07:00,3494.1400000000003,60.784627977127414
2021-03-05 11:08:00,4606.42,94.12515576087287
2021-03-05 11:09:00,4594.59,93.37068160597572
2021-03-05 11:10:00,4610.719999999999,93.24574036159213
2021-03-05 11:11:00,4610.0599999999995,93.75582964213048
2021-03-05 11:12:00,4625.33,93.15875840210319
2021-03-05 11:13:00,4641.4,94.3982419097686
2021-03-05 11:14:00,4470.47,92.82245490966274
2021-03-05 11:15:00,2692.96,91.88773691402768
2021-03-05 11:16:00,4885.889999999999,94.00539103418211
2021-03-05 11:17:00,4017.7400000000002,95.362069222996
2021-03-05 11:18:00,2341.2599999999998,91.54899498560606
2021-03-05 11:19:00,4736.16,92.13793452923889
2021-03-05 11:20:00,4864.73,93.50981452208038
2021-03-05 11:21:00,4805.57,92.98376675399588
2021-03-05 11:22:00,4785.539999999999,92.6457620247663
2021-03-05 11:23:00,4718.9800000000005,92.7848814786246
2021-03-05 11:24:00,4662.5599999999995,93.0025565354655
2021-03-05 11:25:00,4601.87,93.23383754864871
2021-03-05 11:26:00,4598.23,94.01443598950031
2021-03-05 11:27:00,4577.299999999999,93.45028728726544
2021-03-05 11:28:00,4569.42,93.18906994760823
2021-03-05 11:29:00,4549.46,93.61990214223226
2021-03-05 11:30:00,4514.45,93.36242510161814
2021-03-05 11:31:00,4549.5,93.66523793823498
2021-03-05 11:32:00,4547.700000000001,93.76827847043559
2021-03-05 11:33:00,4570.0,93.53391684901531
2021-03-05 11:34:00,4599.34,93.51341714245956
2021-03-05 11:35:00,4600.87,93.83225346510552
2021-03-05 11:36:00,4600.959999999999,93.93474405341496
2021-03-05 11:37:00,4568.35,94.23971455777249
2021-03-05 11:38:00,4553.1,94.03483341020403
2021-03-05 11:39:00,4551.33,93.45180419789381
2021-03-05 11:40:00,4545.92,92.34874348866676
2021-03-05 11:41:00,4570.2,93.22786748938778
2021-03-05 11:42:00,4544.98,93.63077505291554
2021-03-05 11:43:00,4530.6,93.50637884606894
2021-03-05 11:44:00,4496.4,93.40805978115827
2021-03-05 11:45:00,4455.34,94.04445003074962
2021-03-05 11:46:00,4480.26,93.45662974916634
2021-03-05 11:47:00,4490.05,94.01899756127436
2021-03-05 11:48:00,4507.27,93.4689956448138
2021-03-05 11:49:00,4522.5,93.6539524599226
2021-03-05 11:50:00,4526.540000000001,93.16387351045168
2021-03-05 11:51:00,4545.2300000000005,93.427615324197
2021-03-05 11:52:00,4550.4,93.04236990154713
2021-03-05 11:53:00,4522.52,93.38156602955873
2021-03-05 11:54:00,4489.2,94.07021295553774
2021-03-05 11:55:00,4524.3,93.37135026412925
2021-03-05 11:56:00,4489.45,93.69299134637873
2021-03-05 11:57:00,4509.9,93.99099758309497
2021-03-05 11:58:00,4559.1,93.41975389879582
2021-03-05 11:59:00,3311.25,93.78331445828614
2021-03-05 12:00:00,4321.98,92.49464365869348
2021-03-05 12:01:00,4454.12,93.00153565687498
2021-03-05 12:02:00,4662.09,94.17235617502021
2021-03-05 12:03:00,4580.94,93.56813230472349
2021-03-05 12:04:00,4533.3,92.85509452275383
2021-03-05 12:05:00,4524.299999999999,92.51817960789516
2021-03-05 12:06:00,4502.8,94.05925202096473
2021-03-05 12:07:00,4483.82,94.77855935340848
2021-03-05 12:08:00,4504.5,93.70851370851372
2021-03-05 12:09:00,4481.15,93.71255146558362
2021-03-05 12:10:00,4456.23,94.14011395282562
2021-03-05 12:11:00,4484.98,92.76518512903068
2021-03-05 12:12:00,4448.12,94.13864733865093
2021-03-05 12:13:00,4459.790000000001,93.22187816018241
2021-03-05 12:14:00,4461.380000000001,92.22034437774857
2021-03-05 12:15:00,4450.0,92.55730337078653
2021-03-05 12:16:00,4393.84,93.91784862443785
2021-03-05 12:17:00,4395.259999999999,93.43702079057896
2021-03-05 12:18:00,4337.299999999999,93.1339773591866
2021-03-05 12:19:00,4394.37,92.52975966975926
2021-03-05 12:20:00,4430.8,93.29240769161325
2021-03-05 12:21:00,4489.76,93.15419977905276
2021-03-05 12:22:00,4467.76,93.18763765287301
2021-03-05 12:23:00,4404.74,93.69224971280939
2021-03-05 12:24:00,4412.639999999999,93.17098154392836
2021-03-05 12:25:00,4364.969999999999,93.05447689216652
2021-03-05 12:26:00,4252.92,94.10945891293511
2021-03-05 12:27:00,4240.32,93.22881291977964
2021-03-05 12:28:00,4351.599999999999,93.67359132273188
2021-03-05 12:29:00,4380.57,93.14541258329396
2021-03-05 12:30:00,4390.969999999999,92.476149916761
2021-03-05 12:31:00,4328.2,93.54003973938359
2021-03-05 12:32:00,4320.51,93.23899261892693
2021-03-05 12:33:00,4242.880000000001,92.60455162531109
2021-03-05 12:34:00,4237.9800000000005,94.06840051156445
2021-03-05 12:35:00,4333.56,92.93052363414836
2021-03-05 12:36:00,4386.0,93.40629274965801
2021-03-05 12:37:00,4421.15,92.96676204155028
2021-03-05 12:38:00,4435.5,92.83282606245069
2021-03-05 12:39:00,4396.039999999999,93.96638793095606
2021-03-05 12:40:00,3415.92,59.85795920279163
2021-03-05 12:41:00,4107.360000000001,93.40306182073157
2021-03-05 12:42:00,4242.960000000001,93.72937760431395
2021-03-05 12:43:00,4360.5,93.79199633069602
2021-03-05 12:44:00,4338.4,93.55061773925873
2021-03-05 12:45:00,4298.28,93.50717030998446
2021-03-05 12:46:00,4262.05,93.46206637650896
2021-03-05 12:47:00,4260.39,92.66991988996311
2021-03-05 12:48:00,4292.4,93.25552138663686
2021-03-05 12:49:00,4331.6,93.24037307230584
2021-03-05 12:50:00,4316.42,93.42464357036619
2021-03-05 12:51:00,4267.900000000001,93.36207502518802
2021-03-05 12:52:00,4224.639999999999,93.31209286471747
2021-03-05 12:53:00,4194.299999999999,93.045323415111
2021-03-05 12:54:00,4178.66,93.08725763761589
2021-03-05 12:55:00,4151.66,93.95518900873385
2021-03-05 12:56:00,4200.04,93.96577175455472
2021-03-05 12:57:00,4124.26,94.15507266758158
2021-03-05 12:58:00,4182.03,92.09642207253415
2021-03-05 12:59:00,4200.34,93.1805520505483
2021-03-05 13:00:00,4186.92,93.19977453593572
2021-03-05 13:01:00,4174.74,92.88722171919689
2021-03-05 13:02:00,4088.0,93.81849315068493
2021-03-05 13:03:00,3953.8199999999997,93.55256435548407
2021-03-05 13:04:00,4080.26,93.27101704303156
2021-03-05 13:05:00,4088.0,93.80381604696673
2021-03-05 13:06:00,4070.69,93.7703436026816
2021-03-05 13:07:00,4024.02,92.98661537467508
2021-03-05 13:08:00,4010.7599999999998,93.81264398767316
2021-03-05 13:09:00,3973.9700000000003,94.08727292858275
2021-03-05 13:10:00,3713.04,93.36015771443346
2021-03-05 13:11:00,3630.8999999999996,93.52777548266272
2021-03-05 13:12:00,3877.5,93.09606705351386
2021-03-05 13:13:00,3684.1899999999996,93.80352261962604
2021-03-05 13:14:00,3579.7200000000003,93.55200965438637
2021-03-05 13:15:00,3493.38,93.41096588404353
2021-03-05 13:16:00,3376.1000000000004,93.65540120257101
2021-03-05 13:17:00,3465.66,93.01547180046514
2021-03-05 13:18:00,3358.7200000000003,94.03284584603658
2021-03-05 13:19:00,3893.76,93.07456032215646
2021-03-05 13:20:00,4109.83,93.33476080519146
2021-03-05 13:21:00,4044.3500000000004,92.9667313659797
2021-03-05 13:22:00,3837.6400000000003,93.49235467631148
2021-03-05 13:23:00,3777.77,93.26136847928804
2021-03-05 13:24:00,3786.4800000000005,92.63484819674208
2021-03-05 13:25:00,3915.75,94.64598097427057
2021-03-05 13:26:00,3888.0,93.27160493827161
2021-03-05 13:27:00,3905.25,93.60476281928175
2021-03-05 13:28:00,3978.59,93.6387011478941
2021-03-05 13:29:00,3956.5600000000004,93.86183957781505
2021-03-05 13:30:00,3966.97,93.20463729244236
2021-03-05 13:31:00,3888.75,94.02250080360012
2021-03-05 13:32:00,3823.03,94.414639696785
2021-03-05 13:33:00,3422.0999999999995,93.87802811139359
2021-03-05 13:34:00,3289.2299999999996,93.41396010616467
2021-03-05 13:35:00,2986.23,92.94662500879033
2021-03-05 13:36:00,3087.2200000000003,92.8958739578002
2021-03-05 13:37:00,3465.0,93.13419913419914
2021-03-05 13:38:00,3408.6,93.86551663439535
2021-03-05 13:39:00,3670.7999999999997,93.58178053830228
2021-03-05 13:40:00,3459.0599999999995,94.14696478233972
2021-03-05 13:41:00,3321.3599999999997,93.61827685044682
2021-03-05 13:42:00,3546.3100000000004,93.80454613386871
2021-03-05 13:43:00,3740.2799999999997,93.56518763301143
2021-03-05 13:44:00,3808.17,93.64340352452753
2021-03-05 13:45:00,3424.85,94.15886827160314
2021-03-05 13:46:00,3379.7700000000004,93.3377123295372
2021-03-05 13:47:00,3488.7599999999998,92.77508341072472
2021-03-05 13:48:00,3675.0,93.03673469387755
2021-03-05 13:49:00,3475.84,93.51983980850672
2021-03-05 13:50:00,3270.5,93.3404678183764
2021-03-05 13:51:00,3421.6000000000004,93.30137947159223
2021-03-05 13:52:00,3595.84,93.3523182344042
2021-03-05 13:53:00,3440.66,93.08097864944517
2021-03-05 13:54:00,3467.6399999999994,93.14115652143823
2021-03-05 13:55:00,3727.5,93.00871898054996
2021-03-05 13:56:00,3716.1400000000003,93.34147798522122
2021-03-05 13:57:00,3723.24,92.88952632653282
2021-03-05 13:58:00,3666.5999999999995,92.74532264222987
2021-03-05 13:59:00,3634.92,93.39132635656355
2021-03-05 14:00:00,3551.6400000000003,93.95096349855278
2021-03-05 14:01:00,3508.79,93.86141661370444
2021-03-05 14:02:00,3535.54,93.75088388195296
2021-03-05 14:03:00,3431.3500000000004,94.13496145831814
2021-03-05 14:04:00,3530.85,93.04558392455075
2021-03-05 14:05:00,3532.9,92.78213365790144
2021-03-05 14:06:00,3554.3599999999997,93.26854904961795
2021-03-05 14:07:00,3539.0299999999997,93.19785364916376
2021-03-05 14:08:00,3511.4700000000003,93.37400006265182
2021-03-05 14:09:00,3506.78,93.10820752941444
2021-03-05 14:10:00,3466.3199999999997,93.69590805234371
2021-03-05 14:11:00,3441.99,93.81491520893437
2021-03-05 14:12:00,2583.34,60.80500437418226
2021-03-05 14:13:00,3260.58,94.00474762158879
2021-03-05 14:14:00,3188.47,92.52400053944369
2021-03-05 14:15:00,3175.2,92.30284706475183
2021-03-05 14:16:00,3363.0299999999997,93.07380546709366
2021-03-05 14:17:00,3325.14,93.41862297527324
2021-03-05 14:18:00,3376.6400000000003,94.10242134192569
2021-03-05 14:19:00,3229.95,92.6299168717782
2021-03-05 14:20:00,3007.8900000000003,91.89165827207776
2021-03-05 14:21:00,3072.2599999999998,92.30989564685281
2021-03-05 14:22:00,2911.1499999999996,93.99721759442147
2021-03-05 14:23:00,3151.1899999999996,92.49838949730103
2021-03-05 14:24:00,3377.0,92.76280722534794
2021-03-05 14:25:00,3294.6800000000003,92.35191278060387
2021-03-05 14:26:00,3266.41,93.2767166399809
2021-03-05 14:27:00,3235.4399999999996,93.45560418366591
2021-03-05 14:28:00,3256.18,92.41196739737975
2021-03-05 14:29:00,3256.79,92.64951071453794
2021-03-05 14:30:00,3178.2,92.53350953369834
2021-03-05 14:31:00,3242.3899999999994,92.87593411033221
2021-03-05 14:32:00,3158.4399999999996,93.22007066779805
2021-03-05 14:33:00,3191.3999999999996,93.11900733220531
2021-03-05 14:34:00,3201.0,93.09590752889721
2021-03-05 14:35:00,3201.0,92.82724148703531
2021-03-05 14:36:00,3182.26,92.40602590611702
2021-03-05 14:37:00,3144.7,94.73081693007282
2021-03-05 14:38:00,3158.86,93.74267932102086
2021-03-05 14:39:00,3142.26,93.17179354986537
2021-03-05 14:40:00,3123.2999999999997,91.98283866423336
2021-03-05 14:41:00,3093.7200000000003,92.41948204750267
2021-03-05 14:42:00,3038.1000000000004,92.97258154767782
2021-03-05 14:43:00,2963.4,93.02490382668556
2021-03-05 14:44:00,3055.2,92.68133019114951
2021-03-05 14:45:00,3080.28,91.8812575480151
2021-03-05 14:46:00,3004.5,93.41654185388583
2021-03-05 14:47:00,3009.4399999999996,92.8345472911904
2021-03-05 14:48:00,3018.9599999999996,92.39274452129212
2021-03-05 14:49:00,2970.0,91.6060606060606
2021-03-05 14:50:00,2956.25,92.3196617336152
2021-03-05 14:51:00,2929.76,93.06223035333952
2021-03-05 14:52:00,2947.67,92.69355117770985
2021-03-05 14:53:00,2794.48,92.29624116114626
2021-03-05 14:54:00,2505.48,92.15798968660695
2021-03-05 14:55:00,2470.66,93.09658148025224
2021-03-05 14:56:00,2660.87,91.74818762284517
2021-03-05 14:57:00,2516.38,93.26890215309294
2021-03-05 14:58:00,2176.4,90.2775225142437
2021-03-05 14:59:00,2129.79,89.99478821855676
2021-03-05 15:00:00,2346.08,90.20152765464093
2021-03-05 15:01:00,2051.24,91.69575476297265
2021-03-05 15:02:00,2012.06,92.62149240082303
2021-03-05 15:03:00,1916.25,93.54207436399217
2021-03-05 15:04:00,1970.6399999999999,92.50801769983357
2021-03-05 15:05:00,2178.0,90.65197428833794
2021-03-05 15:06:00,2136.81,93.01716109527753
2021-03-05 15:07:00,2136.0299999999997,92.92472484000695
2021-03-05 15:08:00,2219.35,92.23421271994053
2021-03-05 15:09:00,1979.6399999999999,91.19839970903801
2021-03-05 15:10:00,2025.75,91.71911637665062
2021-03-05 15:11:00,1700.35,90.01088011291793
2021-03-05 15:12:00,1583.69,89.34829417373349
2021-03-05 15:13:00,1609.24,90.61420297780319
2021-03-05 15:14:00,1599.9299999999998,90.41645571993774
2021-03-05 15:15:00,1537.48,89.74425683586128
2021-03-05 15:16:00,1420.64,90.6915193152382
2021-03-05 15:17:00,1546.44,90.49170999198158
2021-03-05 15:18:00,1602.83,89.84733253058653
2021-03-05 15:19:00,1422.2000000000003,89.01701589087327
2021-03-05 15:20:00,1370.0,90.51094890510949
2021-03-05 15:21:00,1318.32,86.95157473147643
2021-03-05 15:22:00,1258.56,87.90204678362574
2021-03-05 15:23:00,1210.0,89.73553719008264
2021-03-05 15:24:00,1200.98,91.60019317557328
2021-03-05 15:25:00,1105.0,88.78733031674209
2021-03-05 15:26:00,1161.3000000000002,88.35787479548779
2021-03-05 15:27:00,1105.4,86.49357698570653
2021-03-05 15:28:00,1024.41,86.38142931052995
2021-03-05 15:29:00,1115.4,86.04984758830912
2021-03-05 15:30:00,1422.08,88.82763276327633
2021-03-05 15:31:00,1503.9,90.55788283795465
2021-03-05 15:32:00,1503.3600000000001,90.2112601106854
2021-03-05 15:33:00,1384.75,90.90449539628092
2021-03-05 15:34:00,1336.3200000000002,90.24784482758619
2021-03-05 15:35:00,1336.3200000000002,90.24784482758619
2021-03-05 15:36:00,1324.32,90.0311103056663
2021-03-05 15:37:00,1321.1999999999998,88.44989403572511
2021-03-05 15:38:00,1238.13,90.83860337767439
2021-03-05 15:39:00,1217.04,89.3890093998554
2021-03-05 15:40:00,1222.54,89.4449261373861
2021-03-05 15:41:00,1159.83,88.00427648879578
2021-03-05 15:42:00,1053.36,88.79205589731906
2021-03-05 15:43:00,1052.79,84.70825140816306
2021-03-05 15:44:00,1051.08,86.86303611523385
2021-03-05 15:45:00,941.1199999999999,86.18454607276438
2021-03-05 15:46:00,932.28,87.31282447333419
2021-03-05 15:47:00,875.2,80.42733089579524
2021-03-05 15:48:00,734.77,86.51686922438316
2021-03-05 15:49:00,799.5699999999999,85.6210212989482
2021-03-05 15:50:00,883.2,83.07291666666666
2021-03-05 15:51:00,876.8000000000001,87.51140510948903
2021-03-05 15:52:00,849.13,86.84182633990083
2021-03-05 15:53:00,827.85,87.82992087938636
2021-03-05 15:54:00,762.5799999999999,83.83382727058145
2021-03-05 15:55:00,769.8599999999999,79.30013249162187
2021-03-05 15:56:00,773.9200000000001,81.20994418027703
2021-03-05 15:57:00,771.8199999999999,80.36847969733876
2021-03-05 15:58:00,738.05,83.36833547862611
2021-03-05 15:59:00,684.74,83.88585448491398
2021-03-05 16:00:00,662.52,83.69558654833061
2021-03-05 16:01:00,685.5799999999999,85.78138218734503
2021-03-05 16:02:00,778.12,85.37243612810363
2021-03-05 16:03:00,773.22,83.70192183337214
2021-03-05 16:04:00,839.0999999999999,80.75318793945895
2021-03-05 16:05:00,822.9000000000001,83.31510511605298
2021-03-05 16:06:00,772.24,84.71459649849788
2021-03-05 16:07:00,778.8199999999999,81.32816311856399
2021-03-05 16:08:00,772.66,82.70131752646701
2021-03-05 16:09:00,774.76,80.29583354845371
2021-03-05 16:10:00,779.24,84.26158821415738
2021-03-05 16:11:00,777.14,84.95251820778753
2021-03-05 16:12:00,891.8400000000001,84.94797273053462
2021-03-05 16:13:00,1012.1400000000001,87.23101547216787
2021-03-05 16:14:00,1064.76,85.90668319621324
2021-03-05 16:15:00,1065.52,84.43764546887905
2021-03-05 16:16:00,1185.0300000000002,88.93445735550998
2021-03-05 16:17:00,1181.25,86.7978835978836
2021-03-05 16:18:00,1238.16,87.76733217031725
2021-03-05 16:19:00,1230.6800000000003,86.53752397048784
2021-03-05 16:20:00,1232.6600000000003,86.3255074391965
2021-03-05 16:21:00,1203.27,89.71386305650437
2021-03-05 16:22:00,1145.38,86.72231049957219
2021-03-05 16:23:00,1145.17,87.9432747976283
2021-03-05 16:24:00,1056.5900000000001,89.09794716966844
2021-03-05 16:25:00,997.92,84.81641814975148
2021-03-05 16:26:00,900.4300000000001,85.57022755794453
2021-03-05 16:27:00,881.9200000000001,88.15992380261247
2021-03-05 16:28:00,792.28,89.52643004998234
2021-03-05 16:29:00,831.1500000000001,83.42657763339949
2021-03-05 16:30:00,887.3600000000001,83.4047060944825
2021-03-05 16:31:00,887.2,83.29576194770063
2021-03-05 16:32:00,887.52,84.36992969172525
2021-03-05 16:33:00,885.9200000000001,84.0143579555716
2021-03-05 16:34:00,851.31,85.23334625459586
2021-03-05 16:35:00,772.8,82.12991718426503
2021-03-05 16:36:00,714.8700000000001,81.45536950774265
2021-03-05 16:37:00,775.7399999999999,79.38226725449249
2021-03-05 16:38:00,777.28,80.588719637711
2021-03-05 16:39:00,780.92,82.55647185371102
2021-03-05 16:40:00,775.18,78.04638922572822
2021-03-05 16:41:00,752.41,84.52838213208224
2021-03-05 16:42:00,783.5799999999999,81.89336123943951
2021-03-05 16:43:00,725.4000000000001,82.10642404190791
2021-03-05 16:44:00,668.76,81.5240145941743
2021-03-05 16:45:00,637.44,83.55296184738955
2021-03-05 16:46:00,670.6800000000001,81.91686049979124
2021-03-05 16:47:00,675.8399999999999,87.50591856060606
2021-03-05 16:48:00,678.5999999999999,86.53109342764516
2021-03-05 16:49:00,678.7199999999999,82.03677510608203
2021-03-05 16:50:00,646.8599999999999,81.6405404569768
2021-03-05 16:51:00,615.6700000000001,77.93135933210974
2021-03-05 16:52:00,550.7,78.91774105683676
2021-03-05 16:53:00,510.06,77.44186958397052
2021-03-05 16:54:00,489.15000000000003,78.48308289890625
2021-03-05 16:55:00,489.23999999999995,76.73125664295642
2021-03-05 16:56:00,428.64,79.53060843598358
2021-03-05 16:57:00,467.69,78.98394235497872
2021-03-05 16:58:00,527.11,74.1780652994631
2021-03-05 16:59:00,530.95,79.51784537150391
2021-03-05 17:00:00,527.26,79.03121799491711
2021-03-05 17:01:00,530.51,79.33874950519312
2021-03-05 17:02:00,497.52000000000004,76.33863965267727
2021-03-05 17:03:00,497.88,74.5360327789829
2021-03-05 17:04:00,464.33000000000004,72.0608188142054
2021-03-05 17:05:00,438.1600000000001,72.3936461566551
2021-03-05 17:06:00,405.70000000000005,73.1082080354942
2021-03-05 17:07:00,381.0799999999999,72.55694342395299
2021-03-05 17:08:00,378.63,66.21239732720598
2021-03-05 17:09:00,374.84999999999997,61.27784447112179
2021-03-05 17:10:00,350.38,67.07003824419202
2021-03-05 17:11:00,328.74,70.42039301575713
2021-03-05 17:12:00,328.08,69.19044135576688
2021-03-05 17:13:00,326.52,66.09089795418352
2021-03-05 17:14:00,324.78,60.37933370281422
2021-03-05 17:15:00,325.86,60.27128214570674
2021-03-05 17:16:00,325.5,62.02764976958526
2021-03-05 17:17:00,294.80999999999995,55.76472982598963
2021-03-05 17:18:00,269.6,62.09198813056379
2021-03-05 17:19:00,267.85,57.60686951652044
2021-03-05 17:20:00,264.29999999999995,54.597048808172545
2021-03-05 17:21:00,236.53,47.68951084429036
2021-03-05 17:22:00,211.92000000000002,63.42015855039638
2021-03-05 17:23:00,213.0,50.89201877934273
2021-03-05 17:24:00,211.84000000000003,35.21525679758307
2021-03-05 17:25:00,181.76999999999998,31.90845574077131
2021-03-05 17:26:00,158.07,28.721452521034983
2021-03-05 17:27:00,158.76,27.52582514487277
2021-03-05 17:28:00,158.27999999999997,24.26080363912055
2021-03-05 17:29:00,130.07,16.913969401091723
2021-03-05 17:30:00,127.14,24.775837659273243
2021-03-05 17:31:00,101.24000000000001,11.359146582378505
2021-03-05 17:32:00,95.52000000000001,-19.472361809045225
2021-03-05 17:33:00,88.86000000000001,-15.192437542201212
2021-03-05 17:34:00,83.88,-10.014306151645208
2021-03-05 17:35:00,73.76,-26.437093275488067
2021-03-05 17:36:00,42.89,-49.19561669386804
2021-03-05 17:37:00,38.44,-22.372528616024976
2021-03-05 17:38:00,41.800000000000004,-63.39712918660286
2021-03-05 17:39:00,27.6,-112.68115942028984
2021-03-05 17:40:00,24.700000000000003,-95.95141700404857
2021-03-05 17:41:00,22.5,-168.44444444444443
2021-03-05 17:42:00,23.340000000000003,-87.83204798628962
2021-03-05 17:43:00,22.8,-60.526315789473685
2021-03-05 17:44:00,24.470000000000002,-146.3015937883122
2021-03-05 17:45:00,26.660000000000004,-110.65266316579144
2021-03-05 17:46:00,27.270000000000003,-99.74330766409973
2021-03-05 17:47:00,27.0,-57.77777777777777
2021-03-05 17:48:00,25.820000000000004,-91.78931061192873
2021-03-05 17:49:00,24.35,-110.88295687885011
2021-03-05 17:50:00,23.72,-102.86677908937605
2021-03-05 17:51:00,21.14,-164.14380321665092
2021-03-05 17:52:00,20.330000000000005,-128.8735858337432
2021-03-05 17:53:00,18.619999999999997,-145.00537056928036
2021-03-05 17:54:00,9.05,0.0
2021-03-05 17:55:00,21.060000000000002,-126.30579297245963
2021-03-05 17:56:00,8.51,0.0
2021-03-05 17:57:00,8.31,0.0
2021-03-05 17:58:00,9.93,0.0
2021-03-05 17:59:00,11.73,-282.18243819266837
2021-03-05 18:00:00,8.700000000000001,0.0
2021-03-06 05:00:00,1.57,0.0
2021-03-06 05:01:00,1.6800000000000002,0.0
2021-03-06 05:02:00,1.97,0.0
2021-03-06 05:03:00,2.47,0.0
2021-03-06 05:04:00,2.79,0.0
2021-03-06 05:05:00,3.02,0.0
2021-03-06 05:06:00,3.1500000000000004,0.0
2021-03-06 05:07:00,3.3200000000000003,0.0
2021-03-06 05:08:00,3.9600000000000004,0.0
2021-03-06 05:09:00,3.19,0.0
2021-03-06 05:10:00,4.3,0.0
2021-03-06 05:11:00,4.260000000000001,0.0
2021-03-06 05:12:00,4.12,0.0
2021-03-06 05:13:00,3.1500000000000004,0.0
2021-03-06 05:14:00,3.9600000000000004,0.0
2021-03-06 05:15:00,3.4000000000000004,0.0
2021-03-06 05:16:00,3.85,0.0
2021-03-06 05:17:00,5.03,0.0
2021-03-06 05:18:00,4.36,0.0
2021-03-06 05:19:00,4.3500000000000005,0.0
2021-03-06 05:20:00,4.420000000000001,0.0
2021-03-06 05:21:00,5.43,0.0
2021-03-06 05:22:00,6.220000000000001,0.0
2021-03-06 05:23:00,6.890000000000001,0.0
2021-03-06 05:24:00,7.790000000000001,0.0
2021-03-06 05:25:00,9.06,0.0
2021-03-06 05:26:00,22.73,-98.98812142542894
2021-03-06 05:27:00,24.69,-89.9149453219927
2021-03-06 05:28:00,47.44,-48.060708263069145
2021-03-06 05:29:00,50.74000000000001,-49.27079227433976
2021-03-06 05:30:00,51.53,-32.21424412963322
2021-03-06 05:31:00,53.34,-51.55605549306337
2021-03-06 05:32:00,54.08,-39.94082840236687
2021-03-06 05:33:00,53.66,-45.28512858740217
2021-03-06 05:34:00,54.44,-45.187362233651726
2021-03-06 05:35:00,54.79,-48.914035407921155
2021-03-06 05:36:00,54.400000000000006,-41.91176470588235
2021-03-06 05:37:00,55.56,-43.73650107991361
2021-03-06 05:38:00,54.97,-42.75059123158086
2021-03-06 05:39:00,56.160000000000004,-45.94017094017094
2021-03-06 05:40:00,26.110000000000003,-77.36499425507468
2021-03-06 05:41:00,55.85,-42.614145031333926
2021-03-06 05:42:00,56.82,-41.88665962689194
2021-03-06 05:43:00,56.870000000000005,-44.83910673465799
2021-03-06 05:44:00,55.97,-37.16276576737538
2021-03-06 05:45:00,57.31,-38.91118478450532
2021-03-06 05:46:00,56.48,-38.774787535410766
2021-03-06 05:47:00,57.55,-51.08601216333623
2021-03-06 05:48:00,57.760000000000005,-50.207756232686975
2021-03-06 05:49:00,56.67,-44.99735309687665
2021-03-06 05:50:00,57.95,-41.415012942191545
2021-03-06 05:51:00,58.10000000000001,-45.43889845094664
2021-03-06 05:52:00,56.7,-44.091710758377424
2021-03-06 05:53:00,58.34,-42.85224545766198
2021-03-06 05:54:00,56.94,-41.0958904109589
2021-03-06 05:55:00,58.93,-42.93229255048362
2021-03-06 05:56:00,59.010000000000005,-45.077105575326215
2021-03-06 05:57:00,57.870000000000005,-47.00190081216519
2021-03-06 05:58:00,102.62,8.770220229974663
2021-03-06 05:59:00,97.44,10.878489326765187
2021-03-06 06:00:00,120.44,18.515443374294254
2021-03-06 06:01:00,124.4,25.723472668810288
2021-03-06 06:02:00,124.49,13.093421158325972
2021-03-06 06:03:00,126.22999999999999,22.73627505347382
2021-03-06 06:04:00,127.02000000000001,15.43064084396158
2021-03-06 06:05:00,127.53,21.798792440994276
2021-03-06 06:06:00,127.63,22.565227611063232
2021-03-06 06:07:00,157.41,16.70796010418652
2021-03-06 06:08:00,156.36,27.244819646968534
2021-03-06 06:09:00,184.43,33.18332158542536
2021-03-06 06:10:00,183.23,47.59046007749823
2021-03-06 06:11:00,185.89,46.90946258539997
2021-03-06 06:12:00,217.52,43.30636263332107
2021-03-06 06:13:00,242.99,51.277830363389434
2021-03-06 06:14:00,246.97000000000003,51.13981455237477
2021-03-06 06:15:00,246.03,60.11462016827216
2021-03-06 06:16:00,245.55,66.70739156994502
2021-03-06 06:17:00,298.07,59.91881101754621
2021-03-06 06:18:00,289.09,57.90584247120275
2021-03-06 06:19:00,322.26,66.65425432880284
2021-03-06 06:20:00,383.53,73.42320027116523
2021-03-06 06:21:00,410.89,77.6363503614106
2021-03-06 06:22:00,441.28000000000003,76.09680928208846
2021-03-06 06:23:00,470.91,84.4110339555329
2021-03-06 06:24:00,524.51,81.33305370726964
2021-03-06 06:25:00,555.5999999999999,79.12167026637871
2021-03-06 06:26:00,583.61,83.92590942581518
2021-03-06 06:27:00,584.25,80.71887034659821
2021-03-06 06:28:00,640.1,77.83158881424777
2021-03-06 06:29:00,639.1700000000001,81.82486662390286
2021-03-06 06:30:00,637.69,85.88812746005112
2021-03-06 06:31:00,696.45,82.34618421997271
2021-03-06 06:32:00,695.94,82.90944621662787
2021-03-06 06:33:00,697.12,90.02754188661923
2021-03-06 06:34:00,752.8499999999999,83.64215979278742
2021-03-06 06:35:00,750.0799999999999,85.76418515358361
2021-03-06 06:36:00,778.9599999999999,86.2688713156003
2021-03-06 06:37:00,808.8199999999999,85.42073638139513
2021-03-06 06:38:00,803.34,90.29800582567779
2021-03-06 06:39:00,836.7,85.16792159674912
2021-03-06 06:40:00,863.3399999999999,83.91827090138301
2021-03-06 06:41:00,859.87,89.89731005849721
2021-03-06 06:42:00,915.76,85.10963571241373
2021-03-06 06:43:00,919.1800000000001,86.92530298744533
2021-03-06 06:44:00,914.25,90.42384468143287
2021-03-06 06:45:00,968.3,86.09934937519364
2021-03-06 06:46:00,968.9300000000001,90.55349715665734
2021-03-06 06:47:00,972.54,91.0502395788348
2021-03-06 06:48:00,1022.8599999999999,88.43830045167472
2021-03-06 06:49:00,1056.81,87.32884813731891
2021-03-06 06:50:00,1048.33,92.52811614663322
2021-03-06 06:51:00,1074.56,90.88371054198929
2021-03-06 06:52:00,1104.15,89.84286555268758
2021-03-06 06:53:00,1126.21,92.46055353797249
2021-03-06 06:54:00,1159.52,88.33827790809991
2021-03-06 06:55:00,1153.8000000000002,92.32969318772749
2021-03-06 06:56:00,1205.9900000000002,89.84319936317878
2021-03-06 06:57:00,1212.3300000000002,91.31177154735096
2021-03-06 06:58:00,1270.56,88.82697393275406
2021-03-06 06:59:00,979.96,60.01265357769705
2021-03-06 07:00:00,1287.54,90.40495829255791
2021-03-06 07:01:00,1309.83,89.97350801249017
2021-03-06 07:02:00,1315.21,90.50265737030587
2021-03-06 07:03:00,1335.44,93.19774755885699
2021-03-06 07:04:00,1370.38,90.00423240269122
2021-03-06 07:05:00,1374.29,92.07663593564678
2021-03-06 07:06:00,1427.23,90.44092402766198
2021-03-06 07:07:00,1425.43,90.68140841710921
2021-03-06 07:08:00,1451.3200000000002,89.70454482815643
2021-03-06 07:09:00,1478.22,90.91339584094385
2021-03-06 07:10:00,1475.56,93.11718940605601
2021-03-06 07:11:00,1531.56,91.61900284677061
2021-03-06 07:12:00,1585.35,91.34260573374965
2021-03-06 07:13:00,1613.56,91.52433129229777
2021-03-06 07:14:00,1638.17,92.17602568719974
2021-03-06 07:15:00,1691.4,93.01761854085372
2021-03-06 07:16:00,1777.2800000000002,92.0789070939863
2021-03-06 07:17:00,1795.28,92.83788601220981
2021-03-06 07:18:00,1788.75,90.91823899371069
2021-03-06 07:19:00,1737.3899999999999,94.60167262387836
2021-03-06 07:20:00,1734.29,94.04424865506923
2021-03-06 07:21:00,1789.4499999999998,90.67590600463829
2021-03-06 07:22:00,1790.19,91.66624771672281
2021-03-06 07:23:00,1790.6100000000001,94.40358313647305
2021-03-06 07:24:00,1818.96,92.98170383076044
2021-03-06 07:25:00,1846.9299999999998,90.73976815580451
2021-03-06 07:26:00,1840.63,93.59838750862475
2021-03-06 07:27:00,1889.4099999999999,91.44653622030158
2021-03-06 07:28:00,1890.0900000000001,93.21778328016126
2021-03-06 07:29:00,1885.67,92.38095743157604
2021-03-06 07:30:00,1897.56,92.69272117877696
2021-03-06 07:31:00,1885.67,91.92488611474967
2021-03-06 07:32:00,1941.3900000000003,92.36165839939423
2021-03-06 07:33:00,1936.07,93.20943974133166
2021-03-06 07:34:00,1929.6299999999999,92.24566367645612
2021-03-06 07:35:00,1932.19,93.26722527287689
2021-03-06 07:36:00,1989.9699999999998,93.43859455167667
2021-03-06 07:37:00,2044.92,92.82025702716976
2021-03-06 07:38:00,1987.8300000000004,93.72028795218905
2021-03-06 07:39:00,2040.8,91.91003528028224
2021-03-06 07:40:00,1985.52,91.02401386034893
2021-03-06 07:41:00,1961.6399999999999,91.95367141779329
2021-03-06 07:42:00,2071.38,92.64837934130868
2021-03-06 07:43:00,2177.2,92.07238655153408
2021-03-06 07:44:00,2234.0899999999997,92.05985434785529
2021-03-06 07:45:00,2256.5699999999997,93.24328516287996
2021-03-06 07:46:00,2311.85,92.27674805891387
2021-03-06 07:47:00,2340.49,92.3396382808728
2021-03-06 07:48:00,2359.83,92.7693944055292
2021-03-06 07:49:00,2407.5,93.67808930425754
2021-03-06 07:50:00,2484.92,92.95671490430276
2021-03-06 07:51:00,2499.9,92.52770110804431
2021-03-06 07:52:00,2370.7200000000003,93.65509212391171
2021-03-06 07:53:00,2401.23,93.21472745218077
2021-03-06 07:54:00,2450.2,93.47400212227575
2021-03-06 07:55:00,2471.58,93.55553937157609
2021-03-06 07:56:00,2465.1400000000003,93.41051623842863
2021-03-06 07:57:00,2500.38,92.70190930978491
2021-03-06 07:58:00,2532.36,94.08614888878357
2021-03-06 07:59:00,2530.4799999999996,93.36963738105024
2021-03-06 08:00:00,2530.4799999999996,94.49195409566565
2021-03-06 08:01:00,2537.06,93.34032305109064
2021-03-06 08:02:00,2506.21,94.72869392429205
2021-03-06 08:03:00,2418.73,94.16511971158418
2021-03-06 08:04:00,2340.8,93.843984962406
2021-03-06 08:05:00,2194.7299999999996,93.64705453518202
2021-03-06 08:06:00,2332.7700000000004,93.47256694830607
2021-03-06 08:07:00,2539.4100000000003,93.27757234948274
2021-03-06 08:08:00,2588.64,93.20724395821746
2021-03-06 08:09:00,2615.08,94.65867201003412
2021-03-06 08:10:00,2612.66,94.94920885228082
2021-03-06 08:11:00,2654.31,94.27685537861065
2021-03-06 08:12:00,2692.83,94.21315122009187
2021-03-06 08:13:00,2696.31,93.854193323468
2021-03-06 08:14:00,2695.42,94.70509234182427
2021-03-06 08:15:00,2739.21,92.67635559157567
2021-03-06 08:16:00,2759.59,94.38358596748067
2021-03-06 08:17:00,2746.1499999999996,95.12226207599731
2021-03-06 08:18:00,2782.52,92.77920733723387
2021-03-06 08:19:00,2749.73,94.52200761529313
2021-03-06 08:20:00,2753.45,94.99718534928907
2021-03-06 08:21:00,2749.83,94.42401893935262
2021-03-06 08:22:00,2739.41,93.80487039179968
2021-03-06 08:23:00,2699.9300000000003,94.21355368472514
2021-03-06 08:24:00,2674.67,95.31643155978121
2021-03-06 08:25:00,2720.34,94.1720520229089
2021-03-06 08:26:00,2827.02,94.00004244752425
2021-03-06 08:27:00,2922.1900000000005,93.63525301229555
2021-03-06 08:28:00,2938.1000000000004,94.22415846975936
2021-03-06 08:29:00,2916.6900000000005,94.27467437403355
2021-03-06 08:30:00,2858.31,94.17802827544949
2021-03-06 08:31:00,2933.7000000000003,94.75406483280499
2021-03-06 08:32:00,2988.16,92.94013707431998
2021-03-06 08:33:00,3017.52,94.48487499668602
2021-03-06 08:34:00,3060.6899999999996,94.32513583538353
2021-03-06 08:35:00,3064.72,94.26962332611136
2021-03-06 08:36:00,3094.3,92.71563843195553
2021-03-06 08:37:00,3057.1799999999994,93.85119620042
2021-03-06 08:38:00,3089.66,93.88735330101048
2021-03-06 08:39:00,3113.24,94.1109583584947
2021-03-06 08:40:00,3090.5299999999997,94.15860709975313
2021-03-06 08:41:00,3114.54,94.17442062070161
2021-03-06 08:42:00,3143.9500000000003,94.11091143306987
2021-03-06 08:43:00,3165.9900000000002,94.76972447796739
2021-03-06 08:44:00,3118.7400000000002,93.69168317974565
2021-03-06 08:45:00,3171.0,94.02081362346263
2021-03-06 08:46:00,3144.6000000000004,94.83241111747121
2021-03-06 08:47:00,3160.16,94.45724267125716
2021-03-06 08:48:00,3162.6000000000004,94.67210522987413
2021-03-06 08:49:00,3169.7999999999997,94.45075399078807
2021-03-06 08:50:00,3173.4000000000005,94.33100144954936
2021-03-06 08:51:00,3183.5899999999997,94.26465091296305
2021-03-06 08:52:00,3226.8999999999996,94.00973070129227
2021-03-06 08:53:00,3298.9,94.74673375973809
2021-03-06 08:54:00,3351.0600000000004,93.6808054764761
2021-03-06 08:55:00,3347.92,93.93593634256494
2021-03-06 08:56:00,3304.54,95.03592027937323
2021-03-06 08:57:00,3308.26,94.42425927829132
2021-03-06 08:58:00,3349.73,94.14788654607983
2021-03-06 08:59:00,3271.12,94.75042187385361
2021-03-06 09:00:00,3302.67,94.79602866771431
2021-03-06 09:01:00,3293.3999999999996,94.17623125037954
2021-03-06 09:02:00,3374.9300000000003,94.08787737819748
2021-03-06 09:03:00,3411.2,94.09885084427768
2021-03-06 09:04:00,3422.25,94.94630725399956
2021-03-06 09:05:00,3411.8500000000004,94.95141931796532
2021-03-06 09:06:00,3413.49,94.19098928076544
2021-03-06 09:07:00,3395.6000000000004,94.26316409471079
2021-03-06 09:08:00,3376.75,95.22765973199083
2021-03-06 09:09:00,3420.71,94.57393348164562
2021-03-06 09:10:00,3422.5699999999997,94.20114124765892
2021-03-06 09:11:00,3473.95,94.08022567970178
2021-03-06 09:12:00,3475.29,94.27126944801728
2021-03-06 09:13:00,3514.92,94.17568536410501
2021-03-06 09:14:00,3561.0,94.22914911541702
2021-03-06 09:15:00,3616.9800000000005,93.12465095189908
2021-03-06 09:16:00,2826.6,61.13351729993632
2021-03-06 09:17:00,3673.54,94.17074538456095
2021-03-06 09:18:00,3718.2699999999995,92.94645090324265
2021-03-06 09:19:00,3692.0,93.36944745395449
2021-03-06 09:20:00,3645.4300000000003,94.47993789484367
2021-03-06 09:21:00,3609.2,94.09287376703979
2021-03-06 09:22:00,3572.82,93.64031773221151
2021-03-06 09:23:00,3567.9900000000002,94.01091370771779
2021-03-06 09:24:00,3576.2700000000004,93.96941506094338
2021-03-06 09:25:00,3601.8,93.80032206119162
2021-03-06 09:26:00,3558.44,94.98544305931813
2021-03-06 09:27:00,3605.9400000000005,93.49295884013598
2021-03-06 09:28:00,3611.46,94.2084364772142
2021-03-06 09:29:00,3657.5,95.30827067669173
2021-03-06 09:30:00,3701.9399999999996,94.22086797733081
2021-03-06 09:31:00,3733.2,93.91406835958428
2021-03-06 09:32:00,3765.6000000000004,94.56660293180369
2021-03-06 09:33:00,3772.08,94.39619520264682
2021-03-06 09:34:00,3772.64,94.08530896136394
2021-03-06 09:35:00,3712.32,94.63893198862166
2021-03-06 09:36:00,3714.0099999999998,92.65457012770564
2021-03-06 09:37:00,3748.32,92.8389251718103
2021-03-06 09:38:00,3772.64,94.6552016624963
2021-03-06 09:39:00,3798.42,94.09965196055202
2021-03-06 09:40:00,3774.0999999999995,94.11515328157708
2021-03-06 09:41:00,3776.29,94.74378291921437
2021-03-06 09:42:00,3850.5,93.70990780418128
2021-03-06 09:43:00,3842.25,94.79341531654629
2021-03-06 09:44:00,3805.35,94.19632885279935
2021-03-06 09:45:00,3802.12,94.19744773968208
2021-03-06 09:46:00,3806.5600000000004,93.29683493758142
2021-03-06 09:47:00,3765.34,94.03666069996335
2021-03-06 09:48:00,3937.56,94.47983014861995
2021-03-06 09:49:00,3948.37,93.86405022832207
2021-03-06 09:50:00,3932.24,93.9413667527923
2021-03-06 09:51:00,3788.1800000000003,93.80230084103711
2021-03-06 09:52:00,3655.0799999999995,94.01435809886516
2021-03-06 09:53:00,3708.62,93.95947818865238
2021-03-06 09:54:00,3722.3999999999996,94.0199871050935
2021-03-06 09:55:00,3783.5899999999997,94.48433894793041
2021-03-06 09:56:00,3938.3199999999997,93.6820776371651
2021-03-06 09:57:00,3915.5199999999995,94.12287512258911
2021-03-06 09:58:00,3886.73,93.17858456851904
2021-03-06 09:59:00,3811.0,94.32432432432432
2021-03-06 10:00:00,3753.25,94.18770398987544
2021-03-06 10:01:00,3925.3999999999996,94.65022672848627
2021-03-06 10:02:00,3980.13,93.8436684228907
2021-03-06 10:03:00,4046.64,94.01627028843683
2021-03-06 10:04:00,4072.45,94.04412577195546
2021-03-06 10:05:00,4070.87,93.44931181786694
2021-03-06 10:06:00,4104.44,92.36095545311908
2021-03-06 10:07:00,4117.6,93.30920924810569
2021-03-06 10:08:00,4105.6,94.48801636788777
2021-03-06 10:09:00,4114.4,93.08526152051333
2021-03-06 10:10:00,4100.8,94.24014826375341
2021-03-06 10:11:00,4059.0200000000004,94.01776783558591
2021-03-06 10:12:00,4007.6400000000003,94.14019223283529
2021-03-06 10:13:00,3990.4799999999996,93.63785810228345
2021-03-06 10:14:00,4066.13,93.78942630953756
2021-03-06 10:15:00,4061.3900000000003,93.62065696719596
2021-03-06 10:16:00,4027.1400000000003,94.8588824823572
2021-03-06 10:17:00,4053.4900000000002,94.5062156314682
2021-03-06 10:18:00,4088.3600000000006,93.58031093152265
2021-03-06 10:19:00,4041.64,95.00598766837226
2021-03-06 10:20:00,4071.66,93.9346605561368
2021-03-06 10:21:00,4045.5900000000006,94.47324123304635
2021-03-06 10:22:00,4096.8,93.9538176137473
2021-03-06 10:23:00,4085.09,94.45079545371094
2021-03-06 10:24:00,4162.4,95.36805689025563
2021-03-06 10:25:00,4113.18,93.55535133400433
2021-03-06 10:26:00,4099.200000000001,94.31352459016391
2021-03-06 10:27:00,4109.6,94.19651547595872
2021-03-06 10:28:00,4142.34,94.12795666217644
2021-03-06 10:29:00,4150.4400000000005,94.63574946270757
2021-03-06 10:30:00,4176.36,94.64940761811722
2021-03-06 10:31:00,4205.78,94.71251468217548
2021-03-06 10:32:00,4215.570000000001,94.40478986234363
2021-03-06 10:33:00,4212.339999999999,93.97864369922657
2021-03-06 10:34:00,4183.64,94.29109579218097
2021-03-06 10:35:00,4174.619999999999,93.55582064954417
2021-03-06 10:36:00,4181.19,94.51137116466843
2021-03-06 10:37:00,4199.219999999999,94.64614857044882
2021-03-06 10:38:00,4207.42,94.0600177781158
2021-03-06 10:39:00,4207.42,94.02911998326765
2021-03-06 10:40:00,4250.43,93.56700380902637
2021-03-06 10:41:00,4250.43,93.83050656051269
2021-03-06 10:42:00,4247.110000000001,93.44707342169146
2021-03-06 10:43:00,4220.55,94.09674094608522
2021-03-06 10:44:00,4252.92,93.37349397590361
2021-03-06 10:45:00,4242.13,93.50962841779955
2021-03-06 10:46:00,4198.65,93.9397187191121
2021-03-06 10:47:00,4193.48,93.69545103350917
2021-03-06 10:48:00,4243.79,93.06068396409813
2021-03-06 10:49:00,4228.85,93.12460834505833
2021-03-06 10:50:00,4193.48,93.49514007459199
2021-03-06 10:51:00,4168.26,93.6913724191869
2021-03-06 10:52:00,4125.33,93.83734149752868
2021-03-06 10:53:00,4055.8600000000006,93.04808351373075
2021-03-06 10:54:00,4077.1899999999996,93.29464655804613
2021-03-06 10:55:00,4038.48,93.9363324815277
2021-03-06 10:56:00,3973.26,93.57051891897333
2021-03-06 10:57:00,3861.75,94.31216417427332
2021-03-06 10:58:00,3825.0600000000004,93.87565162376538
2021-03-06 10:59:00,4020.94,92.95587598919654
2021-03-06 11:00:00,4316.76,93.83658113955836
2021-03-06 11:01:00,4321.8,94.5092322643343
2021-03-06 11:02:00,4533.76,93.47870200451722
2021-03-06 11:03:00,4682.77,93.2226011527365
2021-03-06 11:04:00,4563.92,93.3079458009781
2021-03-06 11:05:00,4319.92,93.79571843923036
2021-03-06 11:06:00,4229.68,93.76123016398404
2021-03-06 11:07:00,4295.76,94.17425554500251
2021-03-06 11:08:00,4298.280000000001,93.94920759001273
2021-03-06 11:09:00,4221.38,93.08330451179472
2021-03-06 11:10:00,4259.08,93.10696206692526
2021-03-06 11:11:00,4283.16,94.1127578703574
2021-03-06 11:12:00,3914.6800000000003,93.16981209192066
2021-03-06 11:13:00,4191.0199999999995,93.77669397903136
2021-03-06 11:14:00,4146.39,93.3920832338492
2021-03-06 11:15:00,4152.59,92.9612603218714
2021-03-06 11:16:00,4276.990000000001,93.54242118873319
2021-03-06 11:17:00,4394.45,94.14147390458419
2021-03-06 11:18:00,4418.68,92.64078865181456
2021-03-06 11:19:00,4463.969999999999,93.67222449971663
2021-03-06 11:20:00,4407.5,93.25241066364153
2021-03-06 11:21:00,4291.5599999999995,93.21785085143864
2021-03-06 11:22:00,4215.619999999999,93.09662635626553
2021-03-06 11:23:00,4157.73,93.67852169332787
2021-03-06 11:24:00,4292.4,93.93113409747461
2021-03-06 11:25:00,4286.52,94.67353470880806
2021-03-06 11:26:00,4294.08,94.09233176838812
2021-03-06 11:27:00,4293.24,92.88555962396698
2021-03-06 11:28:00,3503.74,93.28317740471611
2021-03-06 11:29:00,4400.619999999999,93.01189377860393
2021-03-06 11:30:00,4198.4,93.87147484756098
2021-03-06 11:31:00,4085.9700000000003,93.3242290080446
2021-03-06 11:32:00,4290.599999999999,93.50207430196245
2021-03-06 11:33:00,4474.98,93.11996925125923
2021-03-06 11:34:00,4317.6,93.31341486010746
2021-03-06 11:35:00,3229.39,61.09822598075798
2021-03-06 11:36:00,3975.3799999999997,93.5684135856195
2021-03-06 11:37:00,4043.5199999999995,94.34106916745806
2021-03-06 11:38:00,3858.46,93.64876142295114
2021-03-06 11:39:00,3013.3,94.4379915707032
2021-03-06 11:40:00,3630.26,92.85560813826007
2021-03-06 11:41:00,4298.990000000001,93.08000251221797
2021-03-06 11:42:00,3867.36,93.97625253402838
2021-03-06 11:43:00,4520.5599999999995,93.79811350806095
2021-03-06 11:44:00,4234.32,93.61833777324341
2021-03-06 11:45:00,4058.88,92.37277278461053
2021-03-06 11:46:00,3931.77,92.44945660605784
2021-03-06 11:47:00,4364.75,93.28827538805201
2021-03-06 11:48:00,4159.299999999999,94.09996874474072
2021-03-06 11:49:00,4055.07,93.61120769801754
2021-03-06 11:50:00,4006.08,93.4180046329579
2021-03-06 11:51:00,4033.38,93.84684805299773
2021-03-06 11:52:00,4123.2,93.441986806364
2021-03-06 11:53:00,4159.349999999999,93.72377895584648
2021-03-06 11:54:00,4281.970000000001,93.77459440397759
2021-03-06 11:55:00,4325.16,93.89248027818624
2021-03-06 11:56:00,4299.120000000001,93.8913079886116
2021-03-06 11:57:00,4067.71,93.46290664772071
2021-03-06 11:58:00,3845.25,93.96268123008907
2021-03-06 11:59:00,3884.26,93.00613244221549
2021-03-06 12:00:00,3987.83,93.85806315715564
2021-03-06 12:01:00,4097.6,93.72315501757126
2021-03-06 12:02:00,4162.589999999999,93.3337177094069
2021-03-06 12:03:00,4205.869999999999,92.7299227032695
2021-03-06 12:04:00,4278.650000000001,94.21429656550546
2021-03-06 12:05:00,4280.31,93.85067903960226
2021-03-06 12:06:00,4213.16,93.87490624614304
2021-03-06 12:07:00,4184.46,93.88308168795973
2021-03-06 12:08:00,4217.96,93.26546482185701
2021-03-06 12:09:00,4058.2300000000005,93.06273917446767
2021-03-06 12:10:00,4197.42,93.22393279681329
2021-03-06 12:11:00,4163.4,93.78392659845319
2021-03-06 12:12:00,4100.1,93.55381576059119
2021-03-06 12:13:00,4167.16,93.46173413067893
2021-03-06 12:14:00,4071.6600000000003,94.29814866663719
2021-03-06 12:15:00,3994.76,93.77784898216663
2021-03-06 12:16:00,4052.6200000000003,93.45312415178329
2021-03-06 12:17:00,4054.4399999999996,93.73181006501515
2021-03-06 12:18:00,3954.2799999999997,93.63777982338125
2021-03-06 12:19:00,3918.75,94.75215311004784
2021-03-06 12:20:00,3926.25,93.20089143584846
2021-03-06 12:21:00,3839.12,94.24034674612932
2021-03-06 12:22:00,3808.41,92.47953870512892
2021-03-06 12:23:00,3914.25,93.05486363926678
2021-03-06 12:24:00,4116.6900000000005,92.55251184811097
2021-03-06 12:25:00,4013.2400000000002,93.22392879568628
2021-03-06 12:26:00,4068.48,93.25595799905616
2021-03-06 12:27:00,4148.05,92.88219765914104
2021-03-06 12:28:00,4226.099999999999,93.31534984974327
2021-03-06 12:29:00,4270.5199999999995,93.37504566188662
2021-03-06 12:30:00,4223.82,93.89367918140452
2021-03-06 12:31:00,4213.09,93.47533520527688
2021-03-06 12:32:00,4102.700000000001,93.42384283520607
2021-03-06 12:33:00,3885.0,92.98841698841699
2021-03-06 12:34:00,3838.38,94.25330477962058
2021-03-06 12:35:00,3984.75,93.1451157538114
2021-03-06 12:36:00,3988.6000000000004,94.81522338665197
2021-03-06 12:37:00,4089.83,94.14572243834097
2021-03-06 12:38:00,3788.7,94.24340802913929
2021-03-06 12:39:00,3773.58,94.0221222287589
2021-03-06 12:40:00,3752.64,92.50554276456042
2021-03-06 12:41:00,3909.75,93.7016433275785
2021-03-06 12:42:00,3719.6899999999996,93.87341418236468
2021-03-06 12:43:00,3760.56,93.29993405237518
2021-03-06 12:44:00,3776.4,94.38618790382375
2021-03-06 12:45:00,3905.2,93.37037795759501
2021-03-06 12:46:00,3902.25,94.0713690819399
2021-03-06 12:47:00,3759.84,93.2486488786757
2021-03-06 12:48:00,3861.5699999999997,92.27852919926353
2021-03-06 12:49:00,3858.3600000000006,93.43607128417253
2021-03-06 12:50:00,3839.51,92.6993288206047
2021-03-06 12:51:00,3805.49,92.9788279564524
2021-03-06 12:52:00,3597.66,94.14452727606277
2021-03-06 12:53:00,3726.79,93.65432449909977
2021-03-06 12:54:00,3528.8900000000003,93.29279178438544
2021-03-06 12:55:00,3834.6899999999996,93.41302686788242
2021-03-06 12:56:00,4026.33,93.79012649236402
2021-03-06 12:57:00,4121.43,94.4380955153915
2021-03-06 12:58:00,4030.95,93.38741487738623
2021-03-06 12:59:00,3766.32,94.29363410437774
2021-03-06 13:00:00,3775.91,94.48318418606377
2021-03-06 13:01:00,3143.3999999999996,93.83788254755997
2021-03-06 13:02:00,2887.92,92.50602509764813
2021-03-06 13:03:00,3268.3399999999997,92.82693966967942
2021-03-06 13:04:00,3996.0,93.16566566566567
2021-03-06 13:05:00,4241.969999999999,93.8266890147738
2021-03-06 13:06:00,3961.5,93.87353275274518
2021-03-06 13:07:00,4061.75,92.8417554009971
2021-03-06 13:08:00,4042.5,93.07606679035251
2021-03-06 13:09:00,3723.95,92.92820795123458
2021-03-06 13:10:00,3416.4,94.09319751785505
2021-03-06 13:11:00,3417.6000000000004,94.05138108614231
2021-03-06 13:12:00,3579.52,93.1521544788128
2021-03-06 13:13:00,3480.1800000000003,93.1216201460844
2021-03-06 13:14:00,3411.8500000000004,93.34232161437342
2021-03-06 13:15:00,3234.2199999999993,92.86628615245718
2021-03-06 13:16:00,3198.2299999999996,94.23337283434901
2021-03-06 13:17:00,2795.22,93.65273574173054
2021-03-06 13:18:00,2593.08,91.9755657364987
2021-03-06 13:19:00,2689.25,92.47931579436646
2021-03-06 13:20:00,2707.16,93.20099292247225
2021-03-06 13:21:00,2665.5,92.71431251172389
2021-03-06 13:22:00,2788.76,92.09828023924611
2021-03-06 13:23:00,2212.3599999999997,91.64873709522864
2021-03-06 13:24:00,2694.0,92.75055679287304
2021-03-06 13:25:00,2864.65,93.4843698183024
2021-03-06 13:26:00,3088.26,93.43125254997959
2021-03-06 13:27:00,3343.04,93.41796688044414
2021-03-06 13:28:00,3420.8999999999996,93.29416235493585
2021-03-06 13:29:00,3277.5299999999997,93.13721003316522
2021-03-06 13:30:00,3200.75,92.04405217527142
2021-03-06 13:31:00,2911.1400000000003,93.23495263024105
2021-03-06 13:32:00,2908.9800000000005,93.07386094094836
2021-03-06 13:33:00,2975.5,92.95244496723241
2021-03-06 13:34:00,2843.9799999999996,94.40291422583846
2021-03-06 13:35:00,2534.71,92.89031092314308
2021-03-06 13:36:00,2420.1,92.99202512292881
2021-03-06 13:37:00,2771.34,92.02407499621123
2021-03-06 13:38:00,2985.4,93.40791853687948
2021-03-06 13:39:00,3245.3999999999996,92.77438836507056
2021-03-06 13:40:00,3515.85,92.78268413043787
2021-03-06 13:41:00,3120.4,93.24766055633891
2021-03-06 13:42:00,2851.3999999999996,93.69081854527602
2021-03-06 13:43:00,2644.5300000000007,92.3831455873066
2021-03-06 13:44:00,2682.5,92.54426840633737
2021-03-06 13:45:00,2637.1800000000003,92.09837781266353
2021-03-06 13:46:00,2749.92,93.3118054343399
2021-03-06 13:47:00,2754.51,93.38503036837767
2021-03-06 13:48:00,2534.71,92.33403426822004
2021-03-06 13:49:00,2491.3599999999997,93.19006486417058
2021-03-06 13:50:00,2323.7200000000003,92.26154614153168
2021-03-06 13:51:00,2209.08,92.59510746555128
2021-03-06 13:52:00,2503.3199999999997,92.03377914130037
2021-03-06 13:53:00,2613.5999999999995,93.29277624732173
2021-03-06 13:54:00,2553.98,93.36799818322774
2021-03-06 13:55:00,2503.3199999999997,91.53843695572282
2021-03-06 13:56:00,2618.88,92.23408479960898
2021-03-06 13:57:00,2834.0,91.94777699364856
2021-03-06 13:58:00,2952.7200000000003,94.10645100111083
2021-03-06 13:59:00,3079.34,93.30570836607843
2021-03-06 14:00:00,2988.7,93.43527286111019
2021-03-06 14:01:00,2848.07,93.48435958385853
2021-03-06 14:02:00,2801.76,93.23425275541088
2021-03-06 14:03:00,2503.7799999999997,93.11121584164745
2021-03-06 14:04:00,3133.74,92.86667049595691
2021-03-06 14:05:00,3061.59,93.0529561437031
2021-03-06 14:06:00,2592.4799999999996,92.43658581744123
2021-03-06 14:07:00,2376.4400000000005,90.15586339230107
2021-03-06 14:08:00,2310.8199999999997,93.15307985909764
2021-03-06 14:09:00,2169.81,91.86979505117961
2021-03-06 14:10:00,1963.0800000000002,93.53159321066894
2021-03-06 14:11:00,2433.8500000000004,92.84466996733568
2021-03-06 14:12:00,2346.94,93.53455989501221
2021-03-06 14:13:00,2560.56,93.10853875714687
2021-03-06 14:14:00,2242.29,90.94720129867234
2021-03-06 14:15:00,2665.6000000000004,91.7692076830732
2021-03-06 14:16:00,2739.0,93.32968236582695
2021-03-06 14:17:00,2971.08,92.6733712993255
2021-03-06 14:18:00,2886.38,93.06813378695806
2021-03-06 14:19:00,2994.75,92.7923866766842
2021-03-06 14:20:00,2734.5,92.3898336076065
2021-03-06 14:21:00,2479.8599999999997,93.2794593243167
2021-03-06 14:22:00,2770.3199999999997,92.12293164688556
2021-03-06 14:23:00,2702.6000000000004,91.98919558943238
2021-03-06 14:24:00,2382.6000000000004,92.90690841937378
2021-03-06 14:25:00,2277.66,91.42716647787643
2021-03-06 14:26:00,1844.5,92.16047709406344
2021-03-06 14:27:00,1872.62,91.3052301054138
2021-03-06 14:28:00,1832.7599999999998,91.3321984329645
2021-03-06 14:29:00,2078.6,91.2729721928221
2021-03-06 14:30:00,2049.56,92.81504322879057
2021-03-06 14:31:00,1918.6999999999998,91.13462240058374
2021-03-06 14:32:00,2259.29,92.31218657188762
2021-03-06 14:33:00,2251.7200000000003,91.8808732879754
2021-03-06 14:34:00,2315.46,90.84156064021836
2021-03-06 14:35:00,2258.6899999999996,92.25701623507435
2021-03-06 14:36:00,2231.63,92.00001792411824
2021-03-06 14:37:00,2196.8,93.5269482884195
2021-03-06 14:38:00,2111.15,90.95042986050255
2021-03-06 14:39:00,2031.3000000000002,93.1324767390341
2021-03-06 14:40:00,2060.9300000000003,91.37622335547543
2021-03-06 14:41:00,1924.65,91.70498532200659
2021-03-06 14:42:00,2336.04,89.59606856046986
2021-03-06 14:43:00,2246.7999999999997,92.58946056613853
2021-03-06 14:44:00,1866.2599999999998,90.40540974998126
2021-03-06 14:45:00,2362.42,92.43910904919532
2021-03-06 14:46:00,2113.2799999999997,92.98815112053302
2021-03-06 14:47:00,1699.73,91.79104916663235
2021-03-06 14:48:00,1587.17,89.94625654466755
2021-03-06 14:49:00,1659.0,88.53526220614827
2021-03-06 14:50:00,2603.8,91.7812427989861
2021-03-06 14:51:00,2360.7,93.0529080357521
2021-03-06 14:52:00,2210.0,91.12217194570135
2021-03-06 14:53:00,1801.7999999999997,91.50849150849152
2021-03-06 14:54:00,1616.27,90.04683623404506
2021-03-06 14:55:00,1912.4199999999998,88.96058397214001
2021-03-06 14:56:00,1997.2800000000002,92.17535848754305
2021-03-06 14:57:00,2424.84,92.0885501723825
2021-03-06 14:58:00,2429.24,93.02497900577961
2021-03-06 14:59:00,2268.12,92.01894079678324
2021-03-06 15:00:00,2039.44,92.25081394892716
2021-03-06 15:01:00,2239.25,92.1558557552752
2021-03-06 15:02:00,2332.26,92.8584291631293
2021-03-06 15:03:00,2369.2999999999997,93.54661714430425
2021-03-06 15:04:00,2633.19,92.81138087262978
2021-03-06 15:05:00,2754.5,93.30186966781629
2021-03-06 15:06:00,2525.3999999999996,91.1815949948523
2021-03-06 15:07:00,2525.3999999999996,91.1815949948523
2021-03-06 15:08:00,1642.7999999999997,89.84660336011689
2021-03-06 15:09:00,1992.9600000000003,91.51212267180475
2021-03-06 15:10:00,1817.97,89.72095249096519
2021-03-06 15:11:00,2067.35,91.02474181923719
2021-03-06 15:12:00,2156.7,91.18560764130385
2021-03-06 15:13:00,1984.68,91.4404337223129
2021-03-06 15:14:00,1896.47,93.06764673314105
2021-03-06 15:15:00,1927.8000000000002,90.60068471833176
2021-03-06 15:16:00,1768.0,92.13235294117648
2021-03-06 15:17:00,1659.9,91.53563467678777
2021-03-06 15:18:00,1590.94,90.70109495015525
2021-03-06 15:19:00,1772.8000000000002,90.50090252707581
2021-03-06 15:20:00,1776.96,92.32622006122816
2021-03-06 15:21:00,1621.3200000000002,92.4123553647645
2021-03-06 15:22:00,1545.04,91.60927872417544
2021-03-06 15:23:00,1538.8799999999999,90.24745269286754
2021-03-06 15:24:00,1520.29,89.46319452209775
2021-03-06 15:25:00,1383.25,88.42219410807878
2021-03-06 15:26:00,1322.1599999999999,88.33272826284264
2021-03-06 15:27:00,1206.92,90.58595433003015
2021-03-06 15:28:00,1300.3700000000001,88.83625429685397
2021-03-06 15:29:00,1387.25,87.49684627860876
2021-03-06 15:30:00,1124.01,88.47786051725518
2021-03-06 15:31:00,1046.8999999999999,88.68086732257142
2021-03-06 15:32:00,1048.99,84.85304912344255
2021-03-06 15:33:00,1047.6599999999999,84.01580665483078
2021-03-06 15:34:00,1017.39,86.35823037379963
2021-03-06 15:35:00,995.4000000000001,89.05967450271247
2021-03-06 15:36:00,1053.55,83.02406150633573
2021-03-06 15:37:00,1057.16,87.79181959211472
2021-03-06 15:38:00,1051.84,89.06297535746882
2021-03-06 15:39:00,1051.08,85.11245575978994
2021-03-06 15:40:00,969.0799999999999,87.12387006232716
2021-03-06 15:41:00,966.9399999999999,87.233954536993
2021-03-06 15:42:00,996.66,85.42532057070615
2021-03-06 15:43:00,999.0,86.44644644644644
2021-03-06 15:44:00,997.92,85.71829405162738
2021-03-06 15:45:00,1023.9300000000001,88.10172570390554
2021-03-06 15:46:00,1114.1999999999998,89.3017411595764
2021-03-06 15:47:00,1170.1200000000003,88.7344887703825
2021-03-06 15:48:00,1224.3000000000002,89.30817610062893
2021-03-06 15:49:00,1054.88,87.92469285605945
2021-03-06 15:50:00,997.5600000000002,88.19519627892055
2021-03-06 15:51:00,996.84,87.3861402030416
2021-03-06 15:52:00,999.72,87.22442283839474
2021-03-06 15:53:00,1000.8000000000001,87.74980015987211
2021-03-06 15:54:00,999.1800000000001,88.14227666686682
2021-03-06 15:55:00,1062.4799999999998,89.33815224757174
2021-03-06 15:56:00,1087.06,85.99341342704174
2021-03-06 15:57:00,1056.9699999999998,85.8302506220612
2021-03-06 15:58:00,998.64,86.55771849715613
2021-03-06 15:59:00,1082.6,86.92961389248107
2021-03-06 16:00:00,1250.69,88.82296972071417
2021-03-06 16:01:00,1053.36,88.90597706387182
2021-03-06 16:02:00,996.48,86.43424855491328
2021-03-06 16:03:00,1000.6200000000001,89.36459395174991
2021-03-06 16:04:00,1000.44,86.94174563192195
2021-03-06 16:05:00,1061.9099999999999,85.12962492113269
2021-03-06 16:06:00,941.9699999999999,86.25540091510346
2021-03-06 16:07:00,941.8,81.31238054788702
2021-03-06 16:08:00,997.74,85.19253512939243
2021-03-06 16:09:00,910.71,84.34078905469359
2021-03-06 16:10:00,825.9,84.46543165032087
2021-03-06 16:11:00,772.2399999999999,83.34196622811562
2021-03-06 16:12:00,798.3199999999999,83.67571900992084
2021-03-06 16:13:00,830.85,84.79268219293495
2021-03-06 16:14:00,772.9399999999999,85.51763396900148
2021-03-06 16:15:00,773.5,84.18875242404654
2021-03-06 16:16:00,831.5999999999999,84.15103415103415
2021-03-06 16:17:00,772.24,86.47570703408266
2021-03-06 16:18:00,774.48,84.06931102158867
2021-03-06 16:19:00,798.0699999999999,84.3409725963888
2021-03-06 16:20:00,719.1600000000001,81.94282218143388
2021-03-06 16:21:00,719.6800000000001,83.50933748332592
2021-03-06 16:22:00,720.2,84.42099416828658
2021-03-06 16:23:00,718.7700000000001,79.66387022274162
2021-03-06 16:24:00,688.78,81.97102122593571
2021-03-06 16:25:00,662.04,82.8046643707329
2021-03-06 16:26:00,663.96,82.47484788240256
2021-03-06 16:27:00,660.24,81.93990064219072
2021-03-06 16:28:00,597.08,82.58524820794533
2021-03-06 16:29:00,568.9100000000001,81.4012761245188
2021-03-06 16:30:00,598.0699999999999,76.84719180029094
2021-03-06 16:31:00,600.0500000000001,77.82684776268644
2021-03-06 16:32:00,598.1800000000001,74.25858437259687
2021-03-06 16:33:00,565.1800000000001,83.8140061573304
2021-03-06 16:34:00,572.1800000000001,77.72029780838197
2021-03-06 16:35:00,569.11,80.89824462757639
2021-03-06 16:36:00,542.5,76.14746543778801
2021-03-06 16:37:00,545.6,76.37463343108504
2021-03-06 16:38:00,542.4000000000001,74.05973451327432
2021-03-06 16:39:00,512.31,77.14079366008862
2021-03-06 16:40:00,489.33000000000004,77.47327979073427
2021-03-06 16:41:00,491.31000000000006,72.60181962508395
2021-03-06 16:42:00,459.81000000000006,77.29279485004675
2021-03-06 16:43:00,459.96,73.7238020697452
2021-03-06 16:44:00,433.12,67.81030661248614
2021-03-06 16:45:00,405.99,71.18401931082046
2021-03-06 16:46:00,433.52000000000004,73.86049086547332
2021-03-06 16:47:00,462.07000000000005,74.44759452031077
2021-03-06 16:48:00,435.84000000000003,71.79240088105726
2021-03-06 16:49:00,406.93,71.26532818912344
2021-03-06 16:50:00,405.76,70.87933753943219
2021-03-06 16:51:00,404.9,68.78241541121265
2021-03-06 16:52:00,405.04999999999995,72.26268361930627
2021-03-06 16:53:00,437.20000000000005,73.8334858188472
2021-03-06 16:54:00,499.05,77.82787295862137
2021-03-06 16:55:00,557.5,76.10762331838565
2021-03-06 16:56:00,560.8,82.09700427960057
2021-03-06 16:57:00,586.98,79.16794439333538
2021-03-06 16:58:00,585.74,82.32321507836241
2021-03-06 16:59:00,520.54,78.7835709071349
2021-03-06 17:00:00,555.8,76.53832313781936
2021-03-06 17:01:00,525.96,79.45471138489619
2021-03-06 17:02:00,519.61,80.07929023690845
2021-03-06 17:03:00,490.05000000000007,75.99224568921538
2021-03-06 17:04:00,553.3,75.9624073739382
2021-03-06 17:05:00,550.8,79.86564996368918
2021-03-06 17:06:00,494.01000000000005,74.0268415619117
2021-03-06 17:07:00,407.99,73.67827642834384
2021-03-06 17:08:00,381.78,68.75687568756877
2021-03-06 17:09:00,344.74,65.90473980391019
2021-03-06 17:10:00,322.38,68.73875550592469
2021-03-06 17:11:00,345.34000000000003,67.12225632709793
2021-03-06 17:12:00,317.15999999999997,74.75722033043259
2021-03-06 17:13:00,312.12,62.668204536716644
2021-03-06 17:14:00,285.01,60.59436510999614
2021-03-06 17:15:00,261.3,68.84806735553003
2021-03-06 17:16:00,263.85,56.96418419556566
2021-03-06 17:17:00,261.05,59.4139053821107
2021-03-06 17:18:00,259.6,50.231124807395986
2021-03-06 17:19:00,264.5,55.349716446124766
2021-03-06 17:20:00,234.07,56.735164694322215
2021-03-06 17:21:00,225.01,51.81991911470602
2021-03-06 17:22:00,205.60000000000002,51.41050583657587
2021-03-06 17:23:00,210.08,43.55483625285605
2021-03-06 17:24:00,181.78,39.05820222246672
2021-03-06 17:25:00,181.45000000000002,35.16120143290162
2021-03-06 17:26:00,155.97,29.877540552670386
2021-03-06 17:27:00,154.5,21.10032362459547
2021-03-06 17:28:00,153.54,13.612088055229906
2021-03-06 17:29:00,128.58999999999997,11.120615911035076
2021-03-06 17:30:00,126.04,17.29609647730879
2021-03-06 17:31:00,102.92000000000002,14.477263894286823
2021-03-06 17:32:00,103.04,-13.198757763975156
2021-03-06 17:33:00,102.26,-27.967924897320557
2021-03-06 17:34:00,102.30000000000001,-23.264907135874875
2021-03-06 17:35:00,75.29,-40.11156860140789
2021-03-06 17:36:00,75.45,-51.027170311464545
2021-03-06 17:37:00,73.9,-40.054127198917456
2021-03-06 17:38:00,74.64000000000001,-31.48445873526259
2021-03-06 17:39:00,74.29,-36.074841836047916
2021-03-06 17:40:00,72.93,-50.733580145344845
2021-03-06 17:41:00,71.65,-37.82274947662247
2021-03-06 17:42:00,70.11,-47.63942376265868
2021-03-06 17:43:00,67.09,-26.82963183782978
2021-03-06 17:44:00,62.92,-70.4068658614113
2021-03-06 17:45:00,43.910000000000004,-82.44135732179458
2021-03-06 17:46:00,37.0,-83.78378378378379
2021-03-06 17:47:00,34.62,-55.45927209705373
2021-03-06 17:48:00,32.690000000000005,-41.60293667788314
2021-03-06 17:49:00,30.120000000000005,-127.15803452855243
2021-03-06 17:50:00,28.870000000000005,-124.00415656390713
2021-03-06 17:51:00,24.270000000000003,-94.35517099299545
2021-03-06 17:52:00,20.660000000000004,-197.48305905130684
2021-03-06 17:53:00,9.120000000000001,0.0
2021-03-06 17:54:00,8.55,0.0
2021-03-06 17:55:00,9.22,0.0
2021-03-06 17:56:00,11.11,-276.32763276327637
2021-03-06 17:57:00,11.21,-224.7992863514719
2021-03-06 17:58:00,9.780000000000001,0.0
2021-03-06 17:59:00,9.96,0.0
2021-03-06 18:00:00,5.04,0.0
2021-03-07 05:00:00,1.58,0.0
2021-03-07 05:01:00,1.94,0.0
2021-03-07 05:02:00,1.9000000000000001,0.0
2021-03-07 05:03:00,2.5,0.0
2021-03-07 05:04:00,2.8200000000000003,0.0
2021-03-07 05:05:00,2.9600000000000004,0.0
2021-03-07 05:06:00,3.88,0.0
2021-03-07 05:07:00,3.9299999999999997,0.0
2021-03-07 05:08:00,4.0600000000000005,0.0
2021-03-07 05:09:00,4.12,0.0
2021-03-07 05:10:00,4.03,0.0
2021-03-07 05:11:00,4.0200000000000005,0.0
2021-03-07 05:12:00,3.99,0.0
2021-03-07 05:13:00,4.470000000000001,0.0
2021-03-07 05:14:00,4.15,0.0
2021-03-07 05:15:00,4.11,0.0
2021-03-07 05:16:00,4.3,0.0
2021-03-07 05:17:00,4.63,0.0
2021-03-07 05:18:00,5.38,0.0
2021-03-07 05:19:00,6.210000000000001,0.0
2021-03-07 05:20:00,7.28,0.0
2021-03-07 05:21:00,18.15,-122.86501377410471
2021-03-07 05:22:00,20.270000000000003,-105.08140108534778
2021-03-07 05:23:00,22.650000000000002,-105.07726269315674
2021-03-07 05:24:00,23.86,-94.71919530595139
2021-03-07 05:25:00,33.58,-61.94163192376415
2021-03-07 05:26:00,49.980000000000004,-43.21728691476591
2021-03-07 05:27:00,51.230000000000004,-39.43002147179387
2021-03-07 05:28:00,51.64,-33.30751355538342
2021-03-07 05:29:00,53.58,-34.341172079134004
2021-03-07 05:30:00,53.97,-28.349082823790994
2021-03-07 05:31:00,55.34,-27.82797253342971
2021-03-07 05:32:00,56.14000000000001,-41.32525828286426
2021-03-07 05:33:00,55.45,-34.08476104598737
2021-03-07 05:34:00,57.14,-36.92684634231711
2021-03-07 05:35:00,57.53,-43.28176603511211
2021-03-07 05:36:00,56.88,-46.41350210970464
2021-03-07 05:37:00,58.19,-40.900498367417086
2021-03-07 05:38:00,57.59,-47.0567806910922
2021-03-07 05:39:00,57.56,-36.48366921473245
2021-03-07 05:40:00,58.629999999999995,-33.42998464949685
2021-03-07 05:41:00,57.440000000000005,-42.82729805013928
2021-03-07 05:42:00,76.44,0.5232862375719519
2021-03-07 05:43:00,98.82000000000002,30.5606152600688
2021-03-07 05:44:00,120.9,14.557485525227461
2021-03-07 05:45:00,124.07,23.212702506649475
2021-03-07 05:46:00,128.89,21.180851889207855
2021-03-07 05:47:00,128.13,22.867400296573795
2021-03-07 05:48:00,158.85,12.338684293358515
2021-03-07 05:49:00,158.61,20.04917722716096
2021-03-07 05:50:00,159.12,22.812971342383104
2021-03-07 05:51:00,159.72000000000003,37.62834961182068
2021-03-07 05:52:00,184.07,43.787689465964036
2021-03-07 05:53:00,186.4,37.392703862660944
2021-03-07 05:54:00,187.74,39.5227442207308
2021-03-07 05:55:00,186.99,40.055617947483825
2021-03-07 05:56:00,187.38,49.09808944391077
2021-03-07 05:57:00,216.04000000000002,52.21255323088316
2021-03-07 05:58:00,217.8,55.601469237832866
2021-03-07 05:59:00,221.16000000000003,54.75673720383432
2021-03-07 06:00:00,244.8,51.633986928104584
2021-03-07 06:01:00,246.47000000000003,56.923763541201765
2021-03-07 06:02:00,271.65,52.42039388919566
2021-03-07 06:03:00,271.05,56.37336284818299
2021-03-07 06:04:00,295.27,59.4032580350188
2021-03-07 06:05:00,296.69,64.579190400755
2021-03-07 06:06:00,296.77,67.08899147487953
2021-03-07 06:07:00,328.26,64.64387985133735
2021-03-07 06:08:00,326.03999999999996,67.4457121825543
2021-03-07 06:09:00,355.08,64.91494874394503
2021-03-07 06:10:00,355.39,67.47516812515828
2021-03-07 06:11:00,356.78999999999996,75.53462821267412
2021-03-07 06:12:00,389.27,69.00095049708429
2021-03-07 06:13:00,389.62,69.47795287716237
2021-03-07 06:14:00,416.48,70.0153668843642
2021-03-07 06:15:00,417.69000000000005,75.43872249754602
2021-03-07 06:16:00,446.0,72.13004484304932
2021-03-07 06:17:00,446.96000000000004,74.32432432432432
2021-03-07 06:18:00,474.39,79.19644174624254
2021-03-07 06:19:00,473.14,82.3434924123938
2021-03-07 06:20:00,504.81000000000006,75.25603692478356
2021-03-07 06:21:00,528.7,75.86533005485153
2021-03-07 06:22:00,528.56,81.92069017708492
2021-03-07 06:23:00,527.88,83.50382662726378
2021-03-07 06:24:00,583.1,82.07854570399589
2021-03-07 06:25:00,586.49,82.45664887721871
2021-03-07 06:26:00,587.0699999999999,83.29500740967858
2021-03-07 06:27:00,638.3,79.47673507754975
2021-03-07 06:28:00,642.78,80.1829552879679
2021-03-07 06:29:00,642.46,82.7133206736606
2021-03-07 06:30:00,670.9199999999998,85.56906933762598
2021-03-07 06:31:00,698.6600000000001,84.16110840752296
2021-03-07 06:32:00,702.5,87.30249110320284
2021-03-07 06:33:00,758.85,82.11108914805297
2021-03-07 06:34:00,754.5699999999999,83.42499701816931
2021-03-07 06:35:00,755.24,89.89195487527142
2021-03-07 06:36:00,785.4,86.50369238604533
2021-03-07 06:37:00,806.81,86.6870762633086
2021-03-07 06:38:00,809.22,88.245470947332
2021-03-07 06:39:00,864.1700000000001,86.00159690801578
2021-03-07 06:40:00,864.75,88.24515755998844
2021-03-07 06:41:00,865.42,90.01409720135888
2021-03-07 06:42:00,918.74,86.12882861310055
2021-03-07 06:43:00,918.4300000000001,87.7366810753133
2021-03-07 06:44:00,948.0899999999999,88.73630140598466
2021-03-07 06:45:00,976.07,86.91999549212657
2021-03-07 06:46:00,977.98,88.69302030716374
2021-03-07 06:47:00,974.5,90.8978963571062
2021-03-07 06:48:00,1043.57,85.58122598388226
2021-03-07 06:49:00,1054.54,89.2047717488194
2021-03-07 06:50:00,1053.42,91.72979438400637
2021-03-07 06:51:00,1079.1399999999999,91.50805270863836
2021-03-07 06:52:00,1105.1599999999999,89.5707408881972
2021-03-07 06:53:00,1129.71,91.14728558656647
2021-03-07 06:54:00,1157.6100000000001,88.41492385172899
2021-03-07 06:55:00,1155.1799999999998,92.24536435880123
2021-03-07 06:56:00,1210.81,89.83242622707114
2021-03-07 06:57:00,1210.3700000000001,91.6166131017788
2021-03-07 06:58:00,1267.24,88.31002809254758
2021-03-07 06:59:00,1268.42,90.96356096561074
2021-03-07 07:00:00,1287.96,91.30718345290227
2021-03-07 07:01:00,1313.74,89.98736431866276
2021-03-07 07:02:00,1317.3899999999999,92.36444788559197
2021-03-07 07:03:00,1339.6799999999998,91.81297026155501
2021-03-07 07:04:00,1370.61,89.92346473468018
2021-03-07 07:05:00,1373.11,92.10478403041272
2021-03-07 07:06:00,1405.75,91.48852925484616
2021-03-07 07:07:00,1430.0100000000002,90.95740589226648
2021-03-07 07:08:00,1430.27,93.48584532990274
2021-03-07 07:09:00,1481.6200000000001,90.90050080317489
2021-03-07 07:10:00,1471.95,93.94340840381807
2021-03-07 07:11:00,1532.04,91.78611524503278
2021-03-07 07:12:00,1538.79,91.62393828917527
2021-03-07 07:13:00,1568.28,91.94149004004387
2021-03-07 07:14:00,1592.81,91.98209453732711
2021-03-07 07:15:00,1592.1799999999998,92.62143727468
2021-03-07 07:16:00,1648.4,90.66974035428294
2021-03-07 07:17:00,1639.97,93.27609651396062
2021-03-07 07:18:00,1644.72,93.68159929957682
2021-03-07 07:19:00,1674.9,91.68905606304854
2021-03-07 07:20:00,1699.51,91.92649646074457
2021-03-07 07:21:00,1697.74,93.971986287653
2021-03-07 07:22:00,1753.4700000000003,92.68479072923974
2021-03-07 07:23:00,1752.22,93.01343438609307
2021-03-07 07:24:00,1817.8600000000001,90.4140032785803
2021-03-07 07:25:00,1819.8200000000002,92.31682254288884
2021-03-07 07:26:00,1853.6099999999997,91.28133749817925
2021-03-07 07:27:00,1868.5,92.29328338239229
2021-03-07 07:28:00,1871.87,92.2126002339906
2021-03-07 07:29:00,1923.6599999999999,91.33110840793073
2021-03-07 07:30:00,1926.0200000000002,92.04473473795703
2021-03-07 07:31:00,1949.15,90.92681425236641
2021-03-07 07:32:00,1973.45,91.56046517520079
2021-03-07 07:33:00,1970.28,93.88513307753212
2021-03-07 07:34:00,1971.67,93.6008561270395
2021-03-07 07:35:00,2027.9499999999998,92.75869720653863
2021-03-07 07:36:00,2019.27,93.04352563054965
2021-03-07 07:37:00,2076.44,92.5959815838647
2021-03-07 07:38:00,2083.62,92.91521486643438
2021-03-07 07:39:00,2136.85,91.8033554063224
2021-03-07 07:40:00,2133.38,92.3182930373398
2021-03-07 07:41:00,2131.14,92.62648160139643
2021-03-07 07:42:00,2178.6400000000003,92.5439723864429
2021-03-07 07:43:00,2188.5,92.88553803975326
2021-03-07 07:44:00,2214.8,91.85479501535127
2021-03-07 07:45:00,2233.08,92.73738513622442
2021-03-07 07:46:00,2239.1499999999996,93.25413661434028
2021-03-07 07:47:00,2291.59,92.84819710332127
2021-03-07 07:48:00,2295.64,92.47530100538413
2021-03-07 07:49:00,2345.91,91.78954009318346
2021-03-07 07:50:00,2348.05,93.39238942952662
2021-03-07 07:51:00,2381.7200000000003,93.2477369296139
2021-03-07 07:52:00,2404.2,93.00390982447384
2021-03-07 07:53:00,2408.08,92.72532474004187
2021-03-07 07:54:00,2426.2,93.93702085565906
2021-03-07 07:55:00,2460.45,92.90983356703043
2021-03-07 07:56:00,2492.65,93.08166008063706
2021-03-07 07:57:00,2496.23,94.19003857817589
2021-03-07 07:58:00,2571.54,92.97930423015003
2021-03-07 07:59:00,2594.87,93.15302886079071
2021-03-07 08:00:00,2612.2200000000003,93.9124576031115
2021-03-07 08:01:00,2668.7,93.0865215273354
2021-03-07 08:02:00,2661.92,93.23345555088058
2021-03-07 08:03:00,2679.7799999999997,93.03748815201249
2021-03-07 08:04:00,2743.4700000000003,92.04401724822941
2021-03-07 08:05:00,2731.1400000000003,92.74149256354488
2021-03-07 08:06:00,2717.31,94.30650165052938
2021-03-07 08:07:00,2765.7699999999995,94.02806451729538
2021-03-07 08:08:00,2781.0299999999997,92.9475769768755
2021-03-07 08:09:00,2798.88,94.5592522723375
2021-03-07 08:10:00,2826.17,93.10126425515803
2021-03-07 08:11:00,2823.6499999999996,93.71912241248032
2021-03-07 08:12:00,2848.5600000000004,93.0470132277361
2021-03-07 08:13:00,2878.98,93.16494036082223
2021-03-07 08:14:00,2881.6499999999996,94.03640275536587
2021-03-07 08:15:00,2918.38,93.15442128852308
2021-03-07 08:16:00,2922.13,94.38662893163547
2021-03-07 08:17:00,2950.0200000000004,93.3417400559996
2021-03-07 08:18:00,2976.78,93.46676610297033
2021-03-07 08:19:00,2970.23,94.15432474926185
2021-03-07 08:20:00,3003.0,93.74292374292375
2021-03-07 08:21:00,3023.08,94.17878455085543
2021-03-07 08:22:00,3027.51,93.4662478406347
2021-03-07 08:23:00,3021.9800000000005,93.26997531419796
2021-03-07 08:24:00,3046.4,94.3342962184874
2021-03-07 08:25:00,3060.16,93.95913939140438
2021-03-07 08:26:00,3091.6800000000003,93.505796201418
2021-03-07 08:27:00,3095.1,93.21508190365417
2021-03-07 08:28:00,3097.9500000000003,93.58123920657208
2021-03-07 08:29:00,3099.66,94.12967873895846
2021-03-07 08:30:00,3123.51,93.23165285207986
2021-03-07 08:31:00,3123.4799999999996,94.02333294914649
2021-03-07 08:32:00,3132.0,93.90166028097062
2021-03-07 08:33:00,3164.4799999999996,94.05652745474772
2021-03-07 08:34:00,3146.5,94.32385189893533
2021-03-07 08:35:00,3173.21,93.74103825463804
2021-03-07 08:36:00,3198.9800000000005,93.03277919836947
2021-03-07 08:37:00,3200.16,92.89223038848058
2021-03-07 08:38:00,3210.2200000000003,93.4172735824959
2021-03-07 08:39:00,3208.4700000000003,94.28481488061287
2021-03-07 08:40:00,3240.6,94.22637783126582
2021-03-07 08:41:00,3274.4300000000003,93.54605229001687
2021-03-07 08:42:00,3267.7799999999997,94.59633145438188
2021-03-07 08:43:00,3298.27,93.58845697896172
2021-03-07 08:44:00,3300.71,94.39181267060724
2021-03-07 08:45:00,3333.1200000000003,94.15802611367127
2021-03-07 08:46:00,3338.08,94.09900301969995
2021-03-07 08:47:00,3351.1000000000004,93.68565545641728
2021-03-07 08:48:00,3391.29,92.9498804289813
2021-03-07 08:49:00,3377.43,93.90276038289468
2021-03-07 08:50:00,3384.99,94.49658640055067
2021-03-07 08:51:00,3414.4,93.71485473289597
2021-03-07 08:52:00,3441.28,93.56402268923192
2021-03-07 08:53:00,3441.92,94.0289140944589
2021-03-07 08:54:00,3434.41,94.05108883330762
2021-03-07 08:55:00,3436.31,93.92051357415367
2021-03-07 08:56:00,3446.3,93.6801787424194
2021-03-07 08:57:00,3460.6,93.77564584176154
2021-03-07 08:58:00,3479.45,94.24765408326029
2021-03-07 08:59:00,3478.8,94.25089111187765
2021-03-07 09:00:00,3501.2999999999997,94.10504669694114
2021-03-07 09:01:00,3512.64,94.8745103398014
2021-03-07 09:02:00,3544.25,93.67849333427381
2021-03-07 09:03:00,3546.8599999999997,93.91123416204756
2021-03-07 09:04:00,3563.06,93.98943604654426
2021-03-07 09:05:00,3582.06,93.32339491800808
2021-03-07 09:06:00,3561.7200000000003,94.31959839628044
2021-03-07 09:07:00,3608.76,93.37556390560745
2021-03-07 09:08:00,3621.6800000000003,93.66095292792295
2021-03-07 09:09:00,3615.26,93.78578580793635
2021-03-07 09:10:00,3641.9900000000002,93.0809804529941
2021-03-07 09:11:00,3643.41,93.96417092778468
2021-03-07 09:12:00,3659.07,93.89544337768886
2021-03-07 09:13:00,3673.5600000000004,93.53597055717069
2021-03-07 09:14:00,3661.83,95.04537348811934
2021-03-07 09:15:00,3729.6000000000004,93.1091806091806
2021-03-07 09:16:00,3719.8,93.96204096994461
2021-03-07 09:17:00,3721.2000000000003,93.52896914973664
2021-03-07 09:18:00,3724.7,93.82500604075496
2021-03-07 09:19:00,3711.4,94.87255483106105
2021-03-07 09:20:00,3741.2599999999993,93.505931156883
2021-03-07 09:21:00,3770.81,93.47063363044015
2021-03-07 09:22:00,3767.26,94.51431544411587
2021-03-07 09:23:00,3765.1299999999997,94.04190559157321
2021-03-07 09:24:00,3767.98,93.82480798730354
2021-03-07 09:25:00,3787.92,93.73218019387949
2021-03-07 09:26:00,3793.6800000000003,93.579321397693
2021-03-07 09:27:00,3801.6,93.95780723905725
2021-03-07 09:28:00,3823.55,93.57272691608584
2021-03-07 09:29:00,3814.1900000000005,94.78552458057935
2021-03-07 09:30:00,3845.64,93.38107571171508
2021-03-07 09:31:00,3833.96,94.77667998622833
2021-03-07 09:32:00,3855.1,94.23620658348682
2021-03-07 09:33:00,3892.4,92.9041208508889
2021-03-07 09:34:00,3877.0600000000004,93.76434721154688
2021-03-07 09:35:00,3887.9600000000005,93.24427206041214
2021-03-07 09:36:00,3879.8200000000006,94.45025800165986
2021-03-07 09:37:00,3919.53,94.40672733720625
2021-03-07 09:38:00,3948.0,93.36879432624113
2021-03-07 09:39:00,3950.25,94.1813809252579
2021-03-07 09:40:00,3964.5,94.1051835035944
2021-03-07 09:41:00,3959.29,94.44622646989738
2021-03-07 09:42:00,3971.3,93.67209729811397
2021-03-07 09:43:00,3984.95,93.85061293115348
2021-03-07 09:44:00,3987.72,93.72022107871165
2021-03-07 09:45:00,4009.0,92.50187079072087
2021-03-07 09:46:00,4027.1000000000004,93.48911127113804
2021-03-07 09:47:00,4024.7900000000004,94.04465823061575
2021-03-07 09:48:00,4039.42,93.39212065098454
2021-03-07 09:49:00,4045.58,93.45260753711457
2021-03-07 09:50:00,4007.8500000000004,94.12527913968836
2021-03-07 09:51:00,4061.94,93.66952736869575
2021-03-07 09:52:00,4034.0299999999997,94.1217591341661
2021-03-07 09:53:00,4052.88,94.59199384141647
2021-03-07 09:54:00,4092.66,93.40624434964059
2021-03-07 09:55:00,4083.3,94.08566600543678
2021-03-07 09:56:00,4086.4199999999996,94.08724507025711
2021-03-07 09:57:00,4076.2799999999997,94.35318476650279
2021-03-07 09:58:00,4094.76,93.84432787269581
2021-03-07 09:59:00,4087.2,94.98189469563516
2021-03-07 10:00:00,4101.24,94.3885263968946
2021-03-07 10:01:00,4157.77,93.76661046666842
2021-03-07 10:02:00,4151.45,93.7937347191945
2021-03-07 10:03:00,4138.02,93.2595782524009
2021-03-07 10:04:00,4149.870000000001,93.23183617800073
2021-03-07 10:05:00,4149.870000000001,93.59570299792522
2021-03-07 10:06:00,4204.0,93.40152235965746
2021-03-07 10:07:00,4203.2,93.77379139703083
2021-03-07 10:08:00,4192.0,93.46612595419847
2021-03-07 10:09:00,4188.8,93.74283804430863
2021-03-07 10:10:00,4203.51,93.15548196626153
2021-03-07 10:11:00,4195.2,93.80482456140352
2021-03-07 10:12:00,4241.969999999999,93.64516957922854
2021-03-07 10:13:00,4241.969999999999,93.59566427862528
2021-03-07 10:14:00,4259.79,93.00693226661409
2021-03-07 10:15:00,4244.4,93.29469418527944
2021-03-07 10:16:00,4256.25,94.19794419970631
2021-03-07 10:17:00,4229.82,94.05837600654402
2021-03-07 10:18:00,4246.0199999999995,93.81962402438049
2021-03-07 10:19:00,4244.4,94.15700687965321
2021-03-07 10:20:00,4287.78,93.05747962815256
2021-03-07 10:21:00,4289.419999999999,93.82620494146063
2021-03-07 10:22:00,4277.94,93.06348382632763
2021-03-07 10:23:00,4268.099999999999,93.20775052130925
2021-03-07 10:24:00,4286.139999999999,92.87844074155302
2021-03-07 10:25:00,4277.119999999999,93.62842286398326
2021-03-07 10:26:00,4270.5599999999995,94.1984189427148
2021-03-07 10:27:00,4315.17,93.3242491025846
2021-03-07 10:28:00,4319.32,94.0958298991508
2021-03-07 10:29:00,4319.320000000001,93.56333867368011
2021-03-07 10:30:00,4318.61,93.68292112508423
2021-03-07 10:31:00,4333.43,93.51714461754314
2021-03-07 10:32:00,4337.580000000001,93.85187131995258
2021-03-07 10:33:00,4350.860000000001,94.68702739228564
2021-03-07 10:34:00,4349.200000000001,93.91152395842911
2021-03-07 10:35:00,4355.01,94.0640779240461
2021-03-07 10:36:00,4362.4800000000005,93.82048742916872
2021-03-07 10:37:00,4342.56,94.35448214877859
2021-03-07 10:38:00,4388.3,94.14123920424765
2021-03-07 10:39:00,4399.240000000001,93.58661950700575
2021-03-07 10:40:00,4418.400000000001,93.92313959804453
2021-03-07 10:41:00,4416.72,94.1082975601804
2021-03-07 10:42:00,4404.120000000001,93.15822457153754
2021-03-07 10:43:00,4398.24,93.95576412383134
2021-03-07 10:44:00,4375.56,94.4450538902449
2021-03-07 10:45:00,4414.05,93.81633647104134
2021-03-07 10:46:00,4405.8,93.82405011575649
2021-03-07 10:47:00,4400.76,93.49975913251347
2021-03-07 10:48:00,4406.64,93.79254942541256
2021-03-07 10:49:00,4443.799999999999,93.06899500427564
2021-03-07 10:50:00,4418.780000000001,93.66159890286457
2021-03-07 10:51:00,4421.32,93.84753874408548
2021-03-07 10:52:00,4443.8,93.21751653989827
2021-03-07 10:53:00,4427.32,94.42055238835233
2021-03-07 10:54:00,4442.950000000001,93.01702697532043
2021-03-07 10:55:00,4421.7,94.02266096750118
2021-03-07 10:56:00,4426.799999999999,94.06569079244603
2021-03-07 10:57:00,4445.5,93.01315937464851
2021-03-07 10:58:00,4421.700000000001,93.94350589139921
2021-03-07 10:59:00,4433.6,93.94171779141104
2021-03-07 11:00:00,4484.04,93.4447507158723
2021-03-07 11:01:00,4440.4,94.1244032069183
2021-03-07 11:02:00,4469.4400000000005,93.72986324908712
2021-03-07 11:03:00,4465.12,93.84070304941413
2021-03-07 11:04:00,4441.25,93.86996904024768
2021-03-07 11:05:00,4463.4,93.5363176054129
2021-03-07 11:06:00,4454.2,93.46459521350636
2021-03-07 11:07:00,4461.68,93.9646052607986
2021-03-07 11:08:00,4454.94,93.54783678343593
2021-03-07 11:09:00,4435.879999999999,94.09857795972843
2021-03-07 11:10:00,4455.07,94.05688350575862
2021-03-07 11:11:00,4467.700000000001,93.17098283232983
2021-03-07 11:12:00,4478.879999999999,94.05476369092275
2021-03-07 11:13:00,4444.73,94.08445507376152
2021-03-07 11:14:00,4464.26,93.67957959437847
2021-03-07 11:15:00,4472.0,93.40339892665475
2021-03-07 11:16:00,4485.76,93.17038807247823
2021-03-07 11:17:00,4473.719999999999,94.1297175504949
2021-03-07 11:18:00,4475.44,93.2913858749084
2021-03-07 11:19:00,4470.28,93.95608328784776
2021-03-07 11:20:00,4469.42,93.47745345033583
2021-03-07 11:21:00,4466.839999999999,93.48667066651146
2021-03-07 11:22:00,4457.38,94.05076524774643
2021-03-07 11:23:00,4471.139999999999,93.604762991094
2021-03-07 11:24:00,4484.9,93.4870342705523
2021-03-07 11:25:00,4488.34,93.71839031802402
2021-03-07 11:26:00,4491.78,93.92712911139905
2021-03-07 11:27:00,4488.34,94.47813668304985
2021-03-07 11:28:00,4486.62,93.34866781675292
2021-03-07 11:29:00,4496.94,94.1062144480469
2021-03-07 11:30:00,4503.82,93.73820445754937
2021-03-07 11:31:00,4500.379999999999,93.99650696163437
2021-03-07 11:32:00,4502.1,94.14495457675307
2021-03-07 11:33:00,4496.08,94.05749008024767
2021-03-07 11:34:00,4486.62,93.88804935563965
2021-03-07 11:35:00,4489.2,93.90091775817517
2021-03-07 11:36:00,4490.92,94.05422496949399
2021-03-07 11:37:00,4485.76,92.98312883435582
2021-03-07 11:38:00,4488.34,93.7050223467919
2021-03-07 11:39:00,4484.9,93.3532520234565
2021-03-07 11:40:00,4487.48,94.60320714521292
2021-03-07 11:41:00,4494.36,94.05343586183574
2021-03-07 11:42:00,4496.08,93.65714133200477
2021-03-07 11:43:00,4493.5,94.15377767886947
2021-03-07 11:44:00,4501.24,93.62309052616612
2021-03-07 11:45:00,4501.24,93.8785756813678
2021-03-07 11:46:00,4496.9400000000005,93.94832930837413
2021-03-07 11:47:00,4504.68,93.80688528374932
2021-03-07 11:48:00,4494.359999999999,93.59953363771484
2021-03-07 11:49:00,4489.2,94.5001336541032
2021-03-07 11:50:00,4514.139999999999,93.34889923662092
2021-03-07 11:51:00,4481.5,93.96184313287961
2021-03-07 11:52:00,4484.91,93.86141527923638
2021-03-07 11:53:00,4513.280000000001,92.94570689166191
2021-03-07 11:54:00,4483.280000000001,93.99591370603665
2021-03-07 11:55:00,4511.5599999999995,94.05837448687373
2021-03-07 11:56:00,4458.25,94.25222901362642
2021-03-07 11:57:00,4485.76,93.54267727207876
2021-03-07 11:58:00,4447.2,93.79159920849075
2021-03-07 11:59:00,4476.950000000001,93.08569450183717
2021-03-07 12:00:00,4484.599999999999,93.54457476698035
2021-03-07 12:01:00,4496.08,93.42582872190887
2021-03-07 12:02:00,4489.7,93.15767200481102
2021-03-07 12:03:00,4488.46,92.53285091100288
2021-03-07 12:04:00,4436.15,93.77049919412104
2021-03-07 12:05:00,4443.8,94.17165488995904
2021-03-07 12:06:00,4435.3,94.21685117128492
2021-03-07 12:07:00,4438.7,94.34293824768515
2021-03-07 12:08:00,4468.45,93.10834853248889
2021-03-07 12:09:00,4479.74,92.86699674534682
2021-03-07 12:10:00,4435.299999999999,93.67348319166686
2021-03-07 12:11:00,4449.64,93.48621461511493
2021-03-07 12:12:00,4415.75,93.82324633414483
2021-03-07 12:13:00,4425.099999999999,93.38546021558835
2021-03-07 12:14:00,4405.55,94.03366208532418
2021-03-07 12:15:00,4426.8,93.79913255624831
2021-03-07 12:16:00,4389.5,93.70315525686298
2021-03-07 12:17:00,4402.15,93.77463284985748
2021-03-07 12:18:00,4404.7,94.00413194996256
2021-03-07 12:19:00,4415.75,93.29106040876408
2021-03-07 12:20:00,4372.2,94.61140844426149
2021-03-07 12:21:00,4419.24,93.10198133615735
2021-03-07 12:22:00,4412.52,93.72875363737727
2021-03-07 12:23:00,4432.51,93.52037558854916
2021-03-07 12:24:00,4417.56,93.85271507347946
2021-03-07 12:25:00,4417.56,93.68746547868052
2021-03-07 12:26:00,4401.6,93.05252635405307
2021-03-07 12:27:00,4399.92,93.09032891507118
2021-03-07 12:28:00,4385.639999999999,93.39115841701555
2021-03-07 12:29:00,4353.35,94.17574970999345
2021-03-07 12:30:00,4389.26,92.80152007399882
2021-03-07 12:31:00,4369.95,94.34204052677948
2021-03-07 12:32:00,4395.99,92.69129365626401
2021-03-07 12:33:00,4385.72,93.3712138485813
2021-03-07 12:34:00,4369.950000000001,93.45873522580348
2021-03-07 12:35:00,4362.4800000000005,93.88925565274798
2021-03-07 12:36:00,4339.15,94.8088911422744
2021-03-07 12:37:00,4339.44,93.4959349593496
2021-03-07 12:38:00,4330.419999999999,94.4157841502672
2021-03-07 12:39:00,4332.37,94.34789734025487
2021-03-07 12:40:00,4341.65,94.04028422373983
2021-03-07 12:41:00,4327.66,93.70190819056951
2021-03-07 12:42:00,4307.459999999999,93.31485376532808
2021-03-07 12:43:00,4293.17,93.5346142826862
2021-03-07 12:44:00,4317.299999999999,92.95856206425313
2021-03-07 12:45:00,4275.99,94.89732202367172
2021-03-07 12:46:00,4300.9,93.5920388755842
2021-03-07 12:47:00,4254.93,94.20601514008456
2021-03-07 12:48:00,4292.32,92.63521825027026
2021-03-07 12:49:00,4276.799999999999,93.56995884773664
2021-03-07 12:50:00,4264.65,93.0721161173836
2021-03-07 12:51:00,4269.51,93.35263297193353
2021-03-07 12:52:00,4254.12,93.34480456592668
2021-03-07 12:53:00,4242.85,94.2809668029744
2021-03-07 12:54:00,4250.15,92.89083914685364
2021-03-07 12:55:00,4234.04,93.3600060462348
2021-03-07 12:56:00,4202.4,93.805920426423
2021-03-07 12:57:00,4197.6,94.11806746712405
2021-03-07 12:58:00,4208.0,93.17252851711027
2021-03-07 12:59:00,4209.6,93.05159635119725
2021-03-07 13:00:00,4208.8,93.5611100551226
2021-03-07 13:01:00,4187.05,93.34017984022162
2021-03-07 13:02:00,4195.2,93.56884057971016
2021-03-07 13:03:00,4172.780000000001,94.07157818049356
2021-03-07 13:04:00,4178.31,93.66705677654362
2021-03-07 13:05:00,3283.37,60.12420165866168
2021-03-07 13:06:00,4142.76,94.52152671166083
2021-03-07 13:07:00,4171.280000000001,92.8132371837901
2021-03-07 13:08:00,4149.27,94.52024090984679
2021-03-07 13:09:00,4145.370000000001,93.90235371028398
2021-03-07 13:10:00,4125.42,94.39038934217608
2021-03-07 13:11:00,4106.7,94.51140818662186
2021-03-07 13:12:00,4117.46,92.92379282373113
2021-03-07 13:13:00,4103.5,93.09613744364566
2021-03-07 13:14:00,4084.85,94.0866861696268
2021-03-07 13:15:00,4077.92,94.22450661121357
2021-03-07 13:16:00,4060.98,93.81479347349655
2021-03-07 13:17:00,4070.2200000000003,93.28488386377148
2021-03-07 13:18:00,4038.3099999999995,93.59855979357702
2021-03-07 13:19:00,4046.01,92.4416894669069
2021-03-07 13:20:00,4028.0,94.08391261171796
2021-03-07 13:21:00,4033.3199999999997,93.9077484553668
2021-03-07 13:22:00,4029.52,93.64142627409717
2021-03-07 13:23:00,4039.3999999999996,93.62281526959451
2021-03-07 13:24:00,4013.45,93.21905094121018
2021-03-07 13:25:00,3982.5,93.88826114249844
2021-03-07 13:26:00,3984.0,93.9859437751004
2021-03-07 13:27:00,3980.25,93.40619307832424
2021-03-07 13:28:00,3987.75,93.00733496332518
2021-03-07 13:29:00,3937.54,94.35840651777507
2021-03-07 13:30:00,3935.32,93.60611081182724
2021-03-07 13:31:00,3940.5000000000005,93.16330414921963
2021-03-07 13:32:00,3907.69,94.50340226578874
2021-03-07 13:33:00,3930.88,93.25392787365678
2021-03-07 13:34:00,3923.36,92.4794054076098
2021-03-07 13:35:00,3888.71,93.50401547042593
2021-03-07 13:36:00,3887.25,93.3667759984565
2021-03-07 13:37:00,3881.62,94.18232593607824
2021-03-07 13:38:00,3866.3500000000004,93.34902427353963
2021-03-07 13:39:00,3840.96,92.95592768474548
2021-03-07 13:40:00,3828.96,93.2550875433538
2021-03-07 13:41:00,3847.6800000000003,93.49270209580838
2021-03-07 13:42:00,3819.6000000000004,94.4653890459734
2021-03-07 13:43:00,3789.52,93.43927463108784
2021-03-07 13:44:00,3748.7999999999993,94.7556551429791
2021-03-07 13:45:00,3759.45,93.87277394299699
2021-03-07 13:46:00,3764.72,93.05074480970697
2021-03-07 13:47:00,3762.7,93.33457357748426
2021-03-07 13:48:00,3752.0,92.5453091684435
2021-03-07 13:49:00,3721.2000000000003,93.26023863269913
2021-03-07 13:50:00,3723.1900000000005,92.69470534675908
2021-03-07 13:51:00,3723.16,93.84769926621472
2021-03-07 13:52:00,3716.3,93.57963565912331
2021-03-07 13:53:00,3674.59,93.53152324477017
2021-03-07 13:54:00,3687.3600000000006,92.41028811941334
2021-03-07 13:55:00,3642.76,94.5601686633212
2021-03-07 13:56:00,3618.2799999999997,94.8710437003217
2021-03-07 13:57:00,3633.24,93.54460481553654
2021-03-07 13:58:00,3626.95,93.13334895711274
2021-03-07 13:59:00,3620.14,93.44666228377909
2021-03-07 14:00:00,3606.64,94.07648115697714
2021-03-07 14:01:00,3588.5200000000004,94.26170120272423
2021-03-07 14:02:00,3596.56,92.90266254420891
2021-03-07 14:03:00,3597.9,93.32110397732009
2021-03-07 14:04:00,3546.84,94.3600500727408
2021-03-07 14:05:00,3546.18,93.07762155333344
2021-03-07 14:06:00,3532.3199999999997,92.61052226298865
2021-03-07 14:07:00,3517.56,93.74680176031113
2021-03-07 14:08:00,3483.35,94.26844847632307
2021-03-07 14:09:00,3493.1000000000004,93.95379462368669
2021-03-07 14:10:00,3489.85,92.73464475550526
2021-03-07 14:11:00,3457.28,93.84545075897816
2021-03-07 14:12:00,3477.76,92.5221981965403
2021-03-07 14:13:00,3443.84,94.04618100724772
2021-03-07 14:14:00,3454.7200000000003,93.15660892923304
2021-03-07 14:15:00,3442.04,92.7037454532777
2021-03-07 14:16:00,3407.67,94.33718640596067
2021-03-07 14:17:00,3401.6400000000003,93.25795792617679
2021-03-07 14:18:00,3384.71,93.79828700243152
2021-03-07 14:19:00,3364.7400000000002,93.9894315756938
2021-03-07 14:20:00,3355.4400000000005,93.48699425410675
2021-03-07 14:21:00,3372.8,92.86942599620494
2021-03-07 14:22:00,3334.8900000000003,93.58329660048756
2021-03-07 14:23:00,3303.1499999999996,93.8921938149948
2021-03-07 14:24:00,3312.3,92.7905081061498
2021-03-07 14:25:00,3294.0,93.7370977534912
2021-03-07 14:26:00,3259.2000000000003,94.18875797741777
2021-03-07 14:27:00,3261.6000000000004,93.6380917341182
2021-03-07 14:28:00,3249.6000000000004,93.25147710487444
2021-03-07 14:29:00,3252.6,93.12857406382587
2021-03-07 14:30:00,3206.65,94.00464659379728
2021-03-07 14:31:00,3211.37,92.60533666316869
2021-03-07 14:32:00,3177.2200000000003,93.78324447158207
2021-03-07 14:33:00,3154.04,93.27085262076575
2021-03-07 14:34:00,3158.1,92.92296000759951
2021-03-07 14:35:00,3160.42,92.75982306149182
2021-03-07 14:36:00,3136.05,93.34034852760638
2021-03-07 14:37:00,3113.91,92.80293907017224
2021-03-07 14:38:00,3089.29,94.16726820725798
2021-03-07 14:39:00,3081.41,93.3403863815591
2021-03-07 14:40:00,3067.68,93.09641162050801
2021-03-07 14:41:00,3067.68,93.09641162050801
2021-03-07 14:42:00,3067.68,93.09641162050801
2021-03-07 14:43:00,1002.88,282.77560625398854
2021-03-07 14:44:00,3004.65,93.71807032433061
2021-03-07 14:45:00,2949.4800000000005,94.23016938579003
2021-03-07 14:46:00,2946.78,93.62762065712404
2021-03-07 14:47:00,2953.26,92.59936476977983
2021-03-07 14:48:00,2955.42,92.31513625812914
2021-03-07 14:49:00,2894.33,93.6900768053401
2021-03-07 14:50:00,2882.8599999999997,93.0915826644374
2021-03-07 14:51:00,2856.3599999999997,93.81520536627036
2021-03-07 14:52:00,2856.36,92.9539693876122
2021-03-07 14:53:00,2868.84,92.13828585769859
2021-03-07 14:54:00,2809.5899999999997,93.77524834584406
2021-03-07 14:55:00,2800.92,93.56211530497121
2021-03-07 14:56:00,2793.2699999999995,93.27061114750815
2021-03-07 14:57:00,2808.0599999999995,92.20600699415256
2021-03-07 14:58:00,2753.5,93.88051570728165
2021-03-07 14:59:00,2750.5,92.96491546991457
2021-03-07 15:00:00,2697.9400000000005,94.43871991222932
2021-03-07 15:01:00,2704.8,92.96066252587991
2021-03-07 15:02:00,2683.2400000000007,92.7088147165367
2021-03-07 15:03:00,2643.36,93.86538345136492
2021-03-07 15:04:00,2638.56,94.01340124916621
2021-03-07 15:05:00,2651.04,92.97860462309131
2021-03-07 15:06:00,2599.57,94.16942032720796
2021-03-07 15:07:00,2588.29,93.27007406434363
2021-03-07 15:08:00,2585.0,92.22823984526111
2021-03-07 15:09:00,2557.13,93.17085951828807
2021-03-07 15:10:00,2557.6,92.27400688145137
2021-03-07 15:11:00,2544.7200000000003,91.88437234744882
2021-03-07 15:12:00,2532.01,91.7057989502411
2021-03-07 15:13:00,2499.3,93.01004281198735
2021-03-07 15:14:00,2481.75,92.03989120580235
2021-03-07 15:15:00,2429.6800000000003,94.02472753613644
2021-03-07 15:16:00,2435.84,93.6104177614293
2021-03-07 15:17:00,2436.7200000000003,91.89812534882958
2021-03-07 15:18:00,2391.2299999999996,93.06089334777502
2021-03-07 15:19:00,2381.77,93.45990586832482
2021-03-07 15:20:00,2380.05,91.30480452091342
2021-03-07 15:21:00,2374.89,92.06321134873616
2021-03-07 15:22:00,2338.1400000000003,92.2699239566493
2021-03-07 15:23:00,2293.95,92.71344187972713
2021-03-07 15:24:00,2285.75,92.91042327463632
2021-03-07 15:25:00,2280.42,91.3647485989423
2021-03-07 15:26:00,2225.6,93.48490294751977
2021-03-07 15:27:00,2227.2,91.36135057471265
2021-03-07 15:28:00,2203.55,91.79278890880624
2021-03-07 15:29:00,2178.1499999999996,92.55560911782936
2021-03-07 15:30:00,2180.49,90.86489733958881
2021-03-07 15:31:00,2120.7799999999997,93.6542215599921
2021-03-07 15:32:00,2128.0,92.94642857142857
2021-03-07 15:33:00,2123.4399999999996,90.63123987491996
2021-03-07 15:34:00,2064.6000000000004,92.12438244696307
2021-03-07 15:35:00,2058.3100000000004,91.43423488201485
2021-03-07 15:36:00,2010.6000000000001,93.42982194369839
2021-03-07 15:37:00,1999.0800000000002,93.38795846089201
2021-03-07 15:38:00,2006.6399999999999,90.72379699397999
2021-03-07 15:39:00,2003.76,90.3451511159021
2021-03-07 15:40:00,1957.5499999999997,91.078133381012
2021-03-07 15:41:00,1952.6499999999999,90.55386269940851
2021-03-07 15:42:00,1902.98,91.90848038339867
2021-03-07 15:43:00,1911.48,90.17096699939313
2021-03-07 15:44:00,1877.7399999999998,91.79119579920544
2021-03-07 15:45:00,1848.33,90.71973078400502
2021-03-07 15:46:00,1856.25,90.83905723905724
2021-03-07 15:47:00,1802.5600000000002,92.91230250310669
2021-03-07 15:48:00,1793.92,90.98510524438102
2021-03-07 15:49:00,1766.08,92.1136075375974
2021-03-07 15:50:00,1731.9699999999998,91.7625593976801
2021-03-07 15:51:00,1738.7900000000002,89.77507347063187
2021-03-07 15:52:00,1719.8000000000002,89.2894522618909
2021-03-07 15:53:00,1685.1,91.12812296006172
2021-03-07 15:54:00,1657.3599999999997,92.73181445189942
2021-03-07 15:55:00,1628.64,91.00844876706945
2021-03-07 15:56:00,1630.96,90.03286408005101
2021-03-07 15:57:00,1574.7199999999998,92.33387522861209
2021-03-07 15:58:00,1578.36,89.26353936997897
2021-03-07 15:59:00,1526.58,90.61431434972292
2021-03-07 16:00:00,1531.17,89.08220511112417
2021-03-07 16:01:00,1495.98,92.50792122889344
2021-03-07 16:02:00,1498.8600000000001,89.76155211293917
2021-03-07 16:03:00,1471.34,87.98782062609594
2021-03-07 16:04:00,1441.71,88.48520160087674
2021-03-07 16:05:00,1417.75,90.36148827367306
2021-03-07 16:06:00,1419.0,87.37138830162085
2021-03-07 16:07:00,1385.61,89.9459443855053
2021-03-07 16:08:00,1359.8400000000001,90.5694787622073
2021-03-07 16:09:00,1330.84,90.73216915632233
2021-03-07 16:10:00,1304.1,89.37964879993865
2021-03-07 16:11:00,1304.79,86.94119360203558
2021-03-07 16:12:00,1274.53,89.2721238417299
2021-03-07 16:13:00,1247.6200000000003,88.24000897709237
2021-03-07 16:14:00,1218.21,89.68076111672043
2021-03-07 16:15:00,1193.85,88.80512627214475
2021-03-07 16:16:00,1192.38,86.74248142370719
2021-03-07 16:17:00,1162.7,87.30540982196611
2021-03-07 16:18:00,1135.8,87.10160239478782
2021-03-07 16:19:00,1105.67,89.53846988703681
2021-03-07 16:20:00,1077.6799999999998,89.58132284165987
2021-03-07 16:21:00,1082.24,87.20801301005322
2021-03-07 16:22:00,1051.39,85.57243268435118
2021-03-07 16:23:00,1023.48,87.62262086215655
2021-03-07 16:24:00,1027.8000000000002,84.71492508270092
2021-03-07 16:25:00,997.1099999999999,87.5429992678842
2021-03-07 16:26:00,970.7,84.6605542392088
2021-03-07 16:27:00,937.3299999999999,86.88508849604729
2021-03-07 16:28:00,912.8000000000001,86.37160385626642
2021-03-07 16:29:00,882.7,88.65979381443299
2021-03-07 16:30:00,884.05,86.06979243255472
2021-03-07 16:31:00,857.7,83.68893552524192
2021-03-07 16:32:00,858.45,84.99038965577495
2021-03-07 16:33:00,827.5999999999999,84.5456742387627
2021-03-07 16:34:00,799.8199999999999,84.08141831912181
2021-03-07 16:35:00,769.4300000000001,85.94673979439324
2021-03-07 16:36:00,770.13,83.84298754755692
2021-03-07 16:37:00,743.3399999999999,83.89162429036512
2021-03-07 16:38:00,712.3000000000001,84.72553699284009
2021-03-07 16:39:00,710.9300000000001,82.96175432180381
2021-03-07 16:40:00,684.72,79.68220586517117
2021-03-07 16:41:00,683.28,77.46458260156889
2021-03-07 16:42:00,653.78,79.52216341888708
2021-03-07 16:43:00,626.6700000000001,81.95701086696346
2021-03-07 16:44:00,627.44,77.33010327680734
2021-03-07 16:45:00,570.3,82.16728037874805
2021-03-07 16:46:00,569.8,79.41382941382942
2021-03-07 16:47:00,569.6,76.33426966292134
2021-03-07 16:48:00,537.72,76.48962285204195
2021-03-07 16:49:00,511.91999999999996,77.39490545397719
2021-03-07 16:50:00,510.65999999999997,74.19809658089531
2021-03-07 16:51:00,480.04,76.32697275227063
2021-03-07 16:52:00,453.76,76.20768688293371
2021-03-07 16:53:00,453.68,77.67589490389702
2021-03-07 16:54:00,422.96,74.97162852279176
2021-03-07 16:55:00,421.78,72.38370714590545
2021-03-07 16:56:00,395.71,71.28958075358219
2021-03-07 16:57:00,395.56999999999994,68.5592941830776
2021-03-07 16:58:00,362.96,75.3251046947322
2021-03-07 16:59:00,358.88,67.93357111012038
2021-03-07 17:00:00,330.72,67.45887760038703
2021-03-07 17:01:00,330.06,66.3515724413743
2021-03-07 17:02:00,316.5,63.570300157977876
2021-03-07 17:03:00,289.03,70.44251461785974
2021-03-07 17:04:00,262.65,68.68456120312203
2021-03-07 17:05:00,234.3,69.91037131882203
2021-03-07 17:06:00,250.89999999999998,59.625348744519734
2021-03-07 17:07:00,272.95,50.08243267997802
2021-03-07 17:08:00,205.21,61.49797768139954
2021-03-07 17:09:00,217.88,62.236093262346245
2021-03-07 17:10:00,207.07999999999998,55.099478462429985
2021-03-07 17:11:00,208.44,46.91997697179045
2021-03-07 17:12:00,211.60000000000002,39.69754253308128
2021-03-07 17:13:00,215.48000000000002,33.7386300352701
2021-03-07 17:14:00,184.29000000000002,41.402137934776704
2021-03-07 17:15:00,184.17000000000002,35.293478851061515
2021-03-07 17:16:00,158.85,30.972615675165255
2021-03-07 17:17:00,158.85,19.200503619767076
2021-03-07 17:18:00,157.29000000000002,23.65058172801831
2021-03-07 17:19:00,156.60000000000002,19.731800766283524
2021-03-07 17:20:00,155.76,20.159219311761685
2021-03-07 17:21:00,126.92,17.64891270091396
2021-03-07 17:22:00,127.53,15.21210695522622
2021-03-07 17:23:00,127.37,15.388238988772867
2021-03-07 17:24:00,103.62,-7.817023740590619
2021-03-07 17:25:00,102.02000000000001,-26.95549892178004
2021-03-07 17:26:00,101.62,-27.06160204684117
2021-03-07 17:27:00,103.68,-27.488425925925924
2021-03-07 17:28:00,103.18,-25.101763907734053
2021-03-07 17:29:00,102.58000000000001,-24.663677130044842
2021-03-07 17:30:00,74.69,-28.517873878698623
2021-03-07 17:31:00,75.17,-24.078754822402555
2021-03-07 17:32:00,73.43,-38.267737981751324
2021-03-07 17:33:00,72.58,-30.17360154312483
2021-03-07 17:34:00,48.43000000000001,-41.09023332645054
2021-03-07 17:35:00,64.59,-26.010218300046446
2021-03-07 17:36:00,58.09,-36.32294715097263
2021-03-07 17:37:00,42.18,-41.25177809388336
2021-03-07 17:38:00,40.1,-58.35411471321695
2021-03-07 17:39:00,39.190000000000005,-69.40546057667771
2021-03-07 17:40:00,38.44,-68.67845993756504
2021-03-07 17:41:00,35.47,-92.75444037214548
2021-03-07 17:42:00,31.39,-75.82032494424976
2021-03-07 17:43:00,30.480000000000004,-82.02099737532808
2021-03-07 17:44:00,28.13,-64.34411660149307
2021-03-07 17:45:00,27.360000000000003,-100.14619883040933
2021-03-07 17:46:00,10.780000000000001,-136.36363636363635
2021-03-07 17:47:00,11.14,-114.00359066427288
2021-03-07 17:48:00,28.45,-94.90333919156416
2021-03-07 17:49:00,10.520000000000001,-261.40684410646384
2021-03-07 17:50:00,9.13,0.0
2021-03-07 17:51:00,8.209999999999999,0.0
2021-03-07 17:52:00,9.26,0.0
2021-03-07 17:53:00,11.65,-203.43347639484978
2021-03-07 17:54:00,11.990000000000002,-143.45287739783151
2021-03-07 17:55:00,10.0,0.0
2021-03-07 17:56:00,8.1,0.0
2021-03-07 17:57:00,4.05,0.0
2021-03-07 17:58:00,3.99,0.0
2021-03-07 17:59:00,3.95,0.0
2021-03-07 18:00:00,3.89,0.0
2021-03-08 05:00:00,1.8600000000000003,0.0
2021-03-08 05:01:00,2.7600000000000002,0.0
2021-03-08 05:02:00,3.41,0.0
2021-03-08 05:03:00,3.17,0.0
2021-03-08 05:04:00,2.66,0.0
2021-03-08 05:05:00,4.24,0.0
2021-03-08 05:06:00,4.88,0.0
2021-03-08 05:07:00,7.63,0.0
2021-03-08 05:08:00,1.1800000000000002,0.0
2021-03-08 05:09:00,4.07,0.0
2021-03-08 05:10:00,4.03,0.0
2021-03-08 05:11:00,4.79,0.0
2021-03-08 05:12:00,4.88,0.0
2021-03-08 05:13:00,5.41,0.0
2021-03-08 05:14:00,5.720000000000001,0.0
2021-03-08 05:15:00,4.95,0.0
2021-03-08 05:16:00,5.57,0.0
2021-03-08 05:17:00,5.010000000000001,0.0
2021-03-08 05:18:00,10.46,-193.11663479923516
2021-03-08 05:19:00,8.75,0.0
2021-03-08 05:20:00,21.55,-82.5986078886311
2021-03-08 05:21:00,23.75,-87.1578947368421
2021-03-08 05:22:00,23.730000000000004,-74.5891276864728
2021-03-08 05:23:00,24.540000000000003,-80.6845965770171
2021-03-08 05:24:00,45.56,-37.09394205443371
2021-03-08 05:25:00,50.6,-31.422924901185773
2021-03-08 05:26:00,50.870000000000005,-27.914291330843323
2021-03-08 05:27:00,51.97,-29.055224167789106
2021-03-08 05:28:00,53.08,-34.09947249434816
2021-03-08 05:29:00,53.32000000000001,-28.31957989497374
2021-03-08 05:30:00,41.93000000000001,-28.619127116622938
2021-03-08 05:31:00,55.41000000000001,-30.499909763580575
2021-03-08 05:32:00,55.06,-29.05920813657828
2021-03-08 05:33:00,56.57000000000001,-32.52607389075481
2021-03-08 05:34:00,56.28,-37.49111584932481
2021-03-08 05:35:00,57.7,-30.155979202772958
2021-03-08 05:36:00,58.11,-30.631560832903116
2021-03-08 05:37:00,57.07,-33.64289469073068
2021-03-08 05:38:00,58.81,-38.93895595987077
2021-03-08 05:39:00,59.13000000000001,-31.625232538474542
2021-03-08 05:40:00,57.95,-34.33994823123382
2021-03-08 05:41:00,59.95,-40.700583819849875
2021-03-08 05:42:00,60.31000000000001,-30.50903664400596
2021-03-08 05:43:00,81.58000000000001,-4.412846285854376
2021-03-08 05:44:00,123.45,23.24827865532604
2021-03-08 05:45:00,124.14000000000001,21.427420654100207
2021-03-08 05:46:00,125.57999999999998,16.32425545469024
2021-03-08 05:47:00,131.16,18.90820372064654
2021-03-08 05:48:00,129.53,32.656527445379446
2021-03-08 05:49:00,158.4,23.61111111111111
2021-03-08 05:50:00,155.67,28.521873193293505
2021-03-08 05:51:00,160.5,34.76635514018692
2021-03-08 05:52:00,189.07999999999998,40.56484027924688
2021-03-08 05:53:00,188.97,38.15420437106419
2021-03-08 05:54:00,188.74,45.08848150895411
2021-03-08 05:55:00,189.93,54.862317695993255
2021-03-08 05:56:00,193.17,66.21110938551536
2021-03-08 05:57:00,221.16000000000003,55.52541146681135
2021-03-08 05:58:00,224.68,55.723695923090624
2021-03-08 05:59:00,249.43,52.96075051116546
2021-03-08 06:00:00,249.3,52.98836742880064
2021-03-08 06:01:00,251.51,52.44324281340702
2021-03-08 06:02:00,248.96,56.515102827763485
2021-03-08 06:03:00,273.6,68.12865497076022
2021-03-08 06:04:00,269.5,54.76808905380334
2021-03-08 06:05:00,300.85,63.885657304304466
2021-03-08 06:06:00,298.6,69.52444742129939
2021-03-08 06:07:00,329.15999999999997,63.434196135617945
2021-03-08 06:08:00,327.96,71.5940968410782
2021-03-08 06:09:00,359.34,65.50898870150833
2021-03-08 06:10:00,359.55999999999995,73.11714317499167
2021-03-08 06:11:00,357.78999999999996,72.78012241817827
2021-03-08 06:12:00,301.87,75.09855235697486
2021-03-08 06:13:00,403.2,71.77579365079364
2021-03-08 06:14:00,420.23,74.4592247102777
2021-03-08 06:15:00,450.0,68.46666666666667
2021-03-08 06:16:00,449.91999999999996,76.65807254623044
2021-03-08 06:17:00,477.52000000000004,75.36857094990785
2021-03-08 06:18:00,475.36,78.06714910804443
2021-03-08 06:19:00,475.64,84.3074594230931
2021-03-08 06:20:00,507.15,79.42423346150055
2021-03-08 06:21:00,533.5,80.7497656982193
2021-03-08 06:22:00,534.9,83.2492054589643
2021-03-08 06:23:00,591.44,80.85351007709995
2021-03-08 06:24:00,592.54,80.50089445438283
2021-03-08 06:25:00,593.57,76.95806728776724
2021-03-08 06:26:00,649.89,78.41326993798951
2021-03-08 06:27:00,646.6800000000001,82.21995422774788
2021-03-08 06:28:00,650.4300000000001,82.8990052734345
2021-03-08 06:29:00,704.3499999999999,80.91147866827572
2021-03-08 06:30:00,706.73,82.70485192364835
2021-03-08 06:31:00,705.3,85.16943144761096
2021-03-08 06:32:00,736.5800000000002,84.98737408020851
2021-03-08 06:33:00,762.3399999999999,83.23057953144267
2021-03-08 06:34:00,763.47,85.92348094882574
2021-03-08 06:35:00,792.9599999999999,84.17826876513318
2021-03-08 06:36:00,817.27,85.35734824476611
2021-03-08 06:37:00,817.11,89.05777679871744
2021-03-08 06:38:00,850.05,86.55961414034469
2021-03-08 06:39:00,874.5,85.55746140651802
2021-03-08 06:40:00,876.34,88.2762398155967
2021-03-08 06:41:00,931.67,85.79217963441991
2021-03-08 06:42:00,929.2,85.52518295307792
2021-03-08 06:43:00,929.96,87.4446212740333
2021-03-08 06:44:00,985.79,85.97165724951562
2021-03-08 06:45:00,986.1700000000001,89.54845513451028
2021-03-08 06:46:00,1041.36,86.37742951524929
2021-03-08 06:47:00,1042.2,87.43043561696412
2021-03-08 06:48:00,1056.27,89.79711626762096
2021-03-08 06:49:00,1094.68,88.21756129645193
2021-03-08 06:50:00,1124.31,87.04894557550854
2021-03-08 06:51:00,1122.61,89.85311016292391
2021-03-08 06:52:00,1176.25,88.72263549415514
2021-03-08 06:53:00,1177.29,90.3940405507564
2021-03-08 06:54:00,1224.5300000000002,88.3359329702008
2021-03-08 06:55:00,1223.72,90.06145196613603
2021-03-08 06:56:00,1225.16,91.80025466061575
2021-03-08 06:57:00,1283.8600000000001,87.25250416712103
2021-03-08 06:58:00,1279.5900000000001,90.63840761493914
2021-03-08 06:59:00,1340.99,88.65092207995585
2021-03-08 07:00:00,1340.75,88.50270371060974
2021-03-08 07:01:00,1334.73,92.00362620155387
2021-03-08 07:02:00,1367.04,89.93153089887642
2021-03-08 07:03:00,1390.92,90.47968251229402
2021-03-08 07:04:00,1391.5900000000001,91.82302258567536
2021-03-08 07:05:00,1447.77,89.10945799401838
2021-03-08 07:06:00,1446.44,90.8644672437156
2021-03-08 07:07:00,1499.51,88.91571246607225
2021-03-08 07:08:00,1497.64,91.02320985016425
2021-03-08 07:09:00,1494.98,91.7871810994127
2021-03-08 07:10:00,1554.81,88.91118528952092
2021-03-08 07:11:00,1544.3999999999999,92.3076923076923
2021-03-08 07:12:00,1604.06,90.2210640499732
2021-03-08 07:13:00,1603.75,91.95323460639128
2021-03-08 07:14:00,1632.12,90.57544788373404
2021-03-08 07:15:00,1658.0500000000002,90.69690298845028
2021-03-08 07:16:00,1656.62,91.22792191329333
2021-03-08 07:17:00,1713.73,90.6093725382645
2021-03-08 07:18:00,1711.94,89.6526747432737
2021-03-08 07:19:00,1704.85,92.1312725459718
2021-03-08 07:20:00,1762.7199999999998,91.00707996732325
2021-03-08 07:21:00,1758.9700000000003,92.11072388954898
2021-03-08 07:22:00,1808.73,91.07495314391866
2021-03-08 07:23:00,1812.2999999999997,92.39088451139438
2021-03-08 07:24:00,1811.6399999999999,92.42454350754014
2021-03-08 07:25:00,1870.78,91.4698681833246
2021-03-08 07:26:00,1872.46,92.16752293773965
2021-03-08 07:27:00,1921.8600000000001,91.42705504042958
2021-03-08 07:28:00,1953.0,92.02764976958525
2021-03-08 07:29:00,1983.69,92.37834540679239
2021-03-08 07:30:00,1979.4100000000003,92.19919066792629
2021-03-08 07:31:00,1855.48,92.38579774505789
2021-03-08 07:32:00,2096.63,92.2432665754091
2021-03-08 07:33:00,2081.69,93.25115651225687
2021-03-08 07:34:00,2031.42,91.83231434169201
2021-03-08 07:35:00,2286.98,93.17965176783356
2021-03-08 07:36:00,2310.2300000000005,93.91272730420779
2021-03-08 07:37:00,1292.52,91.61947203911738
2021-03-08 07:38:00,1707.79,90.69616287716875
2021-03-08 07:39:00,2268.15,91.94277274430704
2021-03-08 07:40:00,2334.36,92.59497249781525
2021-03-08 07:41:00,2327.2200000000003,92.82749374790522
2021-03-08 07:42:00,2639.7799999999997,93.81084787368646
2021-03-08 07:43:00,2355.67,92.24127318342552
2021-03-08 07:44:00,2533.0499999999997,92.95513313989065
2021-03-08 07:45:00,2620.77,92.01875784597657
2021-03-08 07:46:00,2505.31,93.78879260450802
2021-03-08 07:47:00,2455.6000000000004,93.3417494705978
2021-03-08 07:48:00,2400.76,94.07437644745829
2021-03-08 07:49:00,2456.0400000000004,92.69393006628555
2021-03-08 07:50:00,2456.8700000000003,92.14976779398177
2021-03-08 07:51:00,2456.0299999999997,93.37019498947488
2021-03-08 07:52:00,2452.4400000000005,93.94317496044754
2021-03-08 07:53:00,2509.85,92.33221108831205
2021-03-08 07:54:00,2507.53,92.92411257293031
2021-03-08 07:55:00,2527.01,93.99646222215186
2021-03-08 07:56:00,2553.88,92.49064169029084
2021-03-08 07:57:00,2557.63,93.56709140884334
2021-03-08 07:58:00,2591.11,93.06050302765996
2021-03-08 07:59:00,2617.46,93.62893797803977
2021-03-08 08:00:00,2615.1000000000004,94.68089174410154
2021-03-08 08:01:00,2669.71,93.09625390023636
2021-03-08 08:02:00,2671.6400000000003,93.77386174784027
2021-03-08 08:03:00,2719.7700000000004,92.6622471753126
2021-03-08 08:04:00,2722.29,94.1670431879043
2021-03-08 08:05:00,2748.5,93.767509550664
2021-03-08 08:06:00,2765.25,93.0331796401772
2021-03-08 08:07:00,2778.4799999999996,92.9573003944603
2021-03-08 08:08:00,2818.01,93.28568741771676
2021-03-08 08:09:00,2808.1800000000003,93.77960102272645
2021-03-08 08:10:00,2812.25,93.87145524046582
2021-03-08 08:11:00,2830.36,92.9917042355036
2021-03-08 08:12:00,2859.6099999999997,93.23649029063404
2021-03-08 08:13:00,2883.7299999999996,92.38382234120394
2021-03-08 08:14:00,2898.04,93.29063781038218
2021-03-08 08:15:00,2921.09,93.60889257092386
2021-03-08 08:16:00,2913.62,94.0136325258613
2021-03-08 08:17:00,2947.32,92.42294694841414
2021-03-08 08:18:00,2953.92,92.86981367132489
2021-03-08 08:19:00,2957.71,94.62726230766371
2021-03-08 08:20:00,2957.7,94.15086046590257
2021-03-08 08:21:00,3008.13,93.28719171046464
2021-03-08 08:22:00,3009.16,93.01266798707945
2021-03-08 08:23:00,3041.9199999999996,93.36208710288241
2021-03-08 08:24:00,3039.68,92.6709390462154
2021-03-08 08:25:00,3064.5699999999997,93.06036409675747
2021-03-08 08:26:00,3078.1499999999996,93.27030846449979
2021-03-08 08:27:00,3093.62,93.61524686289849
2021-03-08 08:28:00,3118.3900000000003,93.34303919650844
2021-03-08 08:29:00,3142.4399999999996,92.90551291353218
2021-03-08 08:30:00,3169.7,92.76272202416634
2021-03-08 08:31:00,3158.0,94.75300823305889
2021-03-08 08:32:00,3192.4900000000002,93.39731682793054
2021-03-08 08:33:00,3220.34,92.93118117962699
2021-03-08 08:34:00,3223.3700000000003,94.03202238650852
2021-03-08 08:35:00,3213.73,93.77576834394924
2021-03-08 08:36:00,3214.9300000000003,93.75009720273847
2021-03-08 08:37:00,3210.8199999999997,94.93213571610991
2021-03-08 08:38:00,3249.6400000000003,93.04722984699842
2021-03-08 08:39:00,3268.9900000000002,94.45425039538205
2021-03-08 08:40:00,3294.0,92.90224650880387
2021-03-08 08:41:00,3300.2599999999998,94.35923230290946
2021-03-08 08:42:00,3310.21,93.85205168252165
2021-03-08 08:43:00,3337.46,94.08652088714172
2021-03-08 08:44:00,3334.36,93.94606461209946
2021-03-08 08:45:00,3351.51,93.826364832568
2021-03-08 08:46:00,3383.73,92.72902979847683
2021-03-08 08:47:00,3385.62,93.57517973074356
2021-03-08 08:48:00,3405.87,93.91433025922892
2021-03-08 08:49:00,3400.12,93.55258049715893
2021-03-08 08:50:00,3427.2,93.16643323996266
2021-03-08 08:51:00,3434.88,94.34972983044531
2021-03-08 08:52:00,3464.01,93.36578127661294
2021-03-08 08:53:00,3429.21,93.81461036215339
2021-03-08 08:54:00,3454.1,93.35572218522915
2021-03-08 08:55:00,3484.0,92.03788748564867
2021-03-08 08:56:00,3494.85,93.9010257950985
2021-03-08 08:57:00,3524.3999999999996,93.40313244807628
2021-03-08 08:58:00,3531.66,94.92136842164875
2021-03-08 08:59:00,3554.96,93.93354636901682
2021-03-08 09:00:00,3552.3,93.48591053683529
2021-03-08 09:01:00,3584.5,92.99762867903473
2021-03-08 09:02:00,3591.2,93.51470260637113
2021-03-08 09:03:00,3600.25,93.21297132143602
2021-03-08 09:04:00,3625.7599999999998,94.0630378182781
2021-03-08 09:05:00,3633.82,93.5819605814267
2021-03-08 09:06:00,3633.25,94.00674327392831
2021-03-08 09:07:00,3628.3599999999997,93.39481198117056
2021-03-08 09:08:00,3635.1900000000005,93.86579518539607
2021-03-08 09:09:00,3661.1400000000003,93.45176638970375
2021-03-08 09:10:00,3665.9700000000003,93.51685911232225
2021-03-08 09:11:00,3684.81,93.3562381778165
2021-03-08 09:12:00,3686.9000000000005,93.49317855108626
2021-03-08 09:13:00,3710.0,93.28301886792454
2021-03-08 09:14:00,3718.3999999999996,93.16103700516352
2021-03-08 09:15:00,3730.8900000000003,94.44931370262859
2021-03-08 09:16:00,3713.9399999999996,94.37686123092996
2021-03-08 09:17:00,2893.57,63.05359815038171
2021-03-08 09:18:00,3746.99,93.99544701213507
2021-03-08 09:19:00,3760.87,93.89050937681974
2021-03-08 09:20:00,3784.52,94.26294483844715
2021-03-08 09:21:00,3781.4599999999996,93.29465338784492
2021-03-08 09:22:00,3813.12,93.92570913058074
2021-03-08 09:23:00,3822.48,94.07505075239112
2021-03-08 09:24:00,3824.64,93.56697623828649
2021-03-08 09:25:00,3826.08,93.75130682055786
2021-03-08 09:26:00,3874.1099999999997,93.33240408764854
2021-03-08 09:27:00,3879.95,94.07079988144179
2021-03-08 09:28:00,3873.38,93.87666585772632
2021-03-08 09:29:00,3891.6600000000003,93.36375736832096
2021-03-08 09:30:00,3883.04,93.68948040710372
2021-03-08 09:31:00,3913.12,93.90971909882651
2021-03-08 09:32:00,3932.13,94.11184269085712
2021-03-08 09:33:00,3950.86,94.01750504953351
2021-03-08 09:34:00,3943.46,94.64531147773782
2021-03-08 09:35:00,3955.5,94.03615219314878
2021-03-08 09:36:00,3962.25,93.79266830714872
2021-03-08 09:37:00,3952.5,94.53510436432637
2021-03-08 09:38:00,3992.44,93.0909418801535
2021-03-08 09:39:00,3984.92,93.47991929574495
2021-03-08 09:40:00,4012.04,92.90036988664122
2021-03-08 09:41:00,4012.04,93.05739723432468
2021-03-08 09:42:00,4015.8399999999997,93.64167895135265
2021-03-08 09:43:00,3998.36,93.92851068938263
2021-03-08 09:44:00,4027.87,93.62764935313204
2021-03-08 09:45:00,4037.11,94.0573826326258
2021-03-08 09:46:00,4039.42,93.44410831257952
2021-03-08 09:47:00,4050.9700000000003,93.92071528547483
2021-03-08 09:48:00,4057.13,93.71895896853194
2021-03-08 09:49:00,4064.06,93.12854633051678
2021-03-08 09:50:00,4069.5699999999997,93.66100103942186
2021-03-08 09:51:00,4075.88,94.53909339823548
2021-03-08 09:52:00,4101.860000000001,94.11584013106248
2021-03-08 09:53:00,4086.42,93.35310614180628
2021-03-08 09:54:00,4080.67,94.39871393668197
2021-03-08 09:55:00,4130.120000000001,93.51786388773206
2021-03-08 09:56:00,4128.540000000001,93.97753200889417
2021-03-08 09:57:00,4126.18,94.79712470129756
2021-03-08 09:58:00,4139.85,93.94060171262242
2021-03-08 09:59:00,4139.47,94.04827188021653
2021-03-08 10:00:00,4134.860000000001,94.11201346599401
2021-03-08 10:01:00,4135.650000000001,93.77969605745166
2021-03-08 10:02:00,4162.88,93.8556960565762
2021-03-08 10:03:00,4184.8,93.69623398967693
2021-03-08 10:04:00,4179.2,93.33365237366003
2021-03-08 10:05:00,4186.4,93.96856487674376
2021-03-08 10:06:00,4192.0,93.85973282442748
2021-03-08 10:07:00,4206.36,94.29530520449985
2021-03-08 10:08:00,4241.16,92.75999962274473
2021-03-08 10:09:00,4214.44,93.99588082876967
2021-03-08 10:10:00,4236.3,93.46835682081061
2021-03-08 10:11:00,4234.679999999999,93.25143812519484
2021-03-08 10:12:00,4238.73,94.0635520545069
2021-03-08 10:13:00,4251.7,93.36030293764847
2021-03-08 10:14:00,4229.299999999999,93.79093467003997
2021-03-08 10:15:00,4258.719999999999,93.96015704249166
2021-03-08 10:16:00,4240.999999999999,92.61730723885879
2021-03-08 10:17:00,4247.6,93.153780958659
2021-03-08 10:18:00,4267.279999999999,93.99664423239162
2021-03-08 10:19:00,4254.98,93.64321336410512
2021-03-08 10:20:00,4264.950000000001,92.98819446886833
2021-03-08 10:21:00,4270.54,93.91786518800902
2021-03-08 10:22:00,4279.8,93.79176597037244
2021-03-08 10:23:00,4296.91,94.00243430744418
2021-03-08 10:24:00,4329.360000000001,93.90533473769794
2021-03-08 10:25:00,4335.92,94.54279599254599
2021-03-08 10:26:00,4317.660000000001,94.07642102435115
2021-03-08 10:27:00,4389.84,93.22891039308949
2021-03-08 10:28:00,4469.42,93.76384407820254
2021-03-08 10:29:00,4452.219999999999,93.1670043259318
2021-03-08 10:30:00,4402.82,93.75582013345992
2021-03-08 10:31:00,4392.799999999999,93.75113822618832
2021-03-08 10:32:00,4441.04,93.3204834903536
2021-03-08 10:33:00,4437.529999999999,93.33570702620605
2021-03-08 10:34:00,3330.69,93.4340932359361
2021-03-08 10:35:00,4614.65,93.6430715222173
2021-03-08 10:36:00,4592.700000000001,92.91919785746944
2021-03-08 10:37:00,4628.7,93.49493378270358
2021-03-08 10:38:00,4533.76,93.07726919819311
2021-03-08 10:39:00,4761.92,93.2313016598347
2021-03-08 10:40:00,4837.24,94.23348851824595
2021-03-08 10:41:00,4683.7699999999995,93.85815272739696
2021-03-08 10:42:00,4340.85,93.06702604328645
2021-03-08 10:43:00,3394.8599999999997,93.05538372716401
2021-03-08 10:44:00,4395.38,93.28431216413597
2021-03-08 10:45:00,4453.94,93.4700512355353
2021-03-08 10:46:00,4429.349999999999,93.75416257464414
2021-03-08 10:47:00,4472.86,93.11939117253839
2021-03-08 10:48:00,4494.360000000001,92.66947908044747
2021-03-08 10:49:00,4479.74,92.98084263818883
2021-03-08 10:50:00,4446.2,93.62601772299942
2021-03-08 10:51:00,4476.3,92.51167258673459
2021-03-08 10:52:00,4453.08,93.95968632946186
2021-03-08 10:53:00,4471.139999999999,93.39452578089706
2021-03-08 10:54:00,4498.7699999999995,93.60558552671066
2021-03-08 10:55:00,4538.789999999999,93.75846866675921
2021-03-08 10:56:00,4517.91,93.1979610040926
2021-03-08 10:57:00,4481.11,94.29806454204427
2021-03-08 10:58:00,4509.209999999999,93.56184342711917
2021-03-08 10:59:00,4475.28,93.72597915661144
2021-03-08 11:00:00,4499.99,92.75131722514939
2021-03-08 11:01:00,4463.969999999999,94.60189024567819
2021-03-08 11:02:00,4503.12,94.22800191866972
2021-03-08 11:03:00,4497.6,93.72554251156171
2021-03-08 11:04:00,4414.900000000001,93.83451493805067
2021-03-08 11:05:00,4419.1,93.820008599036
2021-03-08 11:06:00,4520.889999999999,94.302228101104
2021-03-08 11:07:00,4531.83,92.67117257266932
2021-03-08 11:08:00,4519.65,93.72849667562754
2021-03-08 11:09:00,3963.75,92.4175339009776
2021-03-08 11:10:00,4349.49,92.00389011125442
2021-03-08 11:11:00,4522.26,93.79381105907224
2021-03-08 11:12:00,4551.839999999999,93.08323666912722
2021-03-08 11:13:00,4536.179999999999,93.55448857849558
2021-03-08 11:14:00,4544.879999999999,94.20490750030805
2021-03-08 11:15:00,4576.000000000001,92.59833916083915
2021-03-08 11:16:00,4607.77,93.68957217916693
2021-03-08 11:17:00,4648.5,93.74636979670862
2021-03-08 11:18:00,4702.879999999999,93.5277957336781
2021-03-08 11:19:00,4612.870000000001,93.40172170470876
2021-03-08 11:20:00,4552.24,92.78728713776074
2021-03-08 11:21:00,4527.48,93.72101036338097
2021-03-08 11:22:00,4499.639999999999,94.40533020419412
2021-03-08 11:23:00,4501.379999999999,93.65128027404933
2021-03-08 11:24:00,4529.360000000001,93.54522493244077
2021-03-08 11:25:00,4542.56,92.94538762283823
2021-03-08 11:26:00,4497.42,94.76099630454794
2021-03-08 11:27:00,4515.280000000001,94.1602735600007
2021-03-08 11:28:00,4554.88,92.50518125614725
2021-03-08 11:29:00,4558.400000000001,94.49368199368197
2021-03-08 11:30:00,4580.83,94.34534789546873
2021-03-08 11:31:00,4483.66,93.47051292916947
2021-03-08 11:32:00,4567.93,92.53206594671984
2021-03-08 11:33:00,4588.32,93.38930153084354
2021-03-08 11:34:00,4556.64,93.58869693458337
2021-03-08 11:35:00,4544.320000000001,93.18665939018376
2021-03-08 11:36:00,4509.79,93.45224500475632
2021-03-08 11:37:00,4521.389999999999,93.94013787795346
2021-03-08 11:38:00,4545.200000000001,93.0564111590249
2021-03-08 11:39:00,4507.13,93.28774630418914
2021-03-08 11:40:00,4528.35,94.1402497598463
2021-03-08 11:41:00,4579.52,93.48359653413458
2021-03-08 11:42:00,4547.0199999999995,93.5777718153868
2021-03-08 11:43:00,4558.4,93.78510003510006
2021-03-08 11:44:00,4546.08,93.92707563439271
2021-03-08 11:45:00,4527.85,92.66428879048554
2021-03-08 11:46:00,4523.129999999999,93.68291426512172
2021-03-08 11:47:00,4568.960000000001,93.19845216416863
2021-03-08 11:48:00,4350.3099999999995,92.83476349961268
2021-03-08 11:49:00,4583.040000000001,94.06420192710515
2021-03-08 11:50:00,4415.75,93.96591745456605
2021-03-08 11:51:00,4250.639999999999,93.94585285980466
2021-03-08 11:52:00,4468.65,93.18921822026788
2021-03-08 11:53:00,4501.24,93.39648630155246
2021-03-08 11:54:00,4545.24,93.50441340831289
2021-03-08 11:55:00,4609.52,94.11825960186742
2021-03-08 11:56:00,4307.459999999999,93.14305878638457
2021-03-08 11:57:00,4480.67,93.1088430971261
2021-03-08 11:58:00,4468.32,94.23004619185735
2021-03-08 11:59:00,4506.599999999999,94.01988195091646
2021-03-08 12:00:00,4472.86,94.00920216595199
2021-03-08 12:01:00,4517.91,93.77344834226446
2021-03-08 12:02:00,4468.5599999999995,93.96763163077144
2021-03-08 12:03:00,4463.35,92.91003394311446
2021-03-08 12:04:00,4445.58,93.23867751789417
2021-03-08 12:05:00,4475.44,93.79189532202422
2021-03-08 12:06:00,4425.5599999999995,93.96324984860674
2021-03-08 12:07:00,4440.41,93.38101661783485
2021-03-08 12:08:00,4453.08,93.17146783799079
2021-03-08 12:09:00,4452.53,93.29302666124653
2021-03-08 12:10:00,4456.5199999999995,94.08686598511844
2021-03-08 12:11:00,4455.19,93.21487972454598
2021-03-08 12:12:00,4477.889999999999,92.8249689027645
2021-03-08 12:13:00,4615.889999999999,92.98098524878193
2021-03-08 12:14:00,3933.7599999999998,93.69153176604573
2021-03-08 12:15:00,4687.41,94.48714748656508
2021-03-08 12:16:00,4597.74,93.39806078638637
2021-03-08 12:17:00,4473.54,93.5813695641483
2021-03-08 12:18:00,4182.84,95.31562287823584
2021-03-08 12:19:00,4072.16,92.21887155710975
2021-03-08 12:20:00,3175.0499999999997,95.44416623360263
2021-03-08 12:21:00,4299.5,92.43632980579137
2021-03-08 12:22:00,4631.56,93.42208672671842
2021-03-08 12:23:00,4644.91,93.70687483718739
2021-03-08 12:24:00,4637.79,93.77311176228334
2021-03-08 12:25:00,3879.54,94.31015017244313
2021-03-08 12:26:00,1989.4,92.2841057605308
2021-03-08 12:27:00,4508.98,92.55751855186762
2021-03-08 12:28:00,4470.15,93.80893258615482
2021-03-08 12:29:00,4502.05,94.01494874557147
2021-03-08 12:30:00,4521.8099999999995,93.23036571638349
2021-03-08 12:31:00,4429.349999999999,93.43357377493314
2021-03-08 12:32:00,4425.96,93.90731050438775
2021-03-08 12:33:00,4419.79,92.89807886800051
2021-03-08 12:34:00,4422.549999999999,93.89605544312673
2021-03-08 12:35:00,4458.25,93.19800370100376
2021-03-08 12:36:00,4408.84,93.33294018381251
2021-03-08 12:37:00,4394.88,92.69650138342799
2021-03-08 12:38:00,4368.84,93.65643969566293
2021-03-08 12:39:00,4335.24,93.46887369557395
2021-03-08 12:40:00,3602.49,92.56653037204823
2021-03-08 12:41:00,4444.48,93.57000143998849
2021-03-08 12:42:00,4115.2,93.54344867807154
2021-03-08 12:43:00,3874.6400000000003,93.37899779076248
2021-03-08 12:44:00,4149.87,94.49211662052065
2021-03-08 12:45:00,4152.240000000001,92.93778779646648
2021-03-08 12:46:00,4216.0,93.61480075901328
2021-03-08 12:47:00,4230.4,93.74527231467475
2021-03-08 12:48:00,4229.25,92.61689424838919
2021-03-08 12:49:00,4313.2,93.31586756932208
2021-03-08 12:50:00,4300.9,94.34304447906253
2021-03-08 12:51:00,4316.48,92.61249907331901
2021-03-08 12:52:00,4275.99,92.96560562583169
2021-03-08 12:53:00,4283.68,93.40333544989355
2021-03-08 12:54:00,4285.89,92.56653810527101
2021-03-08 12:55:00,4296.799999999999,93.66505306274439
2021-03-08 12:56:00,4259.719999999999,93.22913243123962
2021-03-08 12:57:00,4264.0,93.09568480300187
2021-03-08 12:58:00,4228.199999999999,93.79404947731899
2021-03-08 12:59:00,4196.01,92.84534593578185
2021-03-08 13:00:00,3735.09,92.53056820585314
2021-03-08 13:01:00,4267.28,93.63107178343114
2021-03-08 13:02:00,4227.389999999999,92.60560298434733
2021-03-08 13:03:00,4199.4,93.26094203933897
2021-03-08 13:04:00,4233.87,94.06051673764193
2021-03-08 13:05:00,3940.78,92.54259309070792
2021-03-08 13:06:00,4227.389999999999,92.73807242766814
2021-03-08 13:07:00,4287.78,93.39331775417583
2021-03-08 13:08:00,3945.0,93.19645120405576
2021-03-08 13:09:00,3673.7700000000004,93.76199381017318
2021-03-08 13:10:00,4222.509999999999,93.24548668919674
2021-03-08 13:11:00,4258.78,93.55965793020536
2021-03-08 13:12:00,1990.71,92.33891425672248
2021-03-08 13:13:00,4382.63,93.29329649091983
2021-03-08 13:14:00,4287.51,93.53214336526328
2021-03-08 13:15:00,4160.29,93.11850856550865
2021-03-08 13:16:00,4187.0,93.22187723907331
2021-03-08 13:17:00,4159.35,93.67809874138987
2021-03-08 13:18:00,4113.29,93.17602211368515
2021-03-08 13:19:00,4097.34,92.62594756598183
2021-03-08 13:20:00,4110.599999999999,93.20537147861627
2021-03-08 13:21:00,4138.68,94.1846192505823
2021-03-08 13:22:00,4138.02,93.53023909985934
2021-03-08 13:23:00,2131.93,91.33977194373173
2021-03-08 13:24:00,3994.5599999999995,93.55723784346712
2021-03-08 13:25:00,3988.4399999999996,93.47514316374323
2021-03-08 13:26:00,4001.4,93.56225321137602
2021-03-08 13:27:00,4024.2,92.30654540032802
2021-03-08 13:28:00,4016.6000000000004,93.94512771996216
2021-03-08 13:29:00,4017.36,93.79293864627516
2021-03-08 13:30:00,3966.75,93.55265645679712
2021-03-08 13:31:00,2375.87,92.99330350566319
2021-03-08 13:32:00,3255.56,92.8135251692489
2021-03-08 13:33:00,3331.9399999999996,92.75076982178551
2021-03-08 13:34:00,66.39,-30.426269016418132
2021-03-08 13:35:00,66.69,-30.739241265557055
2021-03-08 13:36:00,66.62,-27.469228459921947
2021-03-08 13:37:00,3152.7999999999997,85.41296625222026
2021-03-08 13:38:00,3902.76,92.66519078805767
2021-03-08 13:39:00,3866.13,92.25504574341782
2021-03-08 13:40:00,3828.7299999999996,93.37038652503573
2021-03-08 13:41:00,3882.1399999999994,92.80963592245516
2021-03-08 13:42:00,3876.2999999999997,93.17132316900137
2021-03-08 13:43:00,3811.63,92.73460435561688
2021-03-08 13:44:00,3828.24,92.7031743046413
2021-03-08 13:45:00,3810.9600000000005,94.10752146440791
2021-03-08 13:46:00,3821.76,93.92531189818303
2021-03-08 13:47:00,3809.52,93.58134358134357
2021-03-08 13:48:00,3702.3,93.71471787807579
2021-03-08 13:49:00,3717.0,92.69303201506591
2021-03-08 13:50:00,3697.3999999999996,93.9552117704333
2021-03-08 13:51:00,3691.8,93.95687740397636
2021-03-08 13:52:00,3703.7000000000003,93.37959337959337
2021-03-08 13:53:00,3609.4399999999996,92.50465446163395
2021-03-08 13:54:00,3653.28,92.72489379406998
2021-03-08 13:55:00,3661.83,93.32219136333472
2021-03-08 13:56:00,3710.7000000000003,93.02287978009541
2021-03-08 13:57:00,3689.4300000000003,93.96573454436052
2021-03-08 13:58:00,3657.6900000000005,94.1468522482769
2021-03-08 13:59:00,3604.68,93.78086265632456
2021-03-08 14:00:00,3471.0999999999995,92.76022010313736
2021-03-08 14:01:00,3394.5600000000004,93.22563159879334
2021-03-08 14:02:00,3423.36,92.66919050289773
2021-03-08 14:03:00,3481.4,93.96507152295054
2021-03-08 14:04:00,3486.6,93.01325073137154
2021-03-08 14:05:00,3487.9,93.16207460076264
2021-03-08 14:06:00,3439.36,93.3603926311872
2021-03-08 14:07:00,3432.96,93.98303504847128
2021-03-08 14:08:00,3322.58,93.5297268989761
2021-03-08 14:09:00,3252.33,92.46601667112502
2021-03-08 14:10:00,3325.6800000000003,93.08772942676384
2021-03-08 14:11:00,3229.8,93.95628212273205
2021-03-08 14:12:00,3341.8,93.18929918008257
2021-03-08 14:13:00,3352.23,93.58546400455815
2021-03-08 14:14:00,3333.12,94.27503360215054
2021-03-08 14:15:00,3312.66,94.33506607982709
2021-03-08 14:16:00,3311.42,92.92388159762277
2021-03-08 14:17:00,3235.2000000000003,93.69745301681503
2021-03-08 14:18:00,3282.41,92.85250776106582
2021-03-08 14:19:00,3315.8,93.40129078955304
2021-03-08 14:20:00,3303.5499999999997,93.78395967973846
2021-03-08 14:21:00,3293.39,93.85162401051804
2021-03-08 14:22:00,3342.42,93.30664608277834
2021-03-08 14:23:00,3346.76,94.709510093344
2021-03-08 14:24:00,3457.92,93.08775217471775
2021-03-08 14:25:00,3315.08,94.17872268542538
2021-03-08 14:26:00,3103.36,92.20006702412869
2021-03-08 14:27:00,3487.9,93.85016772269847
2021-03-08 14:28:00,3456.0,93.48090277777777
2021-03-08 14:29:00,3402.0,92.97472075249853
2021-03-08 14:30:00,3336.22,92.43395219739706
2021-03-08 14:31:00,3219.0,94.57595526561045
2021-03-08 14:32:00,3213.0,92.46187363834423
2021-03-08 14:33:00,3191.8999999999996,92.39637833265454
2021-03-08 14:34:00,3177.1500000000005,92.53891065892385
2021-03-08 14:35:00,3179.35,93.5285514334691
2021-03-08 14:36:00,3181.8700000000003,93.44504960919208
2021-03-08 14:37:00,3195.44,93.0951606038605
2021-03-08 14:38:00,3256.7999999999997,93.14971751412429
2021-03-08 14:39:00,3319.62,92.64614624565462
2021-03-08 14:40:00,3087.1,94.19519937805708
2021-03-08 14:41:00,3079.6899999999996,94.32118167737664
2021-03-08 14:42:00,2935.9800000000005,92.81738976423543
2021-03-08 14:43:00,3138.3799999999997,93.09261466106719
2021-03-08 14:44:00,3087.69,92.56434421849343
2021-03-08 14:45:00,3035.2,93.28545071164999
2021-03-08 14:46:00,3035.2,92.84066947812336
2021-03-08 14:47:00,2985.3999999999996,93.86681851678169
2021-03-08 14:48:00,3053.68,93.21867386235624
2021-03-08 14:49:00,2995.3,94.3811972089607
2021-03-08 14:50:00,3023.8999999999996,92.3575515063329
2021-03-08 14:51:00,2975.59,93.07061792787312
2021-03-08 14:52:00,2980.45,93.67712929255649
2021-03-08 14:53:00,2978.5200000000004,92.53253293582046
2021-03-08 14:54:00,2939.2200000000003,92.4156749069481
2021-03-08 14:55:00,2923.8999999999996,92.89647388761585
2021-03-08 14:56:00,2302.29,92.04748315807304
2021-03-08 14:57:00,3044.72,92.26464174045562
2021-03-08 14:58:00,2321.34,92.44660411658782
2021-03-08 14:59:00,2616.96,90.88407923697726
2021-03-08 15:00:00,3024.5999999999995,94.0058189512663
2021-03-08 15:01:00,1774.69,92.68661005584075
2021-03-08 15:02:00,1922.3600000000001,90.68540751992342
2021-03-08 15:03:00,2554.68,91.25213333959634
2021-03-08 15:04:00,2591.11,91.62868423185428
2021-03-08 15:05:00,1691.0500000000002,89.53017356080541
2021-03-08 15:06:00,2755.0,92.95099818511797
2021-03-08 15:07:00,2809.08,91.71330115197858
2021-03-08 15:08:00,2784.89,93.35377698939637
2021-03-08 15:09:00,2799.3899999999994,92.17007991026618
2021-03-08 15:10:00,2481.75,94.23995164702328
2021-03-08 15:11:00,2796.8399999999997,92.41501122695614
2021-03-08 15:12:00,2777.62,92.94287915553603
2021-03-08 15:13:00,1658.48,91.24620134098691
2021-03-08 15:14:00,1738.7400000000002,90.61159230247189
2021-03-08 15:15:00,2433.2000000000003,91.25020549071182
2021-03-08 15:16:00,2373.17,93.26344088286976
2021-03-08 15:17:00,2463.01,92.57778084538835
2021-03-08 15:18:00,2422.6400000000003,92.19281445035166
2021-03-08 15:19:00,2281.7699999999995,91.30192788931403
2021-03-08 15:20:00,2404.3500000000004,91.97496204795473
2021-03-08 15:21:00,2423.96,92.29525239690423
2021-03-08 15:22:00,2303.28,93.5752492098225
2021-03-08 15:23:00,2310.84,90.3740631112496
2021-03-08 15:24:00,2198.0,91.51046405823476
2021-03-08 15:25:00,1848.58,92.8009607374309
2021-03-08 15:26:00,2104.44,92.12427058980062
2021-03-08 15:27:00,2072.59,92.25172368871797
2021-03-08 15:28:00,2096.46,91.68312297873558
2021-03-08 15:29:00,2100.2599999999998,91.96956567282146
2021-03-08 15:30:00,2106.72,93.10207336523128
2021-03-08 15:31:00,2104.8199999999997,92.11238965802302
2021-03-08 15:32:00,2050.91,90.62318678050232
2021-03-08 15:33:00,1932.0,91.81159420289855
2021-03-08 15:34:00,1821.6,94.27975406236277
2021-03-08 15:35:00,1809.9099999999999,89.25305678182895
2021-03-08 15:36:00,1776.64,91.9544758645533
2021-03-08 15:37:00,1675.81,91.36477285611137
2021-03-08 15:38:00,1513.33,90.4297146028956
2021-03-08 15:39:00,1500.1200000000001,90.38610244513772
2021-03-08 15:40:00,1557.08,90.74036016132763
2021-03-08 15:41:00,1612.4,89.32646985859587
2021-03-08 15:42:00,1608.9199999999998,91.52723566118888
2021-03-08 15:43:00,1502.2800000000002,89.45735814894692
2021-03-08 15:44:00,1613.27,91.4849963118387
2021-03-08 15:45:00,1629.8,90.26874463124311
2021-03-08 15:46:00,1755.2000000000003,91.52233363719233
2021-03-08 15:47:00,1792.0,92.23214285714285
2021-03-08 15:48:00,1513.08,89.09641261532767
2021-03-08 15:49:00,1197.3200000000002,86.89406340827848
2021-03-08 15:50:00,1314.6,90.99345808610985
2021-03-08 15:51:00,907.34,81.56810016090992
2021-03-08 15:52:00,678.48,79.91392524466455
2021-03-08 15:53:00,1076.8400000000001,86.46595594517291
2021-03-08 15:54:00,1701.9,89.80551148716141
2021-03-08 15:55:00,1578.08,90.25524688228734
2021-03-08 15:56:00,1576.3999999999999,91.61380360314641
2021-03-08 15:57:00,1600.6599999999999,91.09367385953294
2021-03-08 15:58:00,1607.9299999999998,89.74271268027837
2021-03-08 15:59:00,1507.1400000000003,90.08453096593546
2021-03-08 16:00:00,1147.4499999999998,89.11935160573448
2021-03-08 16:01:00,884.96,86.42198517447115
2021-03-08 16:02:00,849.4000000000001,83.37650105957147
2021-03-08 16:03:00,1457.8200000000002,88.84498772139222
2021-03-08 16:04:00,965.47,86.9731840450765
2021-03-08 16:05:00,1409.5,87.44235544519333
2021-03-08 16:06:00,1405.25,89.48585660914428
2021-03-08 16:07:00,1437.67,90.67449414677915
2021-03-08 16:08:00,1344.24,90.29637564720585
2021-03-08 16:09:00,946.3899999999999,88.81116664377267
2021-03-08 16:10:00,828.3000000000001,84.18447422431485
2021-03-08 16:11:00,1294.9,89.80616263804156
2021-03-08 16:12:00,1241.46,89.70083611231937
2021-03-08 16:13:00,1243.66,89.74317739575125
2021-03-08 16:14:00,1013.5800000000002,85.34106829258667
2021-03-08 16:15:00,839.3999999999999,87.81272337383848
2021-03-08 16:16:00,888.16,84.0726896054765
2021-03-08 16:17:00,636.6199999999999,85.8282806069555
2021-03-08 16:18:00,1137.8,87.79223062049569
2021-03-08 16:19:00,1137.4,87.93740109020573
2021-03-08 16:20:00,1078.25,87.02990957570137
2021-03-08 16:21:00,774.2,80.35391371738568
2021-03-08 16:22:00,956.5899999999999,84.07990884286895
2021-03-08 16:23:00,771.26,82.34577185384954
2021-03-08 16:24:00,962.2,85.7617958844315
2021-03-08 16:25:00,864.58,84.02923963080339
2021-03-08 16:26:00,842.8500000000001,85.44818176425223
2021-03-08 16:27:00,549.9,79.50536461174758
2021-03-08 16:28:00,483.39,72.8397360309481
2021-03-08 16:29:00,679.72,82.69581592420408
2021-03-08 16:30:00,492.39,72.66597615711123
2021-03-08 16:31:00,508.28,78.32297159046195
2021-03-08 16:32:00,817.3399999999999,83.28235495632174
2021-03-08 16:33:00,851.6999999999999,85.24128214159916
2021-03-08 16:34:00,917.2800000000001,82.76643990929705
2021-03-08 16:35:00,885.99,85.15897470626079
2021-03-08 16:36:00,859.8000000000001,86.75273319376599
2021-03-08 16:37:00,825.07,86.85323669506829
2021-03-08 16:38:00,800.24,82.1628511446566
2021-03-08 16:39:00,799.26,82.22605910467182
2021-03-08 16:40:00,768.3800000000001,81.04063093781721
2021-03-08 16:41:00,740.48,85.16097666378565
2021-03-08 16:42:00,742.3000000000001,83.49723831335038
2021-03-08 16:43:00,740.0899999999999,82.1791944223
2021-03-08 16:44:00,709.8399999999999,84.2443367519441
2021-03-08 16:45:00,676.92,80.60036636530167
2021-03-08 16:46:00,684.84,78.86513638222067
2021-03-08 16:47:00,652.89,83.45969458867498
2021-03-08 16:48:00,623.3700000000001,82.71171214527486
2021-03-08 16:49:00,564.0999999999999,81.40400638184721
2021-03-08 16:50:00,524.97,77.03297331276072
2021-03-08 16:51:00,495.54,75.15034104209548
2021-03-08 16:52:00,495.09000000000003,73.0372255549496
2021-03-08 16:53:00,415.36,76.43971494607088
2021-03-08 16:54:00,349.58,73.8028491332456
2021-03-08 16:55:00,371.90999999999997,64.93506493506494
2021-03-08 16:56:00,385.98,66.03969117570858
2021-03-08 16:57:00,388.15,69.277341234059
2021-03-08 16:58:00,384.58,71.32456185969109
2021-03-08 16:59:00,327.17999999999995,71.00067241273918
2021-03-08 17:00:00,330.84,67.85757465844517
2021-03-08 17:01:00,330.96000000000004,66.5035049552816
2021-03-08 17:02:00,331.44,69.99758629012793
2021-03-08 17:03:00,329.34000000000003,66.4359021072448
2021-03-08 17:04:00,298.32,67.04210244033253
2021-03-08 17:05:00,295.73,58.19497514624826
2021-03-08 17:06:00,267.4,50.89753178758415
2021-03-08 17:07:00,212.16,50.05656108597285
2021-03-08 17:08:00,183.29000000000002,45.01063887828032
2021-03-08 17:09:00,157.86,35.7912073989611
2021-03-08 17:10:00,158.64,25.907715582450834
2021-03-08 17:11:00,159.54000000000002,22.126112573649237
2021-03-08 17:12:00,157.41,22.044342799059784
2021-03-08 17:13:00,159.03,20.499276866000127
2021-03-08 17:14:00,159.53999999999996,22.18879277924032
2021-03-08 17:15:00,157.95,13.042101930990821
2021-03-08 17:16:00,130.91,18.333206019402642
2021-03-08 17:17:00,131.69,17.237451590857315
2021-03-08 17:18:00,129.39999999999998,26.352395672333856
2021-03-08 17:19:00,124.34,5.388451021392955
2021-03-08 17:20:00,100.69999999999999,-6.454816285998015
2021-03-08 17:21:00,96.75999999999999,-18.3960314179413
2021-03-08 17:22:00,87.54,-11.651816312542836
2021-03-08 17:23:00,85.34,-47.69158659479728
2021-03-08 17:24:00,120.15,-3.995006242197253
2021-03-08 17:25:00,130.03,12.535568714911943
2021-03-08 17:26:00,105.06,-18.56082238720731
2021-03-08 17:27:00,101.56,-18.01890508074045
2021-03-08 17:28:00,95.08,-18.405553218342448
2021-03-08 17:29:00,84.2,-32.066508313539195
2021-03-08 17:30:00,80.74000000000001,-14.862521674510774
2021-03-08 17:31:00,55.82,-29.021855965603727
2021-03-08 17:32:00,73.48,-37.697332607512244
2021-03-08 17:33:00,40.74,-55.22827687776141
2021-03-08 17:34:00,36.230000000000004,-88.04857852608335
2021-03-08 17:35:00,24.33,-129.88080558980684
2021-03-08 17:36:00,23.95,-80.1670146137787
2021-03-08 17:37:00,24.720000000000002,-33.57605177993527
2021-03-08 17:38:00,23.07,-98.8296488946684
2021-03-08 17:39:00,23.25,-126.88172043010752
2021-03-08 17:40:00,22.64,-53.003533568904594
2021-03-08 17:41:00,21.78,-112.94765840220387
2021-03-08 17:42:00,22.810000000000002,-46.03244191144235
2021-03-08 17:43:00,23.17,-93.22399654725939
2021-03-08 17:44:00,22.1,-208.14479638009047
2021-03-08 17:45:00,21.69,-105.57860765329643
2021-03-08 17:46:00,21.32,-108.34896810506567
2021-03-08 17:47:00,23.0,-152.17391304347828
2021-03-08 17:48:00,25.75,-131.2621359223301
2021-03-08 17:49:00,9.42,0.0
2021-03-08 17:50:00,8.78,0.0
2021-03-08 17:51:00,8.23,0.0
2021-03-08 17:52:00,9.670000000000002,0.0
2021-03-08 17:53:00,10.490000000000002,-295.5195424213536
2021-03-08 17:54:00,11.450000000000001,-234.061135371179
2021-03-08 17:55:00,8.66,0.0
2021-03-08 17:56:00,4.19,0.0
2021-03-08 17:57:00,4.010000000000001,0.0
2021-03-08 17:58:00,3.94,0.0
2021-03-08 17:59:00,3.91,0.0
2021-03-08 18:00:00,3.8700000000000006,0.0
2021-03-09 05:00:00,1.27,0.0
2021-03-09 05:01:00,1.3800000000000001,0.0
2021-03-09 05:02:00,1.51,0.0
2021-03-09 05:03:00,1.7000000000000002,0.0
2021-03-09 05:04:00,1.97,0.0
2021-03-09 05:05:00,2.3000000000000003,0.0
2021-03-09 05:06:00,2.69,0.0
2021-03-09 05:07:00,3.19,0.0
2021-03-09 05:08:00,3.83,0.0
2021-03-09 05:09:00,4.03,0.0
2021-03-09 05:10:00,4.08,0.0
2021-03-09 05:11:00,4.13,0.0
2021-03-09 05:12:00,4.13,0.0
2021-03-09 05:13:00,4.13,0.0
2021-03-09 05:14:00,4.18,0.0
2021-03-09 05:15:00,4.21,0.0
2021-03-09 05:16:00,4.24,0.0
2021-03-09 05:17:00,4.2700000000000005,0.0
2021-03-09 05:18:00,4.3,0.0
2021-03-09 05:19:00,4.34,0.0
2021-03-09 05:20:00,4.720000000000001,0.0
2021-03-09 05:21:00,13.809999999999999,-181.02824040550328
2021-03-09 05:22:00,7.859999999999999,0.0
2021-03-09 05:23:00,20.270000000000003,-133.20177602368028
2021-03-09 05:24:00,22.98,-115.75282854656224
2021-03-09 05:25:00,24.130000000000003,-88.27186075424783
2021-03-09 05:26:00,34.05,-55.800293685756245
2021-03-09 05:27:00,49.400000000000006,-47.57085020242914
2021-03-09 05:28:00,50.42,-43.63347877826259
2021-03-09 05:29:00,51.0,-52.156862745098046
2021-03-09 05:30:00,53.64,-49.40343027591349
2021-03-09 05:31:00,54.14,-45.991872922053936
2021-03-09 05:32:00,55.49000000000001,-45.41358803387997
2021-03-09 05:33:00,56.120000000000005,-53.813257305773334
2021-03-09 05:34:00,55.18000000000001,-45.12504530627038
2021-03-09 05:35:00,56.74,-43.53189989425449
2021-03-09 05:36:00,57.28,-45.21648044692737
2021-03-09 05:37:00,56.71000000000001,-35.090812907776396
2021-03-09 05:38:00,58.02,-41.88210961737332
2021-03-09 05:39:00,57.14,-54.77773888694435
2021-03-09 05:40:00,59.09,-40.277542731426635
2021-03-09 05:41:00,59.49,-33.95528660279038
2021-03-09 05:42:00,59.790000000000006,-31.10888108379328
2021-03-09 05:43:00,106.26,15.433841520798042
2021-03-09 05:44:00,149.45999999999998,18.867924528301888
2021-03-09 05:45:00,174.32,16.521340064249657
2021-03-09 05:46:00,156.3,42.29046705054382
2021-03-09 05:47:00,184.51999999999998,43.19314979406027
2021-03-09 05:48:00,184.44,43.59141184124919
2021-03-09 05:49:00,185.59,34.053558920200445
2021-03-09 05:50:00,183.95999999999998,44.46618830180474
2021-03-09 05:51:00,185.61,45.363935132805345
2021-03-09 05:52:00,186.76999999999998,48.45531937677357
2021-03-09 05:53:00,215.88,49.93514915693904
2021-03-09 05:54:00,217.28000000000003,62.13181148748158
2021-03-09 05:55:00,270.20000000000005,55.25536639526276
2021-03-09 05:56:00,299.88,59.757236227824464
2021-03-09 05:57:00,300.75,67.09891936824606
2021-03-09 05:58:00,300.24,72.84172661870502
2021-03-09 05:59:00,289.14,64.29411357819743
2021-03-09 06:00:00,262.3,53.86961494471979
2021-03-09 06:01:00,236.73000000000002,58.25201706585561
2021-03-09 06:02:00,295.99,55.33970742254806
2021-03-09 06:03:00,324.24,65.96965210954848
2021-03-09 06:04:00,417.02,80.02014291880486
2021-03-09 06:05:00,526.44,75.69713547602765
2021-03-09 06:06:00,652.29,86.14266660534426
2021-03-09 06:07:00,714.4200000000001,79.39307410206881
2021-03-09 06:08:00,656.6300000000001,80.10599576626105
2021-03-09 06:09:00,686.9000000000001,82.57388266123161
2021-03-09 06:10:00,775.8699999999999,82.21738177787516
2021-03-09 06:11:00,802.0400000000001,84.85861054311505
2021-03-09 06:12:00,705.31,81.4819015751939
2021-03-09 06:13:00,651.42,82.38924196371006
2021-03-09 06:14:00,626.48,81.79032052100625
2021-03-09 06:15:00,561.72,81.4818770917895
2021-03-09 06:16:00,592.01,82.97157142615833
2021-03-09 06:17:00,577.58,78.46532082135808
2021-03-09 06:18:00,634.4300000000001,81.45894740160458
2021-03-09 06:19:00,661.56,80.76364955559586
2021-03-09 06:20:00,629.0699999999999,83.5042205159998
2021-03-09 06:21:00,604.56,83.49874288738918
2021-03-09 06:22:00,853.5400000000001,84.20226351430513
2021-03-09 06:23:00,1010.25,87.88913635238802
2021-03-09 06:24:00,1071.51,87.57734412184674
2021-03-09 06:25:00,848.26,86.49470681159079
2021-03-09 06:26:00,688.06,83.21948667267391
2021-03-09 06:27:00,719.03,79.19001988790454
2021-03-09 06:28:00,728.0,79.91758241758241
2021-03-09 06:29:00,874.69,86.39632326881524
2021-03-09 06:30:00,1034.6299999999999,84.9869035307308
2021-03-09 06:31:00,756.09,81.53791215331508
2021-03-09 06:32:00,580.26,81.89432323441216
2021-03-09 06:33:00,775.04,84.56337737407101
2021-03-09 06:34:00,641.19,82.54963427377218
2021-03-09 06:35:00,912.19,89.04943049145461
2021-03-09 06:36:00,1082.83,87.28978694716623
2021-03-09 06:37:00,1200.16,87.78829489401411
2021-03-09 06:38:00,810.84,85.68891519905283
2021-03-09 06:39:00,1233.3200000000002,89.07663866636393
2021-03-09 06:40:00,1256.6999999999998,90.25224795098275
2021-03-09 06:41:00,1262.25,89.6335908100614
2021-03-09 06:42:00,1145.87,87.4444745040886
2021-03-09 06:43:00,932.96,87.18487394957982
2021-03-09 06:44:00,659.52,88.06404657933041
2021-03-09 06:45:00,377.29999999999995,68.8576729393056
2021-03-09 06:46:00,314.1,72.17446673034064
2021-03-09 06:47:00,282.71,61.61791234834283
2021-03-09 06:48:00,286.87,65.63948826994806
2021-03-09 06:49:00,316.62,65.18855410270987
2021-03-09 06:50:00,313.32,71.39665517681604
2021-03-09 06:51:00,315.29999999999995,61.05296542974945
2021-03-09 06:52:00,311.7,61.6939364773821
2021-03-09 06:53:00,318.71999999999997,69.74774096385543
2021-03-09 06:54:00,345.41999999999996,70.69654333854439
2021-03-09 06:55:00,346.62,68.5188390744908
2021-03-09 06:56:00,316.91999999999996,64.49577180360976
2021-03-09 06:57:00,316.08,65.14173626929892
2021-03-09 06:58:00,346.46000000000004,68.20412168792934
2021-03-09 06:59:00,438.88,81.41177542836311
2021-03-09 07:00:00,961.3499999999999,86.7530035887034
2021-03-09 07:01:00,929.28,90.23114669421489
2021-03-09 07:02:00,1677.77,91.8183064424802
2021-03-09 07:03:00,2146.64,94.8552155927403
2021-03-09 07:04:00,1284.7799999999997,90.85602204268437
2021-03-09 07:05:00,1138.6,89.24117337080627
2021-03-09 07:06:00,999.9000000000001,88.08880888088808
2021-03-09 07:07:00,880.0,84.47727272727272
2021-03-09 07:08:00,794.8499999999999,86.972384726678
2021-03-09 07:09:00,770.98,83.69866922617966
2021-03-09 07:10:00,774.4799999999999,85.55417828736702
2021-03-09 07:11:00,801.64,86.57252632104186
2021-03-09 07:12:00,953.53,87.51691084706302
2021-03-09 07:13:00,1992.2,92.90733862062042
2021-03-09 07:14:00,1226.7200000000003,88.69179600886916
2021-03-09 07:15:00,2239.37,91.07918745004176
2021-03-09 07:16:00,2143.58,93.55843961970163
2021-03-09 07:17:00,2088.65,92.89732602398678
2021-03-09 07:18:00,2080.88,92.80688939294913
2021-03-09 07:19:00,2043.25,94.14902728496268
2021-03-09 07:20:00,1923.58,93.43515736283389
2021-03-09 07:21:00,1216.38,86.98761900064123
2021-03-09 07:22:00,2045.7900000000002,93.01541213907586
2021-03-09 07:23:00,1463.44,94.92018805007379
2021-03-09 07:24:00,473.04,76.33603923558262
2021-03-09 07:25:00,480.78,78.12305004367903
2021-03-09 07:26:00,452.65,76.17364409587982
2021-03-09 07:27:00,428.32000000000005,76.20470676129995
2021-03-09 07:28:00,485.82000000000005,75.46004693096208
2021-03-09 07:29:00,997.02,85.78564121080821
2021-03-09 07:30:00,2359.97,92.16642584439633
2021-03-09 07:31:00,2266.0,93.0008826125331
2021-03-09 07:32:00,1912.8399999999997,91.98887518036011
2021-03-09 07:33:00,2333.05,93.00272175907075
2021-03-09 07:34:00,1929.4900000000002,90.3813961202183
2021-03-09 07:35:00,2262.5699999999997,91.61263518918754
2021-03-09 07:36:00,996.6600000000001,87.81329641000943
2021-03-09 07:37:00,391.97,74.39344847819986
2021-03-09 07:38:00,424.08000000000004,71.42520279192604
2021-03-09 07:39:00,711.23,80.95833977756843
2021-03-09 07:40:00,1877.8,92.97582277132815
2021-03-09 07:41:00,693.55,81.6523682503064
2021-03-09 07:42:00,1437.8000000000002,90.77757685352621
2021-03-09 07:43:00,996.84,83.15276273022751
2021-03-09 07:44:00,2644.2200000000003,93.5058353692204
2021-03-09 07:45:00,1402.01,91.11917889316054
2021-03-09 07:46:00,1152.9,90.81446786364819
2021-03-09 07:47:00,877.76,89.02205614290922
2021-03-09 07:48:00,936.53,88.57164212571942
2021-03-09 07:49:00,964.31,87.50298140639421
2021-03-09 07:50:00,931.9399999999999,86.11069382149066
2021-03-09 07:51:00,1682.1,91.20741929730694
2021-03-09 07:52:00,2981.7799999999997,94.27254861190296
2021-03-09 07:53:00,2461.8,92.83857340157607
2021-03-09 07:54:00,2791.0,93.7835901110713
2021-03-09 07:55:00,2750.98,93.49758994976335
2021-03-09 07:56:00,2730.75,93.84235100247184
2021-03-09 07:57:00,2731.71,93.28955123347646
2021-03-09 07:58:00,2710.1900000000005,92.95658237983314
2021-03-09 07:59:00,2699.41,93.60193523770009
2021-03-09 08:00:00,2716.8900000000003,93.25000276050925
2021-03-09 08:01:00,2715.88,92.63664079414407
2021-03-09 08:02:00,2682.75,93.26251048364551
2021-03-09 08:03:00,2726.5,93.2734274711168
2021-03-09 08:04:00,2750.0699999999997,93.71397818964608
2021-03-09 08:05:00,2781.54,93.17500377488729
2021-03-09 08:06:00,2811.83,93.9423791623249
2021-03-09 08:07:00,2865.41,93.89232256465917
2021-03-09 08:08:00,2866.91,93.43858021354002
2021-03-09 08:09:00,2850.17,93.27162941157896
2021-03-09 08:10:00,2944.07,93.82589408539879
2021-03-09 08:11:00,2985.99,94.19991359649565
2021-03-09 08:12:00,2398.6800000000003,95.57756766221421
2021-03-09 08:13:00,591.01,82.09674963198592
2021-03-09 08:14:00,337.44000000000005,69.13821716453295
2021-03-09 08:15:00,62.24000000000001,-45.95115681233933
2021-03-09 08:16:00,63.36,-44.66540404040404
2021-03-09 08:17:00,599.04,58.92761752136752
2021-03-09 08:18:00,3341.21,93.99888064503578
2021-03-09 08:19:00,3234.54,93.37958411396984
2021-03-09 08:20:00,3138.13,93.8648175824456
2021-03-09 08:21:00,3128.1499999999996,93.84460463852437
2021-03-09 08:22:00,3126.34,92.80500521376433
2021-03-09 08:23:00,2878.96,93.89501764526078
2021-03-09 08:24:00,2632.3100000000004,93.83393293343107
2021-03-09 08:25:00,3194.7799999999997,94.18175899435956
2021-03-09 08:26:00,3222.0,94.00372439478585
2021-03-09 08:27:00,3084.6099999999997,92.89018709010217
2021-03-09 08:28:00,3289.26,93.14557073627503
2021-03-09 08:29:00,3352.12,93.51395534766058
2021-03-09 08:30:00,2609.7400000000007,94.87535156758908
2021-03-09 08:31:00,2308.67,91.94904425491734
2021-03-09 08:32:00,2987.6,94.20939884857411
2021-03-09 08:33:00,1832.06,92.45330393109396
2021-03-09 08:34:00,1092.0,87.82967032967034
2021-03-09 08:35:00,2455.9800000000005,92.59847392894076
2021-03-09 08:36:00,2406.11,92.26510841150238
2021-03-09 08:37:00,3301.1,95.262185332162
2021-03-09 08:38:00,2670.42,93.15014117629437
2021-03-09 08:39:00,2170.91,89.95766752191479
2021-03-09 08:40:00,2811.1200000000003,93.38626597228149
2021-03-09 08:41:00,1506.3999999999999,90.0092936802974
2021-03-09 08:42:00,3687.33,93.33582836361269
2021-03-09 08:43:00,3636.0699999999997,93.68081472578912
2021-03-09 08:44:00,3609.29,93.2787334905203
2021-03-09 08:45:00,3575.79,94.27287396631235
2021-03-09 08:46:00,3586.51,94.08310586057198
2021-03-09 08:47:00,3578.3099999999995,93.93540526114285
2021-03-09 08:48:00,3559.5699999999997,93.59557474638791
2021-03-09 08:49:00,3576.46,92.62510974539069
2021-03-09 08:50:00,3607.7799999999997,93.7501732367273
2021-03-09 08:51:00,3669.45,94.24845685320689
2021-03-09 08:52:00,2115.46,93.80465714312727
2021-03-09 08:53:00,1381.38,89.17169786735003
2021-03-09 08:54:00,1729.2800000000002,90.35552368615839
2021-03-09 08:55:00,1369.26,89.65426580780859
2021-03-09 08:56:00,1712.3200000000002,89.03125584002989
2021-03-09 08:57:00,3384.6800000000003,93.3825354243237
2021-03-09 08:58:00,1292.8799999999999,87.12332157663512
2021-03-09 08:59:00,1354.5,90.90439276485787
2021-03-09 09:00:00,1503.3000000000002,85.65821858577795
2021-03-09 09:01:00,4409.28,93.36444952463894
2021-03-09 09:02:00,4281.01,93.57838454009683
2021-03-09 09:03:00,3596.12,94.78827180405548
2021-03-09 09:04:00,3303.09,92.1258579088066
2021-03-09 09:05:00,3941.21,93.87218646050324
2021-03-09 09:06:00,3859.9200000000005,93.701423863707
2021-03-09 09:07:00,3597.69,93.6378620726077
2021-03-09 09:08:00,3446.21,95.66161087107285
2021-03-09 09:09:00,804.5600000000001,86.89221437804514
2021-03-09 09:10:00,759.9300000000001,84.08669219533378
2021-03-09 09:11:00,825.02,83.92523817604422
2021-03-09 09:12:00,1466.83,88.29925758267831
2021-03-09 09:13:00,1211.62,87.92360641125106
2021-03-09 09:14:00,1202.96,89.76192059586353
2021-03-09 09:15:00,3145.26,90.0529685940113
2021-03-09 09:16:00,4672.379999999999,94.35876362795837
2021-03-09 09:17:00,4479.51,94.63535074148734
2021-03-09 09:18:00,4349.7,93.31218244936433
2021-03-09 09:19:00,4061.9300000000003,93.97995534142636
2021-03-09 09:20:00,4334.3099999999995,93.4773931721543
2021-03-09 09:21:00,4383.55,94.36871941691093
2021-03-09 09:22:00,2714.53,93.60736481085122
2021-03-09 09:23:00,3395.76,93.8493886493745
2021-03-09 09:24:00,3058.04,92.70970948712247
2021-03-09 09:25:00,2826.6200000000003,92.17722934105042
2021-03-09 09:26:00,3884.96,94.3999423417487
2021-03-09 09:27:00,3699.5,94.86146776591433
2021-03-09 09:28:00,4064.4799999999996,92.4374089674448
2021-03-09 09:29:00,4426.69,93.09890685817169
2021-03-09 09:30:00,4352.52,94.69916278385854
2021-03-09 09:31:00,4181.6,93.44748421656782
2021-03-09 09:32:00,4091.88,94.25740735309931
2021-03-09 09:33:00,4063.53,93.29819147391552
2021-03-09 09:34:00,4026.33,93.16921365114138
2021-03-09 09:35:00,3978.5999999999995,94.42014779068015
2021-03-09 09:36:00,3935.25,94.25576519916142
2021-03-09 09:37:00,4017.94,93.69477891655923
2021-03-09 09:38:00,4095.6,93.9373962301006
2021-03-09 09:39:00,4139.6,94.1202048507102
2021-03-09 09:40:00,4188.0,94.2836676217765
2021-03-09 09:41:00,3081.11,92.49588622282229
2021-03-09 09:42:00,4371.52,94.52776151087036
2021-03-09 09:43:00,4204.9400000000005,93.04532288213386
2021-03-09 09:44:00,4434.4800000000005,93.37058685573054
2021-03-09 09:45:00,4130.120000000001,94.88586288049741
2021-03-09 09:46:00,3334.63,93.57859792540701
2021-03-09 09:47:00,2032.61,92.23609054368521
2021-03-09 09:48:00,2826.5299999999997,92.72500203429648
2021-03-09 09:49:00,2145.68,92.53942806010215
2021-03-09 09:50:00,4339.9800000000005,91.0856732058673
2021-03-09 09:51:00,2527.6800000000003,94.64014432206606
2021-03-09 09:52:00,3731.76,92.00216519819067
2021-03-09 09:53:00,4517.58,94.29384759096685
2021-03-09 09:54:00,4368.290000000001,93.63160412884673
2021-03-09 09:55:00,4288.1,94.75058883887968
2021-03-09 09:56:00,4256.55,93.65096145939788
2021-03-09 09:57:00,4291.0599999999995,93.26366911672174
2021-03-09 09:58:00,4300.29,93.59136244299803
2021-03-09 09:59:00,4360.820000000001,94.26896776294365
2021-03-09 10:00:00,3381.6400000000003,94.72918465596574
2021-03-09 10:01:00,2513.7599999999998,93.13936095729109
2021-03-09 10:02:00,4626.160000000001,92.56273021253048
2021-03-09 10:03:00,4696.67,94.70326848596984
2021-03-09 10:04:00,2402.8999999999996,92.97515502101629
2021-03-09 10:05:00,4085.6200000000003,92.74724521614834
2021-03-09 10:06:00,4310.74,93.2670492769223
2021-03-09 10:07:00,4391.950000000001,93.69869875567798
2021-03-09 10:08:00,4280.54,94.78477014582273
2021-03-09 10:09:00,4305.21,93.74920154882108
2021-03-09 10:10:00,4257.44,94.47931151114287
2021-03-09 10:11:00,4308.530000000001,92.48630043193386
2021-03-09 10:12:00,4298.57,93.25892099000366
2021-03-09 10:13:00,4350.36,93.70259013047198
2021-03-09 10:14:00,4172.7,93.4095429817624
2021-03-09 10:15:00,4300.38,94.26376273724647
2021-03-09 10:16:00,1641.8899999999999,93.67862646096876
2021-03-09 10:17:00,1861.7400000000002,90.20593638209417
2021-03-09 10:18:00,4688.35,91.90440133522453
2021-03-09 10:19:00,3960.7999999999997,95.46808725509999
2021-03-09 10:20:00,3840.75,91.77374210766128
2021-03-09 10:21:00,4772.04,93.39402016747555
2021-03-09 10:22:00,4277.8,93.34938519799897
2021-03-09 10:23:00,4483.83,94.40812876491749
2021-03-09 10:24:00,4441.9,93.11555865733135
2021-03-09 10:25:00,4441.9,92.98948648101039
2021-03-09 10:26:00,4389.4,93.6506128400237
2021-03-09 10:27:00,4433.299999999999,93.27363363634316
2021-03-09 10:28:00,3914.2799999999997,93.70305650081242
2021-03-09 10:29:00,4560.46,93.75589304587695
2021-03-09 10:30:00,4459.38,92.5128605321816
2021-03-09 10:31:00,4350.3,93.92455692710847
2021-03-09 10:32:00,4361.349999999999,93.28304309445471
2021-03-09 10:33:00,4341.8,93.92648210419641
2021-03-09 10:34:00,4382.6,93.52895541459407
2021-03-09 10:35:00,4276.639999999999,94.60464289722775
2021-03-09 10:36:00,4443.62,93.82440442702121
2021-03-09 10:37:00,4350.3,94.63025538468611
2021-03-09 10:38:00,4108.790000000001,94.45116445474213
2021-03-09 10:39:00,4532.65,92.77574928573793
2021-03-09 10:40:00,4665.57,93.47839599448729
2021-03-09 10:41:00,4620.68,93.76758399196655
2021-03-09 10:42:00,4623.26,93.775820524911
2021-03-09 10:43:00,3849.24,92.34030613835459
2021-03-09 10:44:00,4977.42,92.69661792655633
2021-03-09 10:45:00,4767.68,93.61786025907777
2021-03-09 10:46:00,4109.03,93.73988508236738
2021-03-09 10:47:00,4347.85,93.30358683027242
2021-03-09 10:48:00,4572.73,93.22002392443902
2021-03-09 10:49:00,4529.360000000001,93.47236695692105
2021-03-09 10:50:00,4518.530000000001,93.23828767320343
2021-03-09 10:51:00,4627.8,94.88741950818962
2021-03-09 10:52:00,4602.6,94.29887454916785
2021-03-09 10:53:00,4618.58,93.8037232222891
2021-03-09 10:54:00,4630.99,94.19368212844338
2021-03-09 10:55:00,4630.99,94.19368212844338
2021-03-09 10:56:00,4746.66,93.50364256129573
2021-03-09 10:57:00,4907.119999999999,93.60480281713104
2021-03-09 10:58:00,2693.08,94.56458775825448
2021-03-09 10:59:00,2245.76,87.83218153320034
2021-03-09 11:00:00,5183.32,93.08319764166598
2021-03-09 11:01:00,4738.0,93.18488813845505
2021-03-09 11:02:00,1506.3000000000002,94.76199960167297
2021-03-09 11:03:00,1053.16,90.59402180105587
2021-03-09 11:04:00,1340.57,89.0740505904205
2021-03-09 11:05:00,3692.8,93.40608752166378
2021-03-09 11:06:00,3788.3999999999996,94.6125013198184
2021-03-09 11:07:00,1842.4,91.17455492835431
2021-03-09 11:08:00,1802.6799999999998,90.61508420795705
2021-03-09 11:09:00,1786.4099999999999,91.17167951366149
2021-03-09 11:10:00,4156.77,91.38585969394505
2021-03-09 11:11:00,4843.84,93.67567880029067
2021-03-09 11:12:00,5307.38,94.14061175193787
2021-03-09 11:13:00,5085.22,93.29979823881759
2021-03-09 11:14:00,4341.29,95.37718051546892
2021-03-09 11:15:00,2620.84,90.67703484379054
2021-03-09 11:16:00,4998.71,93.84221129051295
2021-03-09 11:17:00,4246.5599999999995,95.20882785124903
2021-03-09 11:18:00,4126.17,92.23080968549526
2021-03-09 11:19:00,4879.110000000001,93.31619906089429
2021-03-09 11:20:00,4495.49,94.39460437015765
2021-03-09 11:21:00,3590.8599999999997,92.71595105350808
2021-03-09 11:22:00,4636.449999999999,94.15824607188694
2021-03-09 11:23:00,4492.400000000001,94.35268453387943
2021-03-09 11:24:00,4548.22,92.91547022791333
2021-03-09 11:25:00,4660.11,94.10936651709939
2021-03-09 11:26:00,3534.19,94.81097507491108
2021-03-09 11:27:00,2949.41,91.3572545017478
2021-03-09 11:28:00,4790.43,94.06253718350962
2021-03-09 11:29:00,4532.880000000001,94.02631439614548
2021-03-09 11:30:00,4418.1,93.41798510672008
2021-03-09 11:31:00,4580.83,93.58347723010894
2021-03-09 11:32:00,3768.1400000000003,93.39621139341956
2021-03-09 11:33:00,4653.9,93.19495476911838
2021-03-09 11:34:00,4495.040000000001,93.16713533138746
2021-03-09 11:35:00,4408.360000000001,93.9102069703926
2021-03-09 11:36:00,4465.12,93.06356828035976
2021-03-09 11:37:00,4595.07,92.8778016439358
2021-03-09 11:38:00,4447.25,93.10247906009332
2021-03-09 11:39:00,4534.55,94.87821283258538
2021-03-09 11:40:00,4661.05,93.58191823730704
2021-03-09 11:41:00,4754.16,93.98926413919598
2021-03-09 11:42:00,4713.16,94.11944427942188
2021-03-09 11:43:00,4625.75,92.88439712479058
2021-03-09 11:44:00,4477.85,93.68781893096015
2021-03-09 11:45:00,4456.139999999999,94.78158226626634
2021-03-09 11:46:00,3319.1399999999994,95.6332061919654
2021-03-09 11:47:00,1718.85,90.92125549058963
2021-03-09 11:48:00,3572.06,92.0057333863373
2021-03-09 11:49:00,4002.24,93.65505317022469
2021-03-09 11:50:00,4333.43,93.92098176271452
2021-03-09 11:51:00,4387.32,93.57876790386842
2021-03-09 11:52:00,4532.379999999999,93.80502076171904
2021-03-09 11:53:00,4311.57,93.62714741961746
2021-03-09 11:54:00,4293.59,94.11937329833542
2021-03-09 11:55:00,4093.78,93.90831945048342
2021-03-09 11:56:00,4204.709999999999,93.7805461018715
2021-03-09 11:57:00,4408.68,93.0641371113349
2021-03-09 11:58:00,3075.67,93.67715001934536
2021-03-09 11:59:00,3449.71,92.73823017007226
2021-03-09 12:00:00,4297.84,94.39625486290788
2021-03-09 12:01:00,4278.759999999999,93.50372537838068
2021-03-09 12:02:00,4218.48,93.83474616449527
2021-03-09 12:03:00,4193.81,93.22549185585422
2021-03-09 12:04:00,4203.28,94.33823109571574
2021-03-09 12:05:00,4221.719999999999,92.70865902996884
2021-03-09 12:06:00,4216.049999999999,93.1227096452841
2021-03-09 12:07:00,4260.719999999999,93.23306858934642
2021-03-09 12:08:00,4261.539999999999,93.79707805159639
2021-03-09 12:09:00,4268.099999999999,93.84503643307328
2021-03-09 12:10:00,4000.0,93.7
2021-03-09 12:11:00,4140.6900000000005,93.45302352989476
2021-03-09 12:12:00,4043.1999999999994,92.11020973486347
2021-03-09 12:13:00,4231.2,93.69918699186992
2021-03-09 12:14:00,4290.27,93.97310658769726
2021-03-09 12:15:00,4334.4,93.03479143595423
2021-03-09 12:16:00,4303.55,94.00611123374888
2021-03-09 12:17:00,4358.08,92.62565166311771
2021-03-09 12:18:00,4368.5,93.6774636602953
2021-03-09 12:19:00,4386.0,93.54309165526676
2021-03-09 12:20:00,4396.200000000001,93.38974568945908
2021-03-09 12:21:00,4394.599999999999,94.28844490966188
2021-03-09 12:22:00,4333.5599999999995,92.98359778103915
2021-03-09 12:23:00,4346.16,93.39048723470835
2021-03-09 12:24:00,4305.210000000001,93.94663674942684
2021-03-09 12:25:00,4109.09,93.48785254156029
2021-03-09 12:26:00,4154.4,93.75601771615636
2021-03-09 12:27:00,4062.12,93.15825234114207
2021-03-09 12:28:00,3880.5,94.32547352145343
2021-03-09 12:29:00,3952.0,93.56275303643724
2021-03-09 12:30:00,3865.0200000000004,93.9296562501617
2021-03-09 12:31:00,3901.5,93.52300397283096
2021-03-09 12:32:00,4098.52,93.46056625318407
2021-03-09 12:33:00,3968.7199999999993,94.17394021246146
2021-03-09 12:34:00,3950.48,93.28739798708006
2021-03-09 12:35:00,4045.27,93.48696131531395
2021-03-09 12:36:00,4055.59,94.30440453793406
2021-03-09 12:37:00,4091.41,94.35866852747587
2021-03-09 12:38:00,4123.33,94.1399305900813
2021-03-09 12:39:00,4169.6,94.13612816577128
2021-03-09 12:40:00,4082.7200000000003,93.25155778500607
2021-03-09 12:41:00,4042.5,94.47124304267162
2021-03-09 12:42:00,4158.4,93.15602154674876
2021-03-09 12:43:00,3971.63,92.68234956428468
2021-03-09 12:44:00,3961.12,94.02643696732238
2021-03-09 12:45:00,3948.2,94.05045337115648
2021-03-09 12:46:00,3929.6,93.12398208469055
2021-03-09 12:47:00,3973.2799999999997,93.68330447388557
2021-03-09 12:48:00,4104.84,93.794155192407
2021-03-09 12:49:00,3993.4500000000003,94.24933328325132
2021-03-09 12:50:00,4079.3999999999996,93.48923861352161
2021-03-09 12:51:00,4078.62,93.57576827456346
2021-03-09 12:52:00,4091.8799999999997,93.49736551414021
2021-03-09 12:53:00,4119.85,93.31893151449687
2021-03-09 12:54:00,4150.66,93.79472180327949
2021-03-09 12:55:00,4107.68,93.21806956724963
2021-03-09 12:56:00,4090.3199999999997,92.94627315222283
2021-03-09 12:57:00,4175.2,92.99195248131826
2021-03-09 12:58:00,4121.43,94.22215104951437
2021-03-09 12:59:00,3998.6100000000006,94.22524327203702
2021-03-09 13:00:00,3899.25,92.92043341668268
2021-03-09 13:01:00,3921.75,93.25683687129471
2021-03-09 13:02:00,3962.13,93.45478315956316
2021-03-09 13:03:00,4035.1600000000003,94.09787963798213
2021-03-09 13:04:00,4077.84,94.35877817668178
2021-03-09 13:05:00,4224.8099999999995,94.47052056778885
2021-03-09 13:06:00,3301.76,93.73182787361893
2021-03-09 13:07:00,4060.6,92.30409299118357
2021-03-09 13:08:00,4088.76,93.64208219606923
2021-03-09 13:09:00,4115.460000000001,93.32371107968487
2021-03-09 13:10:00,4136.4400000000005,93.31695854406203
2021-03-09 13:11:00,3994.7200000000003,93.70368886930748
2021-03-09 13:12:00,3333.96,92.92852943646594
2021-03-09 13:13:00,4347.47,93.0587215092916
2021-03-09 13:14:00,3783.84,94.01560319675251
2021-03-09 13:15:00,3655.6400000000003,92.7170071451237
2021-03-09 13:16:00,4284.129999999999,93.51490267568914
2021-03-09 13:17:00,4268.099999999999,93.29209718610156
2021-03-09 13:18:00,4141.18,94.32335711077519
2021-03-09 13:19:00,3414.22,93.81059217039325
2021-03-09 13:20:00,3819.8199999999997,93.09862768402701
2021-03-09 13:21:00,3819.8199999999997,93.09862768402701
2021-03-09 13:22:00,3947.25,93.49293812147698
2021-03-09 13:23:00,3864.67,93.03769791469905
2021-03-09 13:24:00,3839.7999999999997,93.82259492681911
2021-03-09 13:25:00,3640.79,93.49344510394722
2021-03-09 13:26:00,3950.63,92.91682592396656
2021-03-09 13:27:00,3795.84,93.28106558759063
2021-03-09 13:28:00,3637.6800000000003,94.70046843042817
2021-03-09 13:29:00,3409.61,91.93720102885666
2021-03-09 13:30:00,3806.6400000000003,93.26335035621965
2021-03-09 13:31:00,3786.4800000000005,93.68859732522024
2021-03-09 13:32:00,3701.6000000000004,93.85400907715581
2021-03-09 13:33:00,2910.2299999999996,91.97554832435925
2021-03-09 13:34:00,2933.82,92.63690342284121
2021-03-09 13:35:00,2936.45,93.86504112108159
2021-03-09 13:36:00,3216.91,92.78158232589658
2021-03-09 13:37:00,3708.6,94.10019953621314
2021-03-09 13:38:00,3530.34,94.02210551958169
2021-03-09 13:39:00,3355.3799999999997,94.14432940531327
2021-03-09 13:40:00,3409.07,93.53284033475404
2021-03-09 13:41:00,3787.8499999999995,92.36902200456726
2021-03-09 13:42:00,3834.6,92.5415949512335
2021-03-09 13:43:00,3914.6000000000004,92.70168088693607
2021-03-09 13:44:00,3851.27,93.92226460362426
2021-03-09 13:45:00,3801.6000000000004,93.74473905723906
2021-03-09 13:46:00,3754.4799999999996,93.08079947156465
2021-03-09 13:47:00,3728.9199999999996,93.17443120260023
2021-03-09 13:48:00,3709.2999999999997,93.07146901032542
2021-03-09 13:49:00,3689.7,94.09166056860991
2021-03-09 13:50:00,3751.6400000000003,93.27654039300145
2021-03-09 13:51:00,3816.7200000000003,94.26418495462072
2021-03-09 13:52:00,3863.16,94.73073856635501
2021-03-09 13:53:00,3703.0,94.70429381582501
2021-03-09 13:54:00,3657.0000000000005,92.61689909762099
2021-03-09 13:55:00,3607.4,93.47175250873205
2021-03-09 13:56:00,3569.76,93.94749226838778
2021-03-09 13:57:00,3562.3900000000003,93.4035857949298
2021-03-09 13:58:00,3623.04,93.44086733792616
2021-03-09 13:59:00,3609.4399999999996,93.51866217474179
2021-03-09 14:00:00,3600.55,94.03563344489037
2021-03-09 14:01:00,3563.06,94.115731983183
2021-03-09 14:02:00,3546.3100000000004,93.567680208442
2021-03-09 14:03:00,3541.6800000000003,93.57705947459961
2021-03-09 14:04:00,3538.94,94.189220501054
2021-03-09 14:05:00,3572.44,93.54950677967999
2021-03-09 14:06:00,3543.63,94.47092388313678
2021-03-09 14:07:00,3557.0300000000007,93.26601125095935
2021-03-09 14:08:00,3553.01,92.72701174497115
2021-03-09 14:09:00,3550.33,93.17725394540788
2021-03-09 14:10:00,3534.54,93.24834349024201
2021-03-09 14:11:00,3539.2299999999996,93.40167211512109
2021-03-09 14:12:00,3520.4399999999996,93.9456431582416
2021-03-09 14:13:00,3518.46,93.10607481682327
2021-03-09 14:14:00,3519.7799999999997,93.25298740262177
2021-03-09 14:15:00,3522.42,92.38818766643388
2021-03-09 14:16:00,3527.7,92.51353573149645
2021-03-09 14:17:00,3475.55,93.7405590482082
2021-03-09 14:18:00,3468.4,93.39753200322916
2021-03-09 14:19:00,3451.56,93.40414189525896
2021-03-09 14:20:00,3424.6400000000003,93.42003831059614
2021-03-09 14:21:00,3436.16,93.0340845595083
2021-03-09 14:22:00,3456.09,92.90267325214332
2021-03-09 14:23:00,3537.6000000000004,93.44470827679781
2021-03-09 14:24:00,3454.08,94.05398832684824
2021-03-09 14:25:00,3507.4,93.09745110338142
2021-03-09 14:26:00,3551.8999999999996,92.88268250795349
2021-03-09 14:27:00,2339.4800000000005,95.64091165558156
2021-03-09 14:28:00,3135.21,90.98912034600552
2021-03-09 14:29:00,3255.75,93.49919373416263
2021-03-09 14:30:00,3324.41,92.36826985841097
2021-03-09 14:31:00,3484.0,93.20608495981631
2021-03-09 14:32:00,3173.8700000000003,94.24771651012801
2021-03-09 14:33:00,1133.3600000000001,88.55085762687936
2021-03-09 14:34:00,2207.4399999999996,90.64346029790165
2021-03-09 14:35:00,3187.1800000000003,92.27593044635069
2021-03-09 14:36:00,3311.35,93.4060126534495
2021-03-09 14:37:00,3358.54,93.49896085799186
2021-03-09 14:38:00,3506.75,93.51393740643046
2021-03-09 14:39:00,1929.9600000000003,93.19882277352897
2021-03-09 14:40:00,2331.8899999999994,90.47596584744566
2021-03-09 14:41:00,3331.2099999999996,92.43488101920924
2021-03-09 14:42:00,3315.3499999999995,93.86640927805512
2021-03-09 14:43:00,2449.84,91.19371060967246
2021-03-09 14:44:00,3344.6899999999996,93.20744224427378
2021-03-09 14:45:00,3466.2400000000002,93.70961041358935
2021-03-09 14:46:00,1883.6999999999998,94.00647661517228
2021-03-09 14:47:00,2944.4700000000003,91.84675000933954
2021-03-09 14:48:00,2448.0,91.61764705882354
2021-03-09 14:49:00,2635.13,92.7126934914027
2021-03-09 14:50:00,3519.1000000000004,93.7256684947856
2021-03-09 14:51:00,2700.5,93.16422884650991
2021-03-09 14:52:00,2775.76,92.39991930138052
2021-03-09 14:53:00,3085.9800000000005,95.07514630684578
2021-03-09 14:54:00,1817.8899999999999,92.67337407653929
2021-03-09 14:55:00,1112.1599999999999,86.54330312185297
2021-03-09 14:56:00,1294.17,89.19230085691987
2021-03-09 14:57:00,3067.12,91.95597172591879
2021-03-09 14:58:00,2144.77,93.23144206604904
2021-03-09 14:59:00,1458.27,88.32383577801093
2021-03-09 15:00:00,2699.4100000000003,91.67929288251877
2021-03-09 15:01:00,3095.5699999999997,93.03617750527367
2021-03-09 15:02:00,3164.4799999999996,92.7924967135201
2021-03-09 15:03:00,3085.48,94.46828370302191
2021-03-09 15:04:00,2248.3900000000003,91.75454436285519
2021-03-09 15:05:00,3070.0200000000004,92.93750529312511
2021-03-09 15:06:00,3328.16,92.3302966203548
2021-03-09 15:07:00,3136.64,93.21758314629668
2021-03-09 15:08:00,1055.0,89.65876777251185
2021-03-09 15:09:00,1630.1999999999998,88.05668016194333
2021-03-09 15:10:00,3077.7599999999998,93.57779683925973
2021-03-09 15:11:00,3441.69,92.21922950643435
2021-03-09 15:12:00,1854.87,93.17094998571329
2021-03-09 15:13:00,1116.3600000000001,88.94084345551613
2021-03-09 15:14:00,1103.8200000000002,88.22996503053032
2021-03-09 15:15:00,1137.3600000000001,88.75817683055496
2021-03-09 15:16:00,1143.4500000000003,89.42236214963486
2021-03-09 15:17:00,1209.56,89.9996693012335
2021-03-09 15:18:00,1320.0,88.93181818181819
2021-03-09 15:19:00,1373.75,89.49954504094632
2021-03-09 15:20:00,1338.96,89.23343490470215
2021-03-09 15:21:00,1050.13,88.40810185405616
2021-03-09 15:22:00,1159.62,86.01093461651232
2021-03-09 15:23:00,1673.85,90.21118977208234
2021-03-09 15:24:00,2093.6400000000003,92.0119982422957
2021-03-09 15:25:00,2332.26,92.67405863840223
2021-03-09 15:26:00,1004.14,87.89611010416874
2021-03-09 15:27:00,915.2800000000001,86.79311249016693
2021-03-09 15:28:00,931.43,88.0366747903761
2021-03-09 15:29:00,1296.8,88.35595311536089
2021-03-09 15:30:00,1390.75,88.74348373179939
2021-03-09 15:31:00,1903.66,89.95829087126901
2021-03-09 15:32:00,1333.6799999999998,92.4284685981645
2021-03-09 15:33:00,905.76,83.64246599540718
2021-03-09 15:34:00,749.28,83.23991031390136
2021-03-09 15:35:00,709.8,84.16455339532263
2021-03-09 15:36:00,789.45,83.17182848818798
2021-03-09 15:37:00,853.26,86.53868691840705
2021-03-09 15:38:00,777.94,83.93963544746381
2021-03-09 15:39:00,707.72,80.78053467473012
2021-03-09 15:40:00,716.56,78.91872278664732
2021-03-09 15:41:00,1152.8600000000001,88.16335027670314
2021-03-09 15:42:00,1116.0,87.89426523297492
2021-03-09 15:43:00,1600.2299999999998,89.33090868187699
2021-03-09 15:44:00,2677.59,91.85125429957536
2021-03-09 15:45:00,1500.1200000000003,91.63266938644907
2021-03-09 15:46:00,1776.64,88.0538544668588
2021-03-09 15:47:00,1249.6799999999998,91.7674924780744
2021-03-09 15:48:00,932.45,85.80620944822779
2021-03-09 15:49:00,1054.31,86.03731350361848
2021-03-09 15:50:00,1557.19,90.72752843262542
2021-03-09 15:51:00,1511.73,87.40978878503437
2021-03-09 15:52:00,1383.25,91.89228266763058
2021-03-09 15:53:00,819.5999999999999,87.90873596876526
2021-03-09 15:54:00,969.39,84.86780346403408
2021-03-09 15:55:00,1047.6599999999999,88.61653589905123
2021-03-09 15:56:00,993.96,85.15433216628435
2021-03-09 15:57:00,1807.0400000000004,92.38312378253939
2021-03-09 15:58:00,895.04,85.85091169109761
2021-03-09 15:59:00,883.6800000000001,86.8866558030056
2021-03-09 16:00:00,996.3000000000001,86.68071865903843
2021-03-09 16:01:00,917.66,84.99880129895604
2021-03-09 16:02:00,725.54,82.66945998842242
2021-03-09 16:03:00,654.8399999999999,80.06535947712419
2021-03-09 16:04:00,543.3,83.34253635192343
2021-03-09 16:05:00,542.7,78.57011240095815
2021-03-09 16:06:00,545.5,82.07149404216315
2021-03-09 16:07:00,604.23,79.19169852539596
2021-03-09 16:08:00,631.5,82.3119556611243
2021-03-09 16:09:00,657.8399999999999,82.64927641979814
2021-03-09 16:10:00,841.2,84.47456015216358
2021-03-09 16:11:00,1197.42,87.1874530240016
2021-03-09 16:12:00,1316.06,88.54459523122046
2021-03-09 16:13:00,1452.4,89.0939135224456
2021-03-09 16:14:00,1678.5099999999998,91.9088953893632
2021-03-09 16:15:00,1109.6,91.08687815428983
2021-03-09 16:16:00,845.6400000000001,83.80634785487914
2021-03-09 16:17:00,1464.8400000000001,89.61388274487315
2021-03-09 16:18:00,1621.57,88.45131570021645
2021-03-09 16:19:00,1295.8199999999997,89.31796082789279
2021-03-09 16:20:00,1382.27,91.43655002278861
2021-03-09 16:21:00,1006.3800000000001,84.6996164470677
2021-03-09 16:22:00,893.12,89.31610533858833
2021-03-09 16:23:00,739.54,82.68653487302919
2021-03-09 16:24:00,1235.74,87.94730283069254
2021-03-09 16:25:00,1418.0,89.27362482369536
2021-03-09 16:26:00,1534.6799999999998,90.29895483097454
2021-03-09 16:27:00,1439.25,89.80371721382664
2021-03-09 16:28:00,1207.0500000000002,90.48506689863717
2021-03-09 16:29:00,1163.41,87.51858760024412
2021-03-09 16:30:00,896.3199999999999,87.97081399500179
2021-03-09 16:31:00,959.14,84.19000354484226
2021-03-09 16:32:00,774.9,86.90153568202349
2021-03-09 16:33:00,565.23,78.79978062027845
2021-03-09 16:34:00,540.8,76.978550295858
2021-03-09 16:35:00,364.77000000000004,51.56674068591166
2021-03-09 16:36:00,475.38,76.65446590096343
2021-03-09 16:37:00,484.11,80.08510462498192
2021-03-09 16:38:00,542.5,79.02304147465438
2021-03-09 16:39:00,608.5200000000001,83.66199960560047
2021-03-09 16:40:00,686.73,81.41482096311505
2021-03-09 16:41:00,685.0799999999999,83.53768902901851
2021-03-09 16:42:00,663.96,81.2097114283993
2021-03-09 16:43:00,632.4300000000001,82.09604224973515
2021-03-09 16:44:00,607.2,81.93346508563899
2021-03-09 16:45:00,605.33,81.14582128756214
2021-03-09 16:46:00,541.1,78.52522639068563
2021-03-09 16:47:00,480.4200000000001,78.95175055160067
2021-03-09 16:48:00,441.27,75.37335418224671
2021-03-09 16:49:00,424.56,72.8047861315244
2021-03-09 16:50:00,396.93,64.8225127856297
2021-03-09 16:51:00,367.57,71.7686427075115
2021-03-09 16:52:00,341.5,67.93557833089312
2021-03-09 16:53:00,315.0,73.5873015873016
2021-03-09 16:54:00,319.02,68.49100369882767
2021-03-09 16:55:00,347.41999999999996,65.56905186805596
2021-03-09 16:56:00,382.27,69.06113480001046
2021-03-09 16:57:00,397.36,69.18159855043284
2021-03-09 16:58:00,402.84000000000003,66.50282990765564
2021-03-09 16:59:00,428.0,60.560747663551396
2021-03-09 17:00:00,390.19000000000005,73.47702401394191
2021-03-09 17:01:00,370.78999999999996,63.944550823916515
2021-03-09 17:02:00,320.16,70.40229885057471
2021-03-09 17:03:00,285.28999999999996,61.06067510252726
2021-03-09 17:04:00,262.4,46.493902439024396
2021-03-09 17:05:00,209.60000000000002,62.213740458015266
2021-03-09 17:06:00,209.20000000000002,51.768642447418735
2021-03-09 17:07:00,211.36,46.22445117335352
2021-03-09 17:08:00,182.64000000000001,46.10162067455102
2021-03-09 17:09:00,183.18,43.50911671579867
2021-03-09 17:10:00,182.78,41.9083050661998
2021-03-09 17:11:00,181.35,36.6142817755721
2021-03-09 17:12:00,180.81,46.12576738012278
2021-03-09 17:13:00,182.10000000000002,40.637012630422845
2021-03-09 17:14:00,183.53,46.74985016073666
2021-03-09 17:15:00,183.36,42.70287958115183
2021-03-09 17:16:00,182.23000000000002,46.260220600340226
2021-03-09 17:17:00,184.23000000000002,31.48238614775009
2021-03-09 17:18:00,159.51,44.135163939564926
2021-03-09 17:19:00,159.63,22.364217252396166
2021-03-09 17:20:00,130.92000000000002,24.442407577146348
2021-03-09 17:21:00,129.68,17.04194941394201
2021-03-09 17:22:00,129.09,11.000077465334263
2021-03-09 17:23:00,128.39000000000001,5.763688760806916
2021-03-09 17:24:00,127.29,11.62699347945636
2021-03-09 17:25:00,126.93,10.478216339714804
2021-03-09 17:26:00,101.66000000000001,13.673027739523903
2021-03-09 17:27:00,91.94,17.511420491624975
2021-03-09 17:28:00,56.790000000000006,-13.734812466983623
2021-03-09 17:29:00,48.33,-39.72687771570453
2021-03-09 17:30:00,40.27,-70.2756394338217
2021-03-09 17:31:00,39.400000000000006,-61.16751269035533
2021-03-09 17:32:00,39.440000000000005,-26.622718052738332
2021-03-09 17:33:00,26.1,-120.30651340996168
2021-03-09 17:34:00,26.14,-94.4912012241775
2021-03-09 17:35:00,25.85,-25.53191489361702
2021-03-09 17:36:00,24.42,-64.29156429156428
2021-03-09 17:37:00,23.26,-101.03181427343077
2021-03-09 17:38:00,21.82,-93.49220898258478
2021-03-09 17:39:00,19.439999999999998,-131.17283950617283
2021-03-09 17:40:00,19.770000000000003,-208.90237733940307
2021-03-09 17:41:00,22.51,-117.28120835184362
2021-03-09 17:42:00,23.200000000000003,-123.27586206896551
2021-03-09 17:43:00,22.14,-124.20957542908762
2021-03-09 17:44:00,21.08,-171.25237191650854
2021-03-09 17:45:00,22.6,-132.3008849557522
2021-03-09 17:46:00,19.400000000000002,-155.67010309278348
2021-03-09 17:47:00,19.450000000000003,-149.1002570694087
2021-03-09 17:48:00,9.83,0.0
2021-03-09 17:49:00,9.620000000000001,0.0
2021-03-09 17:50:00,8.42,0.0
2021-03-09 17:51:00,8.590000000000002,0.0
2021-03-09 17:52:00,10.82,-257.8558225508318
2021-03-09 17:53:00,12.07,-162.3860811930406
2021-03-09 17:54:00,8.83,0.0
2021-03-09 17:55:00,8.3,0.0
2021-03-09 17:56:00,4.04,0.0
2021-03-09 17:57:00,3.98,0.0
2021-03-09 17:58:00,3.9200000000000004,0.0
2021-03-09 17:59:00,3.8700000000000006,0.0
2021-03-09 18:00:00,3.78,0.0
2021-03-10 05:00:00,1.4100000000000001,0.0
2021-03-10 05:01:00,1.56,0.0
2021-03-10 05:02:00,1.79,0.0
2021-03-10 05:03:00,2.1100000000000003,0.0
2021-03-10 05:04:00,2.6100000000000003,0.0
2021-03-10 05:05:00,3.24,0.0
2021-03-10 05:06:00,3.89,0.0
2021-03-10 05:07:00,4.0600000000000005,0.0
2021-03-10 05:08:00,4.12,0.0
2021-03-10 05:09:00,4.16,0.0
2021-03-10 05:10:00,4.170000000000001,0.0
2021-03-10 05:11:00,4.2,0.0
2021-03-10 05:12:00,4.21,0.0
2021-03-10 05:13:00,4.2299999999999995,0.0
2021-03-10 05:14:00,4.2700000000000005,0.0
2021-03-10 05:15:00,4.3,0.0
2021-03-10 05:16:00,4.33,0.0
2021-03-10 05:17:00,4.420000000000001,0.0
2021-03-10 05:18:00,5.04,0.0
2021-03-10 05:19:00,5.91,0.0
2021-03-10 05:20:00,6.870000000000001,0.0
2021-03-10 05:21:00,7.990000000000001,0.0
2021-03-10 05:22:00,20.32,-97.93307086614172
2021-03-10 05:23:00,23.68,-78.5472972972973
2021-03-10 05:24:00,23.68,-86.57094594594594
2021-03-10 05:25:00,40.03,-45.715713215088684
2021-03-10 05:26:00,49.25,-35.32994923857868
2021-03-10 05:27:00,49.870000000000005,-35.69280128333667
2021-03-10 05:28:00,50.27000000000001,-29.242092699423104
2021-03-10 05:29:00,51.74,-34.20950908388094
2021-03-10 05:30:00,51.900000000000006,-28.516377649325626
2021-03-10 05:31:00,53.2,-44.17293233082707
2021-03-10 05:32:00,53.940000000000005,-28.364849833147943
2021-03-10 05:33:00,53.78,-22.31312755671253
2021-03-10 05:34:00,55.480000000000004,-32.08363374188897
2021-03-10 05:35:00,56.120000000000005,-29.579472558802568
2021-03-10 05:36:00,55.64000000000001,-34.14809489575844
2021-03-10 05:37:00,56.870000000000005,-34.81624758220503
2021-03-10 05:38:00,55.81,-30.28131159290449
2021-03-10 05:39:00,57.510000000000005,-31.99443575030429
2021-03-10 05:40:00,57.900000000000006,-29.188255613126074
2021-03-10 05:41:00,57.36000000000001,-29.986052998605295
2021-03-10 05:42:00,58.67,-28.63473666268962
2021-03-10 05:43:00,59.290000000000006,-33.563838758643946
2021-03-10 05:44:00,57.330000000000005,-13.954299668585382
2021-03-10 05:45:00,172.15,25.965727563171654
2021-03-10 05:46:00,172.63,44.43028442333314
2021-03-10 05:47:00,175.02,50.22283167637984
2021-03-10 05:48:00,183.59,46.57116400675418
2021-03-10 05:49:00,155.19,45.55705908885882
2021-03-10 05:50:00,181.79,40.706309477969086
2021-03-10 05:51:00,214.56,37.47203579418345
2021-03-10 05:52:00,272.05,52.01249770262819
2021-03-10 05:53:00,324.65999999999997,68.87205076079591
2021-03-10 05:54:00,345.89,64.99176038624998
2021-03-10 05:55:00,275.22,58.680328464501116
2021-03-10 05:56:00,264.65,46.89212167013036
2021-03-10 05:57:00,295.51,60.640925856992986
2021-03-10 05:58:00,328.98,68.9707581007964
2021-03-10 05:59:00,358.96000000000004,74.13082237575217
2021-03-10 06:00:00,389.40999999999997,72.39156672915436
2021-03-10 06:01:00,346.0,67.42774566473989
2021-03-10 06:02:00,346.0,67.42774566473989
2021-03-10 06:03:00,347.91999999999996,62.97424695332261
2021-03-10 06:04:00,317.03999999999996,67.02624274539491
2021-03-10 06:05:00,322.02,69.65405875411466
2021-03-10 06:06:00,387.03,68.31511769113506
2021-03-10 06:07:00,389.76,72.30090311986864
2021-03-10 06:08:00,351.99,74.26347339413051
2021-03-10 06:09:00,289.38,73.70930955836616
2021-03-10 06:10:00,413.02,78.20444530531209
2021-03-10 06:11:00,442.40000000000003,76.26582278481011
2021-03-10 06:12:00,501.03,77.52030816517973
2021-03-10 06:13:00,528.15,81.05651803464924
2021-03-10 06:14:00,584.97,76.49964955467802
2021-03-10 06:15:00,615.12,81.72389127324749
2021-03-10 06:16:00,699.3900000000001,80.9276655371109
2021-03-10 06:17:00,549.5,78.23475887170154
2021-03-10 06:18:00,464.67,79.92769061914906
2021-03-10 06:19:00,465.6,79.66065292096219
2021-03-10 06:20:00,578.9100000000001,79.26966195090772
2021-03-10 06:21:00,586.36,82.62841940105055
2021-03-10 06:22:00,583.6700000000001,81.43300152483422
2021-03-10 06:23:00,347.87,71.03228217437548
2021-03-10 06:24:00,347.53999999999996,67.9633998964148
2021-03-10 06:25:00,582.14,78.98443673343183
2021-03-10 06:26:00,436.24,75.18796992481202
2021-03-10 06:27:00,351.93999999999994,77.17224526907998
2021-03-10 06:28:00,526.0699999999999,82.40348242629308
2021-03-10 06:29:00,349.93999999999994,72.44098988398012
2021-03-10 06:30:00,351.03999999999996,70.30537830446674
2021-03-10 06:31:00,410.91999999999996,74.5400564586781
2021-03-10 06:32:00,760.6500000000001,82.27174127391046
2021-03-10 06:33:00,934.35,84.90394391823192
2021-03-10 06:34:00,958.9699999999999,87.30200110535263
2021-03-10 06:35:00,898.24,89.70876380477377
2021-03-10 06:36:00,807.05,91.66718295025092
2021-03-10 06:37:00,460.11,77.04679315815784
2021-03-10 06:38:00,433.6,72.25553505535055
2021-03-10 06:39:00,433.28000000000003,74.38607828655834
2021-03-10 06:40:00,520.86,76.94966017739891
2021-03-10 06:41:00,700.79,84.97552761883018
2021-03-10 06:42:00,977.8399999999999,87.38648449644114
2021-03-10 06:43:00,807.72,88.33506660724014
2021-03-10 06:44:00,720.0700000000002,81.50596469787658
2021-03-10 06:45:00,560.3,80.11779403890773
2021-03-10 06:46:00,430.96000000000004,78.22071653981808
2021-03-10 06:47:00,404.1,73.62039099232864
2021-03-10 06:48:00,434.72,74.55373573794627
2021-03-10 06:49:00,879.04,86.32144157262468
2021-03-10 06:50:00,1265.96,91.36939555752157
2021-03-10 06:51:00,1405.92,91.83310572436552
2021-03-10 06:52:00,1510.8400000000001,90.36694818776309
2021-03-10 06:53:00,1443.08,92.0600382515176
2021-03-10 06:54:00,885.6,91.2940379403794
2021-03-10 06:55:00,530.1,84.00301829843426
2021-03-10 06:56:00,490.95000000000005,80.33404623688766
2021-03-10 06:57:00,460.66,80.12416966960448
2021-03-10 06:58:00,606.6500000000001,78.15049864007251
2021-03-10 06:59:00,776.44,84.82303848333419
2021-03-10 07:00:00,774.48,82.82976965189548
2021-03-10 07:01:00,622.45,84.58510723752912
2021-03-10 07:02:00,537.0999999999999,75.60975609756099
2021-03-10 07:03:00,514.87,76.09687882378077
2021-03-10 07:04:00,490.14,80.50761007059208
2021-03-10 07:05:00,517.94,82.48059620805498
2021-03-10 07:06:00,570.08,79.02399663205163
2021-03-10 07:07:00,537.4,79.67994045403796
2021-03-10 07:08:00,514.09,79.57750588418371
2021-03-10 07:09:00,506.77,76.6422637488407
2021-03-10 07:10:00,487.53,76.17992738908374
2021-03-10 07:11:00,520.3900000000001,82.66876765502793
2021-03-10 07:12:00,609.84,82.26747999475272
2021-03-10 07:13:00,896.1600000000001,80.81146223888591
2021-03-10 07:14:00,2241.33,91.7401721299407
2021-03-10 07:15:00,2073.36,92.92645753752363
2021-03-10 07:16:00,2297.8999999999996,93.17637843248184
2021-03-10 07:17:00,2556.8100000000004,93.65967748874571
2021-03-10 07:18:00,1358.0900000000001,91.96739538616733
2021-03-10 07:19:00,1106.4,88.62075198843094
2021-03-10 07:20:00,1123.1,92.36933487668063
2021-03-10 07:21:00,648.8399999999999,83.11756365205598
2021-03-10 07:22:00,680.0899999999999,82.43026658236411
2021-03-10 07:23:00,711.6200000000001,84.28655743233746
2021-03-10 07:24:00,715.26,86.108547940609
2021-03-10 07:25:00,737.9200000000001,86.26951431049436
2021-03-10 07:26:00,941.12,86.20579734784086
2021-03-10 07:27:00,1289.6399999999999,90.6532055457337
2021-03-10 07:28:00,966.3199999999999,88.8215084030135
2021-03-10 07:29:00,1053.36,90.30151135414295
2021-03-10 07:30:00,1166.3400000000001,89.71654920520604
2021-03-10 07:31:00,1252.65,90.4961481658883
2021-03-10 07:32:00,1683.6000000000001,88.02565930149679
2021-03-10 07:33:00,2384.7200000000003,93.57073367103894
2021-03-10 07:34:00,1297.4499999999998,90.94762803961618
2021-03-10 07:35:00,1467.73,90.3844712583377
2021-03-10 07:36:00,1295.3799999999999,90.52941993855086
2021-03-10 07:37:00,1904.6799999999998,91.14391918852512
2021-03-10 07:38:00,2599.9700000000003,93.75108174325088
2021-03-10 07:39:00,2645.4799999999996,93.75992258493736
2021-03-10 07:40:00,2478.2799999999997,93.39541940378004
2021-03-10 07:41:00,1999.8,92.22422242224222
2021-03-10 07:42:00,2341.5,92.28699551569507
2021-03-10 07:43:00,1839.9699999999998,95.9037375609385
2021-03-10 07:44:00,487.02,75.39731427867439
2021-03-10 07:45:00,417.6,72.19827586206897
2021-03-10 07:46:00,391.96000000000004,74.62496173078885
2021-03-10 07:47:00,422.40000000000003,75.99431818181817
2021-03-10 07:48:00,451.11,76.7218638469553
2021-03-10 07:49:00,452.22,73.39348104904691
2021-03-10 07:50:00,485.37,71.94511403671426
2021-03-10 07:51:00,863.04,85.12931034482759
2021-03-10 07:52:00,2954.4799999999996,92.93682813896187
2021-03-10 07:53:00,3089.5,93.29988671306036
2021-03-10 07:54:00,3497.84,94.54406147794067
2021-03-10 07:55:00,3652.74,94.34835219588584
2021-03-10 07:56:00,2983.8900000000003,95.03366410960187
2021-03-10 07:57:00,1581.95,90.50222826258731
2021-03-10 07:58:00,1497.2,90.90301896874165
2021-03-10 07:59:00,1391.94,90.52114315272209
2021-03-10 08:00:00,1285.4399999999998,89.68913368185216
2021-03-10 08:01:00,1317.12,89.01998299319729
2021-03-10 08:02:00,1346.6599999999999,90.7133203629721
2021-03-10 08:03:00,1994.4,92.56417970316888
2021-03-10 08:04:00,2055.16,92.2263959983651
2021-03-10 08:05:00,1390.9099999999999,91.96856734080568
2021-03-10 08:06:00,1339.54,90.322050853278
2021-03-10 08:07:00,1254.6499999999999,90.51129797154586
2021-03-10 08:08:00,1169.3700000000001,89.88600699521963
2021-03-10 08:09:00,1204.5,87.3972602739726
2021-03-10 08:10:00,1115.65,89.67866266302154
2021-03-10 08:11:00,1044.81,90.29392903972972
2021-03-10 08:12:00,1214.8400000000001,89.13107898982581
2021-03-10 08:13:00,1392.75,89.355591455753
2021-03-10 08:14:00,2224.57,92.86289035633854
2021-03-10 08:15:00,1740.75,92.328019531811
2021-03-10 08:16:00,1951.95,90.7605215297523
2021-03-10 08:17:00,2249.42,91.12571240586462
2021-03-10 08:18:00,4080.44,93.7668486731823
2021-03-10 08:19:00,2376.02,94.6498766845397
2021-03-10 08:20:00,1691.0500000000002,89.8849827030543
2021-03-10 08:21:00,1918.6999999999998,90.16521603168813
2021-03-10 08:22:00,3803.28,94.36854504532928
2021-03-10 08:23:00,3687.6400000000003,94.0194812942695
2021-03-10 08:24:00,3578.5199999999995,94.5251109397181
2021-03-10 08:25:00,3295.22,93.50817244372152
2021-03-10 08:26:00,3631.4000000000005,93.88114776670153
2021-03-10 08:27:00,3586.2299999999996,94.04025954832792
2021-03-10 08:28:00,3533.46,94.25322488439095
2021-03-10 08:29:00,2630.58,93.72457784975177
2021-03-10 08:30:00,3317.9300000000003,93.76930797213923
2021-03-10 08:31:00,3482.0299999999997,94.32141595563509
2021-03-10 08:32:00,3418.5200000000004,94.39757555901383
2021-03-10 08:33:00,3072.3,92.37053673143897
2021-03-10 08:34:00,2448.36,94.40605139767028
2021-03-10 08:35:00,3175.38,91.56384432729311
2021-03-10 08:36:00,3728.58,93.42698829044838
2021-03-10 08:37:00,3560.9399999999996,94.19703786078958
2021-03-10 08:38:00,2424.1099999999997,92.87532331453608
2021-03-10 08:39:00,3081.16,93.07208973243843
2021-03-10 08:40:00,3346.76,93.7623253534762
2021-03-10 08:41:00,2037.08,92.74058947120388
2021-03-10 08:42:00,3391.92,94.48925682209486
2021-03-10 08:43:00,3337.29,93.92051634709601
2021-03-10 08:44:00,3340.38,93.70790149623694
2021-03-10 08:45:00,3354.09,93.45604918174526
2021-03-10 08:46:00,3369.24,92.92006505918249
2021-03-10 08:47:00,3391.29,94.50975882333861
2021-03-10 08:48:00,3425.28,93.23325392376681
2021-03-10 08:49:00,3431.04,93.77040197724305
2021-03-10 08:50:00,3450.24,93.22539881283622
2021-03-10 08:51:00,3464.05,93.57832594795109
2021-03-10 08:52:00,3503.4799999999996,92.91047758228962
2021-03-10 08:53:00,3483.15,93.45276545655511
2021-03-10 08:54:00,3519.7799999999997,92.9092159169039
2021-03-10 08:55:00,3053.56,95.25602902841274
2021-03-10 08:56:00,2026.4199999999998,91.81709615972997
2021-03-10 08:57:00,3521.36,93.7081127746098
2021-03-10 08:58:00,3092.0299999999997,93.68279091729383
2021-03-10 08:59:00,3563.02,94.56584582741607
2021-03-10 09:00:00,3642.1800000000003,94.99805061803644
2021-03-10 09:01:00,3270.5,93.99480201804005
2021-03-10 09:02:00,3654.2400000000002,94.0770173825474
2021-03-10 09:03:00,3617.6,93.01194161875277
2021-03-10 09:04:00,3578.4700000000003,94.88971543704432
2021-03-10 09:05:00,3603.73,94.1579974082409
2021-03-10 09:06:00,3642.75,93.86040765904879
2021-03-10 09:07:00,3691.2799999999997,93.47976853557573
2021-03-10 09:08:00,3709.88,93.69575296235996
2021-03-10 09:09:00,3762.29,93.57332900972546
2021-03-10 09:10:00,1307.25,95.38343851596865
2021-03-10 09:11:00,2038.3199999999997,91.65391106401351
2021-03-10 09:12:00,3134.2200000000003,91.64959702892584
2021-03-10 09:13:00,3926.4700000000003,93.93679309914504
2021-03-10 09:14:00,3852.0000000000005,93.17497403946001
2021-03-10 09:15:00,3846.2400000000002,93.86829735013936
2021-03-10 09:16:00,3826.08,93.5971019947309
2021-03-10 09:17:00,3858.05,93.409883231166
2021-03-10 09:18:00,3860.9699999999993,93.95566399117322
2021-03-10 09:19:00,3862.5299999999997,94.02904314011802
2021-03-10 09:20:00,3913.16,93.8602050516718
2021-03-10 09:21:00,4031.25,92.86201550387597
2021-03-10 09:22:00,4126.2,93.95085066162571
2021-03-10 09:23:00,2396.25,92.11476264997393
2021-03-10 09:24:00,3735.68,93.45286534178516
2021-03-10 09:25:00,3736.7299999999996,94.28029319752834
2021-03-10 09:26:00,4462.71,93.2348281649491
2021-03-10 09:27:00,4374.1,93.85473583137102
2021-03-10 09:28:00,2612.8,93.31368646662584
2021-03-10 09:29:00,2489.2799999999997,91.23119938295412
2021-03-10 09:30:00,3995.5,92.99211613064698
2021-03-10 09:31:00,4038.65,94.19236626100306
2021-03-10 09:32:00,1846.25,92.18144888287068
2021-03-10 09:33:00,3538.46,92.40177930512144
2021-03-10 09:34:00,4416.72,93.98603488561648
2021-03-10 09:35:00,4246.02,93.61708140800089
2021-03-10 09:36:00,4252.24,94.15978401971668
2021-03-10 09:37:00,4202.47,94.29216627364383
2021-03-10 09:38:00,4342.4800000000005,94.09830327370533
2021-03-10 09:39:00,2839.09,92.63531624569843
2021-03-10 09:40:00,3174.7300000000005,93.371719799794
2021-03-10 09:41:00,4582.16,92.08539204218098
2021-03-10 09:42:00,3559.1500000000005,95.56495230602812
2021-03-10 09:43:00,1646.31,91.45300702783801
2021-03-10 09:44:00,2077.1,94.16975590968177
2021-03-10 09:45:00,1449.93,91.57683474374623
2021-03-10 09:46:00,1599.3000000000002,88.40117551428749
2021-03-10 09:47:00,3794.4300000000003,91.13621808809226
2021-03-10 09:48:00,5044.5,92.93686192883338
2021-03-10 09:49:00,3612.1500000000005,95.0763395761527
2021-03-10 09:50:00,2990.79,91.66474409771331
2021-03-10 09:51:00,3019.75,93.34878715125424
2021-03-10 09:52:00,1587.0,89.30056710775047
2021-03-10 09:53:00,1569.73,90.9455766278277
2021-03-10 09:54:00,1953.0,91.66922683051715
2021-03-10 09:55:00,1658.19,90.56863206267074
2021-03-10 09:56:00,1530.94,91.02904098135784
2021-03-10 09:57:00,1764.94,91.38554285131507
2021-03-10 09:58:00,1314.04,88.45240631944233
2021-03-10 09:59:00,1239.4699999999998,89.26395959563364
2021-03-10 10:00:00,1387.67,90.82130477707236
2021-03-10 10:01:00,1445.94,90.78523313553812
2021-03-10 10:02:00,4116.74,91.39513304216443
2021-03-10 10:03:00,5062.400000000001,93.58604614412135
2021-03-10 10:04:00,4876.69,93.63523209389977
2021-03-10 10:05:00,4552.84,93.72831024151958
2021-03-10 10:06:00,3181.13,51.9532367429184
2021-03-10 10:07:00,4151.93,93.3252728249272
2021-03-10 10:08:00,2996.0099999999998,91.89889219328374
2021-03-10 10:09:00,4712.55,93.24039002238703
2021-03-10 10:10:00,4531.34,92.52892080488333
2021-03-10 10:11:00,4458.25,94.17147984074468
2021-03-10 10:12:00,4424.02,93.72923268882147
2021-03-10 10:13:00,4336.750000000001,93.35331757652618
2021-03-10 10:14:00,4295.16,94.13153409884615
2021-03-10 10:15:00,4341.7300000000005,93.68615736123618
2021-03-10 10:16:00,4399.08,93.71277630777345
2021-03-10 10:17:00,4420.75,92.71503704122604
2021-03-10 10:18:00,4398.24,93.47602677434611
2021-03-10 10:19:00,4311.02,93.77363129839341
2021-03-10 10:20:00,4311.85,93.15027192504377
2021-03-10 10:21:00,4259.08,93.86768973581148
2021-03-10 10:22:00,4281.29,93.6820444305338
2021-03-10 10:23:00,4324.040000000001,93.5467757005023
2021-03-10 10:24:00,2840.9400000000005,95.31352298886986
2021-03-10 10:25:00,1540.8,86.35773624091381
2021-03-10 10:26:00,4557.93,93.55123926870311
2021-03-10 10:27:00,4395.13,93.68096051766386
2021-03-10 10:28:00,4367.460000000001,94.2447097397572
2021-03-10 10:29:00,4357.500000000001,93.43660355708546
2021-03-10 10:30:00,4325.960000000001,93.60696816429184
2021-03-10 10:31:00,4317.66,93.91892830838927
2021-03-10 10:32:00,4336.75,94.5362310485963
2021-03-10 10:33:00,4164.0,93.85206532180595
2021-03-10 10:34:00,4202.28,92.64256546446215
2021-03-10 10:35:00,4374.72,94.82664033355276
2021-03-10 10:36:00,3633.02,93.39062267755202
2021-03-10 10:37:00,4373.25,93.76779283141828
2021-03-10 10:38:00,4326.790000000001,94.27081046225953
2021-03-10 10:39:00,4347.84,93.69020019135938
2021-03-10 10:40:00,4351.6900000000005,93.80493555377335
2021-03-10 10:41:00,4352.04,93.42055679635297
2021-03-10 10:42:00,4345.32,93.36481547964247
2021-03-10 10:43:00,4372.2,92.81597365170853
2021-03-10 10:44:00,4366.32,93.3852763883545
2021-03-10 10:45:00,4400.25,93.63786148514289
2021-03-10 10:46:00,4425.1,92.91541434091884
2021-03-10 10:47:00,4400.76,93.3179723502304
2021-03-10 10:48:00,4410.32,94.1518982749551
2021-03-10 10:49:00,4394.29,93.93781475505712
2021-03-10 10:50:00,4374.72,94.76492209787139
2021-03-10 10:51:00,4395.35,93.8127794146086
2021-03-10 10:52:00,4420.0,93.48642533936652
2021-03-10 10:53:00,4433.299999999999,93.1315273047166
2021-03-10 10:54:00,4428.5,93.30698882240037
2021-03-10 10:55:00,4415.51,93.64943120953187
2021-03-10 10:56:00,4408.950000000001,93.81145170618854
2021-03-10 10:57:00,4447.92,93.67974244141082
2021-03-10 10:58:00,4447.92,93.26381769456286
2021-03-10 10:59:00,4447.38,92.75573483714005
2021-03-10 11:00:00,4453.94,93.32860343875312
2021-03-10 11:01:00,4452.219999999999,93.72402980984769
2021-03-10 11:02:00,4408.71,94.32237547944862
2021-03-10 11:03:00,4443.62,93.37207051908129
2021-03-10 11:04:00,4410.08,93.91666364328992
2021-03-10 11:05:00,4413.5199999999995,93.55571063459553
2021-03-10 11:06:00,4433.5199999999995,93.23742759703352
2021-03-10 11:07:00,4470.929999999999,93.47495934850245
2021-03-10 11:08:00,4477.889999999999,94.30781015165626
2021-03-10 11:09:00,4503.84,94.09082027780738
2021-03-10 11:10:00,4551.360000000001,93.92577163748855
2021-03-10 11:11:00,4564.8099999999995,93.80456141657595
2021-03-10 11:12:00,4517.85,94.12441758801198
2021-03-10 11:13:00,3598.4700000000003,94.07053553315714
2021-03-10 11:14:00,4521.4400000000005,93.82630312466824
2021-03-10 11:15:00,4488.33,93.02569106995253
2021-03-10 11:16:00,4460.389999999999,93.55235752927436
2021-03-10 11:17:00,4531.12,93.54199403238052
2021-03-10 11:18:00,3836.27,95.62152820317652
2021-03-10 11:19:00,967.6699999999998,87.02346874451003
2021-03-10 11:20:00,3274.36,90.92158467608937
2021-03-10 11:21:00,4825.889999999999,93.520573407185
2021-03-10 11:22:00,4595.360000000001,94.26029734340726
2021-03-10 11:23:00,4574.24,93.36632970723007
2021-03-10 11:24:00,4593.6,93.45393591083244
2021-03-10 11:25:00,4568.96,94.52698207031797
2021-03-10 11:26:00,4513.52,93.66747017848596
2021-03-10 11:27:00,4503.119999999999,93.87935475847858
2021-03-10 11:28:00,4473.35,93.57863793353974
2021-03-10 11:29:00,4444.48,94.41149470804235
2021-03-10 11:30:00,4467.2699999999995,92.88670709404178
2021-03-10 11:31:00,4463.82,93.69777455184125
2021-03-10 11:32:00,4481.95,93.06886511451489
2021-03-10 11:33:00,4455.66,94.00403082820503
2021-03-10 11:34:00,4485.719999999999,93.4677153277512
2021-03-10 11:35:00,4443.62,94.08095201659908
2021-03-10 11:36:00,4459.62,94.03043308622708
2021-03-10 11:37:00,4433.299999999999,94.26161098955632
2021-03-10 11:38:00,4463.099999999999,93.52243955994713
2021-03-10 11:39:00,4478.76,93.67548160651609
2021-03-10 11:40:00,4450.5,94.65678013706325
2021-03-10 11:41:00,4435.88,94.06927148615381
2021-03-10 11:42:00,4440.18,93.58629605106098
2021-03-10 11:43:00,4454.8,92.36553829577085
2021-03-10 11:44:00,4422.98,93.69700970838666
2021-03-10 11:45:00,4444.48,93.421502627979
2021-03-10 11:46:00,4443.619999999999,93.78164649542494
2021-03-10 11:47:00,4433.299999999999,94.2052195881172
2021-03-10 11:48:00,4447.92,93.36723682080613
2021-03-10 11:49:00,4430.719999999999,94.09305936732632
2021-03-10 11:50:00,4485.719999999999,92.7075252133437
2021-03-10 11:51:00,4462.19,93.3241300796246
2021-03-10 11:52:00,4445.719999999999,93.48766903898581
2021-03-10 11:53:00,4457.03,92.9049165026935
2021-03-10 11:54:00,4465.12,93.47565127029061
2021-03-10 11:55:00,4441.04,92.83861437861401
2021-03-10 11:56:00,4423.84,93.16566602770443
2021-03-10 11:57:00,4455.25,92.30458447898546
2021-03-10 11:58:00,4427.28,94.13228889973077
2021-03-10 11:59:00,4453.08,93.16922220126294
2021-03-10 12:00:00,4450.6,93.7266885363771
2021-03-10 12:01:00,4450.6,94.09068440210308
2021-03-10 12:02:00,4454.23,93.47070088432793
2021-03-10 12:03:00,4446.2,94.06684359677926
2021-03-10 12:04:00,4451.45,94.01880286198879
2021-03-10 12:05:00,4425.950000000001,94.39103469311672
2021-03-10 12:06:00,4420.0,93.90497737556562
2021-03-10 12:07:00,4419.15,94.01808040007695
2021-03-10 12:08:00,4398.7300000000005,93.76570055447822
2021-03-10 12:09:00,4374.1,93.77700555542853
2021-03-10 12:10:00,4408.95,93.67082865534877
2021-03-10 12:11:00,4404.68,93.37795254138778
2021-03-10 12:12:00,4407.25,93.2440864484656
2021-03-10 12:13:00,4402.15,93.34302556705248
2021-03-10 12:14:00,4389.400000000001,93.54809313345785
2021-03-10 12:15:00,4389.4,93.09472820886683
2021-03-10 12:16:00,4358.76,94.21257421835567
2021-03-10 12:17:00,4347.08,93.76639031257764
2021-03-10 12:18:00,4369.85,93.97347735048113
2021-03-10 12:19:00,4335.24,94.42153144923925
2021-03-10 12:20:00,4342.8,93.73215437045224
2021-03-10 12:21:00,4349.52,93.71838731630156
2021-03-10 12:22:00,4350.360000000001,93.24055940198052
2021-03-10 12:23:00,4352.88,93.77699362261308
2021-03-10 12:24:00,4378.92,93.95695742329158
2021-03-10 12:25:00,4361.49,93.8601257827027
2021-03-10 12:26:00,4352.360000000001,93.98119640838533
2021-03-10 12:27:00,4371.800000000001,92.57285328697559
2021-03-10 12:28:00,4354.13,93.70873170989383
2021-03-10 12:29:00,4339.240000000001,93.77218130363842
2021-03-10 12:30:00,4346.71,92.91165042066298
2021-03-10 12:31:00,4330.9400000000005,94.02115937879535
2021-03-10 12:32:00,4317.66,93.78691235530357
2021-03-10 12:33:00,4306.26,93.10399279188901
2021-03-10 12:34:00,4291.1,93.50283144182144
2021-03-10 12:35:00,4268.1,94.06996087251937
2021-03-10 12:36:00,4290.53,93.29616620790439
2021-03-10 12:37:00,4311.85,93.6396210443313
2021-03-10 12:38:00,4314.34,93.1938604746033
2021-03-10 12:39:00,4267.279999999999,93.89119064134533
2021-03-10 12:40:00,4270.5599999999995,93.22430781911505
2021-03-10 12:41:00,4279.58,92.45767107987233
2021-03-10 12:42:00,4243.499999999999,94.10392364793215
2021-03-10 12:43:00,4249.91,93.48197961839192
2021-03-10 12:44:00,4253.959999999999,93.72678633555559
2021-03-10 12:45:00,4271.08,92.8547346338631
2021-03-10 12:46:00,4247.639999999999,93.76265408556281
2021-03-10 12:47:00,4245.0199999999995,94.11263080032603
2021-03-10 12:48:00,4248.2699999999995,94.09712659506106
2021-03-10 12:49:00,4243.4,92.86892586133762
2021-03-10 12:50:00,4241.7,93.2031968314591
2021-03-10 12:51:00,4240.349999999999,93.81772731024563
2021-03-10 12:52:00,4229.82,92.46965591916442
2021-03-10 12:53:00,4208.28,93.09979373996028
2021-03-10 12:54:00,4200.18,93.26505054545281
2021-03-10 12:55:00,4188.94,92.7513881793485
2021-03-10 12:56:00,4168.8,94.07743235463442
2021-03-10 12:57:00,4175.2,94.0481893082966
2021-03-10 12:58:00,4172.0,92.86193672099712
2021-03-10 12:59:00,4152.05,93.35870232776581
2021-03-10 13:00:00,4153.59,93.1435216282782
2021-03-10 13:01:00,4138.81,93.56312563273018
2021-03-10 13:02:00,4130.12,92.79633521544169
2021-03-10 13:03:00,4115.9,93.08778153016353
2021-03-10 13:04:00,4118.27,94.2337437807623
2021-03-10 13:05:00,4093.49,93.92718682591139
2021-03-10 13:06:00,4110.05,92.9234437537256
2021-03-10 13:07:00,4098.23,93.39885755557887
2021-03-10 13:08:00,4073.94,94.21346411581908
2021-03-10 13:09:00,4068.48,93.42063866603745
2021-03-10 13:10:00,4093.4399999999996,93.33225844277675
2021-03-10 13:11:00,4050.54,94.01215640383751
2021-03-10 13:12:00,4045.21,93.65892005606631
2021-03-10 13:13:00,4049.16,93.31565065346888
2021-03-10 13:14:00,4030.1800000000003,94.38288116163545
2021-03-10 13:15:00,4021.71,94.02716754813251
2021-03-10 13:16:00,4016.32,93.42383077045653
2021-03-10 13:17:00,4012.2599999999998,93.79252590809169
2021-03-10 13:18:00,4008.38,93.12989287442807
2021-03-10 13:19:00,3999.12,93.06547440436897
2021-03-10 13:20:00,4023.7200000000003,92.63069994930063
2021-03-10 13:21:00,4005.96,93.05135348330987
2021-03-10 13:22:00,4006.72,93.09110694034024
2021-03-10 13:23:00,3950.25,94.65476868552622
2021-03-10 13:24:00,3973.5,93.53466717000126
2021-03-10 13:25:00,3957.75,93.06297770197713
2021-03-10 13:26:00,3913.86,93.20977244970437
2021-03-10 13:27:00,3881.5299999999997,93.57392574577551
2021-03-10 13:28:00,3887.25,93.31532574442086
2021-03-10 13:29:00,3873.38,93.43002752118305
2021-03-10 13:30:00,3821.76,94.02997571799379
2021-03-10 13:31:00,3810.96,93.86873648634464
2021-03-10 13:32:00,3767.2599999999998,94.53555103709328
2021-03-10 13:33:00,3746.5,93.04684372080608
2021-03-10 13:34:00,3764.42,93.62664102305268
2021-03-10 13:35:00,3728.2000000000003,94.11780483879619
2021-03-10 13:36:00,3785.0099999999993,93.13317534167679
2021-03-10 13:37:00,3775.0699999999997,93.57972170052477
2021-03-10 13:38:00,3780.04,92.90642427064265
2021-03-10 13:39:00,3745.7000000000003,93.81957978481992
2021-03-10 13:40:00,3730.3,94.1345200117953
2021-03-10 13:41:00,3754.1899999999996,93.45824265687139
2021-03-10 13:42:00,3800.6299999999997,92.49782272938961
2021-03-10 13:43:00,3759.45,93.50303900836559
2021-03-10 13:44:00,3761.96,92.26839200842115
2021-03-10 13:45:00,3771.6000000000004,93.86997560716937
2021-03-10 13:46:00,3713.4399999999996,93.26392778663451
2021-03-10 13:47:00,3674.9400000000005,93.64778744686987
2021-03-10 13:48:00,3703.7,93.01239301239302
2021-03-10 13:49:00,3652.17,93.21581415980089
2021-03-10 13:50:00,3664.84,92.61523013282981
2021-03-10 13:51:00,3678.12,93.52060291670745
2021-03-10 13:52:00,3681.52,93.5401681913992
2021-03-10 13:53:00,3670.11,92.61030323341807
2021-03-10 13:54:00,3601.2799999999997,94.09987559978676
2021-03-10 13:55:00,3585.84,93.83854271244674
2021-03-10 13:56:00,3567.08,93.92276035300583
2021-03-10 13:57:00,3538.9199999999996,94.13323838911309
2021-03-10 13:58:00,3478.1499999999996,93.93211908629588
2021-03-10 13:59:00,3424.0,94.08878504672897
2021-03-10 14:00:00,3503.5,92.07364064506922
2021-03-10 14:01:00,3481.3999999999996,93.31016257827312
2021-03-10 14:02:00,3475.55,93.32911337773876
2021-03-10 14:03:00,3493.75,94.66332737030412
2021-03-10 14:04:00,3498.3,94.01423548580739
2021-03-10 14:05:00,3498.95,92.90787236170853
2021-03-10 14:06:00,3473.66,93.48928795564333
2021-03-10 14:07:00,3435.5200000000004,93.389064828614
2021-03-10 14:08:00,3385.62,93.26799818054005
2021-03-10 14:09:00,3338.0800000000004,92.59814024828643
2021-03-10 14:10:00,3268.05,92.04265540612904
2021-03-10 14:11:00,3333.1200000000003,91.01382488479261
2021-03-10 14:12:00,2812.56,93.53044912819638
2021-03-10 14:13:00,1752.16,92.85110948771802
2021-03-10 14:14:00,2745.33,92.4697577340429
2021-03-10 14:15:00,3283.08,92.98890066644736
2021-03-10 14:16:00,3213.1400000000003,93.39773554840436
2021-03-10 14:17:00,3244.8,93.34627712031558
2021-03-10 14:18:00,3235.8,92.5149885654243
2021-03-10 14:19:00,3193.08,93.27984265975171
2021-03-10 14:20:00,3197.8,94.2929514040903
2021-03-10 14:21:00,3153.46,93.52901257666183
2021-03-10 14:22:00,3200.75,92.8751073967039
2021-03-10 14:23:00,3191.8999999999996,94.16021805194399
2021-03-10 14:24:00,3203.11,93.19380227341551
2021-03-10 14:25:00,3224.0699999999997,93.19276566575788
2021-03-10 14:26:00,3199.5699999999997,93.22815253299663
2021-03-10 14:27:00,3176.9300000000003,93.24095903907231
2021-03-10 14:28:00,3206.65,93.52439461743563
2021-03-10 14:29:00,3162.17,92.83182118608424
2021-03-10 14:30:00,2497.29,93.1970255757241
2021-03-10 14:31:00,1866.3999999999999,89.13416202314617
2021-03-10 14:32:00,2555.3900000000003,92.56121374819499
2021-03-10 14:33:00,2516.2,93.73261266989907
2021-03-10 14:34:00,2337.5699999999997,89.96094234611157
2021-03-10 14:35:00,3109.92,92.764444101456
2021-03-10 14:36:00,3112.7700000000004,93.16460901383654
2021-03-10 14:37:00,3170.8599999999997,93.84204916016475
2021-03-10 14:38:00,2941.92,92.34785446239191
2021-03-10 14:39:00,3097.9500000000003,93.58123920657208
2021-03-10 14:40:00,3087.6900000000005,93.21531630442173
2021-03-10 14:41:00,3048.64,93.7893618137924
2021-03-10 14:42:00,3070.4799999999996,92.82587738724891
2021-03-10 14:43:00,3061.5199999999995,92.17316888343046
2021-03-10 14:44:00,3048.0199999999995,92.86684470574342
2021-03-10 14:45:00,3045.8399999999997,92.22086518004886
2021-03-10 14:46:00,3012.3500000000004,93.37228409713344
2021-03-10 14:47:00,3000.8,92.46867501999468
2021-03-10 14:48:00,2960.2799999999997,94.19379247908982
2021-03-10 14:49:00,2945.16,92.18514444036997
2021-03-10 14:50:00,2901.22,94.66707109422933
2021-03-10 14:51:00,2939.2200000000003,92.8953940160995
2021-03-10 14:52:00,2682.01,92.65811835153485
2021-03-10 14:53:00,2198.6099999999997,94.64161447459988
2021-03-10 14:54:00,2808.73,92.50800183712924
2021-03-10 14:55:00,2841.8,92.50475051023999
2021-03-10 14:56:00,2788.1699999999996,93.99713790765988
2021-03-10 14:57:00,2788.6799999999994,92.87189638108356
2021-03-10 14:58:00,2740.0,93.51824817518248
2021-03-10 14:59:00,2721.5,92.34245820319677
2021-03-10 15:00:00,2673.4400000000005,92.21078460709795
2021-03-10 15:01:00,2688.63,91.83859437706191
2021-03-10 15:02:00,2659.0,92.88078224896577
2021-03-10 15:03:00,2636.16,92.1681536780772
2021-03-10 15:04:00,2584.06,92.68360641780764
2021-03-10 15:05:00,2614.67,91.77831236829121
2021-03-10 15:06:00,2568.51,92.69965855690653
2021-03-10 15:07:00,2587.3500000000004,90.76468201055133
2021-03-10 15:08:00,2558.72,92.29223986993497
2021-03-10 15:09:00,2531.38,93.65247414453776
2021-03-10 15:10:00,2535.5199999999995,91.50785637660125
2021-03-10 15:11:00,2480.4,92.44476697306887
2021-03-10 15:12:00,2470.95,92.55144782371154
2021-03-10 15:13:00,2434.08,93.4192795635312
2021-03-10 15:14:00,2424.4,92.27850189737666
2021-03-10 15:15:00,2410.27,92.97713534168372
2021-03-10 15:16:00,2371.45,93.0232558139535
2021-03-10 15:17:00,2359.67,91.85606461920523
2021-03-10 15:18:00,2314.62,94.03703415679465
2021-03-10 15:19:00,2318.4,91.0067287784679
2021-03-10 15:20:00,2273.45,92.96003870769096
2021-03-10 15:21:00,2289.8500000000004,93.18077603336461
2021-03-10 15:22:00,2288.2200000000003,92.95434879513333
2021-03-10 15:23:00,2222.0,92.35823582358235
2021-03-10 15:24:00,2268.12,92.38047369627711
2021-03-10 15:25:00,2272.22,92.74630097437749
2021-03-10 15:26:00,2206.4,92.19996374184191
2021-03-10 15:27:00,2209.6,92.03928312816801
2021-03-10 15:28:00,2156.7,93.81462419437104
2021-03-10 15:29:00,2171.91,92.65116878692027
2021-03-10 15:30:00,2165.67,92.12853297132065
2021-03-10 15:31:00,2166.8399999999997,90.05741079175206
2021-03-10 15:32:00,2169.96,92.26437353683939
2021-03-10 15:33:00,1475.5900000000001,89.59805908145215
2021-03-10 15:34:00,2011.6800000000003,92.37055595323311
2021-03-10 15:35:00,1732.28,92.46773039000622
2021-03-10 15:36:00,2068.67,91.36788371272362
2021-03-10 15:37:00,2034.78,92.34905002014959
2021-03-10 15:38:00,2009.88,92.76673234222939
2021-03-10 15:39:00,2067.5600000000004,90.92843738513028
2021-03-10 15:40:00,2012.0400000000002,92.89079739965406
2021-03-10 15:41:00,1718.5600000000002,90.82022158085839
2021-03-10 15:42:00,1966.3,90.35752428418859
2021-03-10 15:43:00,1962.1000000000001,90.31140104989551
2021-03-10 15:44:00,1471.93,91.05052550053331
2021-03-10 15:45:00,1794.24,90.46727305154272
2021-03-10 15:46:00,1843.0499999999997,93.3778248012805
2021-03-10 15:47:00,1441.7,89.13088714711799
2021-03-10 15:48:00,1801.6000000000001,93.21158969804617
2021-03-10 15:49:00,1796.1600000000003,89.47421165152323
2021-03-10 15:50:00,1742.8200000000002,92.73476319987147
2021-03-10 15:51:00,1744.37,89.45923169969674
2021-03-10 15:52:00,1694.1000000000001,90.0242016409893
2021-03-10 15:53:00,1681.5,89.91376746952126
2021-03-10 15:54:00,1632.6999999999998,92.69308507380416
2021-03-10 15:55:00,1634.73,89.91698934992324
2021-03-10 15:56:00,1574.7199999999998,90.53038000406421
2021-03-10 15:57:00,1575.28,88.86674115077955
2021-03-10 15:58:00,1523.3400000000001,89.70420260742841
2021-03-10 15:59:00,1524.15,88.528032017846
2021-03-10 16:00:00,1466.66,91.3231423779199
2021-03-10 16:01:00,1490.17,89.2045873960689
2021-03-10 16:02:00,1463.02,90.86000191384943
2021-03-10 16:03:00,1467.96,86.71217199378731
2021-03-10 16:04:00,1410.5,89.06770648706133
2021-03-10 16:05:00,1416.0,89.12429378531074
2021-03-10 16:06:00,1382.9099999999999,90.17217317106682
2021-03-10 16:07:00,1359.12,91.37530166578375
2021-03-10 16:08:00,1353.36,89.32582609209672
2021-03-10 16:09:00,1357.4399999999998,89.0794436586516
2021-03-10 16:10:00,1358.4,90.97467608951708
2021-03-10 16:11:00,1361.52,89.63511369645691
2021-03-10 16:12:00,1327.7199999999998,88.30175036905374
2021-03-10 16:13:00,1012.8599999999999,87.9884682976917
2021-03-10 16:14:00,1280.48,91.79370236161441
2021-03-10 16:15:00,1248.06,90.48443183821291
2021-03-10 16:16:00,1155.29,87.8221052722693
2021-03-10 16:17:00,1222.7600000000002,88.61101115509175
2021-03-10 16:18:00,1193.01,88.00429166561891
2021-03-10 16:19:00,1137.0,89.23482849604221
2021-03-10 16:20:00,1107.3400000000001,89.06930120830096
2021-03-10 16:21:00,1108.55,88.8367687519733
2021-03-10 16:22:00,1081.1,89.13144019979651
2021-03-10 16:23:00,1051.25,88.10463733650417
2021-03-10 16:24:00,1021.3199999999999,87.87647358320605
2021-03-10 16:25:00,1023.6600000000001,85.0380008987359
2021-03-10 16:26:00,994.1299999999999,87.89594922193275
2021-03-10 16:27:00,965.6,90.24440762220381
2021-03-10 16:28:00,968.49,86.85685964749248
2021-03-10 16:29:00,911.04,87.43853178784687
2021-03-10 16:30:00,912.0,84.90131578947367
2021-03-10 16:31:00,911.3600000000001,87.56144662921346
2021-03-10 16:32:00,968.4900000000001,87.94102159031068
2021-03-10 16:33:00,1025.1,87.1524729294703
2021-03-10 16:34:00,1019.52,86.14838355304457
2021-03-10 16:35:00,907.0400000000002,88.14385253131061
2021-03-10 16:36:00,849.0,85.1472320376914
2021-03-10 16:37:00,521.71,83.18797799543808
2021-03-10 16:38:00,667.3199999999999,78.52304741353474
2021-03-10 16:39:00,673.8,84.01602849510242
2021-03-10 16:40:00,679.3199999999999,82.40593534711181
2021-03-10 16:41:00,708.08,83.29567280533271
2021-03-10 16:42:00,466.38,75.81800248724217
2021-03-10 16:43:00,440.08000000000004,74.32739501908743
2021-03-10 16:44:00,379.12,68.92276851656469
2021-03-10 16:45:00,374.7099999999999,65.54402070934857
2021-03-10 16:46:00,567.5999999999999,74.91190979563073
2021-03-10 16:47:00,567.5,77.88546255506607
2021-03-10 16:48:00,534.94,82.51392679552846
2021-03-10 16:49:00,510.39,83.72029232547659
2021-03-10 16:50:00,509.67,73.75360527400082
2021-03-10 16:51:00,478.9,79.74524953017331
2021-03-10 16:52:00,447.6,69.5710455764075
2021-03-10 16:53:00,389.27,71.49279420453671
2021-03-10 16:54:00,451.28000000000003,73.2804467293033
2021-03-10 16:55:00,420.15999999999997,69.66393754760092
2021-03-10 16:56:00,391.37,68.06857960497737
2021-03-10 16:57:00,322.14,70.062705655926
2021-03-10 16:58:00,389.34,67.88411157343197
2021-03-10 16:59:00,392.07,68.355140663657
2021-03-10 17:00:00,390.53,74.79579033620978
2021-03-10 17:01:00,357.17999999999995,75.45215297609049
2021-03-10 17:02:00,354.37,72.72060275982729
2021-03-10 17:03:00,321.96000000000004,73.89116660454714
2021-03-10 17:04:00,259.15,62.78217248697665
2021-03-10 17:05:00,232.06,55.93381022149444
2021-03-10 17:06:00,210.32,48.92544693799925
2021-03-10 17:07:00,209.24,39.523991588606386
2021-03-10 17:08:00,210.64,35.93809342954805
2021-03-10 17:09:00,184.01,39.40003260692354
2021-03-10 17:10:00,179.75,48.400556328233655
2021-03-10 17:11:00,158.37,44.768579907810825
2021-03-10 17:12:00,183.26,40.37978827894794
2021-03-10 17:13:00,181.06,51.30895835634597
2021-03-10 17:14:00,182.06,49.104690761287486
2021-03-10 17:15:00,180.36,36.70436903969838
2021-03-10 17:16:00,156.66,15.000638325035109
2021-03-10 17:17:00,154.89,13.42888501517206
2021-03-10 17:18:00,155.07,23.408783130199264
2021-03-10 17:19:00,127.28999999999999,28.674679864875486
2021-03-10 17:20:00,154.32,25.855365474339038
2021-03-10 17:21:00,155.96999999999997,18.40097454638713
2021-03-10 17:22:00,126.25,30.336633663366335
2021-03-10 17:23:00,124.37,37.87086918067058
2021-03-10 17:24:00,127.25,13.831041257367389
2021-03-10 17:25:00,102.1,17.140058765915768
2021-03-10 17:26:00,102.30000000000001,-29.13000977517106
2021-03-10 17:27:00,74.82000000000001,-3.8759689922480614
2021-03-10 17:28:00,75.97,-30.538370409372117
2021-03-10 17:29:00,74.73,-11.508095811588385
2021-03-10 17:30:00,75.19000000000001,-28.860220774039096
2021-03-10 17:31:00,51.13,-61.216506943086245
2021-03-10 17:32:00,49.57,-37.52269517853541
2021-03-10 17:33:00,48.11000000000001,-24.734982332155475
2021-03-10 17:34:00,61.54,-54.76113097172571
2021-03-10 17:35:00,44.620000000000005,-15.912147019273865
2021-03-10 17:36:00,42.660000000000004,-48.757618377871545
2021-03-10 17:37:00,40.11,-56.09573672400897
2021-03-10 17:38:00,34.00000000000001,-76.17647058823528
2021-03-10 17:39:00,50.790000000000006,-39.18094113014372
2021-03-10 17:40:00,50.24,-51.353503184713375
2021-03-10 17:41:00,48.36,-36.60049627791563
2021-03-10 17:42:00,47.21000000000001,-33.891124761703026
2021-03-10 17:43:00,41.60000000000001,-49.75961538461537
2021-03-10 17:44:00,20.130000000000003,-94.38648782911076
2021-03-10 17:45:00,16.69,-152.7860994607549
2021-03-10 17:46:00,6.63,0.0
2021-03-10 17:47:00,5.670000000000001,0.0
2021-03-10 17:48:00,4.62,0.0
2021-03-10 17:49:00,4.3100000000000005,0.0
2021-03-10 17:50:00,4.260000000000001,0.0
2021-03-10 17:51:00,4.220000000000001,0.0
2021-03-10 17:52:00,4.170000000000001,0.0
2021-03-10 17:53:00,4.12,0.0
2021-03-10 17:54:00,4.09,0.0
2021-03-10 17:55:00,4.05,0.0
2021-03-10 17:56:00,9.57,0.0
2021-03-10 17:57:00,3.95,0.0
2021-03-10 17:58:00,3.91,0.0
2021-03-10 17:59:00,3.8200000000000003,0.0
2021-03-10 18:00:00,3.73,0.0
2021-03-11 05:00:00,1.4500000000000002,0.0
2021-03-11 05:01:00,1.6600000000000001,0.0
2021-03-11 05:02:00,1.9800000000000002,0.0
2021-03-11 05:03:00,2.42,0.0
2021-03-11 05:04:00,2.9600000000000004,0.0
2021-03-11 05:05:00,3.6,0.0
2021-03-11 05:06:00,3.98,0.0
2021-03-11 05:07:00,4.04,0.0
2021-03-11 05:08:00,4.08,0.0
2021-03-11 05:09:00,4.12,0.0
2021-03-11 05:10:00,4.14,0.0
2021-03-11 05:11:00,4.170000000000001,0.0
2021-03-11 05:12:00,4.21,0.0
2021-03-11 05:13:00,4.25,0.0
2021-03-11 05:14:00,4.28,0.0
2021-03-11 05:15:00,4.33,0.0
2021-03-11 05:16:00,4.43,0.0
2021-03-11 05:17:00,5.140000000000001,0.0
2021-03-11 05:18:00,6.010000000000001,0.0
2021-03-11 05:19:00,7.050000000000001,0.0
2021-03-11 05:20:00,18.160000000000004,-140.9691629955947
2021-03-11 05:21:00,21.370000000000005,-131.0248011230697
2021-03-11 05:22:00,23.560000000000002,-85.31409168081494
2021-03-11 05:23:00,27.96,-83.69098712446352
2021-03-11 05:24:00,48.93000000000001,-48.027794808910684
2021-03-11 05:25:00,50.46,-40.626238604835514
2021-03-11 05:26:00,50.85000000000001,-40.11799410029497
2021-03-11 05:27:00,52.19,-44.8361755125503
2021-03-11 05:28:00,53.42,-36.12879071508798
2021-03-11 05:29:00,53.74000000000001,-52.660960178637886
2021-03-11 05:30:00,55.1,-31.57894736842105
2021-03-11 05:31:00,54.61,-44.13111151803699
2021-03-11 05:32:00,55.95,-35.924932975871315
2021-03-11 05:33:00,56.43000000000001,-31.011873117136275
2021-03-11 05:34:00,56.040000000000006,-47.10920770877944
2021-03-11 05:35:00,57.34,-30.34530868503662
2021-03-11 05:36:00,57.730000000000004,-41.22639875281482
2021-03-11 05:37:00,56.58,-43.1247790738777
2021-03-11 05:38:00,58.43000000000001,-39.19219578983398
2021-03-11 05:39:00,57.89,-40.076006218690615
2021-03-11 05:40:00,59.17,-38.702044955213786
2021-03-11 05:41:00,59.31,-45.52352048558422
2021-03-11 05:42:00,58.42,-34.57719958918178
2021-03-11 05:43:00,104.42000000000002,-2.8730128327906526
2021-03-11 05:44:00,98.86,17.196034796682177
2021-03-11 05:45:00,122.65,20.464737056665307
2021-03-11 05:46:00,126.25,17.663366336633665
2021-03-11 05:47:00,128.25,22.22222222222222
2021-03-11 05:48:00,105.66000000000001,17.508991103539653
2021-03-11 05:49:00,128.89,22.034292807820623
2021-03-11 05:50:00,129.09,31.99318305058486
2021-03-11 05:51:00,129.35,17.31735601082335
2021-03-11 05:52:00,129.01999999999998,14.02883273911022
2021-03-11 05:53:00,129.18,26.629509211952314
2021-03-11 05:54:00,158.85,20.963172804532576
2021-03-11 05:55:00,188.01,39.35960853146109
2021-03-11 05:56:00,219.88000000000002,49.70893214480625
2021-03-11 05:57:00,245.06,48.804374438912916
2021-03-11 05:58:00,273.75,49.05936073059361
2021-03-11 05:59:00,360.45,69.63517824941046
2021-03-11 06:00:00,444.56000000000006,77.98722332193628
2021-03-11 06:01:00,445.84,74.78019020276332
2021-03-11 06:02:00,350.21999999999997,71.7548969219348
2021-03-11 06:03:00,285.56,67.55147779801092
2021-03-11 06:04:00,298.44,60.749229325827635
2021-03-11 06:05:00,264.25,58.807947019867555
2021-03-11 06:06:00,323.52,69.48565776458952
2021-03-11 06:07:00,383.53,69.1471332099184
2021-03-11 06:08:00,410.68,69.4944969319178
2021-03-11 06:09:00,439.76,69.56066945606693
2021-03-11 06:10:00,497.52000000000004,75.03215951117542
2021-03-11 06:11:00,523.95,79.28237427235422
2021-03-11 06:12:00,410.8,77.84810126582279
2021-03-11 06:13:00,417.78,62.64062425199866
2021-03-11 06:14:00,355.34999999999997,70.46573800478403
2021-03-11 06:15:00,318.71999999999997,69.21435742971887
2021-03-11 06:16:00,317.76,68.7311178247734
2021-03-11 06:17:00,349.68999999999994,69.31853927764593
2021-03-11 06:18:00,354.5,78.5049365303244
2021-03-11 06:19:00,516.66,75.46548987728873
2021-03-11 06:20:00,485.21000000000004,75.20455060695367
2021-03-11 06:21:00,502.47,77.33795052440942
2021-03-11 06:22:00,438.24,72.38043081416575
2021-03-11 06:23:00,563.98,79.06308734352281
2021-03-11 06:24:00,688.08,86.02197418904778
2021-03-11 06:25:00,757.77,81.5154994259472
2021-03-11 06:26:00,754.97,83.20860431540326
2021-03-11 06:27:00,752.76,83.55916892502259
2021-03-11 06:28:00,692.1300000000001,85.53306459769117
2021-03-11 06:29:00,618.28,82.1957689072912
2021-03-11 06:30:00,590.84,79.05693588788843
2021-03-11 06:31:00,521.56,79.93327709180153
2021-03-11 06:32:00,555.9000000000001,77.78377406008273
2021-03-11 06:33:00,774.48,80.9188100402851
2021-03-11 06:34:00,752.4,82.72195640616692
2021-03-11 06:35:00,1007.8200000000002,86.85082653648467
2021-03-11 06:36:00,1121.6,87.20577746077034
2021-03-11 06:37:00,1051.49,90.3955339565759
2021-03-11 06:38:00,1212.58,87.91172541193158
2021-03-11 06:39:00,982.55,86.84545315760012
2021-03-11 06:40:00,826.95,84.12842372573917
2021-03-11 06:41:00,653.6399999999999,82.33890214797138
2021-03-11 06:42:00,533.2,81.60165041260315
2021-03-11 06:43:00,513.02,75.68905695684379
2021-03-11 06:44:00,516.4000000000001,79.53137103020912
2021-03-11 06:45:00,781.3399999999999,84.71344101159546
2021-03-11 06:46:00,838.3499999999999,86.95652173913044
2021-03-11 06:47:00,654.48,77.17577313286884
2021-03-11 06:48:00,631.57,83.03117627499722
2021-03-11 06:49:00,798.5699999999999,84.8892395156342
2021-03-11 06:50:00,981.38,88.57934744950987
2021-03-11 06:51:00,662.52,79.92211555877559
2021-03-11 06:52:00,720.46,83.54384698664741
2021-03-11 06:53:00,773.22,84.14164144745351
2021-03-11 06:54:00,860.8199999999999,86.15041472084756
2021-03-11 06:55:00,982.06,87.36737062908581
2021-03-11 06:56:00,1090.0900000000001,88.28628828812299
2021-03-11 06:57:00,1003.6800000000001,88.89287422285987
2021-03-11 06:58:00,999.3599999999999,88.6767531219981
2021-03-11 06:59:00,820.05,85.87281263337603
2021-03-11 07:00:00,796.1199999999999,83.98231422398635
2021-03-11 07:01:00,1264.6,89.12699667879171
2021-03-11 07:02:00,1149.71,90.39670873524626
2021-03-11 07:03:00,885.12,87.27630151843819
2021-03-11 07:04:00,1114.8,87.41478292070327
2021-03-11 07:05:00,1707.89,92.25418498849457
2021-03-11 07:06:00,2051.32,91.31681063900318
2021-03-11 07:07:00,1362.85,90.69963679054922
2021-03-11 07:08:00,956.24,86.92378482389358
2021-03-11 07:09:00,815.1000000000001,85.16746411483253
2021-03-11 07:10:00,1335.15,88.40205220387222
2021-03-11 07:11:00,1708.8400000000001,90.40050560614216
2021-03-11 07:12:00,1593.6,91.77961847389558
2021-03-11 07:13:00,787.04,90.40201260418785
2021-03-11 07:14:00,651.36,82.94952100221074
2021-03-11 07:15:00,642.96,79.63170337190493
2021-03-11 07:16:00,521.1,81.82690462483208
2021-03-11 07:17:00,479.15999999999997,71.60447449703649
2021-03-11 07:18:00,429.28000000000003,75.61498322773015
2021-03-11 07:19:00,430.48,75.84556773833859
2021-03-11 07:20:00,430.96000000000004,72.1180620011138
2021-03-11 07:21:00,429.76,69.87620997766196
2021-03-11 07:22:00,402.79999999999995,73.85799404170805
2021-03-11 07:23:00,379.19,73.28779767398929
2021-03-11 07:24:00,349.54999999999995,73.52310113002433
2021-03-11 07:25:00,693.95,83.26248288781612
2021-03-11 07:26:00,571.8299999999999,81.26541104873827
2021-03-11 07:27:00,689.23,84.58714797672765
2021-03-11 07:28:00,745.72,83.66410985356434
2021-03-11 07:29:00,774.62,83.31827218507138
2021-03-11 07:30:00,881.6,87.34119782214155
2021-03-11 07:31:00,1070.6499999999999,86.73235884742915
2021-03-11 07:32:00,1146.74,90.0814482794705
2021-03-11 07:33:00,1199.04,88.57085668534828
2021-03-11 07:34:00,1256.06,88.80945177778132
2021-03-11 07:35:00,1797.7600000000002,92.55406728373086
2021-03-11 07:36:00,1282.02,90.20140091418232
2021-03-11 07:37:00,1190.48,88.41811706202539
2021-03-11 07:38:00,1134.56,88.58940911013961
2021-03-11 07:39:00,1691.1,89.16681449943825
2021-03-11 07:40:00,2763.6000000000004,93.67853524388478
2021-03-11 07:41:00,2636.23,94.0471810122789
2021-03-11 07:42:00,2172.2999999999997,93.34346084794919
2021-03-11 07:43:00,1419.08,91.29154099839333
2021-03-11 07:44:00,1900.6399999999999,92.71613772203048
2021-03-11 07:45:00,1862.86,92.75522583554321
2021-03-11 07:46:00,2022.5,93.1866501854141
2021-03-11 07:47:00,2915.79,93.43608421731332
2021-03-11 07:48:00,3008.46,94.04479368181728
2021-03-11 07:49:00,2983.34,94.57520765316725
2021-03-11 07:50:00,2860.71,93.08178738844553
2021-03-11 07:51:00,2728.0,93.25146627565982
2021-03-11 07:52:00,2597.0299999999997,93.83025995078995
2021-03-11 07:53:00,2540.0,92.53937007874016
2021-03-11 07:54:00,2491.75,93.80154509882614
2021-03-11 07:55:00,2520.8,92.99428752776895
2021-03-11 07:56:00,2484.96,92.9190007082609
2021-03-11 07:57:00,2484.9300000000003,93.66863452894044
2021-03-11 07:58:00,2489.42,91.94511171276844
2021-03-11 07:59:00,2495.3999999999996,93.33974513104111
2021-03-11 08:00:00,2490.3500000000004,94.1674864978818
2021-03-11 08:01:00,2551.6499999999996,92.81445339290265
2021-03-11 08:02:00,2553.0099999999998,93.53273195169625
2021-03-11 08:03:00,2476.8,92.8375322997416
2021-03-11 08:04:00,2598.63,91.28271435333232
2021-03-11 08:05:00,2521.1800000000003,93.17065818386627
2021-03-11 08:06:00,2112.12,94.20392780713217
2021-03-11 08:07:00,920.89,86.8181867541183
2021-03-11 08:08:00,2610.85,91.31508895570408
2021-03-11 08:09:00,2902.6400000000003,93.23581291513932
2021-03-11 08:10:00,2468.54,93.34262357506866
2021-03-11 08:11:00,2774.92,93.06574603952546
2021-03-11 08:12:00,2407.24,92.4295043286087
2021-03-11 08:13:00,2844.92,92.8461960266018
2021-03-11 08:14:00,2848.04,92.65670425977164
2021-03-11 08:15:00,2869.08,92.65339411936928
2021-03-11 08:16:00,2865.45,93.5106178785182
2021-03-11 08:17:00,2867.52,93.2303872335677
2021-03-11 08:18:00,2681.7700000000004,93.05048531380393
2021-03-11 08:19:00,2873.3599999999997,92.8181641005652
2021-03-11 08:20:00,2859.0699999999997,93.71928634136276
2021-03-11 08:21:00,2911.99,92.73040085989308
2021-03-11 08:22:00,2962.7,94.21473655786953
2021-03-11 08:23:00,3085.0200000000004,93.3575795294682
2021-03-11 08:24:00,2607.84,93.51033805754953
2021-03-11 08:25:00,3155.7799999999997,92.57299304767761
2021-03-11 08:26:00,2744.88,93.4029902946577
2021-03-11 08:27:00,3198.98,93.87992422584698
2021-03-11 08:28:00,3113.34,93.12828023922862
2021-03-11 08:29:00,3073.15,93.57825032946651
2021-03-11 08:30:00,3040.44,95.30199576377103
2021-03-11 08:31:00,3063.05,94.77808067122638
2021-03-11 08:32:00,3096.0499999999997,93.07989212060531
2021-03-11 08:33:00,3106.3500000000004,94.12654723389186
2021-03-11 08:34:00,3106.96,94.69706722970362
2021-03-11 08:35:00,3140.7,93.39000859680962
2021-03-11 08:36:00,3146.5,93.60241538217066
2021-03-11 08:37:00,3156.2799999999997,94.31672728655253
2021-03-11 08:38:00,3186.0,93.12303829252983
2021-03-11 08:39:00,3207.87,93.46076991898052
2021-03-11 08:40:00,1923.1200000000003,92.58912600357749
2021-03-11 08:41:00,3315.35,92.73229070837166
2021-03-11 08:42:00,3353.58,92.73671717984959
2021-03-11 08:43:00,3289.7299999999996,93.62774452614653
2021-03-11 08:44:00,3264.85,93.99819287256689
2021-03-11 08:45:00,3286.0699999999997,93.63768878934412
2021-03-11 08:46:00,3295.83,93.43321712588332
2021-03-11 08:47:00,3314.5899999999997,94.36461221448205
2021-03-11 08:48:00,3348.62,93.4564089087445
2021-03-11 08:49:00,3374.74,93.71684929802
2021-03-11 08:50:00,3414.76,94.02417739460459
2021-03-11 08:51:00,3351.76,94.72038570780724
2021-03-11 08:52:00,3398.27,93.53877119828618
2021-03-11 08:53:00,3386.25,94.36987818383167
2021-03-11 08:54:00,3376.17,94.26658017813084
2021-03-11 08:55:00,3394.44,94.03612967087355
2021-03-11 08:56:00,3432.5699999999997,93.52759011469541
2021-03-11 08:57:00,3447.6800000000003,93.39033785038055
2021-03-11 08:58:00,3434.3700000000003,94.43944595369746
2021-03-11 08:59:00,3546.95,94.17104836549711
2021-03-11 09:00:00,3305.2200000000003,93.09819013560367
2021-03-11 09:01:00,3632.56,93.16845420309645
2021-03-11 09:02:00,3562.2400000000002,93.69946999640676
2021-03-11 09:03:00,3578.4700000000003,93.63778374556723
2021-03-11 09:04:00,3665.26,93.64683542231656
2021-03-11 09:05:00,3661.87,93.7936081837968
2021-03-11 09:06:00,3694.4900000000007,94.01026934705465
2021-03-11 09:07:00,3599.04,94.33348893038144
2021-03-11 09:08:00,3524.3999999999996,94.26852797639316
2021-03-11 09:09:00,3496.09,92.85802138960953
2021-03-11 09:10:00,3780.7499999999995,92.9207167889969
2021-03-11 09:11:00,3828.24,93.9883601864042
2021-03-11 09:12:00,3864.9700000000003,93.70577261919237
2021-03-11 09:13:00,3883.6,93.85106602121743
2021-03-11 09:14:00,3922.0000000000005,93.94696583375828
2021-03-11 09:15:00,3725.91,95.20358784833772
2021-03-11 09:16:00,1466.92,90.3593924685736
2021-03-11 09:17:00,3890.17,92.25817894847783
2021-03-11 09:18:00,4034.08,94.32138182683536
2021-03-11 09:19:00,3904.3900000000003,95.1441838545842
2021-03-11 09:20:00,1896.1800000000003,93.7621955721503
2021-03-11 09:21:00,2100.0,90.30952380952381
2021-03-11 09:22:00,4144.139999999999,93.09048439483225
2021-03-11 09:23:00,4078.45,94.05779156297123
2021-03-11 09:24:00,3974.65,93.83467726718075
2021-03-11 09:25:00,3955.27,93.32106278458866
2021-03-11 09:26:00,3912.54,94.48593496807702
2021-03-11 09:27:00,3877.0299999999997,92.74883093501985
2021-03-11 09:28:00,3866.08,93.17965484418326
2021-03-11 09:29:00,3866.81,93.33274714816606
2021-03-11 09:30:00,3852.9799999999996,93.49646247839335
2021-03-11 09:31:00,3839.5600000000004,93.52894602506537
2021-03-11 09:32:00,3865.3500000000004,93.43009041872016
2021-03-11 09:33:00,3872.75,93.99780517719967
2021-03-11 09:34:00,3867.5299999999997,93.11886397778429
2021-03-11 09:35:00,3862.46,93.63462663691016
2021-03-11 09:36:00,3893.1400000000003,93.27689217444016
2021-03-11 09:37:00,3925.5,93.26455228633294
2021-03-11 09:38:00,3918.75,94.42041467304625
2021-03-11 09:39:00,3924.75,93.61360596216319
2021-03-11 09:40:00,3979.05,93.82892901571984
2021-03-11 09:41:00,4004.9699999999993,93.64614466525344
2021-03-11 09:42:00,4033.26,93.5471554028255
2021-03-11 09:43:00,4083.2999999999997,94.49219993632602
2021-03-11 09:44:00,4112.74,94.15377582827993
2021-03-11 09:45:00,4024.79,93.94278956169143
2021-03-11 09:46:00,4010.9300000000003,93.25767340741423
2021-03-11 09:47:00,4007.8500000000004,92.52591788614843
2021-03-11 09:48:00,4000.92,94.27331713705847
2021-03-11 09:49:00,3894.5099999999998,94.50226087492393
2021-03-11 09:50:00,4072.49,93.33110701315412
2021-03-11 09:51:00,4128.54,93.35745808445601
2021-03-11 09:52:00,4099.3099999999995,93.69869563414332
2021-03-11 09:53:00,4110.37,93.9891056036318
2021-03-11 09:54:00,4065.3400000000006,94.38324961749815
2021-03-11 09:55:00,3988.6000000000004,93.34102191245047
2021-03-11 09:56:00,3911.25,93.95206136145733
2021-03-11 09:57:00,3793.8099999999995,93.7817128427623
2021-03-11 09:58:00,3310.66,92.85459696858028
2021-03-11 09:59:00,4066.1400000000003,95.4738400546956
2021-03-11 10:00:00,3143.4,90.94292803970222
2021-03-11 10:01:00,3505.44,93.76283719019581
2021-03-11 10:02:00,4363.8,93.3567074568037
2021-03-11 10:03:00,4262.07,94.63007411891405
2021-03-11 10:04:00,4130.120000000001,93.60018595101351
2021-03-11 10:05:00,4123.8,93.48416509045055
2021-03-11 10:06:00,4085.64,92.35028049461039
2021-03-11 10:07:00,4035.57,93.4192691490917
2021-03-11 10:08:00,3954.09,92.90633243047071
2021-03-11 10:09:00,3974.04,94.06296866664653
2021-03-11 10:10:00,4010.9300000000003,93.89842256035382
2021-03-11 10:11:00,3993.58,93.69538108664408
2021-03-11 10:12:00,4103.26,93.91069539829306
2021-03-11 10:13:00,4075.5,94.7245736719421
2021-03-11 10:14:00,4083.07,94.62977612433782
2021-03-11 10:15:00,4113.98,92.52597241600591
2021-03-11 10:16:00,4054.44,94.0573790708458
2021-03-11 10:17:00,4069.26,93.35849761381677
2021-03-11 10:18:00,4104.84,93.74055992438196
2021-03-11 10:19:00,4096.15,94.04929018712694
2021-03-11 10:20:00,4162.26,93.62701993628461
2021-03-11 10:21:00,4196.61,93.2061830858717
2021-03-11 10:22:00,4151.2,93.51271921372134
2021-03-11 10:23:00,4152.0,93.32369942196533
2021-03-11 10:24:00,4146.4,93.8259695157245
2021-03-11 10:25:00,4191.24,93.53556465389718
2021-03-11 10:26:00,4203.09,93.91186008389066
2021-03-11 10:27:00,4186.24,93.39407200733832
2021-03-11 10:28:00,4227.1,94.18513874760474
2021-03-11 10:29:00,4201.78,93.3175939720785
2021-03-11 10:30:00,4169.879999999999,94.74373363262254
2021-03-11 10:31:00,4180.41,93.79462779966559
2021-03-11 10:32:00,4177.17,94.00144116710595
2021-03-11 10:33:00,3774.83,94.3327249174135
2021-03-11 10:34:00,3867.82,92.72406678697561
2021-03-11 10:35:00,4153.6,94.36874036979968
2021-03-11 10:36:00,4204.709999999999,93.44282958872314
2021-03-11 10:37:00,4248.42,92.68151453952292
2021-03-11 10:38:00,4272.24,93.6066325861843
2021-03-11 10:39:00,4291.1,94.4466453823029
2021-03-11 10:40:00,4345.49,94.01701534234344
2021-03-11 10:41:00,4276.99,93.66166392720115
2021-03-11 10:42:00,4285.29,93.28423513927879
2021-03-11 10:43:00,4312.34,93.85623582556106
2021-03-11 10:44:00,4320.96,94.92335036658521
2021-03-11 10:45:00,4390.25,93.55503672911566
2021-03-11 10:46:00,4326.58,92.57427344461446
2021-03-11 10:47:00,4351.38,93.68062545675166
2021-03-11 10:48:00,4370.7,93.43125815086827
2021-03-11 10:49:00,4362.200000000001,94.43400119205903
2021-03-11 10:50:00,4204.71,93.95416092905336
2021-03-11 10:51:00,4409.219999999999,94.2094066524238
2021-03-11 10:52:00,4562.139999999999,93.49559636486387
2021-03-11 10:53:00,2768.1899999999996,92.06376729920997
2021-03-11 10:54:00,4486.61,93.84813924098597
2021-03-11 10:55:00,3131.1000000000004,93.68911884002426
2021-03-11 10:56:00,3701.2299999999996,92.81779300394734
2021-03-11 10:57:00,2081.47,92.35780482063159
2021-03-11 10:58:00,4511.36,93.10939494963826
2021-03-11 10:59:00,4806.08,93.76664558226247
2021-03-11 11:00:00,4794.119999999999,93.95676370220187
2021-03-11 11:01:00,4765.6,94.132952828605
2021-03-11 11:02:00,4696.6,92.43708214453007
2021-03-11 11:03:00,4612.29,93.47417443395797
2021-03-11 11:04:00,4635.76,92.49831742799455
2021-03-11 11:05:00,4605.3,93.9547912188131
2021-03-11 11:06:00,4600.799999999999,94.00104329681797
2021-03-11 11:07:00,4605.3,93.71376457559768
2021-03-11 11:08:00,4599.0,94.04218308327897
2021-03-11 11:09:00,4547.9,94.55133138371558
2021-03-11 11:10:00,4479.200000000001,93.4854438292552
2021-03-11 11:11:00,4234.22,93.99842237767521
2021-03-11 11:12:00,4445.5599999999995,93.00965457670127
2021-03-11 11:13:00,4506.48,93.72281692141097
2021-03-11 11:14:00,4480.5,93.33556522709519
2021-03-11 11:15:00,4460.49,94.22507392685556
2021-03-11 11:16:00,4516.16,93.39350244455467
2021-03-11 11:17:00,4457.879999999999,93.35379148833081
2021-03-11 11:18:00,4296.530000000001,94.0852269156738
2021-03-11 11:19:00,4450.919999999999,94.2187233201226
2021-03-11 11:20:00,4463.1,93.2334027917815
2021-03-11 11:21:00,4443.09,93.46198253917882
2021-03-11 11:22:00,4461.36,93.28321408718419
2021-03-11 11:23:00,4413.52,93.3857782450289
2021-03-11 11:24:00,4376.27,94.00014167316002
2021-03-11 11:25:00,4346.05,93.78631170833285
2021-03-11 11:26:00,4336.0,93.61854243542436
2021-03-11 11:27:00,4269.78,93.14999836057129
2021-03-11 11:28:00,4256.24,94.94060485310979
2021-03-11 11:29:00,4315.08,93.48146500180762
2021-03-11 11:30:00,4295.76,94.56068309216529
2021-03-11 11:31:00,4308.360000000001,93.37195591826124
2021-03-11 11:32:00,4262.050000000001,93.4691052427822
2021-03-11 11:33:00,4289.88,93.12148591568995
2021-03-11 11:34:00,4292.400000000001,94.07091603764792
2021-03-11 11:35:00,4284.0,94.04761904761905
2021-03-11 11:36:00,4284.84,93.58575816133158
2021-03-11 11:37:00,4279.8,92.57441936539091
2021-03-11 11:38:00,4283.16,92.7539480196864
2021-03-11 11:39:00,4034.5299999999997,92.73199108694197
2021-03-11 11:40:00,4149.63,93.86379026563813
2021-03-11 11:41:00,4335.0,93.30795847750866
2021-03-11 11:42:00,4350.3,93.08553433096569
2021-03-11 11:43:00,4320.12,92.80529244558022
2021-03-11 11:44:00,4367.299999999999,94.33975224967374
2021-03-11 11:45:00,4404.92,92.94379920634199
2021-03-11 11:46:00,4402.34,93.0686861987034
2021-03-11 11:47:00,4391.889999999999,94.5128407132237
2021-03-11 11:48:00,4414.379999999999,93.24978819222632
2021-03-11 11:49:00,4377.04,93.85338036664047
2021-03-11 11:50:00,4377.5,93.93032552826956
2021-03-11 11:51:00,4383.16,93.40977742085619
2021-03-11 11:52:00,4385.639999999999,92.97388750558643
2021-03-11 11:53:00,4385.639999999999,92.97388750558643
2021-03-11 11:54:00,4354.9800000000005,93.50904022521343
2021-03-11 11:55:00,4373.25,93.87983764934546
2021-03-11 11:56:00,4408.360000000001,92.67845638740935
2021-03-11 11:57:00,4356.25,94.10616929698709
2021-03-11 11:58:00,4324.210000000001,93.82523050453145
2021-03-11 11:59:00,4306.68,93.65683078380562
2021-03-11 12:00:00,4339.400000000001,92.98520532792551
2021-03-11 12:01:00,4292.5,92.81770529994175
2021-03-11 12:02:00,4223.04,94.01757975297417
2021-03-11 12:03:00,4269.72,94.63618223209015
2021-03-11 12:04:00,4349.56,93.31518590386153
2021-03-11 12:05:00,4357.95,93.51644695326932
2021-03-11 12:06:00,4359.65,93.4157558519606
2021-03-11 12:07:00,4384.8099999999995,93.00973132245184
2021-03-11 12:08:00,3424.38,60.06634777682384
2021-03-11 12:09:00,4388.31,93.94049189779207
2021-03-11 12:10:00,4367.3,94.13367526847252
2021-03-11 12:11:00,4376.65,93.63325831400729
2021-03-11 12:12:00,4360.5,94.32633872262356
2021-03-11 12:13:00,4368.59,93.7350495239883
2021-03-11 12:14:00,4376.26,93.73986006315896
2021-03-11 12:15:00,4379.76,93.3886788317168
2021-03-11 12:16:00,4433.54,92.54681360718524
2021-03-11 12:17:00,3674.88,92.46832549634273
2021-03-11 12:18:00,4272.84,94.51091077597101
2021-03-11 12:19:00,4261.530000000001,93.96155840742642
2021-03-11 12:20:00,4206.6,93.43888175723862
2021-03-11 12:21:00,4414.38,93.25205351600904
2021-03-11 12:22:00,4367.3,93.57726741922927
2021-03-11 12:23:00,4357.1,93.68616740492529
2021-03-11 12:24:00,4357.31,93.55083755803464
2021-03-11 12:25:00,4389.44,92.72253408179631
2021-03-11 12:26:00,4382.56,93.50927311890767
2021-03-11 12:27:00,3639.34,95.25078723065171
2021-03-11 12:28:00,4301.37,93.42604798006217
2021-03-11 12:29:00,3566.7300000000005,95.3422322407359
2021-03-11 12:30:00,4136.58,92.08089774644755
2021-03-11 12:31:00,4355.4400000000005,93.4945723049795
2021-03-11 12:32:00,4314.24,92.61190847055335
2021-03-11 12:33:00,4264.54,93.38639102927866
2021-03-11 12:34:00,4260.39,93.87872941209606
2021-03-11 12:35:00,4253.29,93.1913883135173
2021-03-11 12:36:00,4220.54,94.18936913285978
2021-03-11 12:37:00,4209.15,93.45354762838103
2021-03-11 12:38:00,4190.9400000000005,93.08890129660648
2021-03-11 12:39:00,4185.27,93.61642140172557
2021-03-11 12:40:00,4139.2,93.98192887514496
2021-03-11 12:41:00,4159.93,93.47993836434748
2021-03-11 12:42:00,4241.04,94.08777092411296
2021-03-11 12:43:00,4257.900000000001,93.9195378003241
2021-03-11 12:44:00,3915.51,93.52549220918857
2021-03-11 12:45:00,4213.18,94.27083580573343
2021-03-11 12:46:00,4232.0199999999995,93.88188146558855
2021-03-11 12:47:00,4200.08,94.28868021561495
2021-03-11 12:48:00,4222.179999999999,93.56540933830392
2021-03-11 12:49:00,4181.22,94.3791524961614
2021-03-11 12:50:00,4187.91,93.1634156416924
2021-03-11 12:51:00,4149.63,94.1674317951239
2021-03-11 12:52:00,4158.49,93.39688204131788
2021-03-11 12:53:00,4168.26,93.63859260218892
2021-03-11 12:54:00,4162.589999999999,93.55473395169837
2021-03-11 12:55:00,4191.15,93.06276320341674
2021-03-11 12:56:00,4165.83,93.64280347493778
2021-03-11 12:57:00,4163.4,93.12340875246193
2021-03-11 12:58:00,4147.81,93.0032957150882
2021-03-11 12:59:00,4175.55,92.54110236974769
2021-03-11 13:00:00,4141.42,93.40998981025832
2021-03-11 13:01:00,4140.62,93.35075423487305
2021-03-11 13:02:00,4112.799999999999,93.88737599688778
2021-03-11 13:03:00,4103.52,92.6984637579444
2021-03-11 13:04:00,4010.76,93.3688378262474
2021-03-11 13:05:00,3995.7,92.87233776309533
2021-03-11 13:06:00,4024.0199999999995,93.57060849598165
2021-03-11 13:07:00,4019.34,93.40090661650918
2021-03-11 13:08:00,3970.8900000000003,94.1577329011884
2021-03-11 13:09:00,4042.4400000000005,93.4633538160121
2021-03-11 13:10:00,4073.2400000000002,93.28200646168652
2021-03-11 13:11:00,4024.7999999999997,93.03567879149274
2021-03-11 13:12:00,3971.66,92.48777589219623
2021-03-11 13:13:00,3782.13,93.14856972129462
2021-03-11 13:14:00,3718.8,93.96310637840163
2021-03-11 13:15:00,3785.78,94.06515962364426
2021-03-11 13:16:00,3779.21,93.76562826622494
2021-03-11 13:17:00,3775.5599999999995,93.76357414529237
2021-03-11 13:18:00,3750.34,92.36762533530293
2021-03-11 13:19:00,3651.12,93.34122132386776
2021-03-11 13:20:00,3633.4600000000005,93.72884248072084
2021-03-11 13:21:00,3578.34,93.8899042572813
2021-03-11 13:22:00,3486.68,93.36675576766437
2021-03-11 13:23:00,3327.57,93.0438728561683
2021-03-11 13:24:00,3347.2000000000007,92.83879063097513
2021-03-11 13:25:00,3362.5600000000004,93.39610296916634
2021-03-11 13:26:00,3358.7200000000003,94.05666444359755
2021-03-11 13:27:00,3463.68,93.31693458980044
2021-03-11 13:28:00,3523.5300000000007,93.85190419834653
2021-03-11 13:29:00,3564.56,92.95396907332182
2021-03-11 13:30:00,3558.44,92.63609896471488
2021-03-11 13:31:00,3529.5299999999997,93.30137440395747
2021-03-11 13:32:00,3621.8100000000004,93.17440727150236
2021-03-11 13:33:00,3570.7000000000003,96.2472344358249
2021-03-11 13:34:00,3599.7,96.1857932605495
2021-03-11 13:35:00,3614.6099999999997,96.36170983868246
2021-03-11 13:36:00,3541.5,96.07510941691373
2021-03-11 13:37:00,3594.73,96.57748982538327
2021-03-11 13:38:00,3665.0199999999995,95.43467702768335
2021-03-11 13:39:00,3632.8199999999997,94.77761078170678
2021-03-11 13:40:00,3668.5699999999997,95.91748283391077
2021-03-11 13:41:00,3669.12,94.93284493284493
2021-03-11 13:42:00,3694.3199999999997,94.9322202732844
2021-03-11 13:43:00,3690.7200000000003,94.26886894698052
2021-03-11 13:44:00,3630.2299999999996,95.64407764797272
2021-03-11 13:45:00,3502.24,96.12990543195212
2021-03-11 13:46:00,2606.16,95.39322221199006
2021-03-11 13:47:00,3610.6000000000004,94.80695729241675
2021-03-11 13:48:00,3593.8,95.51171461962268
2021-03-11 13:49:00,3638.04,94.76256445778496
2021-03-11 13:50:00,3606.4000000000005,96.6420807453416
2021-03-11 13:51:00,3526.59,94.96709285740616
2021-03-11 13:52:00,3196.41,94.7375336705867
2021-03-11 13:53:00,3489.17,95.77922543183622
2021-03-11 13:54:00,3442.46,96.1056918598909
2021-03-11 13:55:00,3332.55,96.1365920991433
2021-03-11 13:56:00,3048.0,95.03280839895012
2021-03-11 13:57:00,3357.2599999999998,95.265186491365
2021-03-11 13:58:00,3499.6800000000003,97.0031545741325
2021-03-11 13:59:00,3482.4300000000003,96.11392045209809
2021-03-11 14:00:00,3458.48,96.40651384423215
2021-03-11 14:01:00,3424.37,96.83533029433151
2021-03-11 14:02:00,3362.0399999999995,96.09046888198833
2021-03-11 14:03:00,3327.3500000000004,96.67453078275503
2021-03-11 14:04:00,3312.4,96.08139113633618
2021-03-11 14:05:00,3316.3,96.73431233603715
2021-03-11 14:06:00,3391.74,96.05983949241393
2021-03-11 14:07:00,3390.42,96.18572330271765
2021-03-11 14:08:00,3368.6400000000003,95.64987650802696
2021-03-11 14:09:00,3284.46,96.51814910213551
2021-03-11 14:10:00,3323.7700000000004,94.29954539574037
2021-03-11 14:11:00,3344.9,95.4408203533738
2021-03-11 14:12:00,3296.6400000000003,95.1635604736944
2021-03-11 14:13:00,3269.9700000000003,95.91525304513496
2021-03-11 14:14:00,3258.36,95.89793638517536
2021-03-11 14:15:00,3266.55,95.66974330715891
2021-03-11 14:16:00,3277.8900000000003,95.54927102495812
2021-03-11 14:17:00,3209.7400000000002,95.3753263504209
2021-03-11 14:18:00,3207.2200000000003,95.58433783775357
2021-03-11 14:19:00,3101.4,96.26942671051782
2021-03-11 14:20:00,3084.0,96.06679636835278
2021-03-11 14:21:00,3116.9300000000003,95.74164321944988
2021-03-11 14:22:00,3070.8,95.77634492640354
2021-03-11 14:23:00,3060.5200000000004,96.68618404715536
2021-03-11 14:24:00,2970.7599999999998,96.47699578559022
2021-03-11 14:25:00,2974.26,95.77844573103896
2021-03-11 14:26:00,2992.5,94.22556390977444
2021-03-11 14:27:00,2985.66,95.12804539029896
2021-03-11 14:28:00,2994.21,94.28530396999541
2021-03-11 14:29:00,2978.8199999999997,95.13162930287834
2021-03-11 14:30:00,2997.63,94.85827136771383
2021-03-11 14:31:00,2922.6399999999994,94.75679522623383
2021-03-11 14:32:00,2787.7999999999997,95.06062127842743
2021-03-11 14:33:00,2789.39,94.09225672996605
2021-03-11 14:34:00,2767.66,94.56725175780262
2021-03-11 14:35:00,2683.2,95.3861061419201
2021-03-11 14:36:00,2530.8500000000004,95.49756010826401
2021-03-11 14:37:00,2550.9399999999996,96.07438826471812
2021-03-11 14:38:00,2662.2,94.29794906468335
2021-03-11 14:39:00,2598.5,95.54358283625167
2021-03-11 14:40:00,2627.0,95.0628092881614
2021-03-11 14:41:00,2725.84,94.76344906524227
2021-03-11 14:42:00,2668.3199999999997,94.12664148228099
2021-03-11 14:43:00,2498.88,94.43830836214624
2021-03-11 14:44:00,2511.68,95.78449484010704
2021-03-11 14:45:00,2669.34,95.45805330156517
2021-03-11 14:46:00,2749.24,96.43756092592864
2021-03-11 14:47:00,2787.8,95.3547600258268
2021-03-11 14:48:00,2735.7200000000003,93.3757840714693
2021-03-11 14:49:00,2569.08,94.90946175284537
2021-03-11 14:50:00,2618.0,95.52330022918258
2021-03-11 14:51:00,2693.3099999999995,95.14686389609813
2021-03-11 14:52:00,2692.7999999999997,95.48054070112894
2021-03-11 14:53:00,2699.94,93.38355667162975
2021-03-11 14:54:00,2709.12,95.60669147176944
2021-03-11 14:55:00,2668.71,95.70916285396315
2021-03-11 14:56:00,2650.5,94.20109413318242
2021-03-11 14:57:00,2681.0699999999997,94.95462632456446
2021-03-11 14:58:00,2631.0,95.50741163055872
2021-03-11 14:59:00,2650.0,95.38490566037736
2021-03-11 15:00:00,2576.91,96.15392078109053
2021-03-11 15:01:00,2595.5300000000007,95.73381929702217
2021-03-11 15:02:00,2594.0600000000004,94.44268829556755
2021-03-11 15:03:00,2526.72,96.60350177304966
2021-03-11 15:04:00,2593.57,93.99013714686704
2021-03-11 15:05:00,2562.7200000000003,94.86795280014982
2021-03-11 15:06:00,2502.75,95.54689841174708
2021-03-11 15:07:00,2524.13,94.2859519913792
2021-03-11 15:08:00,2493.82,94.59784587500299
2021-03-11 15:09:00,2505.3199999999997,93.57287691791869
2021-03-11 15:10:00,2473.61,96.30863393986925
2021-03-11 15:11:00,2476.9,94.45274334854051
2021-03-11 15:12:00,2450.88,95.57383470426949
2021-03-11 15:13:00,2378.25,95.29275727951226
2021-03-11 15:14:00,2339.04,94.20103974280048
2021-03-11 15:15:00,2243.2200000000003,95.01074348481201
2021-03-11 15:16:00,2280.7200000000003,93.7335578238451
2021-03-11 15:17:00,2231.04,93.56622920252438
2021-03-11 15:18:00,2290.61,93.92257957487307
2021-03-11 15:19:00,2294.91,92.93610642683157
2021-03-11 15:20:00,2217.6,94.854797979798
2021-03-11 15:21:00,2140.0,93.45794392523365
2021-03-11 15:22:00,2172.18,94.55938273992027
2021-03-11 15:23:00,2173.0,93.91164289001381
2021-03-11 15:24:00,2122.4,93.55446664153787
2021-03-11 15:25:00,2138.8,93.35608752571535
2021-03-11 15:26:00,2093.91,96.12160981130995
2021-03-11 15:27:00,2104.44,96.50073178612837
2021-03-11 15:28:00,2133.6,93.21334833145856
2021-03-11 15:29:00,2120.4,95.74136955291453
2021-03-11 15:30:00,2136.0,93.74531835205993
2021-03-11 15:31:00,2159.2,93.14560948499445
2021-03-11 15:32:00,2140.4,94.98691833302185
2021-03-11 15:33:00,2133.2,92.9401837614851
2021-03-11 15:34:00,2089.23,94.80047673066153
2021-03-11 15:35:00,1980.24,94.33705005453884
2021-03-11 15:36:00,1823.76,95.00701846734219
2021-03-11 15:37:00,1054.4,90.99962063732929
2021-03-11 15:38:00,630.1199999999999,82.74614359169684
2021-03-11 15:39:00,1187.4099999999999,88.60461003360255
2021-03-11 15:40:00,1296.96,90.81236121391562
2021-03-11 15:41:00,1057.79,89.05359286814964
2021-03-11 15:42:00,739.6199999999999,83.51585949541659
2021-03-11 15:43:00,596.4100000000001,83.46607199745141
2021-03-11 15:44:00,969.4800000000001,86.97446053554482
2021-03-11 15:45:00,1591.52,94.32492208706142
2021-03-11 15:46:00,1534.12,94.77746199775768
2021-03-11 15:47:00,1644.9,93.15459906377286
2021-03-11 15:48:00,1757.7600000000002,92.9819770617149
2021-03-11 15:49:00,1892.2399999999998,93.45537563945379
2021-03-11 15:50:00,1892.95,94.26028157109273
2021-03-11 15:51:00,1777.46,92.36776073723178
2021-03-11 15:52:00,1849.6,93.96085640138409
2021-03-11 15:53:00,1277.28,90.30909432544156
2021-03-11 15:54:00,1003.5799999999999,91.25331313896253
2021-03-11 15:55:00,735.6999999999999,85.71428571428572
2021-03-11 15:56:00,713.74,84.4144926724017
2021-03-11 15:57:00,956.6300000000001,91.64462749443358
2021-03-11 15:58:00,660.37,88.31412692884292
2021-03-11 15:59:00,571.89,87.46437251919076
2021-03-11 16:00:00,544.86,80.11232243145028
2021-03-11 16:01:00,308.77,66.03620818084659
2021-03-11 16:02:00,64.43,-46.251746081018155
2021-03-11 16:03:00,65.06,-48.570550261297264
2021-03-11 16:04:00,183.35999999999999,41.66666666666667
2021-03-11 16:05:00,1136.65,89.13913693749174
2021-03-11 16:06:00,1316.5,90.36080516521078
2021-03-11 16:07:00,1332.5,90.4390243902439
2021-03-11 16:08:00,1357.81,91.02157150116733
2021-03-11 16:09:00,1274.4299999999998,92.57471967860143
2021-03-11 16:10:00,1383.25,91.1259714440629
2021-03-11 16:11:00,1381.75,90.33472046318074
2021-03-11 16:12:00,1380.25,89.80257199782649
2021-03-11 16:13:00,1262.9299999999998,90.13959601878175
2021-03-11 16:14:00,690.1700000000001,88.29708622513293
2021-03-11 16:15:00,528.5,83.48155156102176
2021-03-11 16:16:00,784.65,86.25501816096349
2021-03-11 16:17:00,883.6800000000001,86.55848270867281
2021-03-11 16:18:00,878.4000000000001,84.87021857923497
2021-03-11 16:19:00,763.28,86.44272088879572
2021-03-11 16:20:00,705.6400000000001,81.14619352644407
2021-03-11 16:21:00,648.72,82.59341472438031
2021-03-11 16:22:00,615.45,81.61507839792021
2021-03-11 16:23:00,619.88,82.30625282312705
2021-03-11 16:24:00,616.88,80.95577746077034
2021-03-11 16:25:00,500.84000000000003,79.62622793706574
2021-03-11 16:26:00,481.23,79.75396380109304
2021-03-11 16:27:00,534.4,77.86302395209582
2021-03-11 16:28:00,392.81000000000006,69.98294340775438
2021-03-11 16:29:00,368.96999999999997,75.83272352765809
2021-03-11 16:30:00,395.17999999999995,78.11630143225872
2021-03-11 16:31:00,424.40000000000003,74.17530631479737
2021-03-11 16:32:00,537.2,76.39612807148175
2021-03-11 16:33:00,712.6600000000001,86.0298038335251
2021-03-11 16:34:00,505.25,80.1583374567046
2021-03-11 16:35:00,425.44000000000005,70.49172621286196
2021-03-11 16:36:00,398.82,71.05962589639437
2021-03-11 16:37:00,378.2099999999999,69.64384865550886
2021-03-11 16:38:00,62.120000000000005,-47.00579523502898
2021-03-11 16:39:00,61.800000000000004,-43.689320388349515
2021-03-11 16:40:00,62.53,-56.45290260674876
2021-03-11 16:41:00,385.07,64.97519931441037
2021-03-11 16:42:00,474.75000000000006,73.17535545023695
2021-03-11 16:43:00,472.86,77.54938036628177
2021-03-11 16:44:00,478.62,76.28181020433748
2021-03-11 16:45:00,550.6,79.47693425354159
2021-03-11 16:46:00,637.32,82.09376765204293
2021-03-11 16:47:00,549.0,79.48998178506375
2021-03-11 16:48:00,613.25,77.06481858948227
2021-03-11 16:49:00,551.9000000000001,81.95325240079724
2021-03-11 16:50:00,432.56,77.37654891806916
2021-03-11 16:51:00,376.39,61.95701267302531
2021-03-11 16:52:00,344.67999999999995,67.42485783915517
2021-03-11 16:53:00,344.42999999999995,65.73178875243157
2021-03-11 16:54:00,344.51,63.77173376679922
2021-03-11 16:55:00,345.16999999999996,65.85160935191357
2021-03-11 16:56:00,374.98999999999995,62.66833782234193
2021-03-11 16:57:00,340.9599999999999,61.26818395119664
2021-03-11 16:58:00,313.5,64.68899521531101
2021-03-11 16:59:00,346.06999999999994,66.1715837836276
2021-03-11 17:00:00,350.83,75.36413647635607
2021-03-11 17:01:00,349.15999999999997,66.81750486882805
2021-03-11 17:02:00,318.06,64.51612903225806
2021-03-11 17:03:00,259.6,64.94607087827427
2021-03-11 17:04:00,259.8,55.42725173210161
2021-03-11 17:05:00,262.65,53.68360936607653
2021-03-11 17:06:00,231.98000000000002,61.64324510733683
2021-03-11 17:07:00,226.74,55.482049925024256
2021-03-11 17:08:00,206.44000000000003,62.29412904475876
2021-03-11 17:09:00,209.20000000000005,50.19120458891012
2021-03-11 17:10:00,209.76000000000002,39.569031273836764
2021-03-11 17:11:00,206.52,29.39182645748596
2021-03-11 17:12:00,178.01,42.2448177068704
2021-03-11 17:13:00,151.01999999999998,11.985167527479806
2021-03-11 17:14:00,152.37,9.581938701844194
2021-03-11 17:15:00,153.78,16.452074391988557
2021-03-11 17:16:00,152.88,14.455782312925173
2021-03-11 17:17:00,125.86999999999999,14.459362834670692
2021-03-11 17:18:00,125.47,9.643739539332111
2021-03-11 17:19:00,125.41000000000001,22.964675863168804
2021-03-11 17:20:00,125.16999999999999,14.300551250299593
2021-03-11 17:21:00,125.06,21.189828882136574
2021-03-11 17:22:00,101.04,20.58590657165479
2021-03-11 17:23:00,102.82000000000002,10.698307722233027
2021-03-11 17:24:00,102.48,-1.9516003122560501
2021-03-11 17:25:00,101.64000000000001,-20.956316410861863
2021-03-11 17:26:00,101.96000000000001,-11.377010592389171
2021-03-11 17:27:00,102.48,-28.005464480874316
2021-03-11 17:28:00,102.82000000000002,-29.6634895934643
2021-03-11 17:29:00,75.06,-27.977617905675462
2021-03-11 17:30:00,72.57000000000001,-31.831335262505167
2021-03-11 17:31:00,72.98,-26.856673061112634
2021-03-11 17:32:00,70.88000000000001,-25.112866817155755
2021-03-11 17:33:00,64.79,-27.782065133508254
2021-03-11 17:34:00,42.56,-82.94172932330825
2021-03-11 17:35:00,39.870000000000005,-52.67118133935289
2021-03-11 17:36:00,37.63,-69.62529896359287
2021-03-11 17:37:00,36.21,-112.95222314277824
2021-03-11 17:38:00,34.080000000000005,-33.450704225352105
2021-03-11 17:39:00,31.320000000000004,-151.9795657726692
2021-03-11 17:40:00,29.300000000000004,-78.839590443686
2021-03-11 17:41:00,25.86,-129.1569992266048
2021-03-11 17:42:00,26.25,-111.23809523809523
2021-03-11 17:43:00,24.869999999999997,-110.57498994772821
2021-03-11 17:44:00,23.84,-93.12080536912751
2021-03-11 17:45:00,8.370000000000001,0.0
2021-03-11 17:46:00,22.47,-208.27770360480642
2021-03-11 17:47:00,23.580000000000002,-154.7921967769296
2021-03-11 17:48:00,20.48,-51.26953125
2021-03-11 17:49:00,22.360000000000003,-241.50268336314844
2021-03-11 17:50:00,8.01,0.0
2021-03-11 17:51:00,8.770000000000001,0.0
2021-03-11 17:52:00,10.340000000000002,-34.81624758220502
2021-03-11 17:53:00,10.600000000000001,-275.4716981132075
2021-03-11 17:54:00,6.0200000000000005,0.0
2021-03-11 17:55:00,4.920000000000001,0.0
2021-03-11 17:56:00,1.51,0.0
2021-03-11 17:57:00,2.47,0.0
2021-03-11 17:58:00,2.67,0.0
2021-03-11 17:59:00,3.14,0.0
2021-03-11 18:00:00,3.9299999999999997,0.0
2021-03-12 05:00:00,1.6800000000000002,0.0
2021-03-12 05:01:00,1.8399999999999999,0.0
2021-03-12 05:02:00,2.07,0.0
2021-03-12 05:03:00,2.42,0.0
2021-03-12 05:04:00,2.9600000000000004,0.0
2021-03-12 05:05:00,3.7100000000000004,0.0
2021-03-12 05:06:00,4.04,0.0
2021-03-12 05:07:00,4.11,0.0
2021-03-12 05:08:00,4.14,0.0
2021-03-12 05:09:00,4.18,0.0
2021-03-12 05:10:00,4.170000000000001,0.0
2021-03-12 05:11:00,4.2,0.0
2021-03-12 05:12:00,4.2299999999999995,0.0
2021-03-12 05:13:00,4.260000000000001,0.0
2021-03-12 05:14:00,4.29,0.0
2021-03-12 05:15:00,4.3100000000000005,0.0
2021-03-12 05:16:00,4.3500000000000005,0.0
2021-03-12 05:17:00,4.5,0.0
2021-03-12 05:18:00,5.13,0.0
2021-03-12 05:19:00,5.73,0.0
2021-03-12 05:20:00,14.34,-148.5355648535565
2021-03-12 05:21:00,16.05,-123.98753894080996
2021-03-12 05:22:00,18.080000000000005,-91.26106194690263
2021-03-12 05:23:00,20.130000000000003,-73.52210630899155
2021-03-12 05:24:00,22.050000000000004,-87.5283446712018
2021-03-12 05:25:00,23.86,-80.4694048616932
2021-03-12 05:26:00,23.3,-73.81974248927038
2021-03-12 05:27:00,25.53,-65.80493537015276
2021-03-12 05:28:00,46.56,-51.546391752577314
2021-03-12 05:29:00,50.660000000000004,-33.95183576786419
2021-03-12 05:30:00,50.93000000000001,-39.46593363440015
2021-03-12 05:31:00,52.81,-39.38647983336489
2021-03-12 05:32:00,53.74000000000001,-42.61257908448082
2021-03-12 05:33:00,53.5,-43.925233644859816
2021-03-12 05:34:00,55.35000000000001,-34.68834688346883
2021-03-12 05:35:00,55.84,-25.96704871060172
2021-03-12 05:36:00,55.07000000000001,-44.67041946613401
2021-03-12 05:37:00,56.38,-32.10358283079106
2021-03-12 05:38:00,55.830000000000005,-37.79330109260254
2021-03-12 05:39:00,57.17,-36.73255203778205
2021-03-12 05:40:00,57.47,-37.758830694275275
2021-03-12 05:41:00,56.86000000000001,-41.857193105874074
2021-03-12 05:42:00,57.800000000000004,-31.487889273356394
2021-03-12 05:43:00,57.980000000000004,-38.46153846153846
2021-03-12 05:44:00,57.06,-28.916929547844372
2021-03-12 05:45:00,58.52000000000001,-30.75871496924128
2021-03-12 05:46:00,57.42,-33.089515848136536
2021-03-12 05:47:00,58.84,-38.919102651257646
2021-03-12 05:48:00,58.86,-44.512402310567445
2021-03-12 05:49:00,57.650000000000006,-31.222896790980048
2021-03-12 05:50:00,59.010000000000005,-32.197932553804435
2021-03-12 05:51:00,59.16000000000001,-26.031102096010816
2021-03-12 05:52:00,57.38,-32.93830602997559
2021-03-12 05:53:00,99.24000000000001,-10.882708585247885
2021-03-12 05:54:00,99.53999999999999,0.6027727546714888
2021-03-12 05:55:00,99.92,40.732586068855085
2021-03-12 05:56:00,103.78,25.631142802081325
2021-03-12 05:57:00,103.64,37.919722115013506
2021-03-12 05:58:00,104.7,24.355300859598852
2021-03-12 05:59:00,105.02,0.5713197486193107
2021-03-12 06:00:00,104.02000000000001,21.822726398769465
2021-03-12 06:01:00,103.54000000000002,27.718756036314463
2021-03-12 06:02:00,103.72000000000001,23.139220979560353
2021-03-12 06:03:00,126.95,29.224103977944072
2021-03-12 06:04:00,105.1,27.687916270218842
2021-03-12 06:05:00,104.86000000000001,42.05607476635513
2021-03-12 06:06:00,129.38,18.85917452465605
2021-03-12 06:07:00,127.69999999999999,4.776820673453407
2021-03-12 06:08:00,127.59,22.493925856258326
2021-03-12 06:09:00,129.54000000000002,23.853635942565997
2021-03-12 06:10:00,128.0,22.5
2021-03-12 06:11:00,128.51,33.46043109485643
2021-03-12 06:12:00,156.20999999999998,13.571474297420142
2021-03-12 06:13:00,183.25,35.470668485675304
2021-03-12 06:14:00,215.68,50.816023738872396
2021-03-12 06:15:00,271.65,53.635192343088534
2021-03-12 06:16:00,356.9,70.66405155505744
2021-03-12 06:17:00,473.12,84.43946567467027
2021-03-12 06:18:00,620.8400000000001,79.74679466529217
2021-03-12 06:19:00,738.01,81.71975989485237
2021-03-12 06:20:00,736.58,79.2581932716066
2021-03-12 06:21:00,764.51,85.59731069573975
2021-03-12 06:22:00,702.45,82.8101644245142
2021-03-12 06:23:00,601.0400000000001,85.45188340210301
2021-03-12 06:24:00,576.85,81.13027650169022
2021-03-12 06:25:00,583.0,80.54888507718697
2021-03-12 06:26:00,521.26,81.49483942754097
2021-03-12 06:27:00,525.9000000000001,80.37649743297203
2021-03-12 06:28:00,566.7,79.90118228339509
2021-03-12 06:29:00,652.35,82.27178661761326
2021-03-12 06:30:00,684.72,80.42703586867626
2021-03-12 06:31:00,931.78,85.71765867479448
2021-03-12 06:32:00,915.6800000000001,86.05626419709942
2021-03-12 06:33:00,1111.19,88.30173057712902
2021-03-12 06:34:00,1268.0800000000002,91.01160810043528
2021-03-12 06:35:00,1552.83,91.98044860029752
2021-03-12 06:36:00,1120.39,86.53236819321842
2021-03-12 06:37:00,1269.87,89.55247387527858
2021-03-12 06:38:00,1181.04,90.04775452143873
2021-03-12 06:39:00,1220.3400000000001,88.80312044184407
2021-03-12 06:40:00,1092.74,89.17949374965683
2021-03-12 06:41:00,725.6600000000001,85.48080368216519
2021-03-12 06:42:00,690.85,83.46240138959253
2021-03-12 06:43:00,634.3699999999999,83.51592918958968
2021-03-12 06:44:00,993.96,87.93110386735884
2021-03-12 06:45:00,1278.51,88.33720502772759
2021-03-12 06:46:00,1364.01,90.07265342629452
2021-03-12 06:47:00,1439.1599999999999,89.5869812946441
2021-03-12 06:48:00,1523.97,89.48338878061904
2021-03-12 06:49:00,1428.06,92.21601333277314
2021-03-12 06:50:00,1369.02,90.70722122394122
2021-03-12 06:51:00,1394.87,88.7537906758336
2021-03-12 06:52:00,1452.19,90.49779987467204
2021-03-12 06:53:00,1501.0500000000002,93.40794776989439
2021-03-12 06:54:00,1354.32,90.42914525370666
2021-03-12 06:55:00,1178.31,88.8306133360491
2021-03-12 06:56:00,1118.6,91.32844627212589
2021-03-12 06:57:00,798.22,88.79757460349276
2021-03-12 06:58:00,589.3800000000001,82.0523261732668
2021-03-12 06:59:00,601.59,82.1489718911551
2021-03-12 07:00:00,827.6999999999999,88.00289960130483
2021-03-12 07:01:00,1526.3100000000002,90.09310035313925
2021-03-12 07:02:00,1729.5500000000002,92.54430343152842
2021-03-12 07:03:00,1779.21,91.77106693420113
2021-03-12 07:04:00,1775.0900000000001,91.96716786191121
2021-03-12 07:05:00,1283.6299999999999,90.57906094435315
2021-03-12 07:06:00,581.46,80.89980394180166
2021-03-12 07:07:00,539.0,78.27458256029685
2021-03-12 07:08:00,689.59,85.87711538740412
2021-03-12 07:09:00,859.3100000000002,85.0100662159174
2021-03-12 07:10:00,1327.13,90.20216557533925
2021-03-12 07:11:00,1845.7599999999998,91.45826109570042
2021-03-12 07:12:00,1934.2600000000002,92.49532120811058
2021-03-12 07:13:00,1689.0,92.40970988750739
2021-03-12 07:14:00,1970.5,92.1745749809693
2021-03-12 07:15:00,1993.27,91.57314362830927
2021-03-12 07:16:00,1988.6999999999998,93.24181626187963
2021-03-12 07:17:00,2011.3200000000002,92.10369309707058
2021-03-12 07:18:00,1903.3200000000002,91.55580774646405
2021-03-12 07:19:00,1536.67,93.4813590426051
2021-03-12 07:20:00,1784.0,89.07511210762331
2021-03-12 07:21:00,2016.0,92.8968253968254
2021-03-12 07:22:00,2034.2399999999998,93.32232184992922
2021-03-12 07:23:00,2032.7200000000003,92.54594828604037
2021-03-12 07:24:00,2029.0800000000002,93.33293906598064
2021-03-12 07:25:00,1753.44,92.34989506341819
2021-03-12 07:26:00,1234.65,90.19560199246749
2021-03-12 07:27:00,977.2200000000001,87.70798796586233
2021-03-12 07:28:00,1047.66,87.37567531451043
2021-03-12 07:29:00,868.48,86.53049005158438
2021-03-12 07:30:00,1178.25,86.83216634839806
2021-03-12 07:31:00,2328.5499999999997,92.22906959266497
2021-03-12 07:32:00,2277.14,93.05971525685729
2021-03-12 07:33:00,2824.2799999999997,92.48020734488082
2021-03-12 07:34:00,2762.5,93.96561085972851
2021-03-12 07:35:00,2594.8700000000003,93.04897740541914
2021-03-12 07:36:00,2530.46,92.8526829114074
2021-03-12 07:37:00,2530.0,93.24110671936758
2021-03-12 07:38:00,2587.62,94.24490458413523
2021-03-12 07:39:00,2569.02,92.3075725373878
2021-03-12 07:40:00,1570.48,94.13045693036524
2021-03-12 07:41:00,2088.47,90.89907923024991
2021-03-12 07:42:00,2222.0699999999997,92.66584761056134
2021-03-12 07:43:00,2196.8,92.61653313911143
2021-03-12 07:44:00,2657.13,93.28109652143478
2021-03-12 07:45:00,2498.02,94.45080503758977
2021-03-12 07:46:00,1992.3400000000001,91.04369736089222
2021-03-12 07:47:00,2643.3599999999997,91.78848132679622
2021-03-12 07:48:00,2676.4300000000003,93.0343778839723
2021-03-12 07:49:00,2642.3999999999996,93.13502876173177
2021-03-12 07:50:00,2657.09,92.73302748495534
2021-03-12 07:51:00,2256.73,92.5719957637821
2021-03-12 07:52:00,2549.23,92.85941245003393
2021-03-12 07:53:00,2851.9300000000003,93.76106706686348
2021-03-12 07:54:00,2727.37,94.20430671306057
2021-03-12 07:55:00,1235.33,89.34454761075989
2021-03-12 07:56:00,2854.1099999999997,92.44212731814822
2021-03-12 07:57:00,2989.38,93.9826987535877
2021-03-12 07:58:00,2926.99,93.75843443264242
2021-03-12 07:59:00,2860.12,92.60450610463896
2021-03-12 08:00:00,2780.0099999999998,94.0680069496153
2021-03-12 08:01:00,2760.7799999999997,92.8541933801317
2021-03-12 08:02:00,2614.5599999999995,93.7825102502907
2021-03-12 08:03:00,2790.7199999999993,92.61409242059399
2021-03-12 08:04:00,2849.08,92.87208502393756
2021-03-12 08:05:00,2858.6400000000003,92.75039879103349
2021-03-12 08:06:00,2803.66,94.41943744961942
2021-03-12 08:07:00,2802.05,93.3530807801431
2021-03-12 08:08:00,2830.36,92.99523735496544
2021-03-12 08:09:00,2857.08,94.50207904573901
2021-03-12 08:10:00,2906.21,94.5423764972249
2021-03-12 08:11:00,2940.84,94.41520109900571
2021-03-12 08:12:00,3106.5,92.02961532271044
2021-03-12 08:13:00,3124.7400000000002,91.88284465267509
2021-03-12 08:14:00,3097.76,93.07047673157378
2021-03-12 08:15:00,3089.4,92.39334498608144
2021-03-12 08:16:00,3095.1000000000004,93.85480275273818
2021-03-12 08:17:00,2959.92,94.3234952296008
2021-03-12 08:18:00,3197.2100000000005,94.56369772395306
2021-03-12 08:19:00,2825.6800000000003,93.64117663712804
2021-03-12 08:20:00,3151.71,93.1684704493751
2021-03-12 08:21:00,3101.74,93.09613313817407
2021-03-12 08:22:00,3105.2,93.50766456266906
2021-03-12 08:23:00,3202.5200000000004,93.48263242696376
2021-03-12 08:24:00,3297.05,92.26429687144568
2021-03-12 08:25:00,3290.95,93.59911271821207
2021-03-12 08:26:00,3305.8999999999996,92.99736834145016
2021-03-12 08:27:00,3330.02,93.6901279872193
2021-03-12 08:28:00,3430.4000000000005,93.9482276119403
2021-03-12 08:29:00,3472.95,94.21097337997956
2021-03-12 08:30:00,3512.5199999999995,95.07703870725292
2021-03-12 08:31:00,3558.37,93.30957713784683
2021-03-12 08:32:00,3559.62,94.16454565374957
2021-03-12 08:33:00,3445.5099999999998,95.3850083151696
2021-03-12 08:34:00,3488.49,94.63980117472029
2021-03-12 08:35:00,3450.8500000000004,94.2666299607343
2021-03-12 08:36:00,3451.66,93.30003534531211
2021-03-12 08:37:00,3177.7400000000002,92.1441024124063
2021-03-12 08:38:00,3329.4,93.32011773893194
2021-03-12 08:39:00,3398.4000000000005,93.03201506591336
2021-03-12 08:40:00,3381.21,93.40443214115656
2021-03-12 08:41:00,3367.35,93.41470295633064
2021-03-12 08:42:00,3354.75,93.49131828005068
2021-03-12 08:43:00,3379.8900000000003,93.84624943415318
2021-03-12 08:44:00,3383.8,93.93285655180566
2021-03-12 08:45:00,3371.76,94.35724962630792
2021-03-12 08:46:00,3380.49,93.87988131898038
2021-03-12 08:47:00,3389.3900000000003,93.43864235157358
2021-03-12 08:48:00,3439.53,94.10297337136177
2021-03-12 08:49:00,3526.38,93.50665555045117
2021-03-12 08:50:00,3638.0,92.63606377130291
2021-03-12 08:51:00,2676.34,93.22806519351053
2021-03-12 08:52:00,1648.46,92.98982080244592
2021-03-12 08:53:00,4104.0,93.77680311890838
2021-03-12 08:54:00,3977.5,93.42551854179762
2021-03-12 08:55:00,3142.7200000000003,95.82145402708481
2021-03-12 08:56:00,2145.6,89.9002609992543
2021-03-12 08:57:00,3960.25,92.60021463291459
2021-03-12 08:58:00,4113.549999999999,94.25192352104631
2021-03-12 08:59:00,3893.8199999999997,93.96941820628587
2021-03-12 09:00:00,3638.55,93.70765827046488
2021-03-12 09:01:00,3759.0,94.20058526203778
2021-03-12 09:02:00,1782.07,95.29928678446976
2021-03-12 09:03:00,2737.8,93.65914237709109
2021-03-12 09:04:00,975.1999999999999,87.46923707957343
2021-03-12 09:05:00,2269.87,92.7365884389855
2021-03-12 09:06:00,3263.7,91.98762141128168
2021-03-12 09:07:00,4225.76,93.37965241755329
2021-03-12 09:08:00,2851.27,93.06379262574221
2021-03-12 09:09:00,4235.1900000000005,92.70186225411373
2021-03-12 09:10:00,4082.12,94.49746700243992
2021-03-12 09:11:00,3585.17,95.38180895187676
2021-03-12 09:12:00,1214.3999999999999,89.93741765480897
2021-03-12 09:13:00,1630.19,89.25953416472926
2021-03-12 09:14:00,3729.9,91.55473337086785
2021-03-12 09:15:00,2459.0699999999997,95.3327884118793
2021-03-12 09:16:00,1415.81,92.46297172643222
2021-03-12 09:17:00,3810.4300000000003,93.14434328934004
2021-03-12 09:18:00,2129.79,93.77919888815329
2021-03-12 09:19:00,4659.26,92.31723492571781
2021-03-12 09:20:00,4567.9,94.29716062085423
2021-03-12 09:21:00,1581.6,95.3654527061204
2021-03-12 09:22:00,1062.1999999999998,86.94219544341934
2021-03-12 09:23:00,1157.73,87.87022880982612
2021-03-12 09:24:00,1585.4299999999998,88.79609948089792
2021-03-12 09:25:00,2638.58,92.13667957765162
2021-03-12 09:26:00,3048.64,93.37934292012177
2021-03-12 09:27:00,4738.52,93.7782261127947
2021-03-12 09:28:00,4428.92,93.83551746249648
2021-03-12 09:29:00,4496.52,93.58793022159358
2021-03-12 09:30:00,4384.539999999999,93.30055148316588
2021-03-12 09:31:00,4296.24,93.55855352587379
2021-03-12 09:32:00,1803.0900000000001,95.68019344569599
2021-03-12 09:33:00,1003.0099999999999,88.08486455768139
2021-03-12 09:34:00,2422.66,90.11582310353083
2021-03-12 09:35:00,4504.48,93.31598763897276
2021-03-12 09:36:00,4361.58,93.44549452262711
2021-03-12 09:37:00,3269.5999999999995,95.07279177881088
2021-03-12 09:38:00,1189.38,89.01276295212631
2021-03-12 09:39:00,4266.24,92.33657740774078
2021-03-12 09:40:00,4355.839999999999,94.09436526594183
2021-03-12 09:41:00,4163.76,94.94303225930409
2021-03-12 09:42:00,4134.78,93.17061609081983
2021-03-12 09:43:00,4134.790000000001,93.73873884768028
2021-03-12 09:44:00,4086.5999999999995,93.97543189937846
2021-03-12 09:45:00,4134.78,94.3121520371096
2021-03-12 09:46:00,4134.76,93.74667453491858
2021-03-12 09:47:00,4106.43,93.75540311170529
2021-03-12 09:48:00,4079.4600000000005,94.52476553269304
2021-03-12 09:49:00,4050.9700000000003,93.86147021577548
2021-03-12 09:50:00,4052.1000000000004,94.44732360998
2021-03-12 09:51:00,4062.7400000000002,94.55441401615657
2021-03-12 09:52:00,4111.379999999999,93.86142852278311
2021-03-12 09:53:00,4099.679999999999,94.43907817195489
2021-03-12 09:54:00,4127.75,93.44073647871116
2021-03-12 09:55:00,4150.66,92.6382792134263
2021-03-12 09:56:00,4109.56,93.90543026504052
2021-03-12 09:57:00,4148.29,93.26975693599049
2021-03-12 09:58:00,4154.610000000001,94.22063683474501
2021-03-12 09:59:00,4145.92,94.30235026242667
2021-03-12 10:00:00,4158.78,93.10663223349155
2021-03-12 10:01:00,4177.6,93.15635771734966
2021-03-12 10:02:00,4197.6,93.5868115113398
2021-03-12 10:03:00,4196.0,93.71544327931363
2021-03-12 10:04:00,4195.2,94.79405034324944
2021-03-12 10:05:00,4200.799999999999,93.45124738145117
2021-03-12 10:06:00,4203.2,93.98791397030834
2021-03-12 10:07:00,4212.69,93.77381198236758
2021-03-12 10:08:00,4224.05,93.81044258472319
2021-03-12 10:09:00,4253.3099999999995,94.157256348585
2021-03-12 10:10:00,4258.17,93.0517100068809
2021-03-12 10:11:00,4246.83,94.46339975934991
2021-03-12 10:12:00,4268.349999999999,93.70599880515891
2021-03-12 10:13:00,4252.5199999999995,93.77733673210238
2021-03-12 10:14:00,3697.3999999999996,93.24390111970574
2021-03-12 10:15:00,4326.790000000001,93.66759190993784
2021-03-12 10:16:00,4336.77,93.32060496636898
2021-03-12 10:17:00,4358.33,94.48573192025385
2021-03-12 10:18:00,4402.4400000000005,93.7729986098618
2021-03-12 10:19:00,4542.27,93.31457619208017
2021-03-12 10:20:00,2886.4,93.78810975609755
2021-03-12 10:21:00,4605.040000000001,92.55511352778693
2021-03-12 10:22:00,4628.89,93.67904616441523
2021-03-12 10:23:00,4547.49,93.94193280249105
2021-03-12 10:24:00,3898.5400000000004,93.9120799068369
2021-03-12 10:25:00,4501.24,94.42509175249486
2021-03-12 10:26:00,4507.469999999999,94.00173489784737
2021-03-12 10:27:00,4524.869999999999,94.49332246009278
2021-03-12 10:28:00,4366.45,95.43450629229696
2021-03-12 10:29:00,4327.35,94.15462118848717
2021-03-12 10:30:00,4681.95,93.76648618631127
2021-03-12 10:31:00,4660.2,94.04746577400113
2021-03-12 10:32:00,4740.759999999999,94.35196044516071
2021-03-12 10:33:00,4821.09,93.64272394831875
2021-03-12 10:34:00,4809.960000000001,93.07146005372184
2021-03-12 10:35:00,4129.32,94.11476950200034
2021-03-12 10:36:00,4880.73,93.90808342194713
2021-03-12 10:37:00,4036.6499999999996,95.23243283415704
2021-03-12 10:38:00,3969.5699999999997,92.3374572056923
2021-03-12 10:39:00,4758.24,93.23825616194223
2021-03-12 10:40:00,4613.160000000001,93.32648336498191
2021-03-12 10:41:00,4612.08,94.66444641029645
2021-03-12 10:42:00,2434.67,93.2652063729376
2021-03-12 10:43:00,4699.24,94.08329857593995
2021-03-12 10:44:00,4574.24,94.58401832872784
2021-03-12 10:45:00,4522.26,93.53287957791015
2021-03-12 10:46:00,4477.16,93.09696325349105
2021-03-12 10:47:00,4483.18,93.60989297775238
2021-03-12 10:48:00,4454.799999999999,93.56873484780463
2021-03-12 10:49:00,4413.2,94.60935375691109
2021-03-12 10:50:00,4408.95,93.775161886617
2021-03-12 10:51:00,4406.23,94.03049772708188
2021-03-12 10:52:00,4396.87,94.33528851205517
2021-03-12 10:53:00,4416.48,93.8122667825961
2021-03-12 10:54:00,4416.48,93.8122667825961
2021-03-12 10:55:00,4416.48,93.8122667825961
2021-03-12 10:56:00,4416.48,93.8122667825961
2021-03-12 10:57:00,4442.91,94.81848608231992
2021-03-12 10:58:00,4464.460000000001,93.29235786634888
2021-03-12 10:59:00,4464.26,92.99413564622132
2021-03-12 11:00:00,4444.48,94.54424364605084
2021-03-12 11:01:00,4463.4,93.31227315499395
2021-03-12 11:02:00,4492.679999999999,93.16265569771274
2021-03-12 11:03:00,4493.28,91.74589609372218
2021-03-12 11:04:00,4451.36,93.67474210129039
2021-03-12 11:05:00,4482.029999999999,93.13413787948767
2021-03-12 11:06:00,4450.5,95.18930457251993
2021-03-12 11:07:00,4431.58,93.76565468749295
2021-03-12 11:08:00,4434.16,94.25009471918018
2021-03-12 11:09:00,4462.11,93.59921651416035
2021-03-12 11:10:00,4467.449999999999,92.64793114640345
2021-03-12 11:11:00,4462.07,92.72826289143829
2021-03-12 11:12:00,4437.599999999999,94.41364701640526
2021-03-12 11:13:00,4489.2,93.80067718078945
2021-03-12 11:14:00,4464.26,94.60246491019788
2021-03-12 11:15:00,4502.249999999999,92.82914098506303
2021-03-12 11:16:00,4510.95,93.59447566477128
2021-03-12 11:17:00,4499.639999999999,93.02521979536142
2021-03-12 11:18:00,4508.339999999999,92.81243207034076
2021-03-12 11:19:00,4500.51,93.66271822526781
2021-03-12 11:20:00,4511.82,93.3547880899504
2021-03-12 11:21:00,4517.91,93.54546681983484
2021-03-12 11:22:00,4502.25,94.48831139985565
2021-03-12 11:23:00,4514.43,93.54447848344087
2021-03-12 11:24:00,4512.69,94.53341576753556
2021-03-12 11:25:00,4301.89,94.19580695926672
2021-03-12 11:26:00,4535.3099999999995,92.65739276918228
2021-03-12 11:27:00,4517.91,94.54592942311821
2021-03-12 11:28:00,4516.69,93.32940715435419
2021-03-12 11:29:00,4517.039999999999,94.04167330818413
2021-03-12 11:30:00,4567.200000000001,92.7526712208793
2021-03-12 11:31:00,4568.96,94.15052878554418
2021-03-12 11:32:00,4573.360000000001,93.93531233054033
2021-03-12 11:33:00,4571.6,93.67398722547902
2021-03-12 11:34:00,4587.4400000000005,93.80395165931324
2021-03-12 11:35:00,4576.0,93.37194055944056
2021-03-12 11:36:00,4570.11,92.54263026491705
2021-03-12 11:37:00,4511.82,93.99311142731759
2021-03-12 11:38:00,4514.429999999999,93.03500109648395
2021-03-12 11:39:00,4510.95,92.72104545605694
2021-03-12 11:40:00,4503.99,93.94781071894032
2021-03-12 11:41:00,4530.959999999999,94.37293641965502
2021-03-12 11:42:00,4534.44,94.02704633868792
2021-03-12 11:43:00,4514.43,93.19448966979219
2021-03-12 11:44:00,4524.87,93.9783905393967
2021-03-12 11:45:00,4498.77,94.5569566792701
2021-03-12 11:46:00,4516.17,93.10544111492703
2021-03-12 11:47:00,4491.8,93.78645531858052
2021-03-12 11:48:00,4504.86,93.51455983093815
2021-03-12 11:49:00,4518.780000000001,93.64695780719573
2021-03-12 11:50:00,4491.8099999999995,94.5520847943257
2021-03-12 11:51:00,4531.12,93.61040978830843
2021-03-12 11:52:00,4522.47,94.53241259754071
2021-03-12 11:53:00,4536.400000000001,93.82109161449608
2021-03-12 11:54:00,4499.639999999999,94.74091260634185
2021-03-12 11:55:00,4484.849999999999,93.46577923453407
2021-03-12 11:56:00,4491.8099999999995,94.01555275045027
2021-03-12 11:57:00,4481.26,94.00034811637798
2021-03-12 11:58:00,4504.86,93.87639127520056
2021-03-12 11:59:00,4440.18,94.54796877604062
2021-03-12 12:00:00,4435.299999999999,92.28462561720741
2021-03-12 12:01:00,4369.66,94.28651199406819
2021-03-12 12:02:00,4532.7,93.88223354733381
2021-03-12 12:03:00,4493.18,93.2925010794137
2021-03-12 12:04:00,4476.299999999999,94.3279047427563
2021-03-12 12:05:00,4464.26,93.48021844605825
2021-03-12 12:06:00,4475.009999999999,93.58638304718873
2021-03-12 12:07:00,4449.12,92.19351242492898
2021-03-12 12:08:00,4475.889999999999,92.9245356789376
2021-03-12 12:09:00,4475.59,93.44466316172839
2021-03-12 12:10:00,4496.82,92.66548360841662
2021-03-12 12:11:00,4518.4400000000005,92.9922716689831
2021-03-12 12:12:00,4563.68,92.88337482032043
2021-03-12 12:13:00,4551.280000000001,92.7914784412297
2021-03-12 12:14:00,4519.65,93.5337913333997
2021-03-12 12:15:00,4642.74,92.67372284469948
2021-03-12 12:16:00,4689.13,93.16440363137725
2021-03-12 12:17:00,4444.68,94.41399605820891
2021-03-12 12:18:00,4437.860000000001,93.46396686691332
2021-03-12 12:19:00,4201.039999999999,94.39329308933027
2021-03-12 12:20:00,4281.97,93.45698358465846
2021-03-12 12:21:00,4483.98,93.6600966106004
2021-03-12 12:22:00,4419.9,93.76908979841173
2021-03-12 12:23:00,4397.9,93.71518224607199
2021-03-12 12:24:00,4412.26,93.99264775874494
2021-03-12 12:25:00,4431.049999999999,93.85811489376108
2021-03-12 12:26:00,4496.67,93.24900426315475
2021-03-12 12:27:00,4393.56,93.57104489297973
2021-03-12 12:28:00,4370.52,94.68438538205979
2021-03-12 12:29:00,4383.960000000001,93.87631274007973
2021-03-12 12:30:00,4371.549999999999,93.45197927508552
2021-03-12 12:31:00,4416.6,93.84594484445049
2021-03-12 12:32:00,4409.8,93.85459658034378
2021-03-12 12:33:00,4437.0,93.38742393509129
2021-03-12 12:34:00,4450.5,94.39164138860802
2021-03-12 12:35:00,4427.62,93.34134365641134
2021-03-12 12:36:00,4401.299999999999,93.56326539885944
2021-03-12 12:37:00,4356.700000000001,93.45835150457913
2021-03-12 12:38:00,4367.16,93.25511316278772
2021-03-12 12:39:00,4335.92,93.70099079318807
2021-03-12 12:40:00,4350.860000000001,92.82762488335638
2021-03-12 12:41:00,4316.94,93.27903561318898
2021-03-12 12:42:00,4321.81,92.57463886658599
2021-03-12 12:43:00,4338.410000000001,93.46972738860548
2021-03-12 12:44:00,4323.47,93.57067355619444
2021-03-12 12:45:00,4297.62,93.52385739083493
2021-03-12 12:46:00,4270.68,93.96395890115859
2021-03-12 12:47:00,4276.299999999999,93.43357575474126
2021-03-12 12:48:00,4268.92,93.19921666369947
2021-03-12 12:49:00,4286.96,93.53947785843582
2021-03-12 12:50:00,4233.87,93.72512618479074
2021-03-12 12:51:00,4243.2,94.92364253393666
2021-03-12 12:52:00,4273.0199999999995,93.7018782968486
2021-03-12 12:53:00,4278.759999999999,93.84260860623174
2021-03-12 12:54:00,4315.72,94.4546912218587
2021-03-12 12:55:00,4335.92,93.76787394601376
2021-03-12 12:56:00,4291.0599999999995,93.7297544196539
2021-03-12 12:57:00,4275.48,93.81636681729304
2021-03-12 12:58:00,4241.969999999999,94.4655431320825
2021-03-12 12:59:00,4215.24,93.89975422514495
2021-03-12 13:00:00,4184.0,93.81931166347992
2021-03-12 13:01:00,4183.2,93.26113979728439
2021-03-12 13:02:00,4185.6,93.45135703363914
2021-03-12 13:03:00,4139.6,94.30379746835442
2021-03-12 13:04:00,4136.4400000000005,93.76903811006564
2021-03-12 13:05:00,4122.22,93.07363508012672
2021-03-12 13:06:00,4077.0599999999995,93.96722147822206
2021-03-12 13:07:00,4093.44,93.07330753595997
2021-03-12 13:08:00,4101.24,93.52293452711862
2021-03-12 13:09:00,4107.4800000000005,94.0747124757759
2021-03-12 13:10:00,4119.18,93.86091406542079
2021-03-12 13:11:00,4129.16,94.12568173672126
2021-03-12 13:12:00,4113.72,94.08029715196949
2021-03-12 13:13:00,4105.92,93.90830800405269
2021-03-12 13:14:00,4085.7799999999997,93.3383588935283
2021-03-12 13:15:00,4105.92,94.29068272153378
2021-03-12 13:16:00,4088.8,93.96644492271571
2021-03-12 13:17:00,4079.5300000000007,93.39801398690534
2021-03-12 13:18:00,4044.04,94.17809912859417
2021-03-12 13:19:00,4068.68,93.55859885761475
2021-03-12 13:20:00,4052.91,93.37735108847717
2021-03-12 13:21:00,4030.28,93.66842998501345
2021-03-12 13:22:00,4018.12,93.6905816650573
2021-03-12 13:23:00,4000.73,93.01052557908181
2021-03-12 13:24:00,4014.3199999999997,93.37073277665957
2021-03-12 13:25:00,3974.25,94.18884066176008
2021-03-12 13:26:00,3347.62,92.42387128766109
2021-03-12 13:27:00,4016.6,93.83309266543843
2021-03-12 13:28:00,3958.5,93.94972843248706
2021-03-12 13:29:00,3949.5,94.43220660843144
2021-03-12 13:30:00,3969.0,93.43663391282439
2021-03-12 13:31:00,3968.25,92.74617274617275
2021-03-12 13:32:00,3954.75,92.69865351792149
2021-03-12 13:33:00,3934.58,94.83096035663272
2021-03-12 13:34:00,3908.71,92.88486482752621
2021-03-12 13:35:00,3917.1799999999994,93.23799263756072
2021-03-12 13:36:00,3902.5800000000004,93.59705630634092
2021-03-12 13:37:00,3868.27,93.43711788473918
2021-03-12 13:38:00,3871.92,93.42909977478874
2021-03-12 13:39:00,3835.9700000000003,94.11439609798823
2021-03-12 13:40:00,3809.5200000000004,94.72584472584471
2021-03-12 13:41:00,3808.08,94.47805718367262
2021-03-12 13:42:00,3813.84,93.84504855998154
2021-03-12 13:43:00,3795.84,93.32321699544764
2021-03-12 13:44:00,3810.96,93.70079979847597
2021-03-12 13:45:00,3790.99,92.598503293335
2021-03-12 13:46:00,3759.45,93.95257284975196
2021-03-12 13:47:00,3767.2599999999998,93.0410961813095
2021-03-12 13:48:00,3753.7699999999995,93.84432184177508
2021-03-12 13:49:00,3741.3199999999997,93.22645483412273
2021-03-12 13:50:00,3726.8,93.17376838037995
2021-03-12 13:51:00,3721.9,93.97619495419006
2021-03-12 13:52:00,3729.6000000000004,93.83580008580007
2021-03-12 13:53:00,3715.32,93.66084213472864
2021-03-12 13:54:00,3700.12,93.86452331275741
2021-03-12 13:55:00,3673.5600000000004,94.02595847080215
2021-03-12 13:56:00,3664.59,92.60517547665631
2021-03-12 13:57:00,3614.88,93.73478511043244
2021-03-12 13:58:00,3610.8,93.41420183892765
2021-03-12 13:59:00,3611.48,94.1746873857809
2021-03-12 14:00:00,3614.2,93.63344585247081
2021-03-12 14:01:00,3593.2,93.37637760213737
2021-03-12 14:02:00,3577.13,94.4024958556161
2021-03-12 14:03:00,3564.3999999999996,94.15890472449782
2021-03-12 14:04:00,3558.37,93.19154556721195
2021-03-12 14:05:00,3515.8199999999997,93.39215318190351
2021-03-12 14:06:00,3513.84,94.00826446280992
2021-03-12 14:07:00,3517.8,93.62101313320825
2021-03-12 14:08:00,3487.41,92.69916643010143
2021-03-12 14:09:00,3472.95,93.42489814134957
2021-03-12 14:10:00,3478.8,93.63573646084856
2021-03-12 14:11:00,3475.55,93.49887068233804
2021-03-12 14:12:00,3452.89,93.21466945080788
2021-03-12 14:13:00,3431.04,93.71211061369148
2021-03-12 14:14:00,3423.36,92.74221817162086
2021-03-12 14:15:00,3410.79,92.86998026850084
2021-03-12 14:16:00,3408.3,93.26350379954815
2021-03-12 14:17:00,3398.8499999999995,93.12267384556543
2021-03-12 14:18:00,3390.66,92.41858517220837
2021-03-12 14:19:00,3320.1,94.88569621396947
2021-03-12 14:20:00,3318.24,93.91424369545302
2021-03-12 14:21:00,3345.52,91.89602812118893
2021-03-12 14:22:00,3291.69,93.44136294730063
2021-03-12 14:23:00,3290.4399999999996,93.88106149937396
2021-03-12 14:24:00,3263.4999999999995,94.72958480159339
2021-03-12 14:25:00,3275.09,92.73943616816636
2021-03-12 14:26:00,3272.04,92.65167907482792
2021-03-12 14:27:00,3222.0,92.8895096213532
2021-03-12 14:28:00,3215.3999999999996,92.68520246314611
2021-03-12 14:29:00,3222.6,92.84739030596413
2021-03-12 14:30:00,3196.7999999999997,93.42154654654655
2021-03-12 14:31:00,3191.9,93.5680942385413
2021-03-12 14:32:00,3173.0200000000004,93.04069939678917
2021-03-12 14:33:00,3163.4800000000005,93.77647400963495
2021-03-12 14:34:00,3132.58,93.37351320636664
2021-03-12 14:35:00,3139.41,93.37423273799855
2021-03-12 14:36:00,3105.42,92.66701444571103
2021-03-12 14:37:00,3082.5600000000004,94.09711408699262
2021-03-12 14:38:00,3080.2799999999997,94.00119469658603
2021-03-12 14:39:00,3058.2299999999996,91.57911602462863
2021-03-12 14:40:00,3034.64,93.98149368623626
2021-03-12 14:41:00,3043.53,92.9644196048667
2021-03-12 14:42:00,3046.3999999999996,93.25105042016808
2021-03-12 14:43:00,3036.8799999999997,92.85187429203658
2021-03-12 14:44:00,2993.1,93.21105208646554
2021-03-12 14:45:00,2290.0,60.275109170305676
2021-03-12 14:46:00,2940.3,94.16726184402953
2021-03-12 14:47:00,2948.4,93.45746845746845
2021-03-12 14:48:00,2917.32,93.50019881260883
2021-03-12 14:49:00,2889.0299999999997,94.03156076607027
2021-03-12 14:50:00,2882.67,93.77764364287276
2021-03-12 14:51:00,2896.9799999999996,93.38690636455897
2021-03-12 14:52:00,2847.5200000000004,93.1617688374445
2021-03-12 14:53:00,2839.7200000000003,93.27328046427111
2021-03-12 14:54:00,2828.25,94.3410236011668
2021-03-12 14:55:00,2792.25,93.23305577938939
2021-03-12 14:56:00,2771.3399999999997,92.57976285840064
2021-03-12 14:57:00,2741.2699999999995,93.5369372590077
2021-03-12 14:58:00,2740.0,93.25182481751824
2021-03-12 14:59:00,2731.0,92.88538996704503
2021-03-12 15:00:00,2741.0,92.48084640642101
2021-03-12 15:01:00,2396.4700000000003,91.02137727574306
2021-03-12 15:02:00,700.4399999999999,60.70469990291817
2021-03-12 15:03:00,2679.8100000000004,91.73411547833614
2021-03-12 15:04:00,2636.64,93.46744341282846
2021-03-12 15:05:00,2631.84,92.85518876527449
2021-03-12 15:06:00,2627.04,92.75838967050369
2021-03-12 15:07:00,2577.95,93.40367346147134
2021-03-12 15:08:00,2577.95,92.75199286254583
2021-03-12 15:09:00,2575.13,91.22257905426133
2021-03-12 15:10:00,2527.24,93.19257371678195
2021-03-12 15:11:00,2529.54,91.95743099535883
2021-03-12 15:12:00,2475.9,93.03687547962357
2021-03-12 15:13:00,2479.95,92.65509385269866
2021-03-12 15:14:00,2478.6000000000004,92.0237230694747
2021-03-12 15:15:00,2427.92,92.20237899107055
2021-03-12 15:16:00,2418.2400000000002,92.24063781924042
2021-03-12 15:17:00,2392.99,92.67067559831007
2021-03-12 15:18:00,2369.7299999999996,93.5169829474244
2021-03-12 15:19:00,2373.6,91.80990899898887
2021-03-12 15:20:00,2346.37,92.17216381048172
2021-03-12 15:21:00,2325.12,92.79521056977704
2021-03-12 15:22:00,2312.94,91.47664876736967
2021-03-12 15:23:00,2274.68,91.84148979197074
2021-03-12 15:24:00,2276.3199999999997,92.90872987980602
2021-03-12 15:25:00,2257.46,91.642819806331
2021-03-12 15:26:00,2216.4,92.0321241653131
2021-03-12 15:27:00,2225.2,89.99191083947511
2021-03-12 15:28:00,2190.08,91.49894067796612
2021-03-12 15:29:00,2162.9399999999996,92.94293877777471
2021-03-12 15:30:00,2166.45,90.36442105749038
2021-03-12 15:31:00,2112.8,93.34532374100719
2021-03-12 15:32:00,2123.06,90.33658963948264
2021-03-12 15:33:00,2116.6,90.99971652650477
2021-03-12 15:34:00,2047.5800000000002,92.46525166293867
2021-03-12 15:35:00,2055.7200000000003,90.83435487323175
2021-03-12 15:36:00,2015.92,91.80423826342316
2021-03-12 15:37:00,2030.8100000000002,91.3527114796559
2021-03-12 15:38:00,1996.92,91.51593453919034
2021-03-12 15:39:00,1983.7600000000002,92.48598620800902
2021-03-12 15:40:00,1981.5,90.74438556649002
2021-03-12 15:41:00,1948.4499999999998,91.44704765326286
2021-03-12 15:42:00,1911.55,92.07711019853
2021-03-12 15:43:00,1892.1,91.60192378838329
2021-03-12 15:44:00,1904.0,90.625
2021-03-12 15:45:00,1842.06,91.99483187301173
2021-03-12 15:46:00,1846.02,90.80074972102145
2021-03-12 15:47:00,1794.2400000000002,92.87497770643837
2021-03-12 15:48:00,1793.28,90.82240364025697
2021-03-12 15:49:00,1613.27,91.97468495664086
2021-03-12 15:50:00,1681.1999999999998,89.53723530811327
2021-03-12 15:51:00,1740.0300000000002,91.00992511623362
2021-03-12 15:52:00,1741.27,90.70391151286131
2021-03-12 15:53:00,1685.4,90.31090542304496
2021-03-12 15:54:00,1688.1,90.1664593329779
2021-03-12 15:55:00,1683.9,89.64309044480075
2021-03-12 15:56:00,1631.54,90.15408754918667
2021-03-12 15:57:00,1631.25,90.07816091954024
2021-03-12 15:58:00,1598.24,90.41821003103414
2021-03-12 15:59:00,1574.1599999999999,91.55359048635464
2021-03-12 16:00:00,1541.83,89.6078037137687
2021-03-12 16:01:00,1517.4,89.69289574271781
2021-03-12 16:02:00,982.8,90.13024013024013
2021-03-12 16:03:00,1484.64,91.69226209720874
2021-03-12 16:04:00,1491.51,88.86296437838165
2021-03-12 16:05:00,1005.3,89.37630558042375
2021-03-12 16:06:00,1414.5,88.58253799929304
2021-03-12 16:07:00,1390.27,90.56514202277255
2021-03-12 16:08:00,1381.72,88.67932721535477
2021-03-12 16:09:00,1357.92,90.11576528808766
2021-03-12 16:10:00,1329.9,89.78870591773817
2021-03-12 16:11:00,1306.17,88.83989067273019
2021-03-12 16:12:00,1305.4799999999998,88.35064497349636
2021-03-12 16:13:00,1248.94,89.13158358287828
2021-03-12 16:14:00,1246.0800000000004,90.43560606060605
2021-03-12 16:15:00,1249.1599999999999,86.22594383425663
2021-03-12 16:16:00,1192.17,89.5342107249805
2021-03-12 16:17:00,1160.87,87.90820677595252
2021-03-12 16:18:00,1138.4,89.07238229093464
2021-03-12 16:19:00,1138.8,86.25746399719002
2021-03-12 16:20:00,1079.3899999999999,90.18056494872104
2021-03-12 16:21:00,1081.6699999999998,87.16151876265405
2021-03-12 16:22:00,1052.6799999999998,87.69996580157314
2021-03-12 16:23:00,1054.7399999999998,85.76521227980358
2021-03-12 16:24:00,1027.62,86.15052256670754
2021-03-12 16:25:00,969.34,90.85563373016691
2021-03-12 16:26:00,964.4100000000001,85.84523179975321
2021-03-12 16:27:00,936.4200000000001,87.5675444779052
2021-03-12 16:28:00,914.5600000000002,85.70241427571726
2021-03-12 16:29:00,881.8100000000002,88.30700491035482
2021-03-12 16:30:00,884.55,86.46204284664518
2021-03-12 16:31:00,857.25,84.05949256342957
2021-03-12 16:32:00,854.8499999999999,85.65245364683864
2021-03-12 16:33:00,827.94,84.07614078314853
2021-03-12 16:34:00,802.2,82.33607579157317
2021-03-12 16:35:00,800.94,80.8175393912153
2021-03-12 16:36:00,742.95,85.61814388586042
2021-03-12 16:37:00,743.86,82.26010270749872
2021-03-12 16:38:00,743.0799999999999,78.20153953813856
2021-03-12 16:39:00,687.0,83.93013100436681
2021-03-12 16:40:00,685.2,80.76474022183304
2021-03-12 16:41:00,685.2,75.02918855808522
2021-03-12 16:42:00,653.94,79.9767562773343
2021-03-12 16:43:00,627.99,83.48859058265258
2021-03-12 16:44:00,628.4300000000001,78.7995480801362
2021-03-12 16:45:00,597.89,81.55346301159076
2021-03-12 16:46:00,571.4,82.11410570528527
2021-03-12 16:47:00,572.1,75.05680825030588
2021-03-12 16:48:00,541.23,78.78351163091476
2021-03-12 16:49:00,513.72,80.47185237094135
2021-03-12 16:50:00,511.28999999999996,77.29468599033817
2021-03-12 16:51:00,512.46,74.15212894664948
2021-03-12 16:52:00,454.32000000000005,79.63549920760697
2021-03-12 16:53:00,454.48,72.52244323182538
2021-03-12 16:54:00,396.76,75.68807339449542
2021-03-12 16:55:00,392.35,71.13546578310182
2021-03-12 16:56:00,288.6,62.82051282051282
2021-03-12 16:57:00,62.60000000000001,-41.69329073482428
2021-03-12 16:58:00,62.52,-39.50735764555342
2021-03-12 16:59:00,62.89,-33.5506439815551
2021-03-12 17:00:00,323.28,66.93887651571394
2021-03-12 17:01:00,319.14,68.80992667794699
2021-03-12 17:02:00,316.38,57.24129211707441
2021-03-12 17:03:00,271.35,62.42859775198083
2021-03-12 17:04:00,273.8,54.09057706355003
2021-03-12 17:05:00,242.63,57.742241272719774
2021-03-12 17:06:00,242.84000000000003,55.96277384285949
2021-03-12 17:07:00,217.20000000000002,60.036832412523026
2021-03-12 17:08:00,215.36,57.62444279346211
2021-03-12 17:09:00,213.72,31.209058581321358
2021-03-12 17:10:00,182.64,49.113009198423136
2021-03-12 17:11:00,156.20999999999998,24.518276678829782
2021-03-12 17:12:00,154.92,29.111799638523113
2021-03-12 17:13:00,153.20999999999998,4.829971933946871
2021-03-12 17:14:00,126.9,17.651694247438925
2021-03-12 17:15:00,125.71000000000001,26.966828414605043
2021-03-12 17:16:00,125.77000000000001,5.088653892025126
2021-03-12 17:17:00,125.79,18.04594959853724
2021-03-12 17:18:00,103.04,12.907608695652172
2021-03-12 17:19:00,103.52000000000001,14.103554868624418
2021-03-12 17:20:00,103.5,-10.72463768115942
2021-03-12 17:21:00,101.28,-11.947077409162716
2021-03-12 17:22:00,102.44,-7.028504490433425
2021-03-12 17:23:00,103.02000000000001,-34.84760240729955
2021-03-12 17:24:00,104.36000000000001,-28.267535454197006
2021-03-12 17:25:00,75.81,-4.616805170821791
2021-03-12 17:26:00,75.01,-29.99600053326223
2021-03-12 17:27:00,75.25,-30.29900332225914
2021-03-12 17:28:00,74.21000000000001,-43.12087319768224
2021-03-12 17:29:00,73.10000000000001,-32.968536251709985
2021-03-12 17:30:00,69.45,-42.33261339092872
2021-03-12 17:31:00,45.71,-81.60140013126231
2021-03-12 17:32:00,58.27,-42.38887935472799
2021-03-12 17:33:00,58.040000000000006,-90.79944865609923
2021-03-12 17:34:00,39.4,-38.83248730964468
2021-03-12 17:35:00,37.370000000000005,-72.78565694407277
2021-03-12 17:36:00,37.230000000000004,-76.5511684125705
2021-03-12 17:37:00,37.84,-84.56659619450316
2021-03-12 17:38:00,36.53,-48.453326033397204
2021-03-12 17:39:00,34.11,-86.7780709469364
2021-03-12 17:40:00,29.250000000000004,-100.85470085470085
2021-03-12 17:41:00,26.39,-83.36491095111785
2021-03-12 17:42:00,29.04,-120.17906336088153
2021-03-12 17:43:00,30.8,-114.6103896103896
2021-03-12 17:44:00,28.86,-89.3970893970894
2021-03-12 17:45:00,28.730000000000004,-105.1166028541594
2021-03-12 17:46:00,27.0,-72.5925925925926
2021-03-12 17:47:00,28.510000000000005,-45.59803577692037
2021-03-12 17:48:00,9.91,0.0
2021-03-12 17:49:00,8.86,0.0
2021-03-12 17:50:00,8.35,0.0
2021-03-12 17:51:00,8.28,0.0
2021-03-12 17:52:00,22.48,-125.0
2021-03-12 17:53:00,8.89,0.0
2021-03-12 17:54:00,25.479999999999997,-71.42857142857143
2021-03-12 17:55:00,24.620000000000005,-136.06823720552396
2021-03-12 17:56:00,23.490000000000002,-175.8194976585781
2021-03-12 17:57:00,6.07,0.0
2021-03-12 17:58:00,3.99,0.0
2021-03-12 17:59:00,3.94,0.0
2021-03-12 18:00:00,9.290000000000001,0.0
2021-03-13 05:00:00,1.9500000000000002,0.0
2021-03-13 05:01:00,2.19,0.0
2021-03-13 05:02:00,2.5100000000000002,0.0
2021-03-13 05:03:00,2.94,0.0
2021-03-13 05:04:00,3.54,0.0
2021-03-13 05:05:00,3.99,0.0
2021-03-13 05:06:00,4.05,0.0
2021-03-13 05:07:00,4.11,0.0
2021-03-13 05:08:00,4.15,0.0
2021-03-13 05:09:00,4.18,0.0
2021-03-13 05:10:00,4.2299999999999995,0.0
2021-03-13 05:11:00,4.24,0.0
2021-03-13 05:12:00,4.2700000000000005,0.0
2021-03-13 05:13:00,4.3100000000000005,0.0
2021-03-13 05:14:00,4.3500000000000005,0.0
2021-03-13 05:15:00,4.49,0.0
2021-03-13 05:16:00,5.28,0.0
2021-03-13 05:17:00,6.48,0.0
2021-03-13 05:18:00,17.23,-106.21009866511899
2021-03-13 05:19:00,20.62,-111.0572259941804
2021-03-13 05:20:00,23.190000000000005,-80.20698576972832
2021-03-13 05:21:00,25.580000000000002,-83.65910867865519
2021-03-13 05:22:00,44.64,-39.6505376344086
2021-03-13 05:23:00,49.34,-42.561815970814756
2021-03-13 05:24:00,49.690000000000005,-44.07325417589051
2021-03-13 05:25:00,50.80000000000001,-41.535433070866134
2021-03-13 05:26:00,51.43000000000001,-36.943418238382264
2021-03-13 05:27:00,51.39,-42.226114029966915
2021-03-13 05:28:00,52.82000000000001,-38.621734191594086
2021-03-13 05:29:00,53.61,-41.596717030404776
2021-03-13 05:30:00,53.33,-39.37746109131821
2021-03-13 05:31:00,55.43000000000001,-36.80317517589752
2021-03-13 05:32:00,55.36,-39.73988439306358
2021-03-13 05:33:00,57.150000000000006,-30.621172353455815
2021-03-13 05:34:00,57.67,-31.90567019247442
2021-03-13 05:35:00,56.68000000000001,-40.2258292166549
2021-03-13 05:36:00,58.66000000000001,-41.425161950221614
2021-03-13 05:37:00,59.18000000000001,-27.881040892193305
2021-03-13 05:38:00,57.67,-8.323218311080284
2021-03-13 05:39:00,121.44,26.18577075098814
2021-03-13 05:40:00,147.71999999999997,21.45951800704035
2021-03-13 05:41:00,150.69,27.20817572499834
2021-03-13 05:42:00,156.15,31.3800832532821
2021-03-13 05:43:00,156.72,38.922919857069935
2021-03-13 05:44:00,158.01,42.84538953230809
2021-03-13 05:45:00,183.99,43.263220827218866
2021-03-13 05:46:00,186.48000000000002,46.27842127842127
2021-03-13 05:47:00,213.68,39.03032572070386
2021-03-13 05:48:00,216.16000000000003,37.425980754996296
2021-03-13 05:49:00,216.24,52.9966703662597
2021-03-13 05:50:00,216.68,53.44286505445819
2021-03-13 05:51:00,216.32,55.28846153846154
2021-03-13 05:52:00,216.56,55.596601403768005
2021-03-13 05:53:00,243.79000000000002,52.99643135485458
2021-03-13 05:54:00,241.95,60.50836949783014
2021-03-13 05:55:00,274.85,60.614880844096774
2021-03-13 05:56:00,300.64,69.15247472059608
2021-03-13 05:57:00,332.4,68.02045728038509
2021-03-13 05:58:00,355.45,71.74004782669854
2021-03-13 05:59:00,353.75,70.95406360424028
2021-03-13 06:00:00,353.58,74.26890661236496
2021-03-13 06:01:00,355.85,78.60053393283685
2021-03-13 06:02:00,385.28,73.29734219269103
2021-03-13 06:03:00,385.84,70.85838689612275
2021-03-13 06:04:00,411.75,75.70127504553734
2021-03-13 06:05:00,466.49,77.60080601942164
2021-03-13 06:06:00,496.53,78.16244738485088
2021-03-13 06:07:00,552.6,78.62830256967065
2021-03-13 06:08:00,578.99,80.31226791481718
2021-03-13 06:09:00,577.98,81.66372538842174
2021-03-13 06:10:00,609.1800000000001,79.3854033290653
2021-03-13 06:11:00,637.04,77.81301017204572
2021-03-13 06:12:00,634.52,80.45451680010086
2021-03-13 06:13:00,634.9200000000001,82.16783216783216
2021-03-13 06:14:00,668.76,80.43244213170644
2021-03-13 06:15:00,696.84,82.40055105906666
2021-03-13 06:16:00,695.73,84.34306411970161
2021-03-13 06:17:00,725.53,82.2571085964743
2021-03-13 06:18:00,754.0799999999999,83.82399745385106
2021-03-13 06:19:00,753.77,83.08900593019091
2021-03-13 06:20:00,694.02,87.54790928215326
2021-03-13 06:21:00,558.85,80.98774268587277
2021-03-13 06:22:00,460.07000000000005,75.94496489664616
2021-03-13 06:23:00,527.09,75.33817754083742
2021-03-13 06:24:00,741.22,83.29510806508189
2021-03-13 06:25:00,785.9599999999999,86.03491271820451
2021-03-13 06:26:00,813.64,87.24988938596923
2021-03-13 06:27:00,812.56,91.39017426405435
2021-03-13 06:28:00,811.8199999999999,89.90909314872756
2021-03-13 06:29:00,842.7,86.18725525097899
2021-03-13 06:30:00,864.65,84.10339443705547
2021-03-13 06:31:00,866.86,84.54652423690099
2021-03-13 06:32:00,870.1100000000001,85.4489662226615
2021-03-13 06:33:00,870.0300000000001,86.5947151247658
2021-03-13 06:34:00,870.0100000000001,85.41281134699601
2021-03-13 06:35:00,869.71,89.77705212082188
2021-03-13 06:36:00,925.0899999999999,84.18640348506632
2021-03-13 06:37:00,924.27,88.08032284938385
2021-03-13 06:38:00,924.97,89.50560558720822
2021-03-13 06:39:00,980.6499999999999,85.91240503747515
2021-03-13 06:40:00,981.47,88.25537204397486
2021-03-13 06:41:00,983.0500000000001,89.19180102741467
2021-03-13 06:42:00,1009.44,87.75162466317957
2021-03-13 06:43:00,791.9499999999999,58.22337268766968
2021-03-13 06:44:00,1035.2,90.64914992272024
2021-03-13 06:45:00,1093.21,87.57695227815331
2021-03-13 06:46:00,1093.63,88.9789051141611
2021-03-13 06:47:00,1091.5,90.27943197434722
2021-03-13 06:48:00,1149.79,87.67688012593604
2021-03-13 06:49:00,1162.78,89.9138272072103
2021-03-13 06:50:00,1200.54,87.81048528162327
2021-03-13 06:51:00,1199.3400000000001,89.27410075541547
2021-03-13 06:52:00,1223.63,89.6512834762142
2021-03-13 06:53:00,1251.83,89.97228058122909
2021-03-13 06:54:00,1279.13,89.84231469827148
2021-03-13 06:55:00,1280.5099999999998,89.83920469188061
2021-03-13 06:56:00,1332.7999999999997,89.79591836734696
2021-03-13 06:57:00,1334.68,93.09347558965445
2021-03-13 06:58:00,1390.0700000000002,88.46317091945009
2021-03-13 06:59:00,1267.81,90.17124017005703
2021-03-13 07:00:00,568.3800000000001,82.81431436714873
2021-03-13 07:01:00,401.99,73.01176646185228
2021-03-13 07:02:00,557.2,82.69921033740128
2021-03-13 07:03:00,457.95000000000005,79.85587946282344
2021-03-13 07:04:00,670.2,81.81139958221425
2021-03-13 07:05:00,1666.05,90.2433900543201
2021-03-13 07:06:00,1743.92,89.1554658470572
2021-03-13 07:07:00,1708.1999999999998,90.55731179018852
2021-03-13 07:08:00,1616.3199999999997,91.5227182736092
2021-03-13 07:09:00,655.1999999999999,85.98901098901099
2021-03-13 07:10:00,1534.6800000000003,90.5139833711262
2021-03-13 07:11:00,1728.9699999999998,93.06118671810385
2021-03-13 07:12:00,1206.6,89.04359356870548
2021-03-13 07:13:00,1121.6,88.33808844507847
2021-03-13 07:14:00,1727.78,92.39602264177152
2021-03-13 07:15:00,2004.6399999999999,93.10399872296273
2021-03-13 07:16:00,2229.1499999999996,91.49675885427182
2021-03-13 07:17:00,2332.2799999999997,92.14159534875745
2021-03-13 07:18:00,1582.1,91.24581252765311
2021-03-13 07:19:00,2209.2700000000004,93.08051980971088
2021-03-13 07:20:00,2371.44,95.14893904125763
2021-03-13 07:21:00,949.56,86.36631703104597
2021-03-13 07:22:00,1939.7000000000003,91.93689745836984
2021-03-13 07:23:00,2374.46,93.9497822662837
2021-03-13 07:24:00,1499.0500000000002,50.525332710716775
2021-03-13 07:25:00,1398.85,90.71737498659613
2021-03-13 07:26:00,1170.1100000000001,90.78633632735382
2021-03-13 07:27:00,1034.17,88.05128750592262
2021-03-13 07:28:00,1098.8,87.92318893338188
2021-03-13 07:29:00,1124.9,88.407858476309
2021-03-13 07:30:00,1159.41,90.38217714182214
2021-03-13 07:31:00,1074.03,86.2638846214724
2021-03-13 07:32:00,1111.8,88.95484799424356
2021-03-13 07:33:00,1855.59,92.07853027877925
2021-03-13 07:34:00,1641.4,92.20177896917265
2021-03-13 07:35:00,1725.77,92.10960904407887
2021-03-13 07:36:00,1490.67,91.05972482172446
2021-03-13 07:37:00,1356.44,91.60007077349532
2021-03-13 07:38:00,1239.8,90.57912566542991
2021-03-13 07:39:00,1334.4,91.11960431654677
2021-03-13 07:40:00,1688.7000000000003,89.89755433173445
2021-03-13 07:41:00,2551.33,92.91624368466643
2021-03-13 07:42:00,2833.98,93.45161222026974
2021-03-13 07:43:00,2760.46,94.56032690203807
2021-03-13 07:44:00,2669.28,93.66945393514355
2021-03-13 07:45:00,2632.63,93.9820635638126
2021-03-13 07:46:00,2653.92,93.37508289624404
2021-03-13 07:47:00,2694.4300000000003,93.93823554518022
2021-03-13 07:48:00,2743.04,92.55789197386841
2021-03-13 07:49:00,2763.0,93.0691277596815
2021-03-13 07:50:00,2771.8999999999996,93.50986687831453
2021-03-13 07:51:00,2799.39,94.31697619838609
2021-03-13 07:52:00,2839.1499999999996,93.56321434232078
2021-03-13 07:53:00,2672.9500000000003,94.6669410202211
2021-03-13 07:54:00,2844.3999999999996,93.54169596399944
2021-03-13 07:55:00,2896.45,93.40054204284557
2021-03-13 07:56:00,2896.45,94.81952044744429
2021-03-13 07:57:00,2895.39,93.63505434501052
2021-03-13 07:58:00,2905.99,93.19027250609948
2021-03-13 07:59:00,2977.36,93.30413520702903
2021-03-13 08:00:00,3045.8199999999997,92.67455069570755
2021-03-13 08:01:00,3044.22,93.71858801269292
2021-03-13 08:02:00,3066.0,93.95303326810176
2021-03-13 08:03:00,3102.51,92.68624436343475
2021-03-13 08:04:00,3111.0600000000004,92.92652665008066
2021-03-13 08:05:00,3108.78,94.25240769691004
2021-03-13 08:06:00,2507.5299999999997,94.72668323011092
2021-03-13 08:07:00,2670.01,91.83111673739049
2021-03-13 08:08:00,2741.0,93.19956220357534
2021-03-13 08:09:00,3292.8,92.95432458697765
2021-03-13 08:10:00,3279.0,94.21164989326013
2021-03-13 08:11:00,3324.5,93.06361858926154
2021-03-13 08:12:00,3389.05,92.59231938153759
2021-03-13 08:13:00,3354.82,94.25841028728813
2021-03-13 08:14:00,3349.24,92.81210065567114
2021-03-13 08:15:00,3494.4400000000005,94.29550943784982
2021-03-13 08:16:00,3495.7,93.81239808908087
2021-03-13 08:17:00,2882.4500000000003,95.56106784159309
2021-03-13 08:18:00,2040.9799999999998,91.33847465433274
2021-03-13 08:19:00,3707.79,93.21995042869202
2021-03-13 08:20:00,3793.3,92.97445496006117
2021-03-13 08:21:00,3506.75,94.15555713980181
2021-03-13 08:22:00,1676.44,90.00620362196082
2021-03-13 08:23:00,1634.81,91.48463735846978
2021-03-13 08:24:00,3190.13,93.0338262077094
2021-03-13 08:25:00,3636.0099999999998,94.13065420612155
2021-03-13 08:26:00,3383.34,93.19489025637388
2021-03-13 08:27:00,4003.5,93.41326339452979
2021-03-13 08:28:00,4005.75,92.8714972227423
2021-03-13 08:29:00,4191.74,94.04447794949114
2021-03-13 08:30:00,3735.76,94.96595070347131
2021-03-13 08:31:00,3357.8999999999996,92.73355370916347
2021-03-13 08:32:00,4052.05,94.00426944386174
2021-03-13 08:33:00,4098.12,94.22613295852733
2021-03-13 08:34:00,2240.94,94.12567940239364
2021-03-13 08:35:00,1663.0,92.4353577871317
2021-03-13 08:36:00,1715.2000000000003,90.67164179104476
2021-03-13 08:37:00,1809.83,91.42295132692021
2021-03-13 08:38:00,2311.5699999999997,91.86829730442948
2021-03-13 08:39:00,3900.3899999999994,94.89307479508462
2021-03-13 08:40:00,3456.7,93.97402146555964
2021-03-13 08:41:00,4348.889999999999,93.14100839524569
2021-03-13 08:42:00,2431.09,95.13428133059656
2021-03-13 08:43:00,1893.53,91.71230453174758
2021-03-13 08:44:00,1664.3899999999999,92.28606276173254
2021-03-13 08:45:00,1576.4499999999998,91.92172285832092
2021-03-13 08:46:00,1510.32,92.28507865882727
2021-03-13 08:47:00,1517.04,89.37799926172019
2021-03-13 08:48:00,1464.21,89.61829245804905
2021-03-13 08:49:00,1382.5,90.5244122965642
2021-03-13 08:50:00,1249.1299999999999,91.72784257843459
2021-03-13 08:51:00,1132.74,88.48455956353621
2021-03-13 08:52:00,1036.07,89.46306716727635
2021-03-13 08:53:00,1040.25,89.49771689497716
2021-03-13 08:54:00,1039.49,85.84979172478812
2021-03-13 08:55:00,1009.24,85.53961396694541
2021-03-13 08:56:00,982.98,86.1665547620501
2021-03-13 08:57:00,864.0000000000001,86.26157407407405
2021-03-13 08:58:00,819.0,87.33821733821733
2021-03-13 08:59:00,786.77,85.03120352835009
2021-03-13 09:00:00,710.06,83.20423626172436
2021-03-13 09:01:00,650.52,81.64237840496834
2021-03-13 09:02:00,591.3600000000001,80.66152597402596
2021-03-13 09:03:00,596.2,78.88292519288828
2021-03-13 09:04:00,592.5700000000002,81.86374605531834
2021-03-13 09:05:00,598.95,83.51281409132648
2021-03-13 09:06:00,620.3299999999999,82.45611206938244
2021-03-13 09:07:00,591.69,81.59678209873414
2021-03-13 09:08:00,602.58,79.10982774071492
2021-03-13 09:09:00,658.44,81.37415709859667
2021-03-13 09:10:00,689.29,81.73627935992108
2021-03-13 09:11:00,689.76,84.33368128044538
2021-03-13 09:12:00,721.24,82.15018579113749
2021-03-13 09:13:00,716.5600000000001,83.21703695433737
2021-03-13 09:14:00,719.1600000000001,82.65198286890259
2021-03-13 09:15:00,721.6299999999999,86.30461593891607
2021-03-13 09:16:00,745.06,82.70474861085015
2021-03-13 09:17:00,800.92,86.75023722718873
2021-03-13 09:18:00,833.3999999999999,89.17686585073196
2021-03-13 09:19:00,802.7599999999999,82.22881060341822
2021-03-13 09:20:00,719.29,89.01833752728385
2021-03-13 09:21:00,727.22,81.36464893704793
2021-03-13 09:22:00,672.6,84.56735057983941
2021-03-13 09:23:00,635.76,82.67270668176671
2021-03-13 09:24:00,610.3900000000001,80.17824669473613
2021-03-13 09:25:00,639.3,80.55685906460191
2021-03-13 09:26:00,643.03,83.93076528311278
2021-03-13 09:27:00,675.48,81.15710309705692
2021-03-13 09:28:00,671.6399999999999,82.02310761717588
2021-03-13 09:29:00,635.97,79.95660172649653
2021-03-13 09:30:00,644.3499999999999,82.50174594552652
2021-03-13 09:31:00,703.6700000000001,82.72343570139411
2021-03-13 09:32:00,798.56,83.04948908034463
2021-03-13 09:33:00,855.3,85.74769086870104
2021-03-13 09:34:00,911.6800000000001,81.70630045630045
2021-03-13 09:35:00,967.6400000000001,89.46509032284735
2021-03-13 09:36:00,1028.88,86.10333566596687
2021-03-13 09:37:00,1056.22,86.78116301528091
2021-03-13 09:38:00,1080.53,88.76199642767901
2021-03-13 09:39:00,732.8399999999999,81.05452759128869
2021-03-13 09:40:00,31.380000000000003,-46.20777565328234
2021-03-13 09:41:00,31.39,-44.91876393755973
2021-03-13 09:42:00,133.4,33.583208395802096
2021-03-13 09:43:00,1248.7200000000003,87.92203216093279
2021-03-13 09:44:00,1216.46,88.543807441264
2021-03-13 09:45:00,1131.1999999999998,87.96852899575673
2021-03-13 09:46:00,989.52,88.17406419273992
2021-03-13 09:47:00,934.16,85.61702492078444
2021-03-13 09:48:00,936.4399999999999,82.93110076459784
2021-03-13 09:49:00,903.36,86.57678002125398
2021-03-13 09:50:00,908.8000000000001,83.82482394366197
2021-03-13 09:51:00,906.08,85.4449938195303
2021-03-13 09:52:00,875.3900000000001,85.43620557694284
2021-03-13 09:53:00,873.79,85.04331704414105
2021-03-13 09:54:00,907.2,82.17592592592592
2021-03-13 09:55:00,932.9300000000001,86.30872627099568
2021-03-13 09:56:00,934.34,90.6201168739431
2021-03-13 09:57:00,963.73,86.16521224824379
2021-03-13 09:58:00,965.26,86.89886662660837
2021-03-13 09:59:00,961.3499999999999,87.63717688666979
2021-03-13 10:00:00,968.32,85.15779907468605
2021-03-13 10:01:00,968.8299999999999,85.32972760959096
2021-03-13 10:02:00,967.1300000000001,88.31284315448802
2021-03-13 10:03:00,996.2,86.06705480827142
2021-03-13 10:04:00,991.6800000000001,87.99209422394321
2021-03-13 10:05:00,1020.0600000000001,83.40685842009292
2021-03-13 10:06:00,1047.3600000000001,85.37656584173541
2021-03-13 10:07:00,1082.05,83.2955963217966
2021-03-13 10:08:00,1082.05,86.79820710688047
2021-03-13 10:09:00,1086.42,89.3392978774323
2021-03-13 10:10:00,1112.24,88.5330504207725
2021-03-13 10:11:00,1143.6,87.05841203217909
2021-03-13 10:12:00,1172.12,88.34419683991402
2021-03-13 10:13:00,1200.99,86.67849024554742
2021-03-13 10:14:00,1230.06,90.6622441181731
2021-03-13 10:15:00,1222.92,92.85971281849997
2021-03-13 10:16:00,1258.4,86.84837889383344
2021-03-13 10:17:00,1258.1800000000003,89.49434898027307
2021-03-13 10:18:00,1313.0699999999997,90.64254000167548
2021-03-13 10:19:00,1315.1399999999999,91.26784981066655
2021-03-13 10:20:00,1371.12,89.82437715152575
2021-03-13 10:21:00,1430.25,90.55759482607935
2021-03-13 10:22:00,1488.24,88.03015642638283
2021-03-13 10:23:00,1516.1399999999999,90.77657736092974
2021-03-13 10:24:00,1539.2700000000002,91.40046905351237
2021-03-13 10:25:00,1537.38,90.9404311230795
2021-03-13 10:26:00,1532.79,91.54548242094482
2021-03-13 10:27:00,1537.11,88.73795629460481
2021-03-13 10:28:00,1506.27,89.21375317838103
2021-03-13 10:29:00,1476.8,90.49972914409534
2021-03-13 10:30:00,1476.2800000000002,91.33768661771478
2021-03-13 10:31:00,1500.18,91.38236744923944
2021-03-13 10:32:00,1501.83,91.44843291184756
2021-03-13 10:33:00,1525.77,91.43579962903976
2021-03-13 10:34:00,1529.2800000000002,91.81444862942037
2021-03-13 10:35:00,1550.78,91.6893434271786
2021-03-13 10:36:00,1575.0,91.01587301587301
2021-03-13 10:37:00,1573.04,90.52535218430555
2021-03-13 10:38:00,1570.7999999999997,93.09905780494017
2021-03-13 10:39:00,1627.48,88.92275173888466
2021-03-13 10:40:00,1682.1,88.94239343677546
2021-03-13 10:41:00,1733.5200000000002,89.60381189718028
2021-03-13 10:42:00,1791.3600000000001,89.34552518756698
2021-03-13 10:43:00,1907.0600000000002,90.98822270930123
2021-03-13 10:44:00,2021.0400000000004,92.18026362664766
2021-03-13 10:45:00,2157.69,92.26070473515658
2021-03-13 10:46:00,2288.62,90.81892144611163
2021-03-13 10:47:00,2442.4400000000005,93.93884803720867
2021-03-13 10:48:00,2453.44,92.80438893961133
2021-03-13 10:49:00,2446.4000000000005,92.71991497710921
2021-03-13 10:50:00,2705.29,93.51307992858438
2021-03-13 10:51:00,2738.2,94.46351617851143
2021-03-13 10:52:00,3620.0999999999995,93.00571807408636
2021-03-13 10:53:00,4092.25,93.80658561915817
2021-03-13 10:54:00,2287.3200000000006,92.77669936869346
2021-03-13 10:55:00,1979.5500000000002,91.12171958273343
2021-03-13 10:56:00,2072.9,91.15731583771527
2021-03-13 10:57:00,2509.2999999999993,94.5761766229626
2021-03-13 10:58:00,3353.3999999999996,93.75559134013241
2021-03-13 10:59:00,4372.45,93.60655925167812
2021-03-13 11:00:00,5300.820000000001,93.78171679098703
2021-03-13 11:01:00,5433.389999999999,91.56530269316211
2021-03-13 11:02:00,4398.650000000001,94.60629966012297
2021-03-13 11:03:00,2824.2,93.21931874513136
2021-03-13 11:04:00,2524.8,92.55782636248415
2021-03-13 11:05:00,2574.12,92.79287678896088
2021-03-13 11:06:00,2775.24,94.1360026520229
2021-03-13 11:07:00,2919.4500000000003,94.24720409666203
2021-03-13 11:08:00,3281.92,93.31427944617785
2021-03-13 11:09:00,2935.3500000000004,92.80324322482836
2021-03-13 11:10:00,3038.67,93.44877857746974
2021-03-13 11:11:00,2396.25,92.6906624934794
2021-03-13 11:12:00,2281.46,93.49714656404232
2021-03-13 11:13:00,2301.79,91.78074455097989
2021-03-13 11:14:00,4174.29,93.06971964094492
2021-03-13 11:15:00,3377.4300000000003,94.98346375794611
2021-03-13 11:16:00,3249.11,93.55485040518788
2021-03-13 11:17:00,4609.889999999999,93.34712975797687
2021-03-13 11:18:00,5282.0,94.12533131389624
2021-03-13 11:19:00,5119.52,93.18451729849674
2021-03-13 11:20:00,5070.91,94.02257188551957
2021-03-13 11:21:00,4985.2699999999995,93.81036533628068
2021-03-13 11:22:00,4907.01,93.60893904842254
2021-03-13 11:23:00,4725.17,93.80614877348327
2021-03-13 11:24:00,4433.5199999999995,93.32539381800467
2021-03-13 11:25:00,4599.9,93.3802908758886
2021-03-13 11:26:00,4947.84,94.11177402664596
2021-03-13 11:27:00,5322.72,93.96135810262423
2021-03-13 11:28:00,4894.42,94.36051667000379
2021-03-13 11:29:00,5009.76,93.23799942512215
2021-03-13 11:30:00,4856.44,93.72091490886329
2021-03-13 11:31:00,4157.36,92.4889833933073
2021-03-13 11:32:00,4633.92,93.52772598577445
2021-03-13 11:33:00,4248.28,94.91370625288353
2021-03-13 11:34:00,4206.54,94.23659349489128
2021-03-13 11:35:00,4013.55,92.81309563852449
2021-03-13 11:36:00,5063.92,92.57847675318726
2021-03-13 11:37:00,5166.15,94.83077339992066
2021-03-13 11:38:00,5339.139999999999,94.80178455706351
2021-03-13 11:39:00,4885.18,93.68334431894014
2021-03-13 11:40:00,4825.3,94.05840051395768
2021-03-13 11:41:00,3001.3100000000004,93.29925932342876
2021-03-13 11:42:00,3100.7999999999997,93.2404540763674
2021-03-13 11:43:00,3169.29,93.67082217152736
2021-03-13 11:44:00,3602.38,93.23280719968466
2021-03-13 11:45:00,3880.56,93.1489269589956
2021-03-13 11:46:00,4057.88,93.888927223082
2021-03-13 11:47:00,3851.4900000000002,94.04931597901071
2021-03-13 11:48:00,3496.29,92.57527264614777
2021-03-13 11:49:00,4587.74,93.25288704242176
2021-03-13 11:50:00,4359.68,94.69731723429243
2021-03-13 11:51:00,2239.6000000000004,59.948205036613665
2021-03-13 11:52:00,3234.05,93.12162768046257
2021-03-13 11:53:00,3892.87,92.27125488392882
2021-03-13 11:54:00,4815.200000000001,92.85803289582987
2021-03-13 11:55:00,3698.3899999999994,93.85164896076402
2021-03-13 11:56:00,3553.68,93.19634857387273
2021-03-13 11:57:00,2807.46,92.71369850327342
2021-03-13 11:58:00,2688.7200000000003,93.64307179624505
2021-03-13 11:59:00,2853.36,92.05638265062942
2021-03-13 12:00:00,2653.34,93.22966525209735
2021-03-13 12:01:00,2470.89,92.95436057452984
2021-03-13 12:02:00,2451.7999999999997,93.57206949995923
2021-03-13 12:03:00,2571.8399999999997,92.24135249471198
2021-03-13 12:04:00,2519.2,92.74372816767229
2021-03-13 12:05:00,2551.55,93.17865611099135
2021-03-13 12:06:00,3089.08,92.20544628174085
2021-03-13 12:07:00,2805.59,93.38499210504742
2021-03-13 12:08:00,2397.91,92.45551334286942
2021-03-13 12:09:00,2210.8,92.4959290754478
2021-03-13 12:10:00,2128.66,92.55118243401952
2021-03-13 12:11:00,2101.71,91.86329227153128
2021-03-13 12:12:00,2087.7299999999996,92.35868622858322
2021-03-13 12:13:00,2127.84,90.97488532972403
2021-03-13 12:14:00,2261.2599999999998,91.67897543847236
2021-03-13 12:15:00,2460.15,92.82360831656605
2021-03-13 12:16:00,3383.34,92.88454604030336
2021-03-13 12:17:00,5391.969999999999,92.76016001572711
2021-03-13 12:18:00,4111.799999999999,94.78573860596335
2021-03-13 12:19:00,2435.24,92.64795256319705
2021-03-13 12:20:00,2297.92,91.77430023673583
2021-03-13 12:21:00,2569.92,90.97170339932761
2021-03-13 12:22:00,5342.540000000001,93.12050073560515
2021-03-13 12:23:00,5275.65,93.62827329333827
2021-03-13 12:24:00,5184.0,93.98341049382717
2021-03-13 12:25:00,5043.08,94.53548228463559
2021-03-13 12:26:00,5046.1,93.2720318661937
2021-03-13 12:27:00,4804.38,93.3793746539616
2021-03-13 12:28:00,4889.73,92.88447419387165
2021-03-13 12:29:00,4743.93,92.73324016163814
2021-03-13 12:30:00,4620.07,93.80593800526832
2021-03-13 12:31:00,4575.599999999999,93.69044496896582
2021-03-13 12:32:00,4537.82,92.70971523771327
2021-03-13 12:33:00,4472.16,93.58341383134771
2021-03-13 12:34:00,4474.800000000001,93.37847501564313
2021-03-13 12:35:00,4484.09,94.11051071677865
2021-03-13 12:36:00,4500.400000000001,93.71389209848012
2021-03-13 12:37:00,4465.120000000001,92.91351632206971
2021-03-13 12:38:00,4209.76,93.25472235946943
2021-03-13 12:39:00,4391.16,93.562976525565
2021-03-13 12:40:00,4350.43,93.7539507588905
2021-03-13 12:41:00,4321.1,94.78836407396264
2021-03-13 12:42:00,4337.549999999999,93.53897937775936
2021-03-13 12:43:00,4368.389999999999,92.55812782283634
2021-03-13 12:44:00,4328.2,94.4873157432651
2021-03-13 12:45:00,4291.0599999999995,93.8719104370482
2021-03-13 12:46:00,4257.1,93.13852152874021
2021-03-13 12:47:00,4263.67,92.63381077803864
2021-03-13 12:48:00,4240.32,93.72641687419818
2021-03-13 12:49:00,4237.9800000000005,94.18638124766987
2021-03-13 12:50:00,4317.37,92.41505824147572
2021-03-13 12:51:00,4338.5,93.38711536245245
2021-03-13 12:52:00,4353.74,93.13371951471609
2021-03-13 12:53:00,4355.35,93.55160894072806
2021-03-13 12:54:00,4324.32,93.97084397084397
2021-03-13 12:55:00,4357.92,93.30368616220582
2021-03-13 12:56:00,4326.84,93.70117684037311
2021-03-13 12:57:00,4354.549999999999,93.7616975347625
2021-03-13 12:58:00,4358.0,92.90729692519506
2021-03-13 12:59:00,4362.96,93.90872251865704
2021-03-13 13:00:00,4378.35,93.87097879338107
2021-03-13 13:01:00,4265.370000000001,93.956679021984
2021-03-13 13:02:00,4310.88,93.79987380766804
2021-03-13 13:03:00,4394.02,93.57945571481238
2021-03-13 13:04:00,2667.18,93.61197969390894
2021-03-13 13:05:00,3525.81,94.23933791100484
2021-03-13 13:06:00,4393.65,91.5685136503818
2021-03-13 13:07:00,2963.92,93.94315636049556
2021-03-13 13:08:00,3274.51,93.44298841658753
2021-03-13 13:09:00,3090.26,91.91783215651756
2021-03-13 13:10:00,4332.6,94.5090707658219
2021-03-13 13:11:00,3043.2,93.46083070452156
2021-03-13 13:12:00,1379.5800000000002,90.25210571333304
2021-03-13 13:13:00,2726.97,93.16934179693946
2021-03-13 13:14:00,1701.7600000000002,90.49454682211356
2021-03-13 13:15:00,1674.72,90.09267220789147
2021-03-13 13:16:00,2092.35,91.1988911988912
2021-03-13 13:17:00,1934.6399999999999,91.27796385890916
2021-03-13 13:18:00,2860.25,91.2822305742505
2021-03-13 13:19:00,2505.68,94.78464927684301
2021-03-13 13:20:00,1461.27,90.88669445071751
2021-03-13 13:21:00,1272.96,90.9847913524384
2021-03-13 13:22:00,1261.1399999999999,89.78384636122874
2021-03-13 13:23:00,1298.1599999999999,87.83200838109325
2021-03-13 13:24:00,1302.0,90.23041474654377
2021-03-13 13:25:00,1520.3999999999999,87.94396211523284
2021-03-13 13:26:00,1990.08,91.41341051616017
2021-03-13 13:27:00,2262.3799999999997,92.03140056047172
2021-03-13 13:28:00,2368.0099999999998,90.18965291531708
2021-03-13 13:29:00,5334.529999999999,93.130978736646
2021-03-13 13:30:00,3744.63,94.708956559126
2021-03-13 13:31:00,1653.54,90.99870580693543
2021-03-13 13:32:00,1524.33,89.28512854828024
2021-03-13 13:33:00,1554.6899999999998,89.99221709794236
2021-03-13 13:34:00,2628.71,92.24676742584766
2021-03-13 13:35:00,4457.1,94.36629198357676
2021-03-13 13:36:00,4225.71,93.62450333790062
2021-03-13 13:37:00,4077.15,93.22198104067793
2021-03-13 13:38:00,4014.3199999999997,93.90133322704718
2021-03-13 13:39:00,3961.5,94.12596238798436
2021-03-13 13:40:00,3948.75,93.5182019626464
2021-03-13 13:41:00,3913.98,93.16092570733628
2021-03-13 13:42:00,3911.71,93.24822136610331
2021-03-13 13:43:00,3927.75,92.53898542422506
2021-03-13 13:44:00,3969.48,93.64702681459536
2021-03-13 13:45:00,2433.19,94.54255524640493
2021-03-13 13:46:00,3601.06,91.67578435238514
2021-03-13 13:47:00,3669.51,93.94987341634169
2021-03-13 13:48:00,3847.5,93.51267056530214
2021-03-13 13:49:00,3867.2400000000002,94.09553066269484
2021-03-13 13:50:00,3912.0,93.20040899795501
2021-03-13 13:51:00,3432.0,92.98076923076923
2021-03-13 13:52:00,3881.1800000000003,93.18815411807749
2021-03-13 13:53:00,3923.25,94.1209456445549
2021-03-13 13:54:00,3966.44,93.22465485422697
2021-03-13 13:55:00,3951.24,93.4845769935514
2021-03-13 13:56:00,3950.4799999999996,94.33537190417367
2021-03-13 13:57:00,4004.7699999999995,93.49350899052881
2021-03-13 13:58:00,4052.0999999999995,94.58305569951384
2021-03-13 13:59:00,4186.889999999999,92.68454628614558
2021-03-13 14:00:00,4050.96,94.18261350395956
2021-03-13 14:01:00,3857.4399999999996,93.02801858227218
2021-03-13 14:02:00,4294.42,93.38397269014209
2021-03-13 14:03:00,4063.5299999999997,95.30137589731096
2021-03-13 14:04:00,1276.0,92.4294670846395
2021-03-13 14:05:00,1047.43,88.5405229943767
2021-03-13 14:06:00,932.04,85.82249688854556
2021-03-13 14:07:00,821.12,84.26295791114575
2021-03-13 14:08:00,808.1199999999999,87.67262287779045
2021-03-13 14:09:00,904.4,88.20212295444495
2021-03-13 14:10:00,787.93,55.24602439302985
2021-03-13 14:11:00,1052.62,87.77146548612036
2021-03-13 14:12:00,1199.44,86.47368772093643
2021-03-13 14:13:00,2335.12,91.07883106649767
2021-03-13 14:14:00,3912.1000000000004,93.96999054216404
2021-03-13 14:15:00,2553.9800000000005,95.50583794704734
2021-03-13 14:16:00,3534.7,92.93575126601975
2021-03-13 14:17:00,3723.6400000000003,93.57241838631016
2021-03-13 14:18:00,3742.5600000000004,92.96577743576589
2021-03-13 14:19:00,3703.92,93.55763623404394
2021-03-13 14:20:00,3747.3900000000003,92.28022703801845
2021-03-13 14:21:00,3572.0699999999997,92.59616972791687
2021-03-13 14:22:00,3809.8599999999997,92.47583900720761
2021-03-13 14:23:00,3827.5200000000004,93.43648106345623
2021-03-13 14:24:00,3805.92,93.0655400008408
2021-03-13 14:25:00,3814.5600000000004,93.51275114298896
2021-03-13 14:26:00,3218.16,93.51306336540135
2021-03-13 14:27:00,3716.75,93.0678684334432
2021-03-13 14:28:00,3723.95,93.68009774567328
2021-03-13 14:29:00,2498.9900000000002,91.11681119172145
2021-03-13 14:30:00,3429.4,93.62279115880328
2021-03-13 14:31:00,3275.46,92.76559628265953
2021-03-13 14:32:00,3278.5600000000004,93.32755844029086
2021-03-13 14:33:00,3310.6099999999997,94.33004793678508
2021-03-13 14:34:00,3283.52,93.48504044440112
2021-03-13 14:35:00,3347.19,92.86595621999348
2021-03-13 14:36:00,2918.7900000000004,93.13448381007197
2021-03-13 14:37:00,3580.4800000000005,93.09645634104923
2021-03-13 14:38:00,3200.67,93.76474300693292
2021-03-13 14:39:00,3520.6499999999996,93.99968755769532
2021-03-13 14:40:00,1360.8400000000001,91.29655212956703
2021-03-13 14:41:00,1483.44,86.07021517553794
2021-03-13 14:42:00,3585.84,91.92546237422752
2021-03-13 14:43:00,2642.31,94.62553598934267
2021-03-13 14:44:00,1469.33,91.58596094818728
2021-03-13 14:45:00,1619.94,89.8613528896132
2021-03-13 14:46:00,1545.3600000000001,92.43153698814515
2021-03-13 14:47:00,1500.31,88.34174270650733
2021-03-13 14:48:00,2148.12,92.16431111855948
2021-03-13 14:49:00,2264.43,92.16889018428479
2021-03-13 14:50:00,1620.74,89.7121068154053
2021-03-13 14:51:00,1361.0,86.31888317413666
2021-03-13 14:52:00,1343.48,91.00247119421205
2021-03-13 14:53:00,1767.04,89.24529156102862
2021-03-13 14:54:00,2345.79,92.16937577532516
2021-03-13 14:55:00,2799.0,91.90425151839943
2021-03-13 14:56:00,2916.76,93.09302102332725
2021-03-13 14:57:00,2758.5,94.92115280043502
2021-03-13 14:58:00,1371.25,90.82224247948952
2021-03-13 14:59:00,1056.65,85.66696635593621
2021-03-13 15:00:00,1063.2,88.31828442437923
2021-03-13 15:01:00,1555.96,87.56651841949665
2021-03-13 15:02:00,2703.64,92.71944489650991
2021-03-13 15:03:00,2645.4900000000002,92.05856003991698
2021-03-13 15:04:00,2757.7400000000002,92.74986039293044
2021-03-13 15:05:00,2739.88,93.05882009431069
2021-03-13 15:06:00,2660.64,93.62784893860125
2021-03-13 15:07:00,2655.84,92.28718597505873
2021-03-13 15:08:00,2593.9300000000003,92.342507315155
2021-03-13 15:09:00,2593.9300000000003,92.2731145404849
2021-03-13 15:10:00,2567.45,93.34164248573488
2021-03-13 15:11:00,2548.3999999999996,93.32522366975358
2021-03-13 15:12:00,2536.8999999999996,92.77464622176673
2021-03-13 15:13:00,2499.06,92.91493601594199
2021-03-13 15:14:00,2485.8,92.19567141362943
2021-03-13 15:15:00,2442.8500000000004,91.74939108009087
2021-03-13 15:16:00,2425.7200000000003,92.42204376432564
2021-03-13 15:17:00,2420.88,91.83850500644394
2021-03-13 15:18:00,2375.3199999999997,93.11587491369586
2021-03-13 15:19:00,2356.3999999999996,92.25089118995079
2021-03-13 15:20:00,2353.8199999999997,92.73861212837006
2021-03-13 15:21:00,2315.04,92.21870896399199
2021-03-13 15:22:00,2314.62,92.15767599001133
2021-03-13 15:23:00,2295.35,91.85091598231207
2021-03-13 15:24:00,2268.5299999999997,92.05961569827159
2021-03-13 15:25:00,2243.79,91.80003476261149
2021-03-13 15:26:00,2249.2599999999998,92.43484523798939
2021-03-13 15:27:00,2209.2,90.7749411551693
2021-03-13 15:28:00,2169.5699999999997,92.36392464866312
2021-03-13 15:29:00,2165.67,91.94383262454575
2021-03-13 15:30:00,2153.19,91.87763272168272
2021-03-13 15:31:00,2097.9799999999996,92.30783896891298
2021-03-13 15:32:00,2083.9199999999996,92.54194018964262
2021-03-13 15:33:00,2103.3,91.20429800789235
2021-03-13 15:34:00,2040.92,91.56164866824766
2021-03-13 15:35:00,2042.4,91.96043869956914
2021-03-13 15:36:00,2019.5800000000002,92.23204824765546
2021-03-13 15:37:00,1995.8400000000001,90.06734006734006
2021-03-13 15:38:00,1999.4400000000003,90.49533869483454
2021-03-13 15:39:00,1944.25,91.98919891989199
2021-03-13 15:40:00,1940.75,90.99059641891021
2021-03-13 15:41:00,1918.44,92.28852609411814
2021-03-13 15:42:00,1892.7800000000002,90.71313095024249
2021-03-13 15:43:00,1888.3600000000001,91.21671715139061
2021-03-13 15:44:00,1836.78,92.99970600725183
2021-03-13 15:45:00,1834.4699999999998,91.14349103555797
2021-03-13 15:46:00,1840.08,89.74066344941525
2021-03-13 15:47:00,1782.0800000000004,93.26741784880586
2021-03-13 15:48:00,1777.6000000000001,91.19036903690369
2021-03-13 15:49:00,1783.04,91.50664034458003
2021-03-13 15:50:00,1721.12,91.64962350097612
2021-03-13 15:51:00,1730.1100000000001,89.35848009664124
2021-03-13 15:52:00,1728.25,91.30044843049328
2021-03-13 15:53:00,1815.5100000000002,90.23359827266167
2021-03-13 15:54:00,1899.92,92.2670428228557
2021-03-13 15:55:00,1842.06,91.57139289708262
2021-03-13 15:56:00,1928.4099999999999,91.48988026405173
2021-03-13 15:57:00,1956.15,91.70564629501827
2021-03-13 15:58:00,1904.6799999999998,91.49043408866582
2021-03-13 15:59:00,1157.73,89.64957287104939
2021-03-13 16:00:00,668.97,82.08140873282808
2021-03-13 16:01:00,704.6,81.70593244393983
2021-03-13 16:02:00,620.5400000000001,80.848938021723
2021-03-13 16:03:00,852.22,83.76944920325738
2021-03-13 16:04:00,1751.81,90.07255353034861
2021-03-13 16:05:00,1749.02,91.41119026654927
2021-03-13 16:06:00,1698.2999999999997,91.73879762115058
2021-03-13 16:07:00,1294.6699999999998,93.3288019340836
2021-03-13 16:08:00,813.6400000000001,80.35494813431
2021-03-13 16:09:00,1422.5,87.24077328646749
2021-03-13 16:10:00,1563.53,89.97588789469981
2021-03-13 16:11:00,1006.56,90.7546494992847
2021-03-13 16:12:00,565.5699999999999,81.35155683646587
2021-03-13 16:13:00,529.3,73.87115057623276
2021-03-13 16:14:00,425.48,76.61934756040236
2021-03-13 16:15:00,374.35,68.51876586082543
2021-03-13 16:16:00,337.93,70.19205160832125
2021-03-13 16:17:00,341.64,69.31272684697343
2021-03-13 16:18:00,324.06,65.54341788557674
2021-03-13 16:19:00,347.35,68.2021016266014
2021-03-13 16:20:00,320.46000000000004,64.34500405666853
2021-03-13 16:21:00,324.05999999999995,73.99864222674815
2021-03-13 16:22:00,349.12,69.31714023831347
2021-03-13 16:23:00,381.36,65.58107824627648
2021-03-13 16:24:00,504.09000000000003,76.6133031799877
2021-03-13 16:25:00,732.1600000000001,81.33468094405593
2021-03-13 16:26:00,518.58,80.95182999730032
2021-03-13 16:27:00,886.2,86.10923042202663
2021-03-13 16:28:00,920.8,85.6863596872285
2021-03-13 16:29:00,891.9100000000001,85.08706035362312
2021-03-13 16:30:00,865.6500000000001,84.30659042338125
2021-03-13 16:31:00,833.04,86.40641505810045
2021-03-13 16:32:00,832.88,85.24637402747094
2021-03-13 16:33:00,803.04,84.61595935445308
2021-03-13 16:34:00,802.1999999999999,83.75716778858141
2021-03-13 16:35:00,770.8700000000001,84.90406942804881
2021-03-13 16:36:00,747.8900000000001,84.63811523084944
2021-03-13 16:37:00,746.3299999999999,83.16696367558588
2021-03-13 16:38:00,747.6300000000001,81.43065420060724
2021-03-13 16:39:00,771.83,83.81379319280151
2021-03-13 16:40:00,801.2199999999999,86.79264122213624
2021-03-13 16:41:00,884.1600000000001,86.47756062251176
2021-03-13 16:42:00,912.16,87.51754078231889
2021-03-13 16:43:00,759.4,81.73558072162234
2021-03-13 16:44:00,606.5400000000001,75.03214956969036
2021-03-13 16:45:00,741.9100000000001,83.6624388402906
2021-03-13 16:46:00,742.95,80.78605558920519
2021-03-13 16:47:00,398.19000000000005,71.90034907958511
2021-03-13 16:48:00,340.30999999999995,67.02712232964063
2021-03-13 16:49:00,384.22999999999996,70.34848918616454
2021-03-13 16:50:00,288.0,68.40277777777779
2021-03-13 16:51:00,295.52,61.281808337845156
2021-03-13 16:52:00,268.8,64.99255952380952
2021-03-13 16:53:00,293.28,64.03436988543373
2021-03-13 16:54:00,396.76,69.96673051718923
2021-03-13 16:55:00,419.02,74.67423989308386
2021-03-13 16:56:00,393.54,67.79488743202724
2021-03-13 16:57:00,392.63,66.72949086926623
2021-03-13 16:58:00,395.57,68.5845741588088
2021-03-13 16:59:00,392.98,68.5531070283475
2021-03-13 17:00:00,392.7,71.02113572701808
2021-03-13 17:01:00,267.95,58.107855943273
2021-03-13 17:02:00,235.32999999999998,53.966770067564696
2021-03-13 17:03:00,211.64,55.51880551880552
2021-03-13 17:04:00,209.32000000000002,37.78903114848079
2021-03-13 17:05:00,213.88,35.159902749205166
2021-03-13 17:06:00,210.44,37.6829500095039
2021-03-13 17:07:00,210.08000000000004,41.69840060929169
2021-03-13 17:08:00,208.4,54.27063339731285
2021-03-13 17:09:00,208.76,47.42287794596666
2021-03-13 17:10:00,180.48000000000002,50.6427304964539
2021-03-13 17:11:00,160.68,17.674881752551656
2021-03-13 17:12:00,158.07,23.47061428481053
2021-03-13 17:13:00,131.64999999999998,15.191796429927843
2021-03-13 17:14:00,131.04000000000002,2.976190476190476
2021-03-13 17:15:00,126.97999999999999,4.803906126949125
2021-03-13 17:16:00,103.2,3.003875968992248
2021-03-13 17:17:00,97.56,-9.942599425994258
2021-03-13 17:18:00,93.38,-16.49175412293853
2021-03-13 17:19:00,93.26,-28.73686467939095
2021-03-13 17:20:00,86.44000000000001,-18.162887552059228
2021-03-13 17:21:00,85.60000000000001,-22.546728971962615
2021-03-13 17:22:00,77.76,-23.919753086419753
2021-03-13 17:23:00,74.48,-45.64983888292159
2021-03-13 17:24:00,72.48,-45.80573951434879
2021-03-13 17:25:00,46.269999999999996,-56.40803976658743
2021-03-13 17:26:00,40.230000000000004,-64.87695749440716
2021-03-13 17:27:00,33.75,-94.51851851851852
2021-03-13 17:28:00,32.65,-82.69525267993875
2021-03-13 17:29:00,31.770000000000003,-68.3034309096632
2021-03-13 17:30:00,27.410000000000004,-100.3283473184969
2021-03-13 17:31:00,26.34,-102.88534548215642
2021-03-13 17:32:00,18.080000000000002,-173.11946902654867
2021-03-13 17:33:00,19.310000000000002,-128.94873122734333
2021-03-13 17:34:00,18.240000000000002,-130.48245614035088
2021-03-13 17:35:00,19.92,-100.90361445783131
2021-03-13 17:36:00,18.54,-105.1779935275081
2021-03-13 17:37:00,19.610000000000003,-119.32687404385516
2021-03-13 17:38:00,20.64,-173.93410852713177
2021-03-13 17:39:00,21.52,-169.1449814126394
2021-03-13 17:40:00,21.53,-100.78959591267997
2021-03-13 17:41:00,22.04,-105.26315789473684
2021-03-13 17:42:00,21.72,-188.3057090239411
2021-03-13 17:43:00,20.43,-162.50611845325506
2021-03-13 17:44:00,20.53,-150.9985387238188
2021-03-13 17:45:00,11.240000000000002,-236.6548042704626
2021-03-13 17:46:00,25.840000000000003,-115.71207430340556
2021-03-13 17:47:00,10.55,-241.70616113744074
2021-03-13 17:48:00,9.39,0.0
2021-03-13 17:49:00,9.3,0.0
2021-03-13 17:50:00,8.520000000000001,0.0
2021-03-13 17:51:00,8.32,0.0
2021-03-13 17:52:00,8.450000000000001,0.0
2021-03-13 17:53:00,8.75,0.0
2021-03-13 17:54:00,10.990000000000002,-304.82256596906274
2021-03-13 17:55:00,8.120000000000001,0.0
2021-03-13 17:56:00,5.66,0.0
2021-03-13 17:57:00,4.04,0.0
2021-03-13 17:58:00,3.9700000000000006,0.0
2021-03-13 17:59:00,3.89,0.0
2021-03-13 18:00:00,3.8100000000000005,0.0
2021-03-14 05:00:00,1.1300000000000001,0.0
2021-03-14 05:01:00,1.2300000000000002,0.0
2021-03-14 05:02:00,1.34,0.0
2021-03-14 05:03:00,1.4900000000000002,0.0
2021-03-14 05:04:00,1.7000000000000002,0.0
2021-03-14 05:05:00,1.9300000000000002,0.0
2021-03-14 05:06:00,2.3000000000000003,0.0
2021-03-14 05:07:00,2.7800000000000002,0.0
2021-03-14 05:08:00,3.4600000000000004,0.0
2021-03-14 05:09:00,3.99,0.0
2021-03-14 05:10:00,4.08,0.0
2021-03-14 05:11:00,4.14,0.0
2021-03-14 05:12:00,4.19,0.0
2021-03-14 05:13:00,4.24,0.0
2021-03-14 05:14:00,4.3100000000000005,0.0
2021-03-14 05:15:00,4.3500000000000005,0.0
2021-03-14 05:16:00,4.38,0.0
2021-03-14 05:17:00,4.38,0.0
2021-03-14 05:18:00,4.510000000000001,0.0
2021-03-14 05:19:00,4.91,0.0
2021-03-14 05:20:00,5.4,0.0
2021-03-14 05:21:00,6.0600000000000005,0.0
2021-03-14 05:22:00,6.840000000000001,0.0
2021-03-14 05:23:00,16.82,-132.58026159334128
2021-03-14 05:24:00,14.680000000000001,-72.20708446866485
2021-03-14 05:25:00,20.96,-110.68702290076335
2021-03-14 05:26:00,23.470000000000002,-107.37111205794629
2021-03-14 05:27:00,23.28,-110.82474226804125
2021-03-14 05:28:00,30.25,-94.21487603305785
2021-03-14 05:29:00,49.440000000000005,-39.03721682847896
2021-03-14 05:30:00,50.99000000000001,-46.47970190233378
2021-03-14 05:31:00,51.64000000000001,-35.437645236250965
2021-03-14 05:32:00,53.78,-37.56043138713276
2021-03-14 05:33:00,54.68000000000001,-40.59985369422092
2021-03-14 05:34:00,54.32,-37.73932253313696
2021-03-14 05:35:00,56.02,-39.271688682613345
2021-03-14 05:36:00,55.480000000000004,-41.8168709444845
2021-03-14 05:37:00,56.94,-38.63716192483316
2021-03-14 05:38:00,57.27,-40.33525405971713
2021-03-14 05:39:00,56.81,-40.66185530716424
2021-03-14 05:40:00,57.99,-37.937575444042075
2021-03-14 05:41:00,58.36,-33.41329677861549
2021-03-14 05:42:00,57.53,-47.27968016686946
2021-03-14 05:43:00,58.83,-42.32534421213666
2021-03-14 05:44:00,57.82000000000001,-48.42615012106537
2021-03-14 05:45:00,59.370000000000005,-43.45629105608893
2021-03-14 05:46:00,59.71000000000001,-35.839892815273814
2021-03-14 05:47:00,60.33,-41.43875352229405
2021-03-14 05:48:00,131.09,31.27622244259669
2021-03-14 05:49:00,202.92000000000002,38.241671594717126
2021-03-14 05:50:00,203.04000000000002,35.4117415287628
2021-03-14 05:51:00,181.13,45.989068624744654
2021-03-14 05:52:00,211.96,41.84751839969806
2021-03-14 05:53:00,185.8,44.187298170075344
2021-03-14 05:54:00,185.57,41.65543999568896
2021-03-14 05:55:00,185.14000000000001,47.58561088905692
2021-03-14 05:56:00,187.67000000000002,50.51420045825118
2021-03-14 05:57:00,215.8,47.68303985171455
2021-03-14 05:58:00,216.04000000000002,59.89631549713016
2021-03-14 05:59:00,242.97000000000003,52.80487302959212
2021-03-14 06:00:00,238.41,59.8968164087077
2021-03-14 06:01:00,243.39000000000001,53.576564361723975
2021-03-14 06:02:00,244.19000000000003,54.79339858307056
2021-03-14 06:03:00,241.34000000000003,53.61730338940913
2021-03-14 06:04:00,211.2,54.59280303030303
2021-03-14 06:05:00,215.6,48.886827458256036
2021-03-14 06:06:00,213.83999999999997,54.4799850355406
2021-03-14 06:07:00,241.16,54.942776579863995
2021-03-14 06:08:00,238.19,63.47873546328561
2021-03-14 06:09:00,267.3,65.24504302282081
2021-03-14 06:10:00,288.86,63.62943986706363
2021-03-14 06:11:00,319.62,61.94856391965459
2021-03-14 06:12:00,318.78,70.61296191730975
2021-03-14 06:13:00,323.76,70.73140597973808
2021-03-14 06:14:00,350.48,71.04542341931067
2021-03-14 06:15:00,351.48999999999995,67.82554268969247
2021-03-14 06:16:00,347.26,68.04699648678223
2021-03-14 06:17:00,346.56999999999994,68.96153735176156
2021-03-14 06:18:00,348.76,67.38158045647437
2021-03-14 06:19:00,349.36,69.784749255782
2021-03-14 06:20:00,379.75,65.41145490454247
2021-03-14 06:21:00,380.1,61.5364377795317
2021-03-14 06:22:00,351.01,69.05786159938464
2021-03-14 06:23:00,382.05999999999995,65.33005287127676
2021-03-14 06:24:00,381.5,68.99082568807339
2021-03-14 06:25:00,383.46,72.88895843112711
2021-03-14 06:26:00,492.84,70.99667234802371
2021-03-14 06:27:00,543.9,77.4039345467917
2021-03-14 06:28:00,539.58,82.712480077097
2021-03-14 06:29:00,666.22,85.40722283930234
2021-03-14 06:30:00,741.46,80.1796455641572
2021-03-14 06:31:00,805.1400000000001,84.38284025138483
2021-03-14 06:32:00,836.25,85.40508221225711
2021-03-14 06:33:00,858.49,87.09478269985674
2021-03-14 06:34:00,779.66,83.39532616781675
2021-03-14 06:35:00,883.1500000000001,86.47455132197248
2021-03-14 06:36:00,978.28,86.9996320071963
2021-03-14 06:37:00,1032.82,85.50376638717299
2021-03-14 06:38:00,938.5899999999999,88.4944437933496
2021-03-14 06:39:00,812.1099999999999,86.10902463951928
2021-03-14 06:40:00,745.6099999999999,84.66892879655585
2021-03-14 06:41:00,718.9000000000001,85.53345388788426
2021-03-14 06:42:00,721.11,85.97856082983178
2021-03-14 06:43:00,718.77,83.25333555935835
2021-03-14 06:44:00,692.41,82.26339885328058
2021-03-14 06:45:00,663.96,84.20687993252606
2021-03-14 06:46:00,659.28,81.72551874772479
2021-03-14 06:47:00,660.72,80.79065262138272
2021-03-14 06:48:00,662.04,84.78339677360884
2021-03-14 06:49:00,625.45,81.76512910704292
2021-03-14 06:50:00,600.6,80.23643023643024
2021-03-14 06:51:00,600.9300000000001,80.77479906145473
2021-03-14 06:52:00,570.56,83.3041222658441
2021-03-14 06:53:00,568.4300000000001,83.77460725155251
2021-03-14 06:54:00,545.8,81.58666178087213
2021-03-14 06:55:00,516.46,76.77264454168764
2021-03-14 06:56:00,519.8299999999999,77.42915953292425
2021-03-14 06:57:00,518.5799999999999,79.98765860619385
2021-03-14 06:58:00,517.46,78.42152050400031
2021-03-14 06:59:00,491.76,81.72685863022612
2021-03-14 07:00:00,515.65,78.1343934839523
2021-03-14 07:01:00,518.06,78.34999806972166
2021-03-14 07:02:00,519.6600000000001,82.05365046376475
2021-03-14 07:03:00,549.7,80.18919410587593
2021-03-14 07:04:00,571.8299999999999,80.30358673032195
2021-03-14 07:05:00,604.7800000000001,80.72356890108799
2021-03-14 07:06:00,605.5500000000001,82.96589876971348
2021-03-14 07:07:00,662.8799999999999,82.60922037171133
2021-03-14 07:08:00,692.48,85.17213493530498
2021-03-14 07:09:00,723.97,86.59198585576749
2021-03-14 07:10:00,779.8,88.61246473454733
2021-03-14 07:11:00,831.0,88.4476534296029
2021-03-14 07:12:00,890.24,83.84255930984904
2021-03-14 07:13:00,888.8000000000001,87.34248424842484
2021-03-14 07:14:00,921.7,83.73657372246934
2021-03-14 07:15:00,951.66,86.63808503036799
2021-03-14 07:16:00,973.21,87.57616547302226
2021-03-14 07:17:00,1002.6000000000001,87.08358268501894
2021-03-14 07:18:00,1001.52,89.86340762041696
2021-03-14 07:19:00,1000.9800000000001,89.79200383624047
2021-03-14 07:20:00,1003.3199999999999,86.8416856037954
2021-03-14 07:21:00,968.22,88.22375080043791
2021-03-14 07:22:00,972.1600000000001,88.2879361421988
2021-03-14 07:23:00,1201.63,88.42988274260794
2021-03-14 07:24:00,1842.76,92.86613557923984
2021-03-14 07:25:00,1637.05,93.82731132219541
2021-03-14 07:26:00,1110.0,89.72972972972974
2021-03-14 07:27:00,1137.38,89.45119485132497
2021-03-14 07:28:00,1228.92,90.23370113595678
2021-03-14 07:29:00,1277.6499999999999,89.23414080538488
2021-03-14 07:30:00,1723.58,91.91914503533344
2021-03-14 07:31:00,1534.73,92.86323978810606
2021-03-14 07:32:00,1156.89,89.01451304791293
2021-03-14 07:33:00,1395.0,89.12544802867384
2021-03-14 07:34:00,2358.7200000000003,93.28788495455161
2021-03-14 07:35:00,1781.7600000000002,91.5106411637931
2021-03-14 07:36:00,1817.1100000000001,91.3648595847252
2021-03-14 07:37:00,1271.8999999999999,89.92059124144981
2021-03-14 07:38:00,1306.98,90.88891949379486
2021-03-14 07:39:00,1877.8,91.72435829161786
2021-03-14 07:40:00,2142.75,60.62303115155758
2021-03-14 07:41:00,2799.1899999999996,94.23797598591023
2021-03-14 07:42:00,2693.0299999999997,93.80511914089334
2021-03-14 07:43:00,2660.64,92.7897047326959
2021-03-14 07:44:00,2640.88,94.45336403017176
2021-03-14 07:45:00,2618.4399999999996,93.11269305387943
2021-03-14 07:46:00,2590.17,93.11744016801985
2021-03-14 07:47:00,2550.24,93.90880858272163
2021-03-14 07:48:00,2580.7700000000004,93.20474122064344
2021-03-14 07:49:00,2618.48,93.37478231645841
2021-03-14 07:50:00,2613.24,93.25970825488665
2021-03-14 07:51:00,2605.12,94.14537526102444
2021-03-14 07:52:00,2635.2,93.1390406800243
2021-03-14 07:53:00,2653.74,93.66026814985644
2021-03-14 07:54:00,1627.21,92.5449081556775
2021-03-14 07:55:00,2058.9300000000003,92.20323177572816
2021-03-14 07:56:00,2757.5,93.3961922030825
2021-03-14 07:57:00,2772.37,93.64550907707124
2021-03-14 07:58:00,2765.7699999999995,92.91083495735366
2021-03-14 07:59:00,2803.62,93.41137529337072
2021-03-14 08:00:00,2839.7200000000003,93.41766089614468
2021-03-14 08:01:00,2485.8,92.69048193740444
2021-03-14 08:02:00,1874.15,92.0363898300563
2021-03-14 08:03:00,2777.96,91.46639980417285
2021-03-14 08:04:00,2844.92,93.49296289526595
2021-03-14 08:05:00,2730.5,94.19520234389306
2021-03-14 08:06:00,2864.89,93.79068655341042
2021-03-14 08:07:00,2721.5,94.12823810398676
2021-03-14 08:08:00,2520.5,92.80698274151953
2021-03-14 08:09:00,3023.25,93.73687257090879
2021-03-14 08:10:00,2920.32,94.20885382423843
2021-03-14 08:11:00,1989.8600000000001,92.59445388117756
2021-03-14 08:12:00,1339.5,89.45875326614407
2021-03-14 08:13:00,1782.33,90.9371440754518
2021-03-14 08:14:00,1861.5,93.02712865968306
2021-03-14 08:15:00,2336.62,92.14164048925372
2021-03-14 08:16:00,2370.83,91.95513807400783
2021-03-14 08:17:00,2761.83,92.37353493879058
2021-03-14 08:18:00,3065.4399999999996,93.52001670233314
2021-03-14 08:19:00,2989.25,93.92657020991886
2021-03-14 08:20:00,3192.51,92.55413452111348
2021-03-14 08:21:00,2989.8,93.42096461301759
2021-03-14 08:22:00,2617.94,92.66446137039046
2021-03-14 08:23:00,3074.01,94.06605703950214
2021-03-14 08:24:00,2862.0,92.72536687631028
2021-03-14 08:25:00,2629.6400000000003,93.3245615369404
2021-03-14 08:26:00,2646.0,94.68631897203326
2021-03-14 08:27:00,2574.38,94.16247795585733
2021-03-14 08:28:00,2402.3,92.83603213586977
2021-03-14 08:29:00,2388.32,92.80163462182622
2021-03-14 08:30:00,2861.4700000000003,93.49390348317473
2021-03-14 08:31:00,2682.4,92.58872651356992
2021-03-14 08:32:00,2585.75,93.16832640433142
2021-03-14 08:33:00,2500.5599999999995,94.24288959273125
2021-03-14 08:34:00,2849.75,93.57662952890604
2021-03-14 08:35:00,3262.8,93.48718891749418
2021-03-14 08:36:00,3282.97,93.70783162806849
2021-03-14 08:37:00,3136.06,93.5218076184767
2021-03-14 08:38:00,3527.0099999999998,94.76298621211737
2021-03-14 08:39:00,3517.1499999999996,93.62978547972081
2021-03-14 08:40:00,3490.5,93.90058730840853
2021-03-14 08:41:00,3515.25,93.56660265983928
2021-03-14 08:42:00,3502.18,94.6838826102599
2021-03-14 08:43:00,3506.13,94.2349542087715
2021-03-14 08:44:00,3522.4199999999996,92.49606804412876
2021-03-14 08:45:00,3514.5,94.26945511452554
2021-03-14 08:46:00,3531.66,93.02424355685429
2021-03-14 08:47:00,3537.8,94.6746565662276
2021-03-14 08:48:00,3575.12,94.62899147441205
2021-03-14 08:49:00,3547.65,93.39421870815893
2021-03-14 08:50:00,3653.55,93.85939702481147
2021-03-14 08:51:00,3746.6699999999996,93.51237231995346
2021-03-14 08:52:00,3841.99,93.41513122105992
2021-03-14 08:53:00,3846.37,93.80272828667029
2021-03-14 08:54:00,3716.7199999999993,93.78161389612347
2021-03-14 08:55:00,3372.8,94.45861005692599
2021-03-14 08:56:00,2902.32,94.20394718707792
2021-03-14 08:57:00,4102.21,94.0590559722686
2021-03-14 08:58:00,3379.2000000000003,94.93371212121211
2021-03-14 08:59:00,3107.2,92.16336251287332
2021-03-14 09:00:00,3746.83,94.15425839976727
2021-03-14 09:01:00,2882.61,93.79000280995348
2021-03-14 09:02:00,2723.21,93.21719588280007
2021-03-14 09:03:00,2095.2200000000003,93.24080526149997
2021-03-14 09:04:00,2831.6899999999996,90.54310323517053
2021-03-14 09:05:00,3482.47,95.55861213449076
2021-03-14 09:06:00,4046.24,94.20103602356757
2021-03-14 09:07:00,4261.41,94.58841087808966
2021-03-14 09:08:00,4321.4,94.27037534132458
2021-03-14 09:09:00,4331.77,93.10051087661626
2021-03-14 09:10:00,4390.68,93.88295207120537
2021-03-14 09:11:00,4267.28,93.64278884910294
2021-03-14 09:12:00,3171.3900000000003,94.58313231737502
2021-03-14 09:13:00,1661.1200000000001,92.99749566557503
2021-03-14 09:14:00,1354.8600000000001,91.21237618646944
2021-03-14 09:15:00,1365.0,89.53846153846155
2021-03-14 09:16:00,1485.12,92.28883861236802
2021-03-14 09:17:00,1436.13,90.06148468453414
2021-03-14 09:18:00,1503.04,90.50989993612946
2021-03-14 09:19:00,2315.29,90.71001904728998
2021-03-14 09:20:00,3775.29,94.47751033695425
2021-03-14 09:21:00,2661.19,93.89784269443369
2021-03-14 09:22:00,2053.8999999999996,92.08335361994257
2021-03-14 09:23:00,1898.0500000000002,91.56239298227128
2021-03-14 09:24:00,1575.57,90.40537710162037
2021-03-14 09:25:00,2053.58,92.03926801001178
2021-03-14 09:26:00,3295.5600000000004,91.82961317651628
2021-03-14 09:27:00,4543.25,94.82418973202003
2021-03-14 09:28:00,4436.35,93.97815771974707
2021-03-14 09:29:00,4277.36,94.2614135822096
2021-03-14 09:30:00,4180.68,93.25277227628041
2021-03-14 09:31:00,4109.04,94.32616864279734
2021-03-14 09:32:00,4078.62,93.97296144284097
2021-03-14 09:33:00,3198.23,94.56167942893413
2021-03-14 09:34:00,2948.3999999999996,91.2359245692579
2021-03-14 09:35:00,4037.88,93.70263603673214
2021-03-14 09:36:00,3244.46,93.10948509150984
2021-03-14 09:37:00,2807.2,91.50398974066685
2021-03-14 09:38:00,3987.72,93.07574252956577
2021-03-14 09:39:00,3957.3199999999997,94.17989952796337
2021-03-14 09:40:00,3962.5099999999998,94.87168486641045
2021-03-14 09:41:00,4008.13,93.88667533238691
2021-03-14 09:42:00,4017.8600000000006,93.60206677186362
2021-03-14 09:43:00,4021.71,94.05949210659148
2021-03-14 09:44:00,4014.0099999999998,93.3904001235672
2021-03-14 09:45:00,4054.4399999999996,93.55915983465042
2021-03-14 09:46:00,4070.04,93.8958830871441
2021-03-14 09:47:00,4059.12,94.52295078736277
2021-03-14 09:48:00,4068.23,93.89587117739164
2021-03-14 09:49:00,4066.92,94.1326605883568
2021-03-14 09:50:00,4093.78,93.43442979349157
2021-03-14 09:51:00,4096.9400000000005,94.1776057252486
2021-03-14 09:52:00,4095.36,92.63166119706203
2021-03-14 09:53:00,4096.150000000001,93.63670764010106
2021-03-14 09:54:00,4080.77,94.49932243179596
2021-03-14 09:55:00,4112.05,94.3908755973298
2021-03-14 09:56:00,4110.56,94.34237670779649
2021-03-14 09:57:00,4126.4,93.9632609538581
2021-03-14 09:58:00,4152.799999999999,94.07628587940668
2021-03-14 09:59:00,4121.6,94.38567546583849
2021-03-14 10:00:00,4172.31,93.59803082704784
2021-03-14 10:01:00,4184.459999999999,93.80182867084405
2021-03-14 10:02:00,4263.71,94.10349202924215
2021-03-14 10:03:00,4315.45,94.09910901528231
2021-03-14 10:04:00,4367.03,94.1097267479271
2021-03-14 10:05:00,4317.15,94.12227974473902
2021-03-14 10:06:00,4330.75,93.92830341164927
2021-03-14 10:07:00,3981.8999999999996,94.38710163489792
2021-03-14 10:08:00,3829.8500000000004,93.41880230296226
2021-03-14 10:09:00,4214.8,94.502704754674
2021-03-14 10:10:00,4001.41,92.94973521833555
2021-03-14 10:11:00,4827.9,93.55413326705192
2021-03-14 10:12:00,4557.6,93.97489906968579
2021-03-14 10:13:00,4460.72,93.40644559622662
2021-03-14 10:14:00,4460.150000000001,94.13360537201663
2021-03-14 10:15:00,2732.4000000000005,94.60547504025763
2021-03-14 10:16:00,3161.99,92.60940104174904
2021-03-14 10:17:00,4289.780000000001,94.27056865387034
2021-03-14 10:18:00,4376.280000000001,93.4812214940543
2021-03-14 10:19:00,4828.85,94.1756318792259
2021-03-14 10:20:00,4913.049999999999,94.3548305024374
2021-03-14 10:21:00,4785.610000000001,94.49996970083227
2021-03-14 10:22:00,3527.1800000000003,93.41173401981186
2021-03-14 10:23:00,4195.45,93.84452204173569
2021-03-14 10:24:00,3365.38,93.17224206478912
2021-03-14 10:25:00,4109.6,93.734183375511
2021-03-14 10:26:00,4698.59,93.64724310910294
2021-03-14 10:27:00,4970.56,93.13035150968905
2021-03-14 10:28:00,4549.5,93.43664138916364
2021-03-14 10:29:00,3611.1099999999997,93.50587492488461
2021-03-14 10:30:00,3432.41,93.54943028367823
2021-03-14 10:31:00,3042.63,93.36659403213667
2021-03-14 10:32:00,3079.29,92.9987107417619
2021-03-14 10:33:00,3249.2000000000003,92.74282900406253
2021-03-14 10:34:00,3799.6499999999996,94.06655876199123
2021-03-14 10:35:00,3641.4000000000005,93.44757510847475
2021-03-14 10:36:00,3555.84,93.92717332613391
2021-03-14 10:37:00,3598.3500000000004,93.85690663776452
2021-03-14 10:38:00,3701.2299999999996,93.7228975232558
2021-03-14 10:39:00,3755.5199999999995,93.46508605998638
2021-03-14 10:40:00,3725.98,93.75788383190464
2021-03-14 10:41:00,3936.05,94.20357973094853
2021-03-14 10:42:00,4027.92,94.29432560726131
2021-03-14 10:43:00,3768.99,92.80735687810264
2021-03-14 10:44:00,4598.03,94.04027376941865
2021-03-14 10:45:00,4284.02,93.67136474619632
2021-03-14 10:46:00,4330.75,94.11071985221959
2021-03-14 10:47:00,4562.099999999999,93.06240547116461
2021-03-14 10:48:00,4747.85,93.30117842813063
2021-03-14 10:49:00,4590.32,93.48803569250073
2021-03-14 10:50:00,4761.01,94.10188174357961
2021-03-14 10:51:00,4978.08,92.64616076881047
2021-03-14 10:52:00,5049.18,93.27455151133451
2021-03-14 10:53:00,4977.72,93.72765041022797
2021-03-14 10:54:00,3567.1000000000004,94.34835020044294
2021-03-14 10:55:00,4950.0,92.94949494949495
2021-03-14 10:56:00,4903.33,93.33249036879019
2021-03-14 10:57:00,4880.4,93.4902876813376
2021-03-14 10:58:00,4694.720000000001,92.959750528253
2021-03-14 10:59:00,4719.740000000001,93.16403022200375
2021-03-14 11:00:00,4860.67,93.19702839320504
2021-03-14 11:01:00,4655.4,94.90913777548653
2021-03-14 11:02:00,4285.59,93.2240368304014
2021-03-14 11:03:00,4328.379999999999,94.24080140837913
2021-03-14 11:04:00,4233.6,94.34760015117158
2021-03-14 11:05:00,4413.200000000001,93.73243904649686
2021-03-14 11:06:00,4370.879999999999,94.52558752470901
2021-03-14 11:07:00,4433.4400000000005,93.20978743368579
2021-03-14 11:08:00,4408.4800000000005,93.09331107320435
2021-03-14 11:09:00,4396.98,93.75071071508172
2021-03-14 11:10:00,4411.82,93.96575562919612
2021-03-14 11:11:00,4383.93,94.36510163255343
2021-03-14 11:12:00,4381.48,93.22877201310973
2021-03-14 11:13:00,4411.08,93.53038258204339
2021-03-14 11:14:00,4408.8,92.91870803846852
2021-03-14 11:15:00,4487.38,93.785237711092
2021-03-14 11:16:00,4521.6,93.3342179759377
2021-03-14 11:17:00,4510.950000000001,93.72748534122522
2021-03-14 11:18:00,4502.51,93.57447290511291
2021-03-14 11:19:00,4479.200000000001,93.44525808180032
2021-03-14 11:20:00,4536.0,93.05114638447972
2021-03-14 11:21:00,4479.37,94.07796185624319
2021-03-14 11:22:00,4435.200000000001,93.25622294372293
2021-03-14 11:23:00,4323.04,94.71806876642363
2021-03-14 11:24:00,4378.71,93.73308577183691
2021-03-14 11:25:00,4398.719999999999,94.31152698966973
2021-03-14 11:26:00,3477.72,59.84668115892022
2021-03-14 11:27:00,4424.64,93.81102191364721
2021-03-14 11:28:00,4403.12,93.84936136194335
2021-03-14 11:29:00,4345.12,92.66947748278528
2021-03-14 11:30:00,4218.67,93.05065340498308
2021-03-14 11:31:00,4105.889999999999,93.53879426872129
2021-03-14 11:32:00,4124.94,92.61952901133108
2021-03-14 11:33:00,4081.6,95.43316346530773
2021-03-14 11:34:00,4212.18,93.86113603882075
2021-03-14 11:35:00,4166.42,93.96076247713864
2021-03-14 11:36:00,4226.17,93.38242427540776
2021-03-14 11:37:00,4257.12,92.91257939639945
2021-03-14 11:38:00,4294.57,93.68807587255536
2021-03-14 11:39:00,4360.2,94.60804550249989
2021-03-14 11:40:00,4362.78,93.9263497127978
2021-03-14 11:41:00,4439.91,92.87125189474561
2021-03-14 11:42:00,4505.63,93.10795604610233
2021-03-14 11:43:00,4559.27,95.19725745568918
2021-03-14 11:44:00,4634.039999999999,93.62888537863292
2021-03-14 11:45:00,4675.84,91.67978373939228
2021-03-14 11:46:00,4645.41,93.72907881112755
2021-03-14 11:47:00,4693.62,92.26780182460446
2021-03-14 11:48:00,4703.01,94.23114133289106
2021-03-14 11:49:00,4661.209999999999,93.42638499445425
2021-03-14 11:50:00,4648.21,93.8425759593478
2021-03-14 11:51:00,4717.860000000001,95.3483147020047
2021-03-14 11:52:00,4789.38,92.92852101942213
2021-03-14 11:53:00,4787.5199999999995,93.40117639195242
2021-03-14 11:54:00,4309.459999999999,94.01641969063411
2021-03-14 11:55:00,4184.04,93.63677211498934
2021-03-14 11:56:00,4009.66,93.59397056109496
2021-03-14 11:57:00,4517.139999999999,93.12529609443145
2021-03-14 11:58:00,4638.3,93.81670008408253
2021-03-14 11:59:00,4611.76,93.58249345152393
2021-03-14 12:00:00,4665.78,94.20718507945082
2021-03-14 12:01:00,4622.88,94.13395978264631
2021-03-14 12:02:00,3988.71,93.84738424202311
2021-03-14 12:03:00,3637.44,93.32937450514648
2021-03-14 12:04:00,3414.32,93.03170177370603
2021-03-14 12:05:00,3262.7200000000003,94.27410258925069
2021-03-14 12:06:00,3449.14,92.5187148100686
2021-03-14 12:07:00,3620.1099999999997,93.66566209314084
2021-03-14 12:08:00,3439.92,92.78704155910603
2021-03-14 12:09:00,3757.0099999999998,94.55657557472566
2021-03-14 12:10:00,2962.6099999999997,93.92393868919636
2021-03-14 12:11:00,2734.17,92.77038369962365
2021-03-14 12:12:00,2731.04,93.11471087937197
2021-03-14 12:13:00,2435.49,93.07367305963072
2021-03-14 12:14:00,2510.94,91.73058695150024
2021-03-14 12:15:00,2323.2000000000003,92.32093663911846
2021-03-14 12:16:00,2881.4400000000005,92.42253873063466
2021-03-14 12:17:00,2389.5,93.2705586942875
2021-03-14 12:18:00,2456.08,92.89599687306603
2021-03-14 12:19:00,2728.59,92.84648847939778
2021-03-14 12:20:00,3563.0600000000004,92.75454244385443
2021-03-14 12:21:00,3363.5699999999997,93.47211444982564
2021-03-14 12:22:00,3188.4,93.90603437460796
2021-03-14 12:23:00,3923.48,92.62440486506877
2021-03-14 12:24:00,5351.469999999999,93.31454721786724
2021-03-14 12:25:00,5336.24,92.96620841641305
2021-03-14 12:26:00,4905.15,93.86053433636077
2021-03-14 12:27:00,4297.740000000001,93.63293265762934
2021-03-14 12:28:00,4069.04,93.40040894166684
2021-03-14 12:29:00,4546.970000000001,93.75474216896085
2021-03-14 12:30:00,4323.35,93.86008535048053
2021-03-14 12:31:00,4086.71,93.36116338081244
2021-03-14 12:32:00,3255.04,94.26305053086907
2021-03-14 12:33:00,3136.79,94.44049490083812
2021-03-14 12:34:00,2788.15,93.01866829259544
2021-03-14 12:35:00,3322.2599999999998,93.0270358129707
2021-03-14 12:36:00,3100.04,93.06654107688934
2021-03-14 12:37:00,3457.19,93.8826040801923
2021-03-14 12:38:00,3323.5600000000004,92.77100458544452
2021-03-14 12:39:00,3310.86,92.46540173852111
2021-03-14 12:40:00,5184.33,93.98321480307001
2021-03-14 12:41:00,5139.889999999999,93.3949948345198
2021-03-14 12:42:00,5000.75,93.70794380842874
2021-03-14 12:43:00,3336.45,93.06898050322948
2021-03-14 12:44:00,3016.21,93.97223668113296
2021-03-14 12:45:00,3128.4,91.9831223628692
2021-03-14 12:46:00,3091.7200000000003,93.91536102881243
2021-03-14 12:47:00,3459.25,93.5838693358387
2021-03-14 12:48:00,3288.6,92.57434774676155
2021-03-14 12:49:00,2843.04,93.57589059598178
2021-03-14 12:50:00,3590.76,93.79351446490436
2021-03-14 12:51:00,3698.12,92.67141141985658
2021-03-14 12:52:00,3616.2000000000003,92.95946020684696
2021-03-14 12:53:00,4012.4700000000003,94.71721906955068
2021-03-14 12:54:00,4101.610000000001,92.67336484941278
2021-03-14 12:55:00,4595.68,93.9295164154162
2021-03-14 12:56:00,4893.45,91.79617652167694
2021-03-14 12:57:00,4262.150000000001,93.11966965029386
2021-03-14 12:58:00,3954.24,93.86885975560412
2021-03-14 12:59:00,4321.63,93.26804932398191
2021-03-14 13:00:00,3958.92,93.03294837986117
2021-03-14 13:01:00,4276.280000000001,93.82921604759275
2021-03-14 13:02:00,3422.94,92.28616335664663
2021-03-14 13:03:00,3045.6000000000004,94.01759915944312
2021-03-14 13:04:00,4605.49,92.68069195677333
2021-03-14 13:05:00,3658.13,93.79929089452807
2021-03-14 13:06:00,3592.3899999999994,93.57280250752287
2021-03-14 13:07:00,3145.77,91.65959367658793
2021-03-14 13:08:00,2439.42,92.42360889063794
2021-03-14 13:09:00,3466.71,93.66229075982704
2021-03-14 13:10:00,2525.2799999999997,92.87682950009504
2021-03-14 13:11:00,3646.03,92.2729653897527
2021-03-14 13:12:00,3763.44,93.55270709776163
2021-03-14 13:13:00,3647.7000000000003,93.71932998876004
2021-03-14 13:14:00,4111.1900000000005,93.2236165197911
2021-03-14 13:15:00,3890.1800000000003,92.96227938038857
2021-03-14 13:16:00,3377.7799999999997,92.37724185707773
2021-03-14 13:17:00,4382.72,93.1476343457944
2021-03-14 13:18:00,4274.5,94.18645455608842
2021-03-14 13:19:00,2012.79,90.8390840574526
2021-03-14 13:20:00,3607.32,92.49248749764367
2021-03-14 13:21:00,4331.43,93.21171068215347
2021-03-14 13:22:00,3925.0999999999995,93.03712007337394
2021-03-14 13:23:00,3926.92,93.91838896641642
2021-03-14 13:24:00,3942.5299999999997,92.74755043081473
2021-03-14 13:25:00,3975.51,92.51894725456607
2021-03-14 13:26:00,4112.96,92.4492336419513
2021-03-14 13:27:00,4074.82,93.15994326129743
2021-03-14 13:28:00,4069.7400000000002,93.58337387646385
2021-03-14 13:29:00,4069.7400000000002,93.58337387646385
2021-03-14 13:30:00,4069.7400000000002,93.58337387646385
2021-03-14 13:31:00,4069.7400000000002,93.58337387646385
2021-03-14 13:32:00,4069.7400000000002,93.58337387646385
2021-03-14 13:33:00,4069.7400000000002,93.58337387646385
2021-03-14 13:34:00,4069.7400000000002,93.58337387646385
2021-03-14 13:35:00,4069.7400000000002,93.58337387646385
2021-03-14 13:36:00,4069.7400000000002,93.58337387646385
2021-03-14 13:37:00,4069.7400000000002,93.58337387646385
2021-03-14 13:38:00,4069.7400000000002,93.58337387646385
2021-03-14 13:39:00,4069.7400000000002,93.58337387646385
2021-03-14 13:40:00,4069.7400000000002,93.58337387646385
2021-03-14 13:41:00,4069.7400000000002,93.58337387646385
2021-03-14 13:42:00,4069.7400000000002,93.58337387646385
2021-03-14 13:43:00,4069.7400000000002,93.58337387646385
2021-03-14 13:44:00,4069.7400000000002,93.58337387646385
2021-03-14 13:45:00,4069.7400000000002,93.58337387646385
2021-03-14 13:46:00,4069.7400000000002,93.58337387646385
2021-03-14 13:47:00,4069.7400000000002,93.58337387646385
2021-03-14 13:48:00,4069.7400000000002,93.58337387646385
2021-03-14 13:49:00,4069.7400000000002,93.58337387646385
2021-03-14 13:50:00,4069.7400000000002,93.58337387646385
2021-03-14 13:51:00,4069.7400000000002,93.58337387646385
2021-03-14 13:52:00,4069.7400000000002,93.58337387646385
2021-03-14 13:53:00,4069.7400000000002,93.58337387646385
2021-03-14 13:54:00,3786.52,93.44464046142633
2021-03-14 13:55:00,3788.63,92.90165574363292
2021-03-14 13:56:00,3734.9900000000002,92.61872187074128
2021-03-14 13:57:00,3707.2799999999997,93.78843788437885
2021-03-14 13:58:00,2909.95,59.083489407034484
2021-03-14 13:59:00,3700.6,93.70642598497541
2021-03-14 14:00:00,3672.12,94.12274108689259
2021-03-14 14:01:00,3690.58,93.09918766155998
2021-03-14 14:02:00,3674.25,92.89514866979655
2021-03-14 14:03:00,3574.8900000000003,93.62525839955914
2021-03-14 14:04:00,3512.5099999999998,93.79617424576728
2021-03-14 14:05:00,3485.34,93.17885772980542
2021-03-14 14:06:00,3389.1000000000004,93.3817237614706
2021-03-14 14:07:00,3397.55,93.65866580329943
2021-03-14 14:08:00,3452.5299999999997,94.15993488832828
2021-03-14 14:09:00,3460.3799999999997,93.69780197550558
2021-03-14 14:10:00,3414.45,93.5114000790757
2021-03-14 14:11:00,3426.8,94.22493288198902
2021-03-14 14:12:00,3450.4799999999996,94.37817347151702
2021-03-14 14:13:00,3410.55,93.94672413540337
2021-03-14 14:14:00,3368.23,92.81729573099224
2021-03-14 14:15:00,3382.4,92.62949385052033
2021-03-14 14:16:00,3347.2000000000003,93.55879541108986
2021-03-14 14:17:00,3369.6000000000004,93.15645773979107
2021-03-14 14:18:00,3340.16,94.01046656447596
2021-03-14 14:19:00,3314.43,92.66450038166442
2021-03-14 14:20:00,3212.2799999999997,93.52858405867485
2021-03-14 14:21:00,3105.17,92.71312037666215
2021-03-14 14:22:00,2999.91,92.89945365027619
2021-03-14 14:23:00,2916.6499999999996,91.77309584626198
2021-03-14 14:24:00,2804.23,94.15418849381115
2021-03-14 14:25:00,2741.96,92.98822739937854
2021-03-14 14:26:00,2701.47,92.05728732875066
2021-03-14 14:27:00,2660.0,93.84586466165415
2021-03-14 14:28:00,2621.9900000000002,93.80661253475412
2021-03-14 14:29:00,2619.05,93.17882438288693
2021-03-14 14:30:00,2611.7,93.23812076425317
2021-03-14 14:31:00,2620.03,92.37680484574604
2021-03-14 14:32:00,2592.96,91.6867209675429
2021-03-14 14:33:00,2644.04,92.10526315789474
2021-03-14 14:34:00,2756.5499999999997,93.31592026264717
2021-03-14 14:35:00,2906.8200000000006,92.17288996222675
2021-03-14 14:36:00,2991.81,93.31809172373914
2021-03-14 14:37:00,2994.5299999999997,94.03145067840364
2021-03-14 14:38:00,2909.0600000000004,92.78254831457583
2021-03-14 14:39:00,2818.0099999999998,93.43118015904842
2021-03-14 14:40:00,2779.92,93.48830182163516
2021-03-14 14:41:00,2623.46,92.48473390103146
2021-03-14 14:42:00,2421.0,91.93308550185873
2021-03-14 14:43:00,2370.28,93.25058642860759
2021-03-14 14:44:00,2439.0,91.95981959819599
2021-03-14 14:45:00,2466.33,91.74360284309074
2021-03-14 14:46:00,2546.9300000000003,93.60681290808934
2021-03-14 14:47:00,2484.0,92.26247987117553
2021-03-14 14:48:00,2444.85,93.02002167822157
2021-03-14 14:49:00,2443.5,91.28708819316553
2021-03-14 14:50:00,2443.5,92.13423368119501
2021-03-14 14:51:00,2437.2,92.72936156244872
2021-03-14 14:52:00,2451.6,91.51982378854625
2021-03-14 14:53:00,2455.2,91.93141088302379
2021-03-14 14:54:00,2461.5,93.61771277676215
2021-03-14 14:55:00,2478.14,91.56464122285263
2021-03-14 14:56:00,2549.28,92.70068411473041
2021-03-14 14:57:00,2488.1400000000003,92.85651128955766
2021-03-14 14:58:00,2495.5,91.52073732718894
2021-03-14 14:59:00,2504.24,92.87847810114049
2021-03-14 15:00:00,2499.6399999999994,92.92938183098369
2021-03-14 15:01:00,2490.8999999999996,91.87040828616165
2021-03-14 15:02:00,2444.85,92.66826185655562
2021-03-14 15:03:00,2491.3599999999997,92.2548327018175
2021-03-14 15:04:00,2504.24,91.63259112545123
2021-03-14 15:05:00,2527.89,92.46446641269993
2021-03-14 15:06:00,2502.8599999999997,92.66199467808826
2021-03-14 15:07:00,2491.8199999999997,92.12944755239143
2021-03-14 15:08:00,2434.5,92.69665228999794
2021-03-14 15:09:00,2435.29,91.1842121472186
2021-03-14 15:10:00,2383.92,93.92093694419276
2021-03-14 15:11:00,2340.49,93.41633589547489
2021-03-14 15:12:00,2307.36,92.28728936966924
2021-03-14 15:13:00,2277.24,92.93706416539321
2021-03-14 15:14:00,2229.58,91.81101373352828
2021-03-14 15:15:00,2171.2,92.22549742078114
2021-03-14 15:16:00,2123.94,93.59492264376583
2021-03-14 15:17:00,2123.94,92.02237351337608
2021-03-14 15:18:00,2063.7799999999997,92.63099749004256
2021-03-14 15:19:00,2013.5400000000002,93.03515202081904
2021-03-14 15:20:00,2019.8300000000002,92.0275468727566
2021-03-14 15:21:00,1984.68,91.06253904911622
2021-03-14 15:22:00,1876.1599999999999,91.6926061743135
2021-03-14 15:23:00,1805.7599999999998,93.46757044125467
2021-03-14 15:24:00,1777.41,91.73460259591202
2021-03-14 15:25:00,1756.1599999999999,90.03735422740526
2021-03-14 15:26:00,1700.6599999999999,91.66441263979867
2021-03-14 15:27:00,1664.6799999999998,90.9844534685345
2021-03-14 15:28:00,1649.4,90.72389959985449
2021-03-14 15:29:00,1719.2599999999998,92.53981364075243
2021-03-14 15:30:00,1882.24,90.9660829649779
2021-03-14 15:31:00,1815.6599999999999,90.78241520989613
2021-03-14 15:32:00,1766.7200000000003,90.89159572541205
2021-03-14 15:33:00,1713.0600000000002,92.20342544919616
2021-03-14 15:34:00,1680.7599999999998,90.03665008686548
2021-03-14 15:35:00,1540.56,91.23954925481644
2021-03-14 15:36:00,1493.1000000000001,89.57203134418324
2021-03-14 15:37:00,1460.71,91.78413237398252
2021-03-14 15:38:00,1439.88,88.7990665888824
2021-03-14 15:39:00,1552.6,90.32590493365969
2021-03-14 15:40:00,1581.96,91.48777465928342
2021-03-14 15:41:00,1613.27,91.94369200443819
2021-03-14 15:42:00,1613.85,91.65659757722217
2021-03-14 15:43:00,1668.9,89.37623584396907
2021-03-14 15:44:00,1668.3000000000002,89.17460888329435
2021-03-14 15:45:00,1674.6,90.18870177952945
2021-03-14 15:46:00,1672.1999999999998,91.62181557229997
2021-03-14 15:47:00,1671.9,90.59154255637299
2021-03-14 15:48:00,1669.7999999999997,89.05856988860941
2021-03-14 15:49:00,1611.24,90.96720538219012
2021-03-14 15:50:00,1616.46,91.06937381685906
2021-03-14 15:51:00,1563.2399999999998,90.73462808014126
2021-03-14 15:52:00,1559.04,89.70263752052546
2021-03-14 15:53:00,1506.06,91.77589206273323
2021-03-14 15:54:00,1506.06,90.24208862860709
2021-03-14 15:55:00,1504.98,90.73874735876888
2021-03-14 15:56:00,1509.8400000000001,89.75785513696815
2021-03-14 15:57:00,1510.38,90.45405791919914
2021-03-14 15:58:00,1451.06,91.30566620263808
2021-03-14 15:59:00,1453.92,88.03097832067789
2021-03-14 16:00:00,1424.0700000000002,90.62054533836117
2021-03-14 16:01:00,1399.25,88.79042344112918
2021-03-14 16:02:00,1402.0,88.03138373751783
2021-03-14 16:03:00,1370.31,91.06698484284578
2021-03-14 16:04:00,1311.6699999999998,88.91718191313365
2021-03-14 16:05:00,1253.98,89.74624794653823
2021-03-14 16:06:00,1232.88,90.42242554019855
2021-03-14 16:07:00,1232.2200000000003,87.6385710343932
2021-03-14 16:08:00,1232.66,86.32550743919653
2021-03-14 16:09:00,1235.08,87.57327460569356
2021-03-14 16:10:00,1236.6200000000001,89.7041936892497
2021-03-14 16:11:00,1242.7800000000002,90.94127681488276
2021-03-14 16:12:00,1268.5,88.52187623176981
2021-03-14 16:13:00,1245.6399999999999,90.61205484730742
2021-03-14 16:14:00,1246.96,89.69814589080643
2021-03-14 16:15:00,1243.66,88.52097840245726
2021-03-14 16:16:00,1243.2200000000003,87.31358890622735
2021-03-14 16:17:00,1216.37,88.5256953065268
2021-03-14 16:18:00,1192.8,89.46177062374245
2021-03-14 16:19:00,1193.6399999999999,88.51915150296573
2021-03-14 16:20:00,1135.8000000000002,91.14280683218875
2021-03-14 16:21:00,1134.6,87.22897937599154
2021-03-14 16:22:00,1106.75,87.20126496498757
2021-03-14 16:23:00,1080.72,88.39477385446739
2021-03-14 16:24:00,1077.87,86.13283605629623
2021-03-14 16:25:00,1022.76,86.8434432320388
2021-03-14 16:26:00,1020.96,87.09449929478139
2021-03-14 16:27:00,990.8999999999999,88.41457261075792
2021-03-14 16:28:00,963.56,88.2664286603844
2021-03-14 16:29:00,967.6399999999999,85.46566905047332
2021-03-14 16:30:00,936.27,85.4881604665321
2021-03-14 16:31:00,911.0400000000002,87.09826132771337
2021-03-14 16:32:00,912.48,85.711467648606
2021-03-14 16:33:00,879.23,87.80410131592416
2021-03-14 16:34:00,852.9000000000001,85.61378825184663
2021-03-14 16:35:00,854.55,85.02720730208883
2021-03-14 16:36:00,795.62,86.09637766773083
2021-03-14 16:37:00,767.4100000000001,83.54074093379027
2021-03-14 16:38:00,741.26,83.85721609151985
2021-03-14 16:39:00,682.9199999999998,81.95689099748142
2021-03-14 16:40:00,650.8,87.63060848186846
2021-03-14 16:41:00,623.7,82.81224947891614
2021-03-14 16:42:00,590.51,79.15191952718837
2021-03-14 16:43:00,562.0999999999999,78.31346735456326
2021-03-14 16:44:00,527.8299999999999,78.37750790974367
2021-03-14 16:45:00,500.58000000000004,78.84853569858963
2021-03-14 16:46:00,503.28,76.04116992529009
2021-03-14 16:47:00,501.75,74.31988041853512
2021-03-14 16:48:00,504.99000000000007,75.64506227846095
2021-03-14 16:49:00,473.75,76.17941952506597
2021-03-14 16:50:00,446.08000000000004,72.25161406025823
2021-03-14 16:51:00,413.67,71.04696980685087
2021-03-14 16:52:00,383.11,71.10229438020411
2021-03-14 16:53:00,385.49,67.16127526005862
2021-03-14 16:54:00,391.29999999999995,68.84743163812932
2021-03-14 16:55:00,393.4,67.5648195221149
2021-03-14 16:56:00,395.15,72.073895988865
2021-03-14 16:57:00,393.75,69.10476190476192
2021-03-14 16:58:00,353.54999999999995,67.82633290906521
2021-03-14 16:59:00,332.34000000000003,64.27152915688752
2021-03-14 17:00:00,272.9,62.51374129717846
2021-03-14 17:01:00,269.45,55.70606791612545
2021-03-14 17:02:00,269.4,48.626577579806984
2021-03-14 17:03:00,240.31,53.139694561191796
2021-03-14 17:04:00,240.72000000000003,58.20039880358922
2021-03-14 17:05:00,215.12,52.62179248791372
2021-03-14 17:06:00,212.76000000000002,37.78905809362662
2021-03-14 17:07:00,212.56,42.199849454271735
2021-03-14 17:08:00,214.68,43.27370970747159
2021-03-14 17:09:00,216.20000000000002,34.366327474560585
2021-03-14 17:10:00,216.36,38.54686633388796
2021-03-14 17:11:00,186.89,44.46465835518219
2021-03-14 17:12:00,186.75,43.85542168674699
2021-03-14 17:13:00,161.04,33.22155986090413
2021-03-14 17:14:00,160.98000000000002,34.849049571375325
2021-03-14 17:15:00,160.44,35.90127150336574
2021-03-14 17:16:00,158.39999999999998,20.77020202020202
2021-03-14 17:17:00,131.44,26.399878271454657
2021-03-14 17:18:00,131.54000000000002,11.099285388474986
2021-03-14 17:19:00,130.28,6.524408965305496
2021-03-14 17:20:00,127.02,4.330026767438199
2021-03-14 17:21:00,102.78,-6.0323020042809885
2021-03-14 17:22:00,96.64,-3.0008278145695364
2021-03-14 17:23:00,91.22,-15.566761675071255
2021-03-14 17:24:00,84.54,-20.345398627868462
2021-03-14 17:25:00,76.64,-25.83507306889353
2021-03-14 17:26:00,75.62,-29.88627347262629
2021-03-14 17:27:00,74.48,-19.87110633727175
2021-03-14 17:28:00,71.82000000000001,-32.72069061542746
2021-03-14 17:29:00,40.89,-33.25996576179995
2021-03-14 17:30:00,35.92,-61.80400890868596
2021-03-14 17:31:00,33.3,-59.45945945945946
2021-03-14 17:32:00,24.54,-68.45965770171149
2021-03-14 17:33:00,22.990000000000002,-156.15484993475422
2021-03-14 17:34:00,23.89,-80.3683549602344
2021-03-14 17:35:00,22.42,-60.21409455842996
2021-03-14 17:36:00,21.61,-183.71124479407683
2021-03-14 17:37:00,20.44,-134.54011741682973
2021-03-14 17:38:00,19.64,-152.24032586558042
2021-03-14 17:39:00,22.93,-119.0580026166594
2021-03-14 17:40:00,22.950000000000003,-103.26797385620914
2021-03-14 17:41:00,21.28,-160.24436090225564
2021-03-14 17:42:00,20.68,-117.50483558994198
2021-03-14 17:43:00,21.64,-137.7079482439926
2021-03-14 17:44:00,20.3,-94.58128078817734
2021-03-14 17:45:00,21.21,-136.72795851013672
2021-03-14 17:46:00,10.690000000000001,-157.156220767072
2021-03-14 17:47:00,22.950000000000003,-99.34640522875816
2021-03-14 17:48:00,21.080000000000002,-128.08349146110055
2021-03-14 17:49:00,8.270000000000001,0.0
2021-03-14 17:50:00,8.47,0.0
2021-03-14 17:51:00,8.43,0.0
2021-03-14 17:52:00,8.520000000000001,0.0
2021-03-14 17:53:00,9.870000000000001,0.0
2021-03-14 17:54:00,9.040000000000001,0.0
2021-03-14 17:55:00,9.39,0.0
2021-03-14 17:56:00,5.13,0.0
2021-03-14 17:57:00,3.99,0.0
2021-03-14 17:58:00,3.9299999999999997,0.0
2021-03-14 17:59:00,3.89,0.0
2021-03-14 18:00:00,3.8000000000000003,0.0
