Potencia DC,Eficiencia
37.13,3.2318879612173443
74.86,8.950040074806305
75.54,1.985702938840349
76.44,0.5232862375719519
91.94,17.511420491624975
97.26000000000002,20.769072588936865
97.44,10.878489326765187
97.64,24.580090126997128
98.82000000000002,30.5606152600688
98.86,17.196034796682177
99.2,6.350806451612903
99.42,1.508750754375377
99.5,1.9095477386934672
99.54,0.6027727546714888
99.92,40.732586068855085
101.02,14.0566224509998
101.04,20.58590657165479
101.24,11.359146582378504
101.44,2.4645110410094637
101.66,13.673027739523905
101.70000000000002,6.293018682399213
101.98000000000002,12.45342223965483
102.1,17.140058765915768
102.1,18.903036238981397
102.12,11.555033294163728
102.18,4.403992953611273
102.32,5.961688819390147
102.54,12.190364735712892
102.62,8.770220229974663
102.62,7.893198206977196
102.76000000000002,3.892565200467107
102.82000000000002,10.698307722233029
102.92000000000002,14.477263894286825
103.04,12.907608695652172
103.2,3.003875968992248
103.52,14.103554868624418
103.54000000000002,27.718756036314463
103.56,5.310930861336424
103.64,37.91972211501351
103.72,23.139220979560356
103.78,25.631142802081325
104.02,21.822726398769465
104.6,23.32695984703633
104.7,24.35530085959885
104.86,42.05607476635513
105.02,0.5713197486193107
105.1,27.68791627021884
105.46,17.826664138061822
105.66,17.508991103539653
106.26,15.433841520798042
120.44,18.515443374294254
120.54,30.861124937779994
120.54,25.55168408826945
120.82,25.575235888098
120.9,14.55748552522746
120.95,16.039685820587017
121.44,26.18577075098814
122.03,23.109071539785297
122.59,38.50232482257933
122.65,20.464737056665307
123.4,11.750405186385738
123.45,23.24827865532604
124.07,23.212702506649475
124.14,21.427420654100207
124.29,9.49392549682195
124.34,5.388451021392955
124.37,37.87086918067058
124.4,25.723472668810288
124.49,13.093421158325972
124.68,14.116137311517488
124.92,29.77905859750241
124.98,32.56521043366939
125.02,9.43848984162534
125.06,21.18982888213657
125.17,14.300551250299591
125.25,24.191616766467067
125.28,11.733716475095784
125.41,22.964675863168804
125.47,9.643739539332111
125.49,20.639094748585546
125.5,14.9800796812749
125.57,22.69650394202437
125.57999999999998,16.32425545469024
125.64,12.09805794333015
125.69,23.78868645079163
125.71,26.966828414605043
125.76,8.985368956743004
125.77,5.088653892025126
125.78,30.211480362537763
125.79,18.04594959853724
125.79999999999998,24.0858505564388
125.87,14.459362834670692
126.04,17.29609647730879
126.04,16.502697556331324
126.14,27.826224829554462
126.23,22.73627505347382
126.25,17.663366336633665
126.25,30.33663366336633
126.35,15.59161060546102
126.52,20.15491621877964
126.62,23.45601010898752
126.64,15.319014529374602
126.84,20.498265531378117
126.9,17.651694247438925
126.92,17.64891270091396
126.93,10.478216339714804
126.95,29.224103977944072
126.98,4.803906126949125
127.0,21.25984251968504
127.0,25.196850393700785
127.02,4.330026767438199
127.02,15.43064084396158
127.14,24.775837659273243
127.25,13.831041257367389
127.27,13.51457531232812
127.29,11.62699347945636
127.29,28.67467986487549
127.37,15.388238988772867
127.38,17.035641387972994
127.4,22.998430141287287
127.43,20.16793533704779
127.51,17.253548741275193
127.53,21.79879244099428
127.53,15.21210695522622
127.59,22.49392585625833
127.63,22.565227611063232
127.68,7.675438596491229
127.7,4.776820673453407
127.99,10.938354558949918
128.0,22.5
128.13,22.867400296573795
128.15,26.84354272337105
128.17,28.24373878442693
128.25,22.22222222222222
128.39,5.763688760806916
128.51,33.46043109485643
128.58999999999995,11.120615911035076
128.62,9.874047582024566
128.89,21.18085188920785
128.89,22.034292807820623
128.97,21.167713421725985
129.01999999999998,14.02883273911022
129.09,31.99318305058486
129.09,11.000077465334265
129.18,26.629509211952318
129.35,17.31735601082335
129.38,18.85917452465605
129.39999999999998,26.352395672333856
129.53,32.656527445379446
129.54000000000002,23.853635942566
129.57999999999998,17.9039975304831
129.61,24.68945297430753
129.68,17.04194941394201
129.73000000000002,23.741617204964157
129.74,17.265299830430088
129.83999999999995,25.878003696857675
129.99,18.155242710977767
130.01999999999998,12.07506537455776
130.03,12.535568714911944
130.07,16.913969401091723
130.13,12.064858218704371
130.22,15.819382583320534
130.28,6.524408965305496
130.64,19.672382118799757
130.91,18.33320601940264
130.92000000000002,24.442407577146348
131.0,27.480916030534356
131.04000000000002,2.976190476190476
131.09,31.27622244259669
131.16,18.90820372064654
131.44,26.399878271454657
131.54000000000002,11.099285388474986
131.64999999999998,15.191796429927845
131.69,17.237451590857315
133.4,33.583208395802096
147.71999999999997,21.45951800704035
148.14,19.37356554610504
148.62,19.580137262817924
149.45999999999998,18.867924528301888
149.67000000000002,19.442774103026657
150.69,27.20817572499834
150.95999999999998,39.28192898781134
151.01999999999998,11.985167527479806
152.37,9.581938701844194
152.82,23.884308336605155
152.84999999999997,31.468760222440302
152.88,14.455782312925171
153.03,24.30895902764164
153.20999999999998,4.829971933946871
153.24,20.294962150874447
153.32999999999998,23.8048653231592
153.54,13.612088055229906
153.54,15.761365116582
153.57,24.744416227127694
153.63,20.11325912907635
153.63,19.26707023367832
153.75,35.12195121951219
153.78,16.452074391988557
153.93,19.22951991164815
154.05,30.05517689061992
154.23,17.89535109900798
154.32,14.061689994815968
154.32,25.85536547433904
154.38,13.149371680269468
154.41,27.97746259957257
154.5,21.10032362459547
154.62,19.40240589833139
154.70999999999998,10.148018874022366
154.89,13.42888501517206
154.92,29.111799638523117
155.07,5.868317534016896
155.07,23.408783130199264
155.16,18.754833720030938
155.19,15.336039693279208
155.19,45.55705908885882
155.25,10.177133655394526
155.28,17.387944358578054
155.31,14.165217951194386
155.33999999999995,27.16621604222995
155.43,28.179888052499518
155.49,27.97607563187343
155.67,28.521873193293505
155.73000000000002,11.108970654337636
155.76,20.159219311761685
155.96999999999997,18.40097454638713
155.97,29.877540552670386
156.12,33.30771201639764
156.14999999999998,12.808197246237594
156.15,31.3800832532821
156.20999999999998,24.518276678829785
156.20999999999998,13.571474297420142
156.3,42.29046705054382
156.36,27.244819646968534
156.36,29.93092862624712
156.36,27.94832437963674
156.6,24.712643678160923
156.60000000000002,19.731800766283524
156.63,44.30824235459364
156.66,35.61853695901953
156.66,15.000638325035109
156.72,38.922919857069935
156.75,1.2121212121212122
156.89999999999998,20.458891013384324
157.07999999999998,19.416857652151773
157.14,29.845997199949093
157.23000000000002,23.468803663423007
157.26,22.31972529568867
157.26,42.09589215312222
157.29,25.557886706084304
157.29000000000002,23.65058172801831
157.32,36.231884057971016
157.38,52.73859448468675
157.41,16.70796010418652
157.41,22.044342799059784
157.5,46.22222222222222
157.68,20.357686453576864
157.76999999999998,21.23344108512392
157.86,35.7912073989611
157.86,22.614975294564804
157.89,13.997086579264046
157.95,13.04210193099082
158.01,42.84538953230809
158.07,28.721452521034983
158.07,23.47061428481053
158.10000000000002,6.8943706514864
158.16,37.74658573596359
158.27999999999997,24.26080363912055
158.37,44.768579907810825
158.39999999999998,38.88888888888889
158.39999999999998,20.77020202020202
158.4,23.61111111111111
158.45999999999998,42.660608355420926
158.54999999999998,34.62630085146642
158.61,43.56597944644095
158.61,20.04917722716096
158.64,25.907715582450837
158.64,30.257186081694403
158.73,16.758016758016762
158.76,27.52582514487277
158.82,14.985518196700667
158.85,30.97261567516525
158.85,12.338684293358517
158.85,20.963172804532576
158.85,19.20050361976708
158.85,45.26282656594272
159.03,20.499276866000127
159.12,22.812971342383104
159.20999999999998,15.45129074806859
159.24,22.418990203466464
159.51,44.135163939564926
159.52,88.6409227683049
159.53999999999996,22.18879277924032
159.54000000000002,22.12611257364924
159.63,22.36421725239617
159.72000000000003,37.62834961182068
160.17,18.105762627208595
160.23,10.984210197840609
160.44,35.90127150336574
160.5,34.76635514018692
160.68,17.674881752551656
160.98000000000002,34.849049571375325
161.04,33.22155986090413
164.07,41.01907722313647
170.8,36.82669789227166
172.15,25.96572756317165
172.63,44.43028442333314
174.32,16.521340064249657
175.02,50.22283167637984
178.01,42.2448177068704
178.32,48.11574697173621
179.45,34.66146558930065
179.75,48.400556328233655
180.07999999999998,31.54153709462461
180.11,41.863305757592585
180.32,38.81987577639752
180.36,36.70436903969838
180.44,40.67834183107959
180.48,50.6427304964539
180.81,46.12576738012278
180.93,44.54761509976233
181.06,51.30895835634597
181.13,45.989068624744654
181.28,34.973521624007056
181.35,36.6142817755721
181.43,39.794962244391776
181.45,35.16120143290162
181.72,44.40898084965882
181.74,33.67448002641136
181.77,31.90845574077131
181.78,39.05820222246672
181.79,40.706309477969086
181.8,43.83938393839384
182.06,49.104690761287486
182.1,40.637012630422845
182.16,43.42336407553798
182.23,46.26022060034023
182.33,44.75401744090385
182.46,38.03573385947605
182.54,50.89295496877397
182.64,46.10162067455102
182.64,49.113009198423136
182.71000000000004,36.06808603798369
182.78,41.9083050661998
182.96,44.927853082641015
183.05,48.948374760994255
183.11,45.546392878597565
183.14,41.825925521459
183.18,43.50911671579867
183.23,47.59046007749823
183.25,35.470668485675304
183.26,40.37978827894794
183.29,45.01063887828032
183.36,41.66666666666667
183.36,42.70287958115183
183.45,41.10111747070046
183.53,46.74985016073666
183.53,40.10243556911677
183.59,46.57116400675418
183.63,40.40734084844525
183.81,42.870355258147
183.89,45.51634129098918
183.93,46.48507584407111
183.94,45.6126997934109
183.96,44.46618830180474
183.99,43.26322082721887
184.01,39.40003260692354
184.07,43.78768946596404
184.15000000000003,40.78197121911485
184.17,35.293478851061515
184.21,37.07724879213941
184.21,29.531512947179845
184.23,31.48238614775009
184.24,41.08771168041685
184.29,41.402137934776704
184.43,33.18332158542536
184.44,43.59141184124919
184.52,43.19314979406027
184.62,36.61575127288484
185.14,40.23981851571784
185.14,47.58561088905692
185.57,41.65543999568896
185.59,34.053558920200445
185.61,45.36393513280535
185.67,38.83233694188613
185.8,44.187298170075344
185.89,46.90946258539997
185.91,45.77483728685923
186.13,42.01364637618869
186.4,37.392703862660944
186.48,46.27842127842127
186.75,43.85542168674699
186.77,48.45531937677357
186.89,44.46465835518219
186.99,40.05561794748383
187.38,49.09808944391077
187.67,50.51420045825118
187.74,39.5227442207308
188.01,39.35960853146109
188.74,45.08848150895411
188.97,38.15420437106419
189.08,40.56484027924688
189.93,54.862317695993255
193.17,66.21110938551536
202.92,38.241671594717126
203.04,35.4117415287628
203.2,55.06889763779528
203.24,41.576461326510525
203.32,44.117647058823536
204.24,44.01684292988641
204.40000000000003,40.50880626223091
204.72,53.24345447440406
204.92,42.01639664259223
205.21,61.49797768139954
205.6,51.41050583657587
206.44000000000003,62.29412904475876
206.52,29.39182645748596
207.08,55.09947846242999
207.32,49.10283619525372
207.84000000000003,33.968437259430324
207.96000000000004,47.74956722446623
207.96000000000004,55.29909597999614
208.08,44.838523644752016
208.36,44.05836052985217
208.4,54.27063339731285
208.40000000000003,60.50863723608444
208.44,46.91997697179045
208.72000000000003,50.0191644308164
208.76,54.75186817397968
208.76,47.42287794596666
208.92,47.53015508328546
209.04,35.92613853807883
209.04,64.86796785304247
209.2,51.768642447418735
209.20000000000005,50.19120458891012
209.24,39.52399158860639
209.32,37.78903114848079
209.6,62.21374045801527
209.76,39.56903127383677
209.84000000000003,34.83606557377048
209.88,33.82885458357156
209.92,62.1189024390244
210.08,43.55483625285605
210.08000000000004,41.69840060929169
210.16000000000005,37.9710696612105
210.32,48.92544693799925
210.44,37.6829500095039
210.64,35.93809342954805
210.68,39.87089424719954
210.92,56.5143182249194
210.96,55.27114144861586
211.16000000000005,57.586664140935774
211.2,54.59280303030303
211.28,49.460431654676256
211.36,46.22445117335352
211.48,61.18781917911858
211.48,35.937204463779075
211.6,39.69754253308128
211.64,55.51880551880552
211.64,55.51880551880552
211.84,60.51737160120846
211.84000000000003,35.21525679758307
211.92,63.42015855039638
211.96,41.84751839969806
211.96000000000004,62.18154368748821
212.04,50.50933786078098
212.04,36.45538577626863
212.08,46.96341003394945
212.08,50.782723500565815
212.16,50.05656108597285
212.2,54.47690857681433
212.24,52.440633245382585
212.32,40.78749058025621
212.4,35.40489642184558
212.56,42.199849454271735
212.76,58.61064109795075
212.76,37.78905809362662
212.8,54.417293233082695
212.8,54.417293233082695
212.8,54.417293233082695
212.8,54.417293233082695
212.8,54.417293233082695
212.8,54.417293233082695
212.8,54.417293233082695
212.8,54.417293233082695
212.8,54.417293233082695
212.8,54.417293233082695
212.8,54.417293233082695
212.8,54.417293233082695
212.8,54.417293233082695
212.8,54.417293233082695
212.8,54.417293233082695
212.8,54.417293233082695
212.8,54.417293233082695
212.8,54.417293233082695
212.8,54.417293233082695
212.8,54.417293233082695
212.8,54.417293233082695
212.8,54.417293233082695
212.8,54.417293233082695
212.8,54.417293233082695
212.8,54.417293233082695
212.8,54.417293233082695
212.8,54.417293233082695
213.0,50.89201877934273
213.04,43.372136687945925
213.24,39.90808478709435
213.36,36.464191976002994
213.64,53.6884478562067
213.68,39.03032572070386
213.72,31.20905858132136
213.84,54.4799850355406
213.88,35.159902749205166
214.04,37.09586993085405
214.28,47.18125816688445
214.32,38.913773796192615
214.56,37.47203579418345
214.68,43.27370970747159
214.8,54.28305400372439
214.8,50.27932960893855
214.84,49.57177434369763
214.88,51.84288905435592
215.12,52.62179248791372
215.12,56.526589810338415
215.36,57.62444279346211
215.48,33.7386300352701
215.6,48.88682745825604
215.68,50.8160237388724
215.8,47.68303985171455
215.88,49.93514915693904
216.04,52.21255323088316
216.04,59.89631549713016
216.16000000000005,37.425980754996296
216.2,34.366327474560585
216.24,52.9966703662597
216.32,55.28846153846154
216.36,38.54686633388796
216.56,55.596601403768005
216.68,53.44286505445819
217.0,48.525345622119815
217.2,60.03683241252303
217.28000000000003,62.13181148748158
217.52,43.30636263332107
217.8,55.60146923783287
217.84000000000003,54.62724935732647
217.88,62.236093262346245
218.40000000000003,55.81501831501831
219.88,49.70893214480625
221.16000000000005,54.75673720383432
221.16000000000005,55.52541146681135
224.68,55.723695923090624
225.01,51.81991911470602
226.74,55.482049925024256
230.37,55.823240873377614
231.6,54.74956822107081
231.98,61.64324510733683
232.06,55.93381022149444
232.32,56.12947658402203
232.79,54.46969371536577
233.59000000000003,52.31388329979879
233.77,57.62073833254908
234.07,56.735164694322215
234.3,69.91037131882203
234.39,51.7940185161483
234.73,59.046564137519695
235.33,53.966770067564696
235.7,59.01569792108613
236.01,56.26880216939961
236.25,53.50264550264551
236.51,57.16460191958056
236.53,47.68951084429036
236.73,58.25201706585561
236.79,58.36395118037079
237.09,53.228731705259605
237.16,50.76741440377804
237.54,48.74968426370295
238.08,51.83131720430109
238.13,50.56061814975013
238.19,63.47873546328561
238.41,59.8968164087077
238.44,52.13051501425935
238.53,54.91971659749297
238.94,58.466560642839205
238.99,53.39135528683207
239.18,51.091228363575546
239.71,55.60886070668726
240.31,53.1396945611918
240.72000000000003,58.20039880358922
240.74,55.78632549638615
240.87,53.34827915473077
241.16,54.942776579864
241.34000000000003,53.61730338940913
241.95,60.50836949783014
242.63,57.742241272719774
242.84000000000003,55.96277384285949
242.97000000000003,52.80487302959212
242.99,51.27783036338944
243.39,53.576564361723975
243.79,52.99643135485458
244.19000000000003,54.79339858307056
244.8,51.63398692810458
245.06,48.80437443891292
245.55,66.70739156994502
245.92,53.3100195185426
246.03,60.11462016827216
246.08,58.02990897269181
246.47000000000003,56.923763541201765
246.97000000000003,51.13981455237477
247.37,68.68254032421069
248.96,56.515102827763485
249.3,52.98836742880064
249.43,52.96075051116546
250.85,41.61849710982659
250.9,59.62534874451973
251.51,52.44324281340702
257.65,62.2938094313992
258.20000000000005,60.57319907048798
259.15,62.78217248697665
259.3,51.33050520632472
259.6,50.23112480739599
259.6,64.94607087827427
259.6,55.35439137134052
259.8,55.42725173210161
260.1,55.01730103806227
260.35,57.38429037833686
260.75,54.53499520613614
260.95,58.78520789423261
261.05,59.4139053821107
261.3,68.84806735553003
261.45000000000005,57.02811244979918
261.85,63.7005919419515
262.15,55.04482166698456
262.15,65.3061224489796
262.15,63.74213236696548
262.3,53.86961494471979
262.4,46.4939024390244
262.65,53.68360936607653
262.65,68.68456120312203
262.9,54.20311905667554
263.2,60.90425531914895
263.4,49.58238420653
263.45,65.51527804137407
263.85,56.96418419556566
264.25,58.80794701986756
264.29999999999995,54.59704880817255
264.5,66.5406427221172
264.5,55.349716446124766
264.6,68.06500377928948
264.65,46.89212167013036
264.9,66.55341638354096
265.15,64.41636809353197
265.4,68.76412961567446
265.45,48.55905066867584
265.65,57.971014492753625
265.7,55.51373729770418
265.9,55.99849567506582
266.2,63.7114951164538
266.35,54.70245917026468
266.45,57.98461249765434
266.8,57.94602698650674
267.0,63.67041198501872
267.2,51.047904191616766
267.3,65.24504302282081
267.4,50.89753178758415
267.85,57.60686951652044
267.95,58.107855943273
268.05,66.96511844805073
268.5,65.28864059590317
268.8,64.99255952380952
268.9,52.51022685013016
269.25,55.93314763231197
269.35,59.58789678856506
269.4,48.62657757980698
269.45,55.70606791612545
269.5,54.76808905380334
269.6,62.09198813056379
270.2,50.703182827535166
270.20000000000005,55.25536639526276
271.05,56.37336284818299
271.35,62.42859775198083
271.4,62.49078850405306
271.65,52.42039388919566
271.65,53.63519234308853
272.05,52.01249770262819
272.9,62.51374129717846
272.95,50.08243267997802
273.15,64.21380194032584
273.6,68.12865497076022
273.75,49.05936073059361
273.8,54.09057706355003
274.04999999999995,58.018609742747685
274.4,68.65889212827989
274.62,60.22867963003423
274.85,60.61488084409677
275.22,58.68032846450112
282.71,61.61791234834283
285.01,60.59436510999614
285.29,61.06067510252726
285.56,67.55147779801092
285.84000000000003,67.90512174643156
286.09000000000003,58.5130553322381
286.16,59.93150684931508
286.87,65.63948826994806
287.32,65.64109703466518
287.38,66.39292922263206
287.4,59.777313848295066
287.54,65.79954093343535
287.69,64.27056901525948
287.88,61.101847992218985
287.88,65.7218285396693
287.91,62.65846966065786
288.0,68.40277777777779
288.26,57.96850065912717
288.6,62.82051282051282
288.86,63.62943986706363
288.96,60.3889811738649
289.03,70.44251461785974
289.09,57.90584247120275
289.14,64.29411357819743
289.38,73.70930955836616
289.47,67.95177393166821
289.74,60.74411541381929
289.87,66.51257460240798
289.95000000000005,61.70029315399206
290.09000000000003,68.22020752180357
290.25,64.8062015503876
290.38,66.94675941869275
291.17,65.80348250163136
291.34,69.64371524679069
292.22,61.871192936828415
292.81,71.82131757795158
293.28,64.03436988543373
293.53,64.25237624774299
294.80999999999995,55.76472982598963
294.87,66.70736256655475
295.27,59.4032580350188
295.4,58.8693297224103
295.51,61.25004229975297
295.51,60.640925856992986
295.52,61.28180833784516
295.73,58.19497514624826
295.8,62.50845165652468
295.99,55.33970742254806
296.69,64.579190400755
296.77,67.08899147487953
298.07,59.91881101754621
298.32,67.04210244033253
298.44,60.74922932582764
298.49,62.38064926798217
298.6,69.52444742129939
298.65,58.73095596852503
298.99,62.610789658517
299.73,61.32185633737029
299.82,65.5393235941565
299.88,59.757236227824464
300.12,69.97201119552179
300.24,72.84172661870502
300.31,72.52505744064467
300.64,69.15247472059608
300.75,67.09891936824606
300.85,63.88565730430447
301.1,75.8884091663899
301.87,75.09855235697486
305.1,60.013110455588325
306.92,67.7375211781572
308.77,66.03620818084659
309.79999999999995,62.94383473208522
311.7,61.6939364773821
312.12,62.66820453671664
312.6,68.93793985924505
313.32,71.39665517681604
313.5,64.68899521531101
313.62,72.73133091001849
314.1,72.17446673034064
314.1,65.13849092645654
314.52,70.997074907796
315.0,73.5873015873016
315.29999999999995,61.05296542974945
316.08,65.14173626929892
316.38,57.24129211707441
316.5,63.57030015797788
316.62,65.18855410270987
316.73999999999995,56.03965397486898
316.92,64.49577180360976
317.04,67.02624274539491
317.16,74.75722033043259
317.58,69.1794193589017
317.76,68.7311178247734
317.94,61.583946656601874
318.0,73.0503144654088
318.06,64.51612903225806
318.6,63.0571249215317
318.66,71.76928387623173
318.72,69.74774096385543
318.72,71.97540160642569
318.72,69.21435742971887
318.78,70.61296191730975
319.02,68.49100369882767
319.14,68.80992667794699
319.2,69.95614035087719
319.2,51.40977443609023
319.55999999999995,62.02278132432095
319.62,61.94856391965459
320.16,70.40229885057471
320.28,71.49993755463969
320.46000000000004,64.34500405666853
320.58,69.56141992638344
321.78,66.78475977375847
321.9,71.4196955576266
321.96000000000004,73.89116660454714
322.02,69.65405875411466
322.14,70.062705655926
322.26,66.65425432880284
322.38,68.73875550592469
323.04,66.77191679049035
323.28,66.93887651571394
323.46,67.89092932665554
323.52,72.1748269040554
323.52,69.48565776458952
323.64,69.36719812136943
323.76,70.73140597973808
324.0,69.84567901234568
324.05999999999995,73.99864222674815
324.06,65.54341788557674
324.24,65.96965210954848
324.54,66.67899180378383
324.66,68.87205076079591
324.78,60.37933370281422
324.96000000000004,64.53101920236335
325.5,62.02764976958526
325.86,60.27128214570674
325.86,72.39305223101945
326.04,67.4457121825543
326.52,66.09089795418352
326.82000000000005,66.39740529955326
327.0899999999999,66.58717784096122
327.17999999999995,71.00067241273918
327.96,71.5940968410782
328.08,63.09436722750549
328.08,69.19044135576688
328.26,64.64387985133735
328.74,70.42039301575713
328.98,68.9707581007964
329.16,63.434196135617945
329.34000000000003,66.4359021072448
330.06,66.3515724413743
330.66,65.9589911086917
330.72,67.45887760038703
330.84,67.85757465844517
330.96000000000004,66.5035049552816
331.44,69.99758629012793
332.34000000000003,64.27152915688752
332.4,68.02045728038509
337.44000000000005,69.13821716453295
337.93,70.19205160832125
340.30999999999995,67.02712232964063
340.9599999999999,61.26818395119664
341.47,70.60649544615926
341.5,67.93557833089312
341.61,67.21114721465999
341.64,69.31272684697343
342.38,64.69419942753666
343.99,66.07750225297248
344.42999999999995,65.73178875243157
344.46000000000004,69.93555129768333
344.51,63.77173376679922
344.67999999999995,67.42485783915517
344.74,65.90473980391019
345.17,65.85160935191357
345.34000000000003,67.12225632709793
345.42,70.69654333854439
345.42,69.10427884893753
345.89,64.99176038624998
346.0,67.42774566473989
346.0,67.42774566473989
346.06999999999994,66.1715837836276
346.2,78.19179664933564
346.46,71.66772498989783
346.46000000000004,68.20412168792934
346.56999999999994,68.96153735176156
346.62,68.5188390744908
346.79999999999995,73.32756632064591
346.79999999999995,73.32756632064591
346.79999999999995,73.32756632064591
347.26,68.04699648678223
347.35,68.2021016266014
347.4,66.52274035693725
347.42,65.56905186805596
347.54,67.9633998964148
347.87,71.03228217437548
347.92,62.97424695332261
348.11,67.96702191835914
348.54,74.05175876513457
348.73,66.09698047199839
348.76,67.38158045647437
349.12,69.31714023831347
349.16,66.81750486882805
349.36,69.784749255782
349.54999999999995,73.52310113002433
349.58,73.8028491332456
349.68999999999994,69.31853927764593
349.93999999999994,72.44098988398012
350.04,70.50622785967317
350.05,69.67576060562777
350.17,70.08024673729902
350.22,71.7548969219348
350.30999999999995,68.13964774057264
350.38,67.07003824419202
350.48,71.04542341931067
350.83,75.36413647635607
351.01,69.05786159938464
351.04,70.30537830446674
351.48999999999995,67.82554268969247
351.93999999999994,77.17224526907998
351.99,74.26347339413051
352.15,64.6315490558001
352.76,76.70937748043997
353.54999999999995,67.82633290906521
353.58,74.26890661236496
353.75,70.95406360424028
353.94,49.217381477086505
354.15,66.89255964986587
354.29,67.28950859465411
354.37,72.72060275982729
354.5,78.5049365303244
355.0,66.19718309859155
355.08,64.91494874394503
355.35,70.46573800478403
355.39,67.47516812515828
355.45,71.74004782669854
355.85,78.60053393283685
356.79,75.53462821267412
356.9,70.66405155505744
357.17999999999995,75.45215297609049
357.79,72.78012241817827
358.03,63.73767561377538
358.88,67.93357111012038
358.96000000000004,74.13082237575217
359.34,65.50898870150833
359.55999999999995,73.11714317499167
359.63,73.90929566498902
359.94,72.67877979663278
360.45,69.63517824941046
360.88,64.81378851695855
362.96,75.3251046947322
364.77,51.56674068591166
367.05,65.08650047677429
367.57,71.7686427075115
368.97,75.83272352765809
370.79,63.94455082391652
371.91,64.93506493506494
373.17,75.22040892890641
373.59,73.61010733692017
374.08,72.6849871685201
374.35,68.51876586082543
374.7099999999999,65.54402070934857
374.85,61.27784447112179
374.99,62.66833782234193
376.39,61.95701267302531
377.23,73.98669246878562
377.3,68.8576729393056
378.2099999999999,69.64384865550886
378.63,66.21239732720598
378.63,70.46456963262288
378.91,67.45665197540313
378.98,70.05646735975513
379.12,68.92276851656469
379.19,73.28779767398929
379.47,64.4056183624529
379.75,65.41145490454247
379.96,74.8236656490157
380.1,61.5364377795317
380.52,71.84904867024072
381.0799999999999,72.55694342395299
381.29,72.59566209446878
381.36,72.4774491294315
381.36,65.58107824627648
381.43,71.33681147261622
381.5,68.99082568807339
381.57,69.18782923185786
381.78,68.75687568756877
381.85,66.78014927327484
382.06,65.33005287127676
382.19999999999993,74.20198848770279
382.27,69.06113480001046
382.34,71.9778207877805
382.55,74.39550385570514
382.76,68.13669139931028
383.11,71.10229438020411
383.46,72.88895843112711
383.46,70.9070046419444
383.53,73.42320027116523
383.53,69.1471332099184
384.23,70.34848918616454
384.51,67.07237783152583
384.58,71.32456185969109
384.65,70.08969192772652
384.65,72.63746262836345
384.86,70.25931507561191
384.93,70.99992206375187
384.93,67.02517340815214
384.93,70.61024082300679
385.07,71.93497286207705
385.07,64.97519931441037
385.2099999999999,69.3128423457335
385.21,73.7000597076919
385.28,73.29734219269103
385.28,74.02408637873754
385.49,67.16127526005862
385.77,68.77154781346398
385.84,70.85838689612275
385.98,66.03969117570858
386.19,72.37370206375101
386.26,73.81038678610264
386.33,72.63220562731344
386.33,69.50016824994177
386.68,73.9112444398469
386.89,65.93605417560548
387.03,68.31511769113506
387.17,75.54820879716921
387.73,67.1085549222397
388.15,69.277341234059
388.5,74.49163449163449
388.85,63.93210749646394
389.27,69.00095049708429
389.27,71.49279420453671
389.34,67.88411157343197
389.41,72.39156672915436
389.48,77.79603573996097
389.62,69.47795287716237
389.76,72.30090311986864
390.19000000000005,73.47702401394191
390.53,74.79579033620978
390.59,74.14424332420185
391.3,68.84743163812932
391.37,68.06857960497737
391.79,70.87980806044054
391.96,74.62496173078885
391.97,74.39344847819986
392.07,68.355140663657
392.35,71.13546578310182
392.5,72.43312101910828
392.63,66.72949086926623
392.7,71.02113572701808
392.81000000000006,69.98294340775438
392.98,68.5531070283475
393.4,67.5648195221149
393.54,67.79488743202724
393.75,69.10476190476192
395.15,72.073895988865
395.18,78.11630143225872
395.57,68.5845741588088
395.57,68.5592941830776
395.71,71.28958075358219
396.17,71.96405583461646
396.76,75.68807339449542
396.76,69.96673051718923
396.9,82.26253464348703
396.93,64.8225127856297
397.36,69.18159855043284
398.19000000000005,71.90034907958511
398.82,71.05962589639437
399.72,71.8002601821275
399.88,67.82034610383116
401.71,72.04202036294838
401.99,73.01176646185228
402.8,73.85799404170805
402.84,66.50282990765564
403.2,71.77579365079364
403.98,71.81048566760731
404.01,67.27556248607708
404.1,73.62039099232864
404.31,71.97447503153522
404.56,64.68756179553094
404.8,74.38241106719367
404.9,68.78241541121265
405.02,66.61399437064837
405.05,72.26268361930627
405.18,71.77057110420061
405.31000000000006,67.89864548123657
405.64,69.1746376097032
405.7000000000001,73.1082080354942
405.76,70.87933753943219
405.92,78.7839968466693
405.96,71.58340723223964
405.99,71.18401931082046
406.16,73.17313374039787
406.4,74.08956692913387
406.71,70.02532517026874
406.93,71.26532818912344
407.94,72.41260969750454
407.99,73.67827642834384
408.37,71.13646937825992
408.97,69.19822969899992
409.37,72.8192100056184
409.69000000000005,72.68910639752006
409.72,70.12105828370593
410.36,68.76888585632128
410.52,69.83825392185521
410.68,69.4944969319178
410.75,77.58977480219112
410.8,77.84810126582279
410.89,77.6363503614106
410.92,74.5400564586781
411.4500000000001,72.91286912139992
411.75,75.70127504553734
411.85,66.8690057059609
412.39,68.91534712286914
412.65,75.99660729431723
412.73,69.5127565236353
413.02,78.20444530531209
413.04,68.32268061204726
413.49,70.7393165493724
413.61,71.80677449771522
413.67,71.04696980685087
413.71,68.69546300548693
413.89,73.47362825871609
414.08,73.31916537867079
415.36,76.43971494607088
415.39,73.06386769060401
415.56,77.6301857734142
416.23,74.5741537130913
416.48,70.0153668843642
416.63,70.54220771427885
416.83,81.80793129093395
417.02,80.02014291880486
417.6,72.19827586206897
417.69000000000005,75.43872249754602
417.78,62.64062425199866
419.02,74.67423989308386
419.6,74.66634890371783
420.16,69.66393754760092
420.23,74.4592247102777
421.28,66.03684010634258
421.78,72.38370714590545
422.4,75.99431818181817
422.69000000000005,69.0340438619319
422.96,74.97162852279176
423.32,82.77426060663328
424.08,71.42520279192604
424.4,74.17530631479737
424.56,72.8047861315244
425.44000000000005,70.49172621286196
425.48,76.61934756040236
426.3200000000001,71.6128729592794
426.96,65.22859284242082
428.0,60.5607476635514
428.3200000000001,76.20470676129995
428.64,79.53060843598358
429.28,75.61498322773015
429.76,69.87620997766196
430.48,75.84556773833859
430.56000000000006,74.78632478632477
430.96,78.22071653981808
430.96,72.1180620011138
431.52,67.57508342602893
432.3200000000001,74.62065136935603
432.48,75.05549389567148
432.56,77.37654891806916
432.88,74.38551099611902
432.88,73.46146738126039
432.96,69.54453067257946
433.12,67.81030661248614
433.28,74.38607828655834
433.44000000000005,72.35142118863048
433.52,73.86049086547332
433.6,72.25553505535055
434.24,69.36256448047162
434.64,66.95196024295969
434.72,74.55373573794627
434.72,71.49429517850571
434.72,72.80548398969451
434.8,78.2658693652254
434.8,73.06807727690892
434.80000000000007,75.50597976080957
434.88,76.41188373804269
435.36,71.57295112091143
435.44000000000005,66.16296160205769
435.6,81.8870523415978
435.84,71.79240088105726
435.84,79.04276798825256
436.1600000000001,75.77494497432133
436.24,75.18796992481202
436.3200000000001,80.10176017601759
436.4,78.13932172318974
437.2000000000001,73.8334858188472
437.84,69.04348620500639
437.92,73.50657654366094
438.08,71.49379108838568
438.1600000000001,72.3936461566551
438.24,72.38043081416575
438.88,81.41177542836311
439.2800000000001,79.47095246767437
439.6,68.97179253867152
439.76,69.56066945606693
440.08,74.32739501908743
440.56,71.97657526784094
440.72,75.46741695407515
440.79,78.31393634156855
440.80000000000007,74.77313974591651
440.88,79.59081836327346
440.96,77.94357764876632
441.27,75.37335418224671
441.28,76.09680928208846
442.4,80.0632911392405
442.4,76.26582278481011
443.28,71.46724417975095
443.28,74.94134632737772
443.76,77.63205336217776
444.56000000000006,77.98722332193628
444.8,69.13219424460432
445.84,74.78019020276332
446.0,72.13004484304932
446.08,74.87446197991392
446.08,72.25161406025823
446.51,81.6555060356991
446.96,74.32432432432432
447.6,69.5710455764075
447.76,72.24852599606932
449.92,76.65807254623044
450.0,68.46666666666667
450.48,78.8270289469011
451.11,76.7218638469553
451.28,73.2804467293033
452.22,73.39348104904691
452.65,76.17364409587982
453.68,77.67589490389702
453.76,76.20768688293371
454.3200000000001,79.63549920760697
454.48,72.52244323182538
457.9500000000001,79.85587946282344
458.61,78.10557990449401
459.04,73.23980481003834
459.25,79.17256396298313
459.81000000000006,77.29279485004675
459.96,73.7238020697452
460.0700000000001,75.94496489664616
460.11,77.04679315815784
460.3,80.96893330436671
460.58,69.95527378522732
460.66,80.12416966960448
461.26,77.8302909422018
462.0700000000001,74.44759452031077
462.96,76.52928978745463
463.77,74.71375897535417
463.86,75.25977665674989
464.33,72.0608188142054
464.67,79.92769061914906
464.9200000000001,73.66858814419685
465.14,77.91202648664918
465.35,81.16471473084775
465.6,79.66065292096219
466.19000000000005,75.87035328943134
466.38,75.81800248724217
466.49,77.60080601942164
466.7900000000001,76.22271256882108
467.33,76.5626003038538
467.63,77.5613198468875
467.69,78.98394235497872
470.69,70.51350145531029
470.91,84.4110339555329
471.68000000000006,80.6690976933514
472.86,77.54938036628177
473.04,76.33603923558262
473.12,84.43946567467027
473.14,82.3434924123938
473.47,80.74429214100154
473.66,81.53527846978845
473.75,76.17941952506597
474.39,79.19644174624254
474.75000000000006,73.17535545023695
474.80000000000007,78.68576242628474
475.18000000000006,75.06629066879918
475.36,78.06714910804443
475.38,76.65446590096343
475.64,84.3074594230931
477.45,76.61535239292073
477.52,75.36857094990785
478.62,76.28181020433748
478.9,79.74524953017331
479.16,71.60447449703649
480.04,76.32697275227063
480.4200000000001,78.95175055160067
480.51,79.9359014380554
480.78,78.12305004367903
481.23,79.75396380109304
481.5,79.14849428868122
482.49,80.62343261000228
483.12,77.26858751448916
483.39,72.8397360309481
484.11,80.08510462498192
484.29,77.74267484358545
485.21,75.20455060695367
485.37,71.94511403671426
485.55,81.72175883019257
485.8200000000001,79.741468033428
485.8200000000001,75.46004693096208
487.02,75.39731427867439
487.44,81.97932053175776
487.53,76.17992738908374
488.34,80.82483515583404
489.15,78.48308289890625
489.15,76.9702545231524
489.24,76.73125664295642
489.33,77.47327979073427
489.42,79.05275632381186
490.05000000000007,75.99224568921538
490.14,80.50761007059208
490.1400000000001,76.5291549353246
490.41,75.44707489651515
490.77,74.12841045703689
490.9500000000001,80.33404623688766
491.31000000000006,72.60181962508395
491.76,81.72685863022612
492.03,75.78806170355466
492.18,81.16949083668577
492.39,72.66597615711123
492.84,70.99667234802371
493.38000000000005,72.11479995135595
494.0100000000001,74.0268415619117
494.1,79.88261485529245
494.55,78.41472045293702
494.64,78.31958596150734
495.09,73.0372255549496
495.45,77.52548188515492
495.54,75.15034104209548
495.54,77.89482181055011
495.76,76.0852025173471
496.53,78.16244738485088
497.25,80.44243338360985
497.25,74.99245852187029
497.52,75.03215951117542
497.52,76.33863965267727
497.7000000000001,75.36668675909182
497.88,74.5360327789829
498.33,73.64597756506733
498.78,75.96535546734032
499.05,77.82787295862137
500.4500000000001,76.87081626536116
500.58,78.84853569858963
500.84,79.62622793706574
501.03,77.52030816517973
501.66,76.24686042339432
501.75,74.31988041853512
502.47,77.33795052440942
503.28,76.04116992529009
503.73,82.6633315466619
504.09,76.6133031799877
504.27,78.48969797925714
504.81,76.44460291991045
504.81000000000006,75.25603692478356
504.9,75.97544068132305
504.99000000000007,75.64506227846095
505.25,80.1583374567046
505.9800000000001,75.75398237084468
506.0700000000001,81.60926354061691
506.43000000000006,79.53715222241968
506.7,73.06098283007697
506.77,76.6422637488407
507.15,79.42423346150055
508.28,78.32297159046195
509.49,78.82392196117686
509.67,73.75360527400082
510.06,77.44186958397052
510.39,83.72029232547659
510.66,74.19809658089531
510.92,75.6478509355672
511.0700000000001,76.79965562447414
511.09,77.69668747187384
511.29,77.29468599033817
511.63,80.13603580712625
511.77,83.08419797956114
511.92,77.39490545397719
512.22,77.68146499550973
512.26,79.00285011517589
512.31,77.14079366008862
512.46,74.15212894664948
513.02,75.68905695684379
513.72,80.47185237094135
514.09,79.57750588418371
514.4000000000001,83.8063763608087
514.87,76.09687882378077
515.65,78.1343934839523
516.4000000000001,79.53137103020912
516.46,76.77264454168764
516.66,75.46548987728873
517.46,78.42152050400031
517.94,82.48059620805498
518.06,78.34999806972166
518.19,77.84789362974969
518.5799999999999,79.98765860619385
518.58,80.95182999730032
519.11,80.98476238176879
519.61,80.07929023690845
519.6600000000001,82.05365046376475
519.8299999999999,77.42915953292425
520.3299999999999,78.96911575346415
520.3900000000001,82.66876765502793
520.54,78.7835709071349
520.86,76.94966017739891
521.0,81.95777351247601
521.1,81.82690462483208
521.26,81.49483942754097
521.56,79.93327709180153
521.71,83.18797799543808
521.88,81.87705986050433
522.11,76.7654325716803
522.36,79.17911019220462
523.0400000000001,74.81263383297645
523.16,79.61235568468538
523.44,77.18172092312395
523.6600000000001,81.19772371386013
523.95,79.28237427235422
524.25,78.16881258941345
524.51,81.33305370726964
524.97,77.03297331276072
525.1700000000001,75.84210826970313
525.38,81.25547222962427
525.8,84.25256751616585
525.86,80.66785836534439
525.9000000000001,80.37649743297203
525.96,79.45471138489619
526.05,78.92785856857714
526.0699999999999,82.40348242629308
526.44,75.69713547602765
527.09,75.33817754083742
527.11,74.1780652994631
527.26,79.03121799491711
527.49,78.02991525905705
527.8299999999999,78.37750790974367
527.88,83.50382662726378
528.15,81.05651803464924
528.5,83.48155156102176
528.56,81.92069017708492
528.7,75.86533005485153
529.3,73.87115057623276
530.1,84.00301829843426
530.51,79.33874950519312
530.9,78.0749670371068
530.95,79.51784537150391
532.2,78.72980082675684
533.2,81.60165041260315
533.5,80.7497656982193
534.4,77.86302395209582
534.9,83.2492054589643
534.94,82.51392679552846
535.41,77.04376085616632
535.6,78.99551904406273
535.9300000000001,80.96206594144756
537.0999999999999,75.60975609756099
537.2,76.39612807148175
537.4,79.67994045403796
537.72,76.48962285204195
539.0,78.27458256029685
539.2,76.70623145400593
539.4,78.77271041898406
539.58,82.712480077097
539.9,76.79199851824413
540.3,80.86248380529337
540.3,80.23320377568018
540.8,76.978550295858
541.1,78.52522639068563
541.23,78.78351163091476
541.9,81.52795718767301
542.2,83.234968646256
542.4000000000001,74.05973451327432
542.5,76.14746543778801
542.5,79.02304147465438
542.7,78.57011240095815
543.0,83.35174953959485
543.3,83.34253635192343
543.9,77.4039345467917
544.0999999999999,77.76144091159715
544.31,81.71813856074664
544.86,80.11232243145028
545.5,82.07149404216315
545.6,76.37463343108504
545.8,81.58666178087213
546.6,81.63190633004024
548.3,80.02918110523437
548.4,77.4799416484318
549.0,79.48998178506375
549.5,78.23475887170154
549.7,80.18919410587593
549.9,79.50536461174758
550.6,79.47693425354159
550.7,78.91774105683676
550.8,79.86564996368918
551.2,80.35195936139331
551.3,80.68202430618538
551.9000000000001,81.95325240079724
552.1,78.84441224415866
552.3,79.0693463697266
552.4,74.61984069514844
552.6,78.62830256967065
553.3,75.9624073739382
553.96,78.30890316990397
555.3,82.71204754186927
555.5999999999999,79.12167026637871
555.8,76.53832313781936
555.9000000000001,77.78377406008273
556.1500000000001,78.3781353951272
556.58,78.82065471270975
557.2,82.69921033740128
557.5,76.10762331838565
558.85,80.98774268587277
559.5999999999999,75.92923516797714
560.3,80.11779403890773
560.8,82.09700427960057
561.72,81.4818770917895
562.0999999999999,78.31346735456326
562.89,77.01327079891276
563.98,79.06308734352281
564.0999999999999,81.40400638184721
564.8,76.29249291784703
565.0999999999999,79.89736329853125
565.1800000000001,83.8140061573304
565.23,78.79978062027845
565.45,84.30453621009815
565.5699999999999,81.35155683646587
566.0,78.30388692579506
566.2,81.15506888025432
566.2,81.91451783821971
566.4000000000001,86.88206214689265
566.48,77.81386809772631
566.5999999999999,74.09106953759267
566.7,79.90118228339509
566.99,81.95911744475211
567.3800000000001,75.87507490570692
567.5,79.15418502202643
567.5,77.88546255506607
567.5999999999999,74.91190979563073
567.9,82.81387568233845
568.1,75.05720823798626
568.3800000000001,82.81431436714873
568.4000000000001,83.14567206192821
568.4300000000001,83.77460725155251
568.6,75.6067534294759
568.9100000000001,81.4012761245188
569.11,80.89824462757639
569.3199999999999,82.8005339703506
569.6,76.33426966292134
569.8,79.41382941382942
569.9000000000001,73.59185822074046
570.08,79.02399663205163
570.3,82.16728037874805
570.56,83.3041222658441
570.94,77.73146039864083
571.4,82.11410570528527
571.8299999999999,81.26541104873827
571.8299999999999,80.30358673032195
571.89,87.46437251919076
572.08,79.42945042651377
572.1,75.05680825030588
572.1800000000001,77.72029780838197
573.78,81.54693436508767
574.07,81.62767606737854
575.69,86.07062828953082
575.8000000000001,84.73428273706146
576.85,81.13027650169022
577.0100000000001,77.64163532694405
577.28,80.23835920177383
577.58,78.46532082135808
577.98,81.66372538842174
578.9100000000001,79.26966195090772
578.99,80.31226791481718
579.81,83.26865697383626
580.26,81.89432323441216
581.46,80.89980394180166
581.53,83.95095695836844
581.79,79.10070644046822
581.8199999999999,81.33099584063801
582.14,78.98443673343183
583.0,80.54888507718697
583.1,82.07854570399589
583.61,83.92590942581518
583.6700000000001,81.43300152483422
584.25,80.71887034659821
584.76,82.40987755660441
584.97,76.49964955467802
584.99,83.60826680797963
585.74,82.32321507836241
586.36,82.62841940105055
586.49,82.45664887721871
586.6600000000001,75.39290219207035
586.98,79.16794439333538
587.0699999999999,83.29500740967858
588.3900000000001,79.52208569146313
588.5,81.7162276975361
589.22,79.42703913648552
589.3800000000001,82.0523261732668
589.53,82.08233677675436
590.4100000000001,84.89016107450753
590.51,79.15191952718837
590.84,79.05693588788843
591.01,82.09674963198592
591.3600000000001,80.66152597402596
591.44,80.85351007709995
591.69,81.59678209873414
592.01,82.97157142615833
592.1600000000001,81.63334233990813
592.54,80.50089445438283
592.5700000000002,81.86374605531834
592.94,80.81762066988227
593.13,82.62944042621349
593.57,76.95806728776724
594.33,82.34482526542493
594.86,79.27915812123861
596.2,78.88292519288828
596.4100000000001,83.46607199745141
596.86,81.4428844285092
597.08,82.58524820794533
597.89,81.55346301159076
598.0699999999999,76.84719180029094
598.1800000000001,74.25858437259687
598.62,84.06000467742474
598.6200000000001,79.13200360829907
598.73,80.83777328679037
598.95,83.51281409132648
599.04,58.92761752136752
600.0500000000001,77.82684776268644
600.6,80.23643023643024
600.9300000000001,80.77479906145473
601.0400000000001,85.45188340210301
601.59,82.1489718911551
602.58,79.10982774071492
603.35,83.35128863843539
604.23,79.19169852539596
604.56,83.49874288738918
604.7800000000001,80.72356890108799
605.33,81.14582128756214
605.5500000000001,82.96589876971348
605.77,83.77767139343315
606.5400000000001,75.03214956969036
606.6500000000001,78.15049864007251
606.8700000000001,81.45072256002108
607.2,81.93346508563899
608.08,81.140639389554
608.19,81.70144198359064
608.37,81.3813961898187
608.5200000000001,83.66199960560047
609.1800000000001,79.3854033290653
609.73,81.00306693126466
609.84,82.26747999475272
609.95,81.51487826871055
610.3900000000001,80.17824669473613
611.27,83.36741538109183
611.8399999999999,57.92364016736402
612.37,82.13988275062462
613.25,77.06481858948227
615.12,81.72389127324749
615.23,82.0018529655576
615.45,81.61507839792021
615.6700000000001,77.93135933210974
616.88,80.95577746077034
618.28,82.1957689072912
618.52,57.78309513031107
618.73,80.7945307323065
619.0799999999999,84.12483039348712
619.88,82.30625282312705
620.3299999999999,82.45611206938244
620.5400000000001,80.848938021723
620.8400000000001,79.74679466529217
622.45,84.58510723752912
623.3700000000001,82.71171214527486
623.59,83.37208742924037
623.5900000000001,82.26559117368782
623.7,82.81224947891614
624.3600000000001,79.24915113075788
625.45,81.76512910704292
626.48,81.79032052100625
626.6700000000001,81.95701086696346
627.44,77.33010327680734
627.99,83.48859058265258
628.3199999999999,81.74178762414058
628.4300000000001,78.7995480801362
629.0699999999999,83.5042205159998
630.1199999999999,82.74614359169684
630.1500000000001,79.06054114099817
630.54,84.8479081422273
631.5,82.3119556611243
631.57,83.03117627499722
631.6200000000001,83.42041100661788
631.92,80.4215723509305
632.4300000000001,82.09604224973515
632.6,82.16882706291494
632.8800000000001,85.67184932372645
634.3699999999999,83.51592918958968
634.4300000000001,81.45894740160458
634.48,82.01992182574706
634.52,80.45451680010086
634.6800000000001,80.76510997668116
634.9200000000001,82.16783216783216
635.76,82.67270668176671
635.97,79.95660172649653
636.4100000000001,84.53669804057132
636.6199999999999,85.8282806069555
637.04,77.81301017204572
637.32,82.09376765204293
637.44,83.55296184738955
637.69,85.88812746005112
638.3,79.47673507754975
638.5,82.97572435395458
639.1700000000001,81.82486662390286
639.3,80.55685906460191
640.1,77.83158881424777
641.19,82.54963427377218
642.46,82.7133206736606
642.78,80.1829552879679
642.96,79.63170337190493
643.03,83.93076528311278
644.06,89.43266155327144
644.3499999999999,82.50174594552652
645.18,82.3026132242165
646.4200000000001,81.49500324866185
646.6800000000001,82.21995422774788
646.8599999999999,81.6405404569768
647.04,80.87598911968348
648.26,82.51318915250053
648.72,82.59341472438031
648.8399999999999,83.11756365205598
649.89,78.41326993798951
650.4300000000001,82.8990052734345
650.52,81.64237840496834
650.8,87.63060848186846
651.02,83.57654142729871
651.36,82.94952100221074
651.42,82.38924196371006
652.29,86.14266660534426
652.35,82.27178661761326
652.89,83.45969458867498
653.04,82.75143942178121
653.16,82.69030559127933
653.6399999999999,82.33890214797138
653.78,79.52216341888708
653.94,79.9767562773343
654.0,79.15902140672783
654.48,77.17577313286884
654.8399999999999,80.06535947712419
655.0799999999999,80.11235268974782
655.1999999999999,85.98901098901099
656.04,77.55624657033108
656.16,80.97110460863203
656.6300000000001,80.10599576626105
656.71,83.1569490338201
656.76,82.32840002436203
657.35,91.12345021677947
657.5999999999999,81.47810218978103
657.8399999999999,82.64927641979814
658.44,81.37415709859667
659.04,85.21485797523671
659.28,81.72551874772479
659.52,88.06404657933041
659.52,84.57666181465308
660.24,81.93990064219072
660.37,88.31412692884292
660.72,82.07712798159582
660.72,80.79065262138272
660.8399999999999,82.2892076750802
661.1999999999999,81.0496067755596
661.56,80.76364955559586
661.56,77.52887115303223
662.04,82.8046643707329
662.04,84.78339677360884
662.52,83.69558654833061
662.52,79.92211555877559
662.8799999999999,82.60922037171133
662.9300000000001,86.73615615525017
663.96,82.47484788240256
663.96,81.2097114283993
663.96,84.20687993252606
664.0799999999999,83.63450186724492
664.3199999999999,83.19785645472064
664.92,80.26529507309151
665.4,81.68019236549443
665.76,82.35700552751742
666.22,85.40722283930234
667.3199999999999,78.52304741353474
668.76,81.5240145941743
668.76,80.43244213170644
668.8800000000001,81.1057289797871
668.97,82.08140873282808
670.2,82.0799761265294
670.2,81.81139958221425
670.6800000000001,81.91686049979124
670.9199999999998,85.56906933762598
671.6399999999999,82.02310761717588
672.5999999999999,81.14778471602736
672.6,84.56735057983941
673.44,83.25908766928012
673.8,84.01602849510242
675.48,81.15710309705692
675.8399999999999,87.50591856060606
676.1400000000001,82.45333806608097
676.49,80.08987568182825
676.92,80.60036636530167
678.48,79.91392524466455
678.5999999999999,86.53109342764516
678.7199999999999,82.03677510608203
679.3199999999999,82.40593534711181
679.7,81.05046343975282
679.72,82.69581592420408
680.0899999999999,82.43026658236411
680.6400000000001,82.49588622472966
681.24,79.44336797604369
681.36,80.29529176940238
682.2,85.3122251539138
682.9199999999998,81.95689099748142
683.28,77.46458260156889
683.4,79.6166227685104
683.64,82.45567842724242
684.72,79.68220586517117
684.72,80.42703586867626
684.74,83.88585448491398
684.84,78.86513638222067
685.0799999999999,83.53768902901851
685.2,75.02918855808522
685.2,80.76474022183304
685.5799999999999,85.78138218734503
686.73,81.41482096311505
686.9000000000001,82.57388266123161
687.0,83.93013100436681
687.3299999999999,83.45336301339968
688.06,83.21948667267391
688.08,86.02197418904778
688.78,81.97102122593571
689.23,84.58714797672765
689.29,81.73627935992108
689.5699999999999,83.25478196557276
689.59,85.87711538740412
689.76,84.33368128044538
689.78,80.22847864536519
690.1700000000001,88.29708622513293
690.85,83.46240138959253
691.8599999999999,87.7489665539271
692.1300000000001,85.53306459769117
692.41,82.26339885328058
692.48,85.17213493530498
693.38,81.0378147624679
693.55,81.6523682503064
693.6700000000001,86.65503769804084
693.86,82.35090652292969
693.95,83.26248288781612
694.02,87.54790928215326
695.37,85.07700936192244
695.73,84.34306411970161
695.94,82.90944621662787
696.45,82.34618421997271
696.53,81.40352892194163
696.84,82.40055105906666
697.12,90.02754188661923
698.6600000000001,84.16110840752296
699.0,84.52074391988555
699.3900000000001,80.9276655371109
699.8600000000001,82.85942902866286
700.4399999999999,60.70469990291817
700.79,84.97552761883018
701.73,82.2966098071908
702.45,82.8101644245142
702.5,87.30249110320284
703.04,84.37642239417389
703.6700000000001,82.72343570139411
704.3499999999999,80.91147866827572
704.6,81.70593244393983
705.3,85.16943144761096
705.31,81.4819015751939
705.3399999999999,82.86783678793206
705.51,82.38012218111722
705.6400000000001,81.14619352644407
706.73,82.70485192364835
707.0600000000001,87.23446383616665
707.57,85.4897748632644
707.72,80.78053467473012
708.08,83.29567280533271
708.63,83.06168240125312
709.8,84.16455339532263
709.8399999999999,84.2443367519441
710.06,83.20423626172436
710.58,85.76092769287061
710.9300000000001,82.96175432180381
711.23,80.95833977756843
711.6200000000001,84.28655743233746
712.01,85.13925366216768
712.3000000000001,84.72553699284009
712.6600000000001,82.38150029467066
712.6600000000001,86.0298038335251
713.44,86.60854451670778
713.74,84.4144926724017
714.4200000000001,79.39307410206881
714.8700000000001,81.45536950774265
714.8700000000001,82.98012225999132
715.26,86.108547940609
715.9100000000001,81.51862664301377
716.56,78.91872278664732
716.5600000000001,83.21703695433737
718.77,83.25333555935835
718.7700000000001,79.66387022274162
718.9000000000001,85.53345388788426
719.03,79.19001988790454
719.1600000000001,81.94282218143388
719.1600000000001,82.65198286890259
719.29,89.01833752728385
719.6800000000001,83.50933748332592
719.94,83.72919965552683
720.0700000000002,81.50596469787658
720.2,84.42099416828658
720.46,83.54384698664741
720.6700000000001,82.09027710325114
721.11,85.97856082983178
721.24,82.15018579113749
721.4200000000001,86.99509301100606
721.6299999999999,86.30461593891607
721.9300000000001,82.99973681658886
722.67,84.09094053994217
723.71,80.47422310041314
723.97,86.59198585576749
723.97,81.05308231004045
725.4000000000001,82.10642404190791
725.53,82.2571085964743
725.54,82.66945998842242
725.6600000000001,86.2800760686823
725.6600000000001,85.48080368216519
725.79,82.94410228854076
726.44,80.77749022630911
726.5699999999999,82.22194695624647
727.0899999999999,84.32243601204804
727.22,81.36464893704793
727.74,84.30208590980295
728.0,79.91758241758241
729.03,87.21177454974418
729.17,84.16418667800377
729.69,85.99542271375515
730.47,81.45440606732652
731.3800000000001,83.04848368836991
732.1600000000001,81.33468094405593
732.36,82.73253591130046
732.5,83.94539249146757
732.8399999999999,81.05452759128869
733.49,86.34064540757201
734.3700000000001,84.58951209880577
734.77,86.51686922438316
735.4200000000001,86.29082701041581
735.6999999999999,85.71428571428572
736.58,79.2581932716066
736.5800000000002,84.98737408020851
737.9200000000001,86.26951431049436
738.01,81.71975989485237
738.05,83.36833547862611
738.53,85.42645525571066
739.0500000000001,81.57770110276705
739.1800000000001,83.26794556129765
739.54,82.68653487302919
739.6199999999999,83.51585949541659
739.77,84.47220081917352
740.0899999999999,82.1791944223
740.48,85.16097666378565
740.9000000000001,86.17897152112295
741.1299999999999,81.37573705018013
741.22,83.29510806508189
741.26,83.85721609151985
741.46,80.1796455641572
741.77,87.62824055974224
741.9100000000001,83.6624388402906
742.22,84.78618199455687
742.3000000000001,83.49723831335038
742.95,85.61814388586042
742.95,80.78605558920519
743.0799999999999,78.20153953813856
743.3399999999999,83.89162429036512
743.86,82.26010270749872
745.06,82.70474861085015
745.6099999999999,84.66892879655585
745.72,83.66410985356434
746.3299999999999,83.16696367558588
746.62,83.21502236746939
747.09,83.91224618185224
747.6300000000001,81.43065420060724
747.8900000000001,84.63811523084944
748.3399999999999,84.70748590213006
748.49,85.57228553487688
749.28,83.23991031390136
750.0799999999999,85.76418515358361
750.56,85.0298443828608
750.89,82.36892221230806
750.9599999999999,83.29338446788111
752.4,82.72195640616692
752.41,84.52838213208224
752.76,83.55916892502259
752.8499999999999,83.64215979278742
752.86,86.76247907977579
753.77,83.08900593019091
753.78,83.48589774204675
753.8799999999999,83.77991192232187
754.0799999999999,83.82399745385106
754.5699999999999,83.42499701816931
754.97,83.20860431540326
755.24,89.89195487527142
755.3,86.04528002118363
755.68,83.85824687698498
756.09,81.53791215331508
756.45,81.72384162866018
757.0999999999999,84.3349623563598
757.77,81.5154994259472
758.85,82.11108914805297
759.4,81.73558072162234
759.9300000000001,84.08669219533378
760.6500000000001,82.27174127391046
761.18,88.58614256811792
762.3399999999999,83.23057953144267
762.52,86.4633058805015
762.5799999999999,83.83382727058145
763.28,86.44272088879572
763.47,85.92348094882574
763.71,82.12541409697398
764.51,85.59731069573975
766.0200000000001,83.4965144513198
767.4100000000001,83.54074093379027
767.48,80.43206337624433
767.76,81.04095029696781
768.3800000000001,81.04063093781721
769.02,85.99256196197757
769.3700000000001,85.87545654236582
769.4300000000001,85.94673979439324
769.8599999999999,79.30013249162187
770.13,83.84298754755692
770.8700000000001,84.90406942804881
770.98,83.69866922617966
771.26,82.34577185384954
771.26,83.13668542385189
771.26,81.71044783860178
771.8199999999999,80.36847969733876
771.83,83.81379319280151
772.0999999999999,86.75042092993137
772.2399999999999,83.34196622811562
772.24,84.71459649849788
772.24,86.47570703408266
772.66,82.70131752646701
772.8,82.12991718426503
772.8,81.25
772.9399999999998,82.95598623437786
772.9399999999999,85.51763396900148
773.0799999999999,85.28224763284524
773.13,87.81188157230996
773.22,84.14164144745351
773.22,83.70192183337214
773.5,84.18875242404654
773.9200000000001,81.20994418027703
774.2,80.35391371738568
774.2,86.14053216223198
774.4799999999999,85.55417828736702
774.48,84.06931102158867
774.48,82.82976965189548
774.48,80.9188100402851
774.62,83.31827218507138
774.6700000000001,87.6244078123588
774.76,80.29583354845371
774.9,86.90153568202349
774.9,86.10143244289587
775.04,84.56337737407101
775.04,83.82793146160199
775.18,78.04638922572822
775.7399999999999,79.38226725449249
775.8699999999999,82.21738177787516
776.44,84.82303848333419
776.65,81.65840468679586
777.14,84.95251820778753
777.28,80.588719637711
777.94,83.93963544746381
778.12,85.37243612810363
778.8199999999999,81.32816311856399
778.9599999999999,86.2688713156003
779.0999999999999,84.87998973174176
779.0999999999999,87.12617122320627
779.24,84.26158821415738
779.66,83.39532616781675
779.8,88.61246473454733
780.22,81.25913203968112
780.22,85.77068006459717
780.92,82.55647185371102
781.3399999999999,84.71344101159546
782.18,86.28448694673861
783.5799999999999,81.89336123943951
784.42,85.70663675072028
784.4200000000001,84.49555085285942
784.5,84.89483747609943
784.65,86.25501816096349
784.6999999999999,86.2750095577928
784.7,86.12208487319994
785.4,86.50369238604533
785.54,84.48965043155027
785.8199999999999,85.24853019775522
785.9599999999999,86.03491271820451
786.77,85.03120352835009
787.04,90.40201260418785
787.93,55.24602439302985
789.45,83.17182848818798
791.9499999999999,58.22337268766968
792.28,89.52643004998234
792.9599999999999,84.17826876513318
793.2,83.11901159858799
794.22,83.65440306212383
794.8499999999999,86.972384726678
795.62,86.09637766773083
795.9,85.45043347154166
796.1199999999999,83.98231422398635
796.7399999999999,85.2097296483169
796.8800000000001,84.66770404577854
798.0699999999999,84.3409725963888
798.22,88.79757460349276
798.3199999999999,83.67571900992084
798.56,83.04948908034463
798.5699999999999,84.8892395156342
799.26,82.22605910467182
799.5699999999999,85.6210212989482
799.8199999999999,84.08141831912181
799.9499999999999,85.2428276767298
800.24,82.1628511446566
800.92,86.75023722718873
800.94,80.8175393912153
801.2199999999999,86.79264122213624
801.64,86.57252632104186
801.92,84.75907821229052
802.0400000000001,84.85861054311505
802.1999999999999,83.75716778858141
802.2,82.33607579157317
802.7599999999999,82.22881060341822
803.04,84.61595935445308
803.34,90.2980058256778
804.04,88.37868762748123
804.47,85.00006215272165
804.5600000000001,86.89221437804514
804.9,84.18437072928315
805.1400000000001,84.38284025138483
805.51,88.99951583468858
805.76,91.31751389992056
805.98,85.06414551229558
806.4000000000001,87.84722222222221
806.81,86.6870762633086
807.05,91.66718295025092
807.72,88.33506660724014
808.1199999999999,87.67262287779045
808.4,86.31865413161802
808.8,86.47378832838774
808.8199999999999,85.42073638139513
809.0099999999999,85.95691029777136
809.04,84.47048353604272
809.06,86.68083949274467
809.22,88.245470947332
810.84,85.68891519905283
811.31,82.64411877087674
811.36,85.27657266811279
811.55,85.30589612469964
811.8199999999999,89.90909314872756
812.1099999999999,86.10902463951928
812.56,91.39017426405437
813.64,87.24988938596923
813.6400000000001,80.35494813431
815.1000000000001,85.16746411483253
815.5799999999999,87.41018661566002
817.11,89.05777679871744
817.27,85.35734824476611
817.3399999999999,83.28235495632174
818.46,84.46350463064779
819.0,87.33821733821733
819.0800000000002,87.51281926063386
819.5999999999999,87.90873596876526
820.05,85.87281263337603
820.05,90.88470215230778
821.12,84.26295791114575
821.5400000000001,86.33785329990017
821.76,83.54020638629284
822.9000000000001,83.31510511605298
823.5600000000001,85.2882607217446
825.0,82.18181818181817
825.02,83.92523817604422
825.07,86.85323669506829
825.9,84.46543165032087
826.05,84.74063313358756
826.24,87.67428350116188
826.5,86.12220205686629
826.52,84.55935730532836
826.6500000000001,81.67906611020383
826.95,84.12842372573917
827.4000000000001,87.0195794053662
827.55,85.86792338831492
827.5999999999999,84.5456742387627
827.6999999999999,88.00289960130483
827.85,87.82992087938636
827.94,84.07614078314853
828.3,87.3958710612097
828.3000000000001,84.18447422431485
828.8999999999999,83.93051031487515
829.6500000000001,87.65141927318749
829.8,87.67172812725958
830.4,87.5
830.4,83.99566473988439
830.85,84.79268219293495
831.0,88.4476534296029
831.1500000000001,83.42657763339949
831.45,86.74003247338986
831.5999999999999,84.15103415103415
832.1700000000001,85.12683706454209
832.5,86.47447447447448
832.88,85.24637402747094
833.04,86.40641505810045
833.3999999999999,89.17686585073196
833.96,83.96086143220299
834.75,87.04402515723271
835.04,86.5826786740755
835.6500000000001,87.23747980613894
835.6500000000001,86.33997486986178
836.25,85.40508221225711
836.6999999999999,85.71770049002033
836.7,85.16792159674912
837.3,85.69210557745134
838.2,85.13481269386781
838.3499999999999,86.95652173913044
839.0999999999999,80.75318793945895
839.3999999999999,87.81272337383848
839.7,87.74562343694176
840.75,85.18584597085935
841.2,84.47456015216358
842.7,86.18725525097899
842.8500000000001,85.44818176425223
844.48,85.75691549829482
845.4000000000001,85.82919328128695
845.6400000000001,83.80634785487914
848.26,86.49470681159079
849.0,85.1472320376914
849.13,86.84182633990083
849.1499999999999,87.20485191073428
849.23,87.2555138184002
849.4000000000001,83.37650105957147
849.5900000000001,86.75949575677679
850.05,86.55961414034469
850.3500000000001,86.74075380725583
850.36,86.9631685403829
851.31,85.23334625459586
851.6999999999999,85.24128214159916
852.0,87.46478873239437
852.22,87.30140104667808
852.22,83.76944920325738
852.75,85.59366754617413
852.9000000000001,85.61378825184663
853.26,86.53868691840705
853.5400000000001,84.20226351430513
854.55,85.02720730208883
854.7,89.77418977418976
854.8499999999999,85.65245364683864
855.3,85.74769086870104
857.25,84.05949256342957
857.7,83.68893552524192
858.0,87.44755244755244
858.45,84.99038965577495
858.45,85.13017648086667
858.49,87.09478269985674
858.8800000000001,85.66970938897167
859.3100000000002,85.0100662159174
859.8000000000001,86.75273319376599
859.87,89.89731005849721
860.75,88.50421144350857
860.8199999999999,86.15041472084756
862.0,87.38979118329466
863.04,85.12931034482759
863.3399999999999,83.91827090138301
864.0000000000001,86.26157407407405
864.1700000000001,86.00159690801578
864.4100000000001,85.0290949896461
864.58,84.02923963080339
864.65,84.10339443705547
864.75,88.24515755998844
865.42,90.01409720135888
865.6500000000001,84.30659042338125
866.86,84.54652423690099
868.48,86.53049005158438
869.71,89.77705212082188
870.0100000000001,85.41281134699601
870.0300000000001,86.5947151247658
870.1100000000001,85.4489662226615
870.8800000000001,87.54363402535365
873.79,85.04331704414105
874.5,85.55746140651802
874.63,88.24302848061465
874.69,86.39632326881524
875.2,80.42733089579524
875.2,88.37979890310785
875.3900000000001,85.43620557694284
876.0,81.39269406392694
876.34,88.2762398155967
876.3800000000001,83.27437869417375
876.8000000000001,87.51140510948903
877.1200000000001,89.30363006202114
877.76,89.02205614290922
878.4000000000001,84.87021857923497
878.8699999999999,87.61250241787751
879.04,86.32144157262468
879.23,87.80410131592416
879.3600000000001,86.16493813682678
880.0,84.47727272727272
880.8000000000001,83.5603996366939
881.28,86.95306826434278
881.6,87.34119782214155
881.8100000000002,88.30700491035482
881.9200000000001,86.01687227866472
881.9200000000001,88.15992380261247
882.5600000000001,88.75317258883247
882.7,88.65979381443299
883.1500000000001,86.47455132197248
883.2,83.66168478260869
883.2,83.07291666666666
883.6800000000001,86.8866558030056
883.6800000000001,86.55848270867281
884.0,88.57466063348416
884.01,86.00581441386409
884.05,86.06979243255472
884.1600000000001,87.91395222584146
884.1600000000001,86.47756062251176
884.55,86.46204284664518
884.96,85.91348761525944
884.96,86.42198517447115
885.12,87.27630151843819
885.12,86.75659797541576
885.6,91.2940379403794
885.9200000000001,84.0143579555716
885.99,85.15897470626079
886.2,86.10923042202663
887.2,83.29576194770063
887.3600000000001,83.4047060944825
887.52,84.36992969172525
887.84,88.42809515227968
888.16,84.0726896054765
888.8000000000001,87.34248424842484
889.1200000000001,87.20982544538418
890.24,83.84255930984904
891.8400000000001,84.94797273053462
891.9100000000001,85.08706035362312
893.12,89.31610533858833
895.04,85.85091169109761
896.1600000000001,80.81146223888591
896.3199999999999,87.97081399500179
898.24,89.70876380477377
898.4000000000001,82.59127337488869
899.19,88.37954158742869
900.4300000000001,85.57022755794453
901.64,86.60884610265737
901.76,86.95218239886444
901.77,87.19518280714594
902.4,86.82402482269502
903.36,86.57678002125398
904.32,86.61756900212313
904.4,88.20212295444495
905.28,85.18911276069284
905.76,83.64246599540718
906.08,85.4449938195303
907.03,84.68297630728863
907.0400000000002,88.14385253131061
907.07,84.67924195486567
907.2,82.17592592592592
907.34,81.56810016090992
907.35,85.36948255910067
908.0,88.78854625550662
908.16,87.18727977448907
908.31,89.18761215884446
908.48,86.01179992955265
908.54,86.43537984018315
908.8,83.82482394366197
909.24,86.96273811094981
909.76,87.363700316567
909.91,85.75573408359067
910.22,86.18795456043594
910.71,84.34078905469359
911.04,87.43853178784687
911.0400000000002,87.09826132771337
911.36,87.56144662921346
911.56,88.23335819913115
911.57,87.65097578902335
911.68,81.70630045630045
912.0,84.90131578947367
912.16,87.51754078231889
912.19,89.04943049145461
912.48,85.711467648606
912.8,86.37160385626642
913.5,85.14504652435686
914.25,90.42384468143288
914.5600000000002,85.70241427571726
915.28,86.79311249016693
915.36,84.5459709840937
915.63,88.17972325065801
915.68,86.05626419709942
915.76,85.10963571241373
915.79,86.75569726684066
916.13,85.6210363158067
917.28,82.76643990929705
917.66,84.99880129895604
918.43,87.7366810753133
918.74,86.12882861310055
919.18,86.92530298744533
920.8,85.6863596872285
920.89,86.8181867541183
921.7,83.73657372246934
923.31,84.76026469982997
924.27,88.08032284938385
924.64,87.32047066966602
924.97,89.50560558720822
925.07,84.14498362286096
925.09,84.18640348506632
925.95,87.97451266267078
928.56,88.06108382872405
929.05,89.91981055917336
929.2,85.52518295307792
929.28,90.23114669421489
929.96,87.4446212740333
930.07,86.8214220435021
930.22,86.79667175506869
931.43,88.0366747903761
931.6,85.86303134392443
931.67,85.79217963441991
931.78,85.71765867479448
931.94,86.11069382149066
931.98,87.85596257430416
932.04,85.82249688854556
932.04,87.81811939401743
932.28,87.31282447333419
932.45,85.80620944822779
932.93,86.30872627099568
932.94,85.70754818101915
932.96,87.18487394957982
934.16,85.61702492078444
934.34,90.6201168739431
934.35,84.90394391823192
935.08,88.01385977670361
935.85,84.72511620451995
936.27,85.4881604665321
936.42,87.5675444779052
936.44,82.93110076459784
936.53,88.57164212571942
937.33,86.88508849604729
937.59,89.49540844078967
937.72,85.17467900865931
938.52,87.60601798576482
938.57,83.96816433510554
938.59,88.4944437933496
938.74,87.9689796961885
938.74,88.33116730937213
939.56,85.51875345906595
939.67,85.79607734630243
939.72,56.14438343336313
939.76,88.39490933855453
941.12,86.18454607276438
941.12,86.20579734784086
941.29,85.01099554866195
941.8,81.31238054788702
941.97,86.25540091510346
942.65,85.76884315493555
945.2,87.6322471434617
945.94,87.50026428737551
946.22,87.29470947559766
946.39,88.81116664377267
947.07,87.67039395187261
947.24,86.83121489801951
948.09,88.73630140598466
949.56,86.36631703104597
950.47,89.55569349900577
951.66,86.63808503036799
952.68,88.38224797413612
952.68,85.88403241382206
953.53,87.51691084706302
953.7,89.02170493865995
954.89,87.15139963765462
955.06,86.88459363809604
956.24,86.92378482389358
956.4199999999998,87.95299136362688
956.59,84.07990884286895
956.63,91.64462749443358
956.76,87.6290814833396
958.97,87.30200110535263
959.14,85.08664011510311
959.14,84.19000354484226
960.84,88.42263019857626
961.35,87.63717688666979
961.35,86.7530035887034
961.52,88.39129711290457
962.2,85.7617958844315
963.05,90.54566221899177
963.22,86.38732584456302
963.56,89.65710490265265
963.56,88.2664286603844
963.73,86.16521224824379
964.31,87.50298140639421
964.41,85.84523179975321
965.26,86.89886662660837
965.34,87.9275695609837
965.47,86.9731840450765
965.6,90.2444076222038
965.92,86.99478217657776
965.97,88.4603041502324
966.11,87.18468911407604
966.32,88.8215084030135
966.62,86.61107777616851
966.94,87.233954536993
967.13,88.31284315448802
967.14,85.82004673573631
967.64,85.46566905047332
967.64,89.46509032284735
967.6699999999998,87.02346874451003
967.78,90.01012626836679
968.22,88.22375080043791
968.3,86.09934937519364
968.32,85.15779907468605
968.49,87.94102159031068
968.49,86.85685964749248
968.5,88.55962829117192
968.51,87.38164809862572
968.83,85.32972760959096
968.93,90.55349715665734
969.08,87.12387006232716
969.34,90.85563373016691
969.39,84.86780346403408
969.48,86.97446053554482
970.28,87.49020901183164
970.7,84.6605542392088
972.16,88.2879361421988
972.54,91.0502395788348
973.21,87.57616547302226
974.5,90.8978963571062
974.53,85.8772946959047
974.56,86.58266294532918
974.57,88.37743825482008
975.2,87.46923707957343
976.07,86.91999549212657
977.22,87.70798796586233
977.33,87.21721424697901
977.84,87.38648449644114
977.98,88.69302030716374
978.28,86.9996320071963
979.96,60.01265357769705
980.1,87.21559024589325
980.65,85.91240503747515
981.38,88.57934744950987
981.47,88.25537204397486
982.06,87.36737062908581
982.55,86.84545315760012
982.8,90.13024013024013
982.98,86.1665547620501
983.05,89.19180102741467
984.24,89.2973258554824
984.96,86.3182261208577
985.68,87.73638503368232
985.79,85.97165724951562
986.17,89.54845513451028
987.48,87.07011787580508
989.08,88.79969264366888
989.52,88.17406419273992
990.17,87.82330306916994
990.36,86.55438426430794
990.9,88.41457261075792
991.62,87.66462959601459
991.68,87.99209422394321
992.88,89.55765047135606
993.96,85.15433216628435
993.96,87.93110386735884
994.13,87.89594922193275
994.32,89.08600852844155
994.7,87.33286418015483
995.4,89.05967450271247
995.94,85.19589533506034
995.97,87.74360673514262
996.2,86.06705480827142
996.21,86.58816916112066
996.3,86.68071865903843
996.48,86.43424855491328
996.66,85.42532057070615
996.66,87.81329641000943
996.84,83.15276273022751
996.84,87.3861402030416
997.02,85.78564121080821
997.11,87.5429992678842
997.5600000000002,88.19519627892055
997.6,86.04651162790698
997.74,85.19253512939243
997.92,84.81641814975148
997.92,85.71829405162738
998.4,89.67347756410257
998.64,86.55771849715613
999.0,86.44644644644644
999.18,88.14227666686682
999.36,88.6767531219981
999.72,87.22442283839474
999.9,88.08880888088808
1000.44,86.94174563192195
1000.62,89.36459395174991
1000.8,87.74980015987211
1000.98,89.79200383624047
1001.52,89.86340762041696
1002.24,88.63146551724135
1002.6,89.62696987831639
1002.6,87.08358268501894
1002.88,282.77560625398854
1003.01,88.08486455768139
1003.14,87.07657954024363
1003.32,86.8416856037954
1003.5,87.47384155455904
1003.58,91.25331313896253
1003.68,88.89287422285987
1004.14,87.89611010416874
1004.22,85.8178486785764
1004.5800000000002,86.7626271675725
1005.12,87.94969754855141
1005.3,89.37630558042375
1006.38,84.6996164470677
1006.56,90.7546494992847
1006.69,88.62708480267014
1006.92,90.19584475430024
1006.92,87.14694315337861
1007.1,88.5016383675901
1007.8200000000002,86.85082653648467
1008.18,85.97671050804419
1008.36,88.97615930818358
1009.24,85.53961396694541
1009.44,87.75162466317957
1010.25,87.88913635238802
1011.6,87.69276393831555
1012.14,87.23101547216787
1012.86,87.9884682976917
1012.98,84.8881517897688
1013.5800000000002,85.34106829258667
1014.12,86.60710764012147
1014.42,86.71950474162577
1014.55,88.94583805628112
1014.66,88.99532848441842
1014.84,86.25004926885026
1016.4,88.22314049586778
1017.36,89.44719666588033
1017.36,86.21333647872926
1017.39,86.35823037379963
1019.52,86.14838355304457
1019.7,87.76110620770814
1019.88,88.59865866572537
1020.06,83.40685842009292
1020.78,86.61023922882502
1020.96,87.09449929478139
1021.14,85.60040738782145
1021.32,87.87647358320605
1021.32,87.23025104766381
1021.5,87.2148800783162
1022.76,86.8434432320388
1022.86,88.43830045167472
1023.3,89.1234242157725
1023.48,87.62262086215655
1023.66,85.0380008987359
1023.84,87.58204406938584
1023.93,88.10172570390554
1024.41,86.38142931052995
1025.1,87.1524729294703
1025.4299999999998,89.4844114176492
1026.38,85.99154309320136
1027.62,86.15052256670754
1027.8000000000002,84.71492508270092
1028.88,86.10333566596687
1030.65,87.91539319846699
1030.67,89.90268466143382
1031.69,86.27591621514215
1031.91,87.82742681047768
1032.82,85.50376638717299
1034.17,88.05128750592262
1034.63,84.9869035307308
1034.69,88.81887328571842
1035.2,90.64914992272024
1036.07,89.46306716727635
1038.88,90.963345140921
1039.49,85.84979172478812
1039.68,88.88311788242535
1039.87,92.3288487984075
1040.25,89.49771689497716
1041.36,86.37742951524929
1042.2,87.43043561696412
1042.39,88.60407333147862
1042.53,86.53947608222306
1043.1,87.47004122327678
1043.48,88.65526890788516
1043.57,85.58122598388226
1043.69,88.3787331487319
1043.87,88.49760985563337
1044.24,90.86991496207769
1044.3,87.15886239586327
1044.81,90.29392903972972
1045.13,87.6828719872169
1046.2,89.45708277575989
1046.64,86.9926622334327
1046.9,88.68086732257142
1047.36,85.37656584173541
1047.43,88.5405229943767
1047.66,87.37567531451043
1047.66,84.01580665483078
1047.66,88.61653589905123
1048.33,92.52811614663322
1048.99,84.85304912344255
1049.75,90.22148130507264
1049.75,89.64039056918314
1050.13,88.40810185405616
1051.08,85.11245575978994
1051.08,86.86303611523385
1051.25,88.10463733650417
1051.39,85.57243268435118
1051.49,90.3955339565759
1051.84,89.06297535746882
1052.62,87.77146548612036
1052.6799999999998,87.69996580157314
1052.79,84.70825140816306
1052.82,89.24602496153189
1052.98,88.34925639613287
1053.16,90.59402180105587
1053.36,90.30151135414296
1053.36,88.79205589731906
1053.36,88.90597706387182
1053.42,91.72979438400635
1053.55,83.02406150633573
1054.31,86.03731350361848
1054.4,90.99962063732929
1054.54,89.2047717488194
1054.7399999999998,85.76521227980358
1054.88,87.92469285605945
1055.0,89.65876777251185
1055.64,90.18225910348224
1056.22,86.78116301528091
1056.27,89.79711626762096
1056.59,89.09794716966844
1056.65,85.66696635593621
1056.81,87.32884813731891
1056.9699999999998,85.8302506220612
1057.16,87.79181959211472
1057.6,89.65582450832073
1057.79,89.05359286814964
1058.21,87.27946248854197
1058.53,88.62290157104664
1061.2,87.0806633999246
1061.91,85.12962492113269
1061.91,89.5273610757974
1062.1999999999998,86.94219544341934
1062.4799999999998,89.33815224757174
1062.48,87.00399066335366
1062.86,90.29411211260188
1063.0499999999995,88.20845679883357
1063.2,88.31828442437923
1063.24,88.99213724088635
1064.76,85.90668319621324
1065.52,84.43764546887905
1065.5700000000002,87.11769287799017
1065.9,89.17346843043438
1067.9899999999998,86.171218831637
1067.99,87.63190666579274
1070.65,86.73235884742915
1071.51,87.57734412184674
1072.2,88.46297332587203
1073.6,90.83457526080478
1074.03,86.2638846214724
1074.56,90.88371054198927
1075.4,88.34852148037939
1076.73,88.15580507648157
1076.84,86.46595594517291
1077.4,90.61629849638015
1077.6799999999998,89.58132284165987
1077.87,86.13283605629623
1077.87,88.90682549843673
1078.0,87.57884972170686
1078.25,87.02990957570137
1078.44,88.24783947182968
1079.0,90.9082483781279
1079.14,91.50805270863836
1079.39,90.18056494872104
1080.53,88.76199642767901
1080.72,88.39477385446739
1081.1,89.13144019979651
1081.6699999999998,87.16151876265405
1082.05,86.79820710688047
1082.05,83.2955963217966
1082.24,87.20801301005322
1082.4299999999998,85.60368799830013
1082.6,86.92961389248107
1082.62,89.06172064066801
1082.83,87.28978694716623
1084.9,91.28030233201216
1085.47,82.63701438086727
1086.1799999999998,90.27969581469004
1086.42,89.3392978774323
1086.61,89.59976440489228
1086.99,90.04682655774202
1087.06,85.99341342704174
1090.0,87.75229357798166
1090.09,88.28628828812299
1091.5,90.27943197434722
1091.88,89.99157416565924
1092.0,87.82967032967034
1092.65,87.59438063423785
1092.74,89.17949374965683
1093.05,86.72979278166598
1093.21,87.57695227815331
1093.48,90.91158503127627
1093.63,88.9789051141611
1094.68,88.21756129645193
1097.34,90.5371170284506
1097.4,89.27464917076726
1098.8,87.92318893338188
1101.9,90.02631817769307
1102.41,91.10040728948395
1103.4,90.47489577669022
1103.8200000000002,88.22996503053032
1104.15,89.84286555268758
1104.4,87.42303513219846
1104.59,90.33215944377552
1105.0,88.78733031674209
1105.16,89.5707408881972
1105.39,89.34403242294576
1105.4,86.49357698570653
1105.6,90.57525325615052
1105.67,89.53846988703681
1106.4,88.62075198843094
1106.75,91.0232663203072
1106.75,87.20126496498757
1106.77,89.49465561950541
1107.31,87.87963623556186
1107.34,89.06930120830096
1108.53,90.4441016481286
1108.55,88.8367687519733
1108.8,89.23160173160173
1109.6,91.08687815428983
1110.0,89.72972972972974
1111.19,88.30173057712902
1111.58,91.0955576746613
1111.8,88.95484799424356
1111.8,87.524734664508
1112.16,86.54330312185297
1112.24,88.5330504207725
1112.36,86.76148009637168
1113.22,89.29950953091034
1114.1999999999998,89.3017411595764
1114.2,87.97343385388619
1114.44,86.47392412332651
1114.6,90.1399605239548
1114.8,87.41478292070327
1115.4,86.04984758830912
1115.65,89.67866266302154
1115.95,85.81925713517631
1116.0,87.89426523297492
1116.36,88.94084345551613
1118.6,91.32844627212587
1118.6,89.57625603432862
1120.24,88.65957294865386
1120.39,86.53236819321842
1120.62,89.11138476914566
1121.6,87.20577746077034
1121.6,88.33808844507847
1122.6,89.30162123641547
1122.61,89.85311016292391
1123.1,92.36933487668064
1123.1999999999998,88.19444444444446
1123.3000000000002,87.05599572687616
1124.01,88.47786051725518
1124.2,91.4428037715709
1124.31,87.04894557550854
1124.9,88.407858476309
1125.2,88.18876644152151
1126.21,92.46055353797249
1128.4,87.76143211627081
1128.6,89.89898989898991
1129.1999999999998,87.98264257881686
1129.71,91.14728558656648
1129.8,86.13028854664543
1129.98,90.80691693658294
1130.47,89.36106221306183
1131.1999999999998,87.96852899575673
1131.35,90.43178503557698
1131.9,88.31168831168831
1132.1999999999998,88.41194135311784
1132.46,89.16871236070148
1132.74,88.48455956353621
1132.8,89.40677966101694
1133.36,88.55085762687936
1133.44,87.18591191417279
1133.8,88.87810901393544
1134.56,88.58940911013961
1134.6,87.22897937599154
1134.6,86.31235677771902
1135.8,87.10160239478782
1135.8000000000002,91.14280683218875
1136.4,87.108412530799
1136.65,89.13913693749174
1136.92,90.25261232100762
1137.0,89.23482849604221
1137.2,86.22933520928596
1137.36,88.75817683055496
1137.38,89.45119485132497
1137.4,87.93740109020573
1137.8,87.79223062049569
1138.4,89.07238229093464
1138.6,89.24117337080627
1138.63,87.84240710327322
1138.8,86.25746399719002
1139.1999999999998,89.07127808988766
1140.2,87.26539203648483
1141.75,91.27216991460476
1142.16,87.09812985921413
1143.0,87.63779527559056
1143.4500000000005,89.42236214963486
1143.6,87.05841203217909
1144.17,86.28962479351844
1144.2,88.6208704771893
1145.17,87.9432747976283
1145.34,87.97387675275463
1145.38,86.72231049957219
1145.87,87.4444745040886
1145.95,90.0213796413456
1146.33,89.31110587701622
1146.74,90.0814482794705
1147.4,88.58288303991633
1147.4499999999998,89.11935160573448
1149.2,88.27880264531848
1149.4,91.3694101270228
1149.4,90.08178179919958
1149.71,90.39670873524626
1149.79,87.67688012593604
1150.0,90.3217391304348
1152.0,87.58680555555556
1152.2600000000002,90.37022894138474
1152.86,88.16335027670314
1152.9,90.8144678636482
1153.8000000000002,92.32969318772749
1153.85,90.80903063656454
1153.9499999999998,90.34186923176917
1153.98,89.21298462711658
1155.1799999999998,92.24536435880124
1155.29,87.8221052722693
1156.58,88.49366234934031
1156.89,89.01451304791293
1157.15,88.67476126690575
1157.61,88.41492385172899
1157.73,89.64957287104939
1157.73,87.87022880982612
1158.0500000000002,89.13259358404213
1158.5700000000002,88.26398059677014
1159.41,90.38217714182214
1159.52,88.33827790809991
1159.62,86.01093461651232
1159.83,88.00427648879578
1160.87,87.90820677595252
1161.3000000000002,88.35787479548779
1161.73,88.04111110154682
1162.7,87.30540982196611
1162.78,89.9138272072103
1163.41,87.51858760024412
1163.5800000000002,87.76362605063682
1163.61,88.75826092934916
1165.08,87.97679129330174
1165.8200000000002,88.20401091077524
1166.34,89.71654920520604
1167.61,89.51619119397743
1167.92,90.3229673265292
1167.97,90.14786338690207
1168.6799999999998,88.96361707225248
1168.77,89.03377054510297
1168.86,90.12199921290828
1169.37,89.88600699521963
1170.11,90.78633632735382
1170.1200000000003,88.7344887703825
1172.12,88.34419683991402
1172.64,87.89568836130442
1173.26,89.28967151356049
1173.27,90.72932913992516
1176.0,89.86394557823128
1176.25,88.72263549415514
1176.42,91.07291613539384
1177.0500000000002,88.97667898559958
1177.29,90.3940405507564
1178.25,86.83216634839806
1178.31,88.8306133360491
1179.5700000000002,90.46516951092345
1181.04,90.04775452143873
1181.25,86.7978835978836
1181.46,89.07622771824693
1181.88,89.49301113480217
1182.13,88.6704507964437
1183.24,88.17315168520334
1185.0300000000002,88.93445735550998
1187.41,88.60461003360255
1187.44,88.18971905948932
1187.97,87.5527159776762
1188.93,89.27354848477202
1189.23,90.88233562893636
1189.38,89.01276295212631
1189.65,90.86706174084814
1190.48,88.41811706202539
1191.2,88.80960376091338
1192.17,89.5342107249805
1192.38,86.74248142370719
1192.68,87.55072609585136
1192.8,89.46177062374245
1192.83,90.78410167416985
1193.01,88.00429166561891
1193.64,88.51915150296573
1193.64,87.00278140812976
1193.85,88.80512627214475
1194.06,86.95542937540827
1194.69,90.00661259406205
1195.11,90.9623381948105
1196.37,90.9334068891731
1196.5800000000002,88.39358839358839
1197.3200000000002,86.89406340827848
1197.42,87.1874530240016
1199.04,88.57085668534828
1199.34,89.27410075541547
1199.44,86.47368772093643
1199.81,89.29747209974914
1200.16,87.78829489401411
1200.54,87.81048528162327
1200.98,91.60019317557328
1200.99,86.67849024554742
1201.63,88.42988274260794
1202.96,89.76192059586353
1203.27,89.71386305650437
1204.06,89.70483198511701
1204.5,87.3972602739726
1205.38,88.0303306840996
1205.9900000000002,89.84319936317878
1206.6,89.04359356870548
1206.92,90.58595433003016
1207.0500000000002,90.48506689863716
1209.12,86.83174540161438
1209.56,89.9996693012335
1209.5700000000002,87.32028737485221
1210.0,89.73553719008264
1210.21,91.86835342626486
1210.37,91.6166131017788
1210.81,89.83242622707114
1211.62,87.92360641125106
1212.3,91.4872556297946
1212.3300000000002,91.31177154735096
1212.46,88.38229714794714
1212.58,87.91172541193158
1213.06,90.86112805632038
1213.35,91.00424444719168
1213.35,91.00424444719168
1214.4,89.93741765480897
1214.84,89.13107898982581
1216.37,88.5256953065268
1216.38,86.98761900064123
1216.46,88.543807441264
1217.04,89.3890093998554
1217.04,88.13186090843357
1217.14,88.56828302413855
1218.21,89.68076111672043
1218.3000000000002,89.87113190511367
1219.02,92.0657577398238
1220.34,88.80312044184407
1220.64,90.68193734434396
1221.02,89.84291821591785
1222.3200000000002,88.7819883500229
1222.54,89.4449261373861
1222.7600000000002,88.61101115509175
1222.92,92.85971281849996
1223.04,91.82038199895342
1223.2000000000005,89.97710922171352
1223.63,89.6512834762142
1223.72,90.06145196613603
1224.3000000000002,89.30817610062893
1224.5300000000002,88.3359329702008
1224.7400000000002,87.61859660009469
1225.08,90.21451660299736
1225.16,91.80025466061576
1225.4,91.6190631630488
1225.4,89.06479516892443
1225.62,91.69236794438731
1226.2800000000002,90.96617412010306
1226.7200000000005,88.69179600886916
1226.7200000000005,90.64008086604927
1228.7000000000005,89.72084316757547
1228.92,90.23370113595678
1228.92,87.84135663834911
1229.5800000000002,90.10393793002488
1230.06,90.6622441181731
1230.6800000000003,86.53752397048784
1231.31,90.04231265887552
1232.2200000000005,87.6385710343932
1232.66,86.32550743919653
1232.6600000000003,86.3255074391965
1232.88,90.42242554019856
1232.88,88.36220881188761
1233.1,88.77625496715595
1233.3200000000002,89.07663866636393
1234.65,90.19560199246747
1235.08,87.57327460569356
1235.1999999999998,90.23639896373058
1235.33,89.34454761075989
1235.74,87.94730283069254
1235.74,90.55302895431078
1236.4,91.0870268521514
1236.62,89.7041936892497
1238.13,90.8386033776744
1238.16,87.76733217031725
1238.3200000000002,89.73447897150977
1239.4699999999998,89.26395959563364
1239.8,90.57912566542991
1240.8000000000002,88.82978723404254
1241.0200000000002,89.61177096259526
1241.46,89.70083611231937
1242.7800000000002,90.94127681488276
1242.79,90.11981107025322
1243.2200000000005,87.31358890622735
1243.66,88.52097840245726
1243.66,89.74317739575125
1245.64,90.61205484730742
1246.0,90.553772070626
1246.0800000000004,90.43560606060603
1246.69,89.76569957246788
1246.96,89.69814589080643
1247.4,88.79268879268878
1247.6200000000003,88.24000897709237
1248.06,90.48443183821291
1248.06,90.90107847379132
1248.36,90.11823512448332
1248.7200000000005,87.92203216093279
1248.94,89.13158358287828
1249.13,91.7278425784346
1249.16,86.22594383425663
1249.6799999999998,91.7674924780744
1250.05,89.03643854245831
1250.1799999999998,90.13901998112274
1250.5499999999995,91.62368557834554
1250.69,88.82296972071417
1251.08,91.01736100009592
1251.1400000000003,89.22262896238628
1251.83,89.97228058122909
1252.4699999999998,88.36139787779351
1252.65,90.4961481658883
1253.5600000000002,89.28970292606655
1253.88,88.93195521102496
1253.98,89.74624794653823
1254.65,90.51129797154586
1255.1,88.07266353278624
1256.06,88.80945177778132
1256.46,90.36499371249384
1256.6999999999998,90.25224795098276
1256.9499999999998,90.01949162655636
1257.06,92.64474249439168
1258.1800000000003,89.49434898027307
1258.4,86.84837889383344
1258.56,87.90204678362574
1258.78,92.52609669680167
1261.09,90.00943628131219
1261.14,89.78384636122874
1261.41,89.14627282168368
1261.46,88.50062625846242
1261.77,90.24624139106176
1262.23,89.71423591579982
1262.25,89.6335908100614
1262.38,91.9849807506456
1262.71,91.77879323043295
1262.9299999999998,90.13959601878176
1263.46,87.49782343722792
1264.16,89.13428679913935
1264.6,89.12699667879171
1264.73,88.02669344445059
1264.77,88.33226594558695
1265.96,91.36939555752156
1267.24,88.31002809254758
1267.81,90.17124017005705
1268.0800000000002,91.01160810043528
1268.42,90.96356096561074
1268.5,88.52187623176981
1269.87,89.55247387527858
1270.56,88.82697393275406
1270.89,92.34473479215352
1271.9,89.92059124144981
1272.96,90.9847913524384
1273.77,90.26747371974533
1274.4299999999998,92.57471967860144
1274.53,89.2721238417299
1276.0,92.4294670846395
1277.28,90.30909432544156
1277.65,89.23414080538488
1278.14,89.6067723410581
1278.51,88.33720502772759
1278.7999999999995,90.67094150766344
1279.02,90.44424637613172
1279.13,89.84231469827148
1279.59,90.63840761493914
1280.1799999999998,92.23702916777329
1280.48,91.7937023616144
1280.5099999999998,89.83920469188061
1281.1,90.52376863632816
1281.1,88.1508078994614
1281.36,91.36386339514269
1282.02,90.20140091418232
1282.25,87.08130239812829
1283.63,90.57906094435316
1283.66,91.0599379898104
1283.86,87.25250416712103
1283.87,89.62745449305616
1284.7799999999995,90.85602204268436
1285.4399999999998,89.68913368185216
1287.54,90.40495829255792
1287.96,91.30718345290228
1289.6099999999997,89.2052636068269
1289.64,90.6532055457337
1289.84,90.78645413384606
1290.48,88.0680057033042
1291.22,90.1705363919394
1291.44,90.52685374465712
1292.1799999999998,91.03994799486142
1292.52,91.61947203911738
1292.88,87.12332157663512
1293.29,90.10353439677102
1294.17,89.19230085691987
1294.6699999999998,93.3288019340836
1294.9,89.80616263804156
1295.38,90.52941993855086
1295.8199999999997,89.31796082789279
1296.8,88.35595311536089
1296.96,90.81236121391562
1297.44,90.33943766185718
1297.4499999999998,90.94762803961618
1297.66,89.8463387944454
1298.16,87.83200838109325
1298.18,91.19690643824433
1300.37,88.83625429685397
1301.76,88.55703048180924
1302.0,90.23041474654376
1302.9699999999998,90.00207218892224
1304.1,89.37964879993865
1304.79,86.94119360203558
1304.79,87.89153810191678
1305.06,88.70856512344261
1305.4799999999998,88.35064497349636
1306.17,88.83989067273019
1306.98,90.88891949379486
1307.25,95.38343851596863
1309.83,89.97350801249017
1310.08,92.09361260381046
1311.6699999999998,88.91718191313365
1311.69,90.73790301061987
1312.38,87.80231335436382
1312.84,91.35157368757808
1313.0699999999997,90.64254000167548
1313.22,91.41651817669543
1313.74,89.98736431866276
1314.04,88.45240631944233
1314.6,90.99345808610984
1315.14,91.26784981066656
1315.21,90.50265737030588
1315.75,88.76306289188676
1315.79,91.16956353217458
1316.06,88.54459523122046
1316.5,90.36080516521078
1316.75,92.02202392253656
1317.12,89.01998299319729
1317.39,92.36444788559196
1317.5,90.15559772296017
1318.13,89.24764628678507
1318.32,86.95157473147643
1318.32,89.28029613447418
1319.28,90.860166151234
1319.79,91.6206366164314
1320.0,88.93181818181819
1320.08,89.22186534149445
1320.21,91.30365623650783
1321.1999999999998,88.44989403572511
1321.45,91.30878958719588
1321.61,90.01142545834247
1322.16,88.33272826284264
1323.65,90.08423676953878
1324.32,90.0311103056663
1327.13,90.20216557533924
1327.7199999999998,88.30175036905374
1329.9,89.78870591773817
1330.02,90.8557766048631
1330.84,90.73216915632231
1331.02,89.02195308860874
1332.24,88.61766648651894
1332.35,89.38342027245095
1332.5,90.4390243902439
1332.7999999999995,89.79591836734696
1333.6799999999998,92.4284685981645
1334.4,91.11960431654676
1334.68,93.09347558965445
1334.7199999999998,91.5922440661712
1334.73,92.00362620155389
1335.15,88.40205220387222
1335.44,93.197747558857
1336.09,90.95195682925552
1336.32,90.57710727969352
1336.3200000000002,90.2478448275862
1336.3200000000002,90.2478448275862
1337.04,90.21420451145816
1337.52,92.82851845206052
1338.48,89.6763492917339
1338.96,89.23343490470215
1339.5,89.45875326614407
1339.54,90.322050853278
1339.6799999999998,91.812970261555
1339.92,89.93074213385873
1340.34,90.3576704418282
1340.34,89.1639434770282
1340.57,89.0740505904205
1340.75,88.50270371060974
1340.99,88.65092207995585
1342.8,88.21864760202561
1343.48,91.00247119421203
1344.24,90.29637564720583
1346.16,87.75331312771142
1346.66,90.7133203629721
1348.8,89.56109134045077
1348.8,58.377817319098455
1351.1999999999998,90.3937240970989
1351.1999999999998,90.85997631734756
1351.92,90.64885496183206
1353.25,89.00055422131905
1353.36,89.32582609209672
1353.84,90.35041068368491
1354.32,90.42914525370666
1354.5,90.90439276485787
1354.86,91.21237618646944
1355.75,90.1493638207634
1356.24,89.85872706895535
1356.44,91.60007077349532
1357.4399999999998,89.0794436586516
1357.81,91.02157150116732
1357.92,90.11576528808766
1358.09,91.96739538616733
1358.4,90.97467608951708
1358.8,92.02237268177804
1359.12,91.37530166578377
1359.84,90.5694787622073
1360.5,88.64388092613011
1360.84,91.29655212956705
1361.0,86.31888317413666
1361.52,89.63511369645691
1362.25,90.04220957973939
1362.7199999999998,90.8477163320418
1362.81,90.79035228681914
1362.85,90.69963679054922
1364.01,90.07265342629452
1365.0,89.53846153846155
1365.22,89.65587963844655
1365.25,91.82933528657756
1366.84,89.95200608703287
1367.04,89.93153089887642
1369.02,90.70722122394122
1369.1999999999998,91.27957931638912
1369.26,89.65426580780859
1370.0,90.51094890510949
1370.31,91.06698484284578
1370.38,90.00423240269122
1370.61,89.92346473468018
1371.12,89.82437715152575
1371.25,90.82224247948952
1372.32,92.80634254401303
1373.04,88.99230903688168
1373.11,92.10478403041272
1373.75,89.49954504094632
1374.29,92.07663593564678
1374.48,91.19085035795356
1375.3,91.69635715843816
1376.64,90.13976057647606
1377.36,90.15798338851135
1377.7400000000002,88.93550307024546
1379.5,89.37296121783255
1379.5800000000002,90.25210571333304
1380.25,89.80257199782649
1380.75,89.21962701430382
1380.7599999999998,88.84961905037805
1381.38,89.17169786735003
1381.72,88.67932721535477
1381.75,90.33472046318074
1382.27,91.4365500227886
1382.5,90.5244122965642
1382.91,90.17217317106682
1383.25,91.1259714440629
1383.25,91.89228266763058
1383.25,88.42219410807878
1384.75,90.90449539628092
1385.0,90.69314079422382
1385.49,89.60728695263047
1385.52,89.60534672902592
1385.61,89.9459443855053
1387.25,87.49684627860876
1387.67,90.82130477707236
1388.25,88.67278948316225
1388.52,91.91801342436553
1390.0700000000002,88.46317091945009
1390.27,90.56514202277256
1390.75,88.74348373179939
1390.91,91.96856734080568
1390.92,90.47968251229402
1391.25,90.84636118598384
1391.25,90.8607367475292
1391.59,91.82302258567536
1391.65,91.68253512018109
1391.94,90.52114315272208
1392.75,89.355591455753
1392.75,89.63561299587148
1393.5,91.60387513455328
1394.87,88.7537906758336
1395.0,89.12544802867384
1397.5700000000002,89.04741801841767
1398.32,89.67189198466733
1398.85,90.71737498659613
1399.25,88.79042344112918
1399.5,91.13254733833512
1400.0,90.35714285714286
1400.83,90.49634859333396
1402.0,88.03138373751783
1402.01,91.11917889316054
1403.46,90.81128069200405
1404.99,93.01133815899044
1405.04,91.8479189204578
1405.25,89.48585660914428
1405.56,91.2020831554683
1405.75,91.48852925484616
1405.92,91.83310572436552
1406.75,89.69610805047094
1408.94,90.08900308032987
1409.5,87.44235544519333
1410.5,89.06770648706133
1414.5,88.58253799929304
1415.7,90.89496362223636
1415.81,92.46297172643222
1416.0,89.12429378531074
1417.75,90.36148827367306
1418.0,89.27362482369536
1419.0,87.37138830162085
1419.08,91.29154099839332
1419.86,91.52310791204766
1419.86,91.62875213049172
1420.64,90.6915193152382
1421.48,91.39066325238484
1422.08,88.82763276327633
1422.2000000000005,89.01701589087327
1422.5,87.24077328646749
1424.0700000000002,90.62054533836115
1425.43,90.6814084171092
1427.23,90.44092402766198
1427.5,91.58669001751312
1427.92,94.34702224214242
1428.06,92.21601333277314
1428.0800000000002,91.0943364517394
1428.15,90.417673213598
1429.2199999999998,92.14116790976898
1430.0100000000002,90.95740589226648
1430.25,90.55759482607937
1430.27,93.48584532990274
1430.5,91.93988116043344
1431.5500000000002,91.55810135866716
1434.0,89.93026499302648
1434.5,89.68281631230394
1436.13,90.06148468453414
1437.67,90.67449414677915
1437.8000000000002,90.7775768535262
1438.75,90.33536055603824
1438.84,89.8779572433349
1439.16,89.5869812946441
1439.25,89.80371721382664
1439.88,88.7990665888824
1440.0,90.13194444444446
1441.7,89.13088714711799
1441.71,88.48520160087674
1443.08,92.0600382515176
1443.69,89.30587591518955
1445.94,90.78523313553812
1446.44,90.8644672437156
1447.5600000000002,94.15153776009284
1447.77,89.10945799401838
1447.9,90.79356309137373
1449.93,91.57683474374625
1451.06,91.30566620263808
1451.3200000000002,89.70454482815643
1452.0300000000002,88.97887784687643
1452.19,90.49779987467204
1452.4,89.0939135224456
1453.92,88.03097832067789
1457.8200000000002,88.84498772139222
1458.27,88.32383577801093
1458.34,88.77902272446754
1458.37,92.10282712891792
1460.5500000000002,92.7116497209955
1460.69,90.96385954583108
1460.71,91.78413237398252
1461.27,90.88669445071751
1461.7200000000005,91.25550721068328
1462.2400000000002,91.36667031403871
1462.85,89.83149331783846
1463.02,90.86000191384944
1463.44,94.9201880500738
1464.21,89.61829245804905
1464.58,90.92709172595556
1464.84,89.61388274487315
1466.66,91.3231423779199
1466.83,88.29925758267831
1466.92,90.3593924685736
1467.73,90.3844712583377
1467.96,86.71217199378731
1468.8000000000002,90.3254357298475
1469.33,91.58596094818728
1471.34,87.98782062609594
1471.88,91.09438269424138
1471.93,91.05052550053333
1471.95,93.94340840381808
1474.4699999999998,92.90117805041812
1475.56,93.117189406056
1475.59,89.59805908145215
1476.2800000000002,91.33768661771478
1476.63,89.53495459255195
1476.8,90.49972914409534
1477.17,92.5688986372591
1477.44,90.05441845354125
1478.0100000000002,89.0454056467818
1478.22,90.91339584094383
1478.25,90.32978183663116
1479.92,90.89004811070868
1480.6800000000003,90.49220628359942
1481.62,90.90050080317488
1481.8200000000002,91.29313951762022
1482.3000000000002,90.60244215071172
1482.3000000000002,92.63307022869864
1483.44,86.07021517553794
1484.64,91.69226209720874
1485.12,92.28883861236802
1487.43,87.9974183659063
1488.24,88.03015642638283
1489.54,91.5920351249379
1489.68,91.97277267601096
1490.17,89.2045873960689
1490.3200000000002,89.67872671640988
1490.67,91.05972482172446
1490.67,89.47654410432891
1491.21,91.52969735986213
1491.51,88.86296437838165
1491.7600000000002,89.51171770257949
1492.2900000000002,92.73666646563336
1493.1,89.57203134418324
1494.1999999999998,91.4736983000937
1494.45,92.76322392853558
1494.98,91.7871810994127
1495.2600000000002,90.41905755520776
1495.7599999999998,91.197785741028
1495.98,92.50792122889344
1496.34,89.99291604849164
1497.2,90.90301896874163
1497.64,91.02320985016424
1498.86,89.76155211293917
1499.0500000000002,50.525332710716775
1499.4,61.66466586634654
1499.51,88.91571246607225
1499.94,89.09023027587769
1500.12,90.38610244513772
1500.1200000000003,91.63266938644908
1500.18,91.38236744923944
1500.31,88.34174270650733
1501.0500000000002,93.4079477698944
1501.41,91.66716619710805
1501.83,91.44843291184756
1502.2800000000002,89.45735814894692
1503.04,90.50989993612946
1503.3000000000002,85.65821858577795
1503.36,90.2112601106854
1503.9,90.55788283795464
1504.4399999999998,91.58224987370716
1504.98,90.73874735876888
1504.9800000000002,91.61583542638438
1506.06,91.77589206273323
1506.06,90.24208862860708
1506.27,89.21375317838103
1506.3000000000002,94.76199960167295
1506.4,90.0092936802974
1507.1400000000003,90.08453096593546
1507.4100000000003,93.6108955095163
1509.84,89.75785513696815
1510.25,91.79274954477737
1510.32,92.28507865882727
1510.38,90.45405791919914
1510.84,90.36694818776309
1511.73,87.40978878503437
1512.2799999999995,90.02301161160634
1513.08,89.09641261532767
1513.2199999999998,92.9937484304992
1513.33,90.4297146028956
1513.89,90.911492908996
1515.24,90.6919035928302
1515.9199999999998,91.13277745527468
1516.14,90.77657736092974
1516.59,90.76942350932023
1517.04,89.37799926172019
1517.4,89.69289574271781
1518.0,91.23188405797104
1518.2799999999995,91.39289195668783
1519.23,90.70384339435108
1519.29,92.2404544227896
1519.36,90.88695240101094
1520.29,89.46319452209775
1520.4,87.94396211523284
1521.1800000000003,90.67960399163806
1522.5,91.02134646962232
1523.34,89.70420260742841
1523.7599999999998,91.17577571271067
1523.97,89.48338878061904
1524.15,88.528032017846
1524.33,89.28512854828024
1525.7199999999998,91.10452769839814
1525.77,91.43579962903976
1526.3100000000002,90.09310035313923
1526.58,90.61431434972292
1526.83,90.5798287956092
1528.4700000000005,91.0976335812937
1529.2800000000002,91.81444862942035
1530.94,91.02904098135784
1531.17,89.08220511112417
1531.56,91.6190028467706
1532.04,91.78611524503278
1532.79,91.54548242094482
1533.0,89.86301369863014
1533.28,90.06835020348534
1534.12,94.77746199775768
1534.6799999999998,90.29895483097454
1534.6800000000003,90.5139833711262
1534.73,92.86323978810606
1536.67,93.4813590426051
1537.11,88.73795629460481
1537.38,90.9404311230795
1537.48,89.74425683586128
1538.79,91.62393828917529
1538.88,90.24745269286754
1539.08,90.57358941705436
1539.2700000000002,91.40046905351235
1540.56,91.23954925481644
1540.8,86.35773624091381
1541.75,90.7994162477704
1541.83,89.6078037137687
1541.9700000000005,92.29103030538856
1542.12,91.72437942572564
1544.4,92.3076923076923
1544.48,90.04972547394591
1545.04,91.60927872417544
1545.36,92.43153698814515
1546.44,90.49170999198158
1546.83,90.2103010673442
1550.34,92.2442818994543
1550.78,91.6893434271786
1552.6,90.32590493365969
1552.83,91.98044860029752
1553.3100000000002,91.6172560532025
1554.6899999999998,89.99221709794236
1554.81,88.91118528952092
1555.96,87.56651841949665
1556.24,91.50902174471804
1557.08,90.74036016132764
1557.19,90.72752843262542
1557.75,92.0365912373616
1559.04,89.70263752052546
1560.41,91.50159253016837
1560.9499999999998,91.45712546846472
1561.65,91.30086767201357
1562.05,61.82260491021415
1562.6799999999998,91.67583894335372
1563.2399999999998,90.73462808014126
1563.2999999999995,91.7098445595855
1563.53,89.97588789469981
1566.0,90.242656449553
1566.04,90.43830298076678
1566.3199999999997,92.2480719137852
1566.5,90.13724864347272
1568.28,91.94149004004387
1568.52,89.23061229694234
1569.58,92.80189604862449
1569.73,90.9455766278277
1570.48,94.13045693036524
1570.7999999999995,93.09905780494016
1571.29,91.17349438995984
1572.7599999999998,92.1246725501666
1573.04,90.52535218430556
1573.88,91.51269474165755
1574.16,91.55359048635464
1574.7199999999998,92.33387522861209
1574.7199999999998,90.5303800040642
1575.0,91.015873015873
1575.28,88.86674115077955
1575.57,90.40537710162036
1576.4,91.6138036031464
1576.4499999999998,91.92172285832092
1577.13,91.3050921610774
1578.08,90.25524688228734
1578.1799999999998,91.4597827877682
1578.36,90.37862084695507
1578.36,89.26353936997897
1578.66,89.28458312746254
1578.7599999999998,89.7603182244293
1580.04,89.57368167894484
1580.5,90.23093957608351
1581.6,95.3654527061204
1581.95,90.50222826258732
1581.96,91.48777465928342
1582.1,91.24581252765311
1583.69,89.34829417373349
1583.69,91.59620885400552
1584.14,92.73170300604744
1585.35,91.34260573374964
1585.4299999999998,88.79609948089792
1586.3,90.96639979827272
1587.0,89.30056710775047
1587.17,89.94625654466755
1590.94,90.70109495015524
1591.52,94.32492208706142
1592.1799999999998,92.62143727468
1592.4,92.01833710123086
1592.81,91.98209453732711
1593.6,91.77961847389558
1594.42,92.12127293937608
1595.29,90.42243103134854
1596.1799999999998,93.29774837424353
1597.5,91.84976525821595
1598.24,90.41821003103414
1599.3000000000002,88.40117551428749
1599.5,90.8783994998437
1599.9299999999998,90.41645571993774
1599.9299999999998,92.77905908383494
1600.2299999999998,89.33090868187699
1600.66,91.09367385953294
1602.83,89.84733253058653
1603.2,92.22804391217564
1603.75,91.95323460639128
1604.06,90.2210640499732
1604.3,91.5352490182634
1607.35,91.98992129903256
1607.9299999999998,89.74271268027837
1608.9199999999998,91.52723566118888
1608.92,86.0763742137583
1608.92,92.45332272580364
1609.21,92.14459268833777
1609.24,90.6142029778032
1610.1799999999998,92.41202846886684
1610.24,89.67607313195548
1610.66,92.01197024822122
1611.24,90.96720538219012
1612.4,89.32646985859587
1613.27,91.9436920044382
1613.27,91.4849963118387
1613.27,91.97468495664086
1613.56,91.52433129229776
1613.7,91.225134783417
1613.85,91.65659757722216
1613.9999999999998,90.97893432465924
1614.72,93.83050931430836
1615.85,93.8453445554971
1616.27,90.04683623404506
1616.3199999999997,91.5227182736092
1616.46,91.06937381685906
1619.65,91.76673972771894
1619.94,89.8613528896132
1620.74,89.7121068154053
1621.3200000000002,92.4123553647645
1621.57,88.45131570021645
1621.97,92.5294549221009
1622.26,90.25063799884111
1627.21,92.5449081556775
1627.48,88.92275173888466
1628.64,91.00844876706944
1629.2199999999998,90.68143037772678
1629.8,90.26874463124312
1630.09,90.91522553969412
1630.19,89.25953416472926
1630.1999999999998,88.05668016194333
1630.38,92.00922484328808
1630.96,90.03286408005101
1631.25,90.07816091954024
1631.54,90.15408754918668
1632.12,90.57544788373404
1632.6999999999998,92.69308507380416
1633.7999999999995,91.89007222426248
1634.73,89.91698934992324
1634.81,91.48463735846978
1635.27,91.90531227259108
1635.9,91.03857203985572
1636.14,91.33692715782269
1636.5,90.82187595478152
1637.05,93.8273113221954
1638.17,92.17602568719974
1639.97,93.27609651396062
1640.52,91.27593689805671
1641.38,91.33168431441835
1641.4,92.20177896917264
1641.89,93.67862646096876
1642.36,91.50247205241236
1642.7999999999995,89.84660336011689
1643.62,92.3510300434407
1643.91,92.1644128936499
1644.72,93.68159929957682
1644.9,93.15459906377286
1646.31,91.453007027838
1647.09,90.43221681875306
1647.3000000000002,91.54373823832938
1648.4,90.66974035428294
1648.46,92.98982080244592
1649.37,91.5137294845911
1649.4,90.72389959985448
1651.1999999999998,91.3032945736434
1652.82,60.79911908132767
1653.54,90.99870580693543
1653.9,91.01517625007556
1654.4299999999998,90.85304304201446
1655.4,91.20454270871087
1656.3,92.0666545915595
1656.62,91.22792191329332
1657.3599999999997,92.73181445189942
1657.37,92.0434181866451
1658.0500000000002,90.69690298845028
1658.19,90.56863206267074
1658.48,91.24620134098691
1659.0,88.53526220614827
1659.9,91.53563467678777
1661.12,92.99749566557504
1661.7,93.26593247878678
1661.84,91.50700428440764
1662.0,89.53068592057761
1663.0,92.4353577871317
1663.15,92.19252623034602
1664.1800000000003,90.48300063695032
1664.39,92.28606276173254
1664.6799999999998,90.9844534685345
1665.5099999999998,91.93580344759263
1665.6,92.29707012487992
1665.9,91.1759409328291
1666.05,90.2433900543201
1667.6999999999998,90.98758769562872
1668.3000000000002,89.17460888329435
1668.9,89.37623584396907
1669.1999999999998,89.85142583273425
1669.7999999999995,89.05856988860941
1671.9,90.591542556373
1672.1999999999998,91.62181557229997
1673.85,90.21118977208234
1674.3000000000002,90.09735411813892
1674.6,90.18870177952944
1674.72,90.09267220789148
1674.9,91.68905606304854
1674.94,92.66003558336418
1675.23,91.38446661055497
1675.5,91.3518352730528
1675.81,91.36477285611136
1676.1,92.41095400035798
1676.44,90.00620362196082
1677.77,91.8183064424802
1678.5099999999998,91.9088953893632
1679.7000000000005,91.6651783056498
1679.7000000000005,92.30815026492824
1680.2600000000002,91.12875388332758
1680.3000000000002,90.85877521871096
1680.7599999999998,90.03665008686548
1681.1999999999998,89.53723530811327
1681.5,89.91376746952126
1682.1,88.94239343677546
1682.1,91.20741929730694
1683.6,88.02565930149679
1683.9,89.64309044480075
1685.1,91.12812296006172
1685.4,90.31090542304496
1686.04,91.65856088823516
1687.64,92.44270104998697
1688.1,90.1664593329779
1688.7000000000005,89.89755433173445
1689.0,92.4097098875074
1690.12,92.33072207890564
1691.0500000000002,89.53017356080541
1691.0500000000002,89.8849827030543
1691.1,89.16681449943825
1691.1,91.40204600555852
1691.4,93.01761854085372
1691.7000000000005,91.54105337825854
1694.1,90.0242016409893
1694.62,91.7432816796686
1694.77,91.4106338913245
1697.74,93.971986287653
1698.2999999999995,91.73879762115058
1699.51,91.92649646074456
1699.73,91.79104916663236
1700.35,90.01088011291793
1700.35,90.68721145646484
1700.4500000000005,91.40521626628244
1700.4900000000002,90.98553946215502
1700.66,91.66441263979868
1701.7600000000002,90.49454682211356
1701.9,89.80551148716141
1702.83,92.32865288960144
1703.8100000000002,92.78616747172514
1704.0700000000002,90.86481189153028
1704.17,97.70738834740663
1704.85,92.1312725459718
1707.79,90.69616287716876
1707.89,92.25418498849456
1708.1999999999998,90.55731179018852
1708.84,90.40050560614216
1709.46,91.54352836568272
1710.58,90.86391750166612
1711.94,89.6526747432737
1712.3200000000002,89.03125584002989
1713.0600000000002,92.20342544919616
1713.73,90.6093725382645
1715.2000000000005,90.67164179104476
1716.47,91.62991488345268
1718.5600000000002,90.8202215808584
1718.85,90.92125549058964
1719.2599999999998,92.53981364075244
1719.8000000000002,89.2894522618909
1719.88,91.58778519431588
1720.81,93.47923361672702
1721.12,92.77098633447989
1721.12,91.64962350097612
1721.43,91.5750277385662
1722.67,92.170874282364
1723.29,91.7024992891504
1723.58,91.91914503533344
1723.91,93.50836180543068
1725.77,92.10960904407888
1726.39,92.27926482428651
1726.64,91.42033081591995
1727.63,90.81226883071028
1727.6999999999998,91.02853504659376
1727.78,92.39602264177152
1728.25,91.30044843049328
1728.9699999999998,93.06118671810384
1729.2800000000002,90.3555236861584
1729.5500000000002,92.54430343152842
1729.8000000000002,93.76806567233206
1730.11,89.35848009664124
1730.61,90.77724039500522
1731.9699999999998,91.7625593976801
1732.28,92.46773039000622
1733.5200000000002,89.60381189718028
1733.83,90.39525212967824
1734.29,94.04424865506924
1735.6800000000003,90.82895464601768
1735.74,93.01508290412158
1736.46,92.2739366296949
1736.93,92.63470606184474
1737.39,94.60167262387836
1738.7400000000002,90.61159230247188
1738.7900000000002,89.77507347063187
1739.41,92.10019489367085
1739.5400000000002,93.48448440392288
1740.0300000000002,91.00992511623362
1740.75,92.328019531811
1741.27,90.70391151286132
1741.7600000000002,94.35283850817562
1742.8200000000002,92.31016398710136
1742.8200000000002,92.73476319987148
1743.68,89.8846118553863
1743.92,89.1554658470572
1744.37,89.45923169969674
1744.39,90.81684715000658
1744.52,92.97686469630617
1744.96,91.99637814047314
1745.6,90.09509624197985
1749.02,91.41119026654928
1749.12,91.50887303329674
1751.81,90.0725535303486
1752.0,90.87899543378995
1752.0,90.73059360730592
1752.16,92.85110948771802
1752.22,93.01343438609308
1753.44,92.3498950634182
1753.4700000000005,92.68479072923974
1755.2000000000005,91.52233363719232
1756.16,90.03735422740526
1756.9700000000005,92.92133616396409
1757.7600000000002,92.9819770617149
1757.94,92.4377396270635
1758.9700000000005,92.11072388954898
1760.16,92.54272338878285
1762.7199999999998,91.00707996732324
1763.2000000000005,92.122277676951
1763.52,93.18862275449102
1764.48,94.25439789626404
1764.94,91.38554285131508
1766.08,92.1136075375974
1766.7200000000005,90.89159572541205
1767.04,89.24529156102862
1768.0,92.13235294117648
1768.3200000000002,91.36355410785376
1769.6,92.625452079566
1770.04,299.11188447718695
1770.2400000000002,91.73332429501085
1771.16,91.73084306330314
1771.2,91.3843721770551
1772.8000000000002,93.6033393501805
1772.8000000000002,91.26805054151625
1772.8000000000002,90.5009025270758
1772.86,91.89670927202374
1773.0700000000002,91.52486929450048
1774.1,92.55960768840538
1774.69,92.68661005584076
1775.09,91.9671678619112
1775.6799999999998,92.25761398450172
1776.64,88.0538544668588
1776.64,91.9544758645533
1776.84,89.7886134936179
1776.96,92.32622006122816
1777.0700000000002,92.01663412246
1777.2800000000002,92.0789070939863
1777.41,91.73460259591202
1777.46,92.36776073723178
1777.6,91.19036903690368
1779.21,91.77106693420112
1779.84,91.48575152822724
1780.8000000000002,91.47574123989216
1781.12,91.9140765361121
1781.7600000000002,91.5106411637931
1782.07,95.29928678446976
1782.08,91.37075776620578
1782.0800000000004,93.26741784880586
1782.33,90.9371440754518
1783.04,91.50664034458003
1784.0,89.07511210762331
1784.3200000000002,92.67956420373028
1785.2800000000002,90.80368345581644
1786.41,91.17167951366147
1787.21,92.33945647125968
1788.75,90.91823899371067
1789.4499999999998,90.67590600463828
1789.77,91.6039491107796
1790.19,91.6662477167228
1790.61,94.40358313647305
1791.36,89.34552518756698
1792.0,92.23214285714285
1792.8,60.687193217313705
1793.28,90.82240364025697
1793.2800000000002,92.40051748750892
1793.92,90.98510524438102
1794.24,90.46727305154272
1794.2400000000002,92.87497770643836
1795.16,92.19790993560464
1795.28,92.8378860122098
1795.86,92.86915461116124
1796.1600000000003,89.47421165152323
1796.55,92.78895661128274
1797.7600000000002,92.55406728373086
1799.4899999999998,91.17027602265088
1801.6,93.21158969804615
1801.8,91.50849150849152
1801.99,60.99367921020649
1802.56,92.91230250310667
1802.68,90.61508420795704
1803.09,95.680193445696
1803.43,92.03018692158832
1803.78,92.31170098349024
1804.11,92.8324769553963
1804.47,91.60584548371544
1804.77,92.85947793901715
1805.37,92.3190260168276
1805.43,92.98615842209335
1805.52,92.82644335149983
1805.76,93.45095693779903
1805.76,92.66458444090024
1805.76,93.46757044125468
1807.0400000000004,92.3831237825394
1807.95,92.15409718189107
1808.73,91.07495314391866
1809.14,92.8175818344628
1809.39,93.34637640309718
1809.83,91.4229513269202
1809.91,89.25305678182895
1810.05,90.9809121294992
1811.08,90.44327141815933
1811.64,92.42454350754014
1811.86,91.94970913867516
1812.03,91.9797133601541
1812.03,93.17174660463678
1812.3,92.39088451139438
1815.0,90.79338842975208
1815.51,90.23359827266168
1815.66,90.78241520989612
1816.32,92.02673537702609
1816.62,93.29413966597308
1817.11,91.3648595847252
1817.43,90.94160435340014
1817.86,90.4140032785803
1817.89,92.67337407653928
1817.97,89.96848132807472
1817.97,89.72095249096519
1818.87,92.60694827007976
1818.96,92.98170383076044
1819.2,93.25527704485488
1819.7,93.30109358685496
1819.71,93.72922059009402
1819.82,92.31682254288884
1821.34,91.50405745220552
1821.6,91.05731225296442
1821.6,94.27975406236276
1822.68,96.18803081177168
1823.76,95.0070184673422
1823.9,92.45572673940458
1823.91,91.95629170298974
1823.91,91.95629170298974
1825.25,92.84755512943433
1826.55,91.95477813363992
1827.28,92.61306422661004
1827.76,93.23434148903576
1828.53,91.20987897382052
1828.53,92.82866564945613
1829.83,92.20528682992408
1829.85,90.22050987785885
1830.18,92.34610803308964
1830.36,89.96590834589917
1830.47,91.41368063939863
1831.5,92.55801255801256
1832.06,92.45330393109396
1832.76,91.3321984329645
1832.82,91.42196178566364
1833.81,93.89195172891412
1834.47,91.14349103555796
1835.79,90.6203868634212
1836.12,92.03646820469253
1836.78,92.99970600725185
1837.36,91.56616014281362
1838.1,92.49768782982429
1838.76,92.82342448171592
1839.09,89.34309903267376
1839.68,93.30427030787963
1839.97,95.9037375609385
1840.08,89.74066344941525
1840.42,90.90316340835244
1840.63,93.59838750862475
1842.05,93.81395727586111
1842.06,91.99483187301172
1842.06,91.57139289708262
1842.4,91.17455492835433
1842.46,90.09693561868372
1842.55,92.05177607120568
1842.76,92.86613557923984
1843.05,93.3778248012805
1843.38,94.50574488168472
1844.5,92.16047709406344
1844.8,91.0830442324371
1845.36,93.45601942168466
1845.76,91.45826109570042
1846.02,90.80074972102145
1846.25,92.18144888287068
1846.93,90.73976815580453
1847.01,92.27887233961918
1848.0,91.6991341991342
1848.33,90.71973078400502
1848.58,92.8009607374309
1849.6,93.96085640138408
1850.62,93.0228788189904
1851.79,92.55909147365522
1853.61,91.28133749817924
1854.87,93.17094998571328
1855.48,92.38579774505789
1855.59,92.07853027877924
1855.72,91.99124867975772
1856.25,90.83905723905724
1857.04,91.06427432903976
1857.76,93.68809749375592
1857.8,91.90440305737972
1857.9,91.86716184939986
1858.47,91.74213196877
1859.8,93.34874717711584
1860.75,92.17788526131936
1861.5,93.02712865968306
1861.74,90.20593638209417
1862.21,90.40870793304728
1862.86,93.946941799169
1862.86,92.15936785373027
1862.86,92.7552258355432
1862.86,90.6187260448987
1863.8,93.52934864255822
1866.26,90.40540974998126
1866.26,91.36990558657422
1866.4,89.13416202314617
1867.28,93.01765134313013
1868.5,92.29328338239227
1868.64,91.80473499443444
1870.1,92.41217047216726
1870.44,94.94022796775091
1870.78,91.4698681833246
1871.02,91.9017434340627
1871.87,92.2126002339906
1872.46,92.16752293773963
1872.62,91.3052301054138
1872.72,92.64065103165451
1873.4,92.27607558449876
1874.15,92.0363898300563
1874.58,93.1035218555623
1875.1,92.14975201322598
1875.44,91.35456212942027
1876.0,93.11833688699362
1876.16,91.6926061743135
1876.46,92.19487758865095
1876.8,92.50319693094627
1877.74,91.79119579920544
1877.8,92.97582277132815
1877.8,91.72435829161786
1878.5,92.02555230236892
1878.5,92.27042853340431
1878.5,91.92973116848547
1879.86,92.18239656144608
1879.86,91.58128796825297
1881.79,91.00377831745308
1882.24,93.19215402924176
1882.24,90.9660829649779
1882.24,92.09771336280176
1882.58,91.50739941994496
1883.06,92.46651726445252
1883.7,94.00647661517228
1885.15,91.65848871442591
1885.24,91.75489592836988
1885.29,92.86104525033284
1885.45,90.65209896841604
1885.67,91.92488611474968
1885.67,92.38095743157604
1886.36,93.115842151021
1887.68,91.4190964570266
1887.68,92.58454822851331
1888.36,91.2167171513906
1889.04,91.66031423368484
1889.41,91.44653622030158
1890.09,93.21778328016126
1890.11,92.105750458968
1890.74,93.13813639104266
1891.08,93.20599868858008
1891.08,93.39636609767965
1891.08,93.26416650802716
1892.1,91.60192378838327
1892.24,93.4553756394538
1892.4,91.19108010991334
1892.44,91.88138065143411
1892.78,90.71313095024249
1892.95,94.26028157109272
1893.12,91.7057555780933
1893.46,92.80365046000443
1893.53,91.71230453174758
1894.2,92.60901699926092
1894.48,91.67159326041975
1895.24,91.4765412296068
1895.6,91.9761553070268
1895.84,93.81593383407882
1896.1800000000003,93.7621955721503
1896.47,93.06764673314105
1897.54,91.85577115633926
1897.56,92.69272117877696
1897.77,92.58761599140044
1898.05,91.56239298227128
1899.1,90.96414090885156
1899.92,92.2670428228557
1900.64,92.71613772203048
1902.98,91.90848038339868
1903.32,91.55580774646404
1903.66,89.95829087126901
1904.0,90.625
1904.24,92.62487921690544
1904.68,91.14391918852512
1904.68,91.49043408866582
1905.4,91.77600503831216
1905.4,91.92295580980372
1906.32,93.41034034160056
1906.34,92.89004060136176
1907.06,90.98822270930124
1908.21,92.46361773599342
1908.46,91.44021881517035
1910.53,91.7075366521332
1910.79,93.12378649668464
1911.35,93.16451722604442
1911.48,90.17096699939312
1911.55,92.07711019853
1912.15,92.26786601469549
1912.42,88.96058397214001
1912.84,91.98887518036013
1916.25,93.54207436399216
1918.06,93.13055900232528
1918.44,92.28852609411814
1918.7,91.13462240058374
1918.7,90.16521603168812
1918.76,60.47134607767516
1919.4,92.68000416796916
1919.71,92.47750962384944
1919.75,92.08490688891784
1920.84,93.77668103538036
1920.86,91.88592609560304
1921.86,91.42705504042958
1922.36,90.68540751992342
1923.1200000000003,92.58912600357748
1923.58,93.43515736283388
1923.66,91.33110840793071
1923.95,91.3589230489358
1924.65,91.7049853220066
1925.7,91.52515968219348
1926.02,92.04473473795704
1926.78,90.80434714912964
1927.8,90.60068471833176
1928.15,92.3527733838135
1928.41,91.48988026405172
1928.85,93.5738911786816
1929.49,90.3813961202183
1929.63,92.24566367645612
1929.9600000000005,93.19882277352896
1930.7,93.87268866214328
1930.95,90.47877987519097
1932.0,91.81159420289856
1932.19,93.26722527287689
1932.5,92.23803363518758
1933.05,92.16005793952564
1934.26,92.49532120811058
1934.64,91.27796385890916
1934.8,91.75108538350216
1935.85,92.0319239610507
1936.07,93.20943974133166
1938.65,92.36840069120264
1939.02,94.18675413353138
1939.7000000000005,91.93689745836984
1939.96,92.50706200127836
1940.75,90.9905964189102
1941.3900000000003,92.36165839939424
1941.8,91.827170666392
1942.5,92.83912483912484
1943.2,91.40592836558255
1943.9,91.41931169298832
1944.25,92.46753246753246
1944.25,91.989198919892
1945.44,91.80956493132658
1945.65,91.33708529283273
1947.05,93.18712924680928
1947.24,92.13039995069944
1947.4,91.00852418609428
1947.75,92.0549351816198
1948.45,91.44704765326286
1948.68,92.58575035408585
1948.68,92.3189030523226
1948.8,91.03550903119869
1949.15,90.9268142523664
1950.2,92.78022766895702
1950.9,91.1322979137834
1951.95,90.7605215297523
1952.65,90.55386269940853
1953.0,91.66922683051716
1953.0,92.02764976958524
1954.8,92.43912420708
1955.1,92.3942509334561
1955.34,92.17322818537954
1955.6,93.03027203927184
1956.15,91.70564629501828
1956.72,92.05711599002412
1957.55,91.078133381012
1957.97,90.90026915632006
1959.84,91.70646583394564
1961.4,92.56653410829
1961.64,91.95367141779327
1962.1,90.31140104989552
1963.08,93.53159321066894
1966.3,90.3575242841886
1966.68,93.68580551996256
1969.8,91.49659863945575
1970.28,93.88513307753212
1970.3,93.43754758158656
1970.5,92.1745749809693
1970.64,92.50801769983356
1971.34,92.9621475747461
1971.67,93.6008561270395
1971.72,92.37112774633314
1971.73,92.11200316473352
1972.47,91.3626062753806
1973.45,91.5604651752008
1975.75,91.777805896495
1977.12,90.99599417334304
1977.76,59.93143758595581
1979.28,90.01252980881937
1979.4100000000003,92.19919066792627
1979.55,91.12171958273343
1979.64,91.198399709038
1980.24,94.33705005453884
1981.4400000000005,93.3361595607235
1981.49,91.052692670667
1981.5,90.74438556649002
1981.72,90.92101810548412
1981.8,90.89716419416692
1981.94,92.41954852316418
1982.17,94.09384664282076
1983.6,93.69328493647912
1983.69,92.3783454067924
1983.76,92.48598620800902
1983.96,92.60771386519887
1984.68,91.06253904911622
1984.68,91.4404337223129
1985.49,92.15861072077924
1985.52,91.02401386034892
1986.16,92.26849800620292
1987.2,89.6688808373591
1987.8300000000004,93.72028795218904
1987.92,93.29349269588312
1988.7,90.83320762307036
1988.7,93.24181626187963
1989.4,92.2841057605308
1989.7200000000005,92.07325653860843
1989.86,92.59445388117756
1989.97,93.43859455167669
1990.08,91.41341051616016
1990.45,91.91891280866136
1990.71,92.33891425672248
1992.2,92.90733862062042
1992.24,92.35333092398506
1992.34,91.04369736089222
1992.52,92.07435809929136
1992.9600000000005,91.51212267180476
1993.27,91.57314362830928
1993.56,93.15997511988604
1994.04,91.8286493751379
1994.4,91.10008022462895
1994.4,92.56417970316888
1994.45,92.47160871418184
1994.65,91.77048605018425
1995.84,90.06734006734006
1996.15,92.45798161460812
1996.92,91.51593453919034
1997.26,91.75069845688591
1997.28,92.17535848754304
1997.28,92.82624369142034
1997.64,91.24266634628862
1999.08,93.387958460892
1999.4400000000005,90.49533869483454
1999.8,92.22422242224222
2000.0,92.665
2000.55,93.6392492064682
2001.96,91.85498211752484
2002.68,92.88054007629776
2002.81,93.3688168123786
2003.76,90.3451511159021
2004.06,90.37653563266568
2004.64,93.10399872296271
2006.05,92.48024725206253
2006.51,91.29782557774443
2006.64,90.72379699398
2006.88,92.51175954715777
2007.62,93.035534613124
2009.28,92.6650342411212
2009.71,91.9038070169328
2009.88,94.3638426174697
2009.88,92.7667323422294
2010.6,93.4298219436984
2011.32,92.10369309707058
2011.6800000000003,92.37055595323312
2012.04,92.89079739965406
2012.06,92.62149240082304
2012.4,92.24309282448816
2012.79,90.8390840574526
2013.12,90.68510570656494
2013.54,93.03515202081904
2013.57,93.92770055175632
2015.39,92.2203642967366
2015.91,91.62115372214038
2015.92,91.80423826342316
2016.0,92.8968253968254
2018.06,93.0101186287821
2018.5200000000004,93.16231694508846
2018.74,93.7416408254654
2019.27,93.04352563054964
2019.58,92.23204824765546
2019.83,92.0275468727566
2021.0400000000004,92.18026362664766
2021.6,93.34685397704789
2022.05,91.4369080883262
2022.5,93.1866501854141
2023.68,91.8129348513599
2025.38,92.3579772684632
2025.75,91.71911637665062
2026.12,93.1287386729315
2026.42,91.81709615972996
2027.23,92.79164179693473
2027.52,91.34805082070709
2027.95,92.75869720653864
2029.08,93.33293906598064
2029.08,91.7755830228478
2030.81,91.3527114796559
2031.3,93.1324767390341
2031.42,91.832314341692
2031.48,93.22759761356254
2032.61,92.2360905436852
2032.7200000000005,92.54594828604036
2034.24,93.32232184992922
2034.63,92.04130480726224
2034.78,92.3490500201496
2035.6,92.21851051287088
2035.89,92.24958126421367
2036.11,91.87126432265448
2037.08,92.74058947120388
2037.2200000000005,94.16263339256436
2037.94,92.33343474292668
2037.96,93.57887299063768
2037.96,93.47582876994642
2038.31,94.3477684944881
2038.32,91.65391106401351
2039.44,92.25081394892716
2040.6,92.47770263647946
2040.8,91.91003528028224
2040.92,91.56164866824766
2040.98,91.33847465433274
2041.4,91.69687469383756
2041.66,90.93580713732943
2042.4,92.9445750097924
2042.4,91.96043869956914
2042.83,92.07325132291967
2043.25,94.14902728496268
2043.26,91.7895911435647
2044.25,93.14418490889078
2044.92,92.82025702716976
2045.36,92.64872687448664
2045.73,93.26743998474872
2045.79,93.01541213907586
2047.58,92.46525166293868
2048.69,92.3419355783452
2049.56,92.81504322879056
2050.91,90.62318678050232
2051.24,91.69575476297264
2051.32,91.31681063900318
2051.59,91.63624310900326
2051.87,92.1452138780722
2052.68,92.74217121032018
2053.58,92.03926801001178
2053.9,92.08335361994256
2054.52,93.39894476568736
2054.66,90.88121635696416
2055.16,92.2263959983651
2055.7200000000003,90.83435487323176
2055.73,93.36829252868812
2057.3,92.51932144072327
2058.12,90.56809126775892
2058.3100000000004,91.43423488201483
2058.9300000000003,92.20323177572816
2059.79,93.5629360274591
2060.9300000000003,91.37622335547545
2061.5,92.02522435120058
2061.5,92.9468833373757
2062.07,92.4847362116708
2063.46,89.29661830129976
2063.78,92.63099749004256
2064.16,91.26230524765523
2064.6000000000004,92.12438244696308
2064.96,92.33592902525956
2065.32,92.31983421455271
2067.35,91.0247418192372
2067.56,92.96465398827604
2067.5600000000004,90.92843738513028
2068.07,92.21641433800596
2068.67,91.36788371272362
2068.7,91.3520568472954
2069.86,91.62455431768332
2071.08,92.03893620719626
2071.38,92.64837934130868
2072.59,92.25172368871796
2072.85,93.12299491038908
2072.9,91.15731583771527
2073.28,92.00879765395896
2073.36,92.92645753752365
2074.83,92.99075104948358
2076.44,92.5959815838647
2076.85,92.9051207357296
2077.1,94.16975590968175
2077.51,92.31724516368152
2078.22,94.52319773652457
2078.22,92.6225327443678
2078.38,93.5295759197067
2078.6,91.2729721928221
2080.26,94.5891378962245
2080.45,92.15794659809175
2080.8,93.04594386774316
2080.88,92.80688939294912
2081.47,92.3578048206316
2081.69,93.25115651225688
2083.54,92.70760340574216
2083.62,92.91521486643438
2083.92,92.54194018964262
2087.73,92.35868622858322
2087.97,93.6316134810366
2088.47,90.89907923024992
2088.65,92.89732602398678
2088.81,93.59874761227684
2089.23,94.80047673066152
2089.24,92.1004767283797
2089.76,92.20197534645126
2091.9,93.47005114967256
2092.35,91.1988911988912
2093.04,93.13247716240492
2093.6400000000003,92.0119982422957
2093.91,96.12160981130997
2094.18,91.82591754290463
2095.2200000000003,93.24080526149996
2095.7,92.62298993176503
2096.46,91.68312297873558
2096.63,92.2432665754091
2096.84,92.12910856336202
2097.98,92.30783896891298
2100.0,90.3095238095238
2100.26,91.96956567282146
2101.16,93.56260351424928
2101.71,91.86329227153128
2102.17,92.33791748526522
2103.3,91.20429800789236
2104.44,93.47379825511774
2104.44,96.50073178612836
2104.44,92.12427058980062
2104.82,92.11238965802302
2106.72,93.10207336523128
2108.24,92.14795279474824
2108.73,90.74182090642236
2109.12,92.29441662873616
2109.18,93.16416806531448
2109.76,93.30919156681328
2110.11,92.41224391145484
2110.14,93.98428540286427
2111.15,90.95042986050257
2112.12,94.20392780713216
2112.8,93.3453237410072
2113.18,93.04933796458418
2113.28,92.98815112053302
2114.19,93.17043406694762
2114.32,93.39172878277653
2115.46,93.80465714312729
2116.6,90.99971652650476
2117.31,92.3246950139564
2117.86,95.1196018622572
2119.6,92.05982260803924
2120.4,92.3882286361064
2120.4,95.74136955291452
2120.78,93.6542215599921
2120.99,95.83260647150624
2121.21,93.57395071680786
2121.6,93.56146304675715
2122.38,93.541213166351
2122.4,93.55446664153789
2122.6800000000003,91.12065878983172
2123.06,90.33658963948264
2123.16,94.08617343959006
2123.44,90.63123987491996
2123.94,92.02237351337608
2123.94,93.59492264376584
2124.04,93.19504340784542
2125.11,92.846958510383
2125.11,93.134002475166
2127.6,93.66422259823275
2127.84,90.97488532972405
2128.0,92.94642857142856
2128.23,92.36313744285157
2128.66,92.55118243401952
2129.01,92.66278692913606
2129.79,93.77919888815327
2129.79,93.01386521675846
2129.79,89.99478821855676
2130.57,92.69819813477146
2131.14,92.62648160139643
2131.53,93.8433894901784
2131.93,91.33977194373172
2132.13,92.00658496433144
2132.52,93.9967737699998
2132.52,93.0682947873877
2132.91,92.54961531428891
2133.2,92.9401837614851
2133.38,92.3182930373398
2133.6,93.21334833145856
2133.79,91.76160728094143
2134.08,93.12678062678064
2134.23,92.79224825815402
2134.86,92.77423343919509
2135.43,92.37015495708124
2136.0,93.74531835205993
2136.03,92.92472484000696
2136.81,93.01716109527752
2136.85,91.8033554063224
2138.8,93.35608752571537
2140.0,93.45794392523364
2140.4,94.98691833302183
2141.1,92.45247769837934
2141.72,92.55178081168408
2142.75,60.62303115155758
2143.58,93.55843961970164
2144.77,93.23144206604904
2145.39,91.70360633730932
2145.6,89.9002609992543
2145.68,92.53942806010215
2146.64,94.8552155927403
2147.6,92.81523561184578
2148.12,92.16431111855948
2148.9,92.58225138442926
2149.8,90.12466275932644
2151.24,93.26713895241816
2153.09,91.37565080883752
2153.19,91.87763272168272
2153.2,92.06297603566786
2155.6000000000004,93.6351827797365
2155.92,92.81420460870532
2156.7,91.18560764130385
2156.7,93.81462419437104
2157.69,92.26070473515658
2158.65,93.64185949551803
2159.2,93.14560948499444
2160.23,92.09667489109955
2160.36,93.6232850080542
2160.4,92.07091279392704
2162.94,92.94293877777471
2163.7200000000003,91.79098959199897
2165.67,92.12853297132064
2165.67,91.94383262454576
2166.45,90.36442105749038
2166.84,90.05741079175206
2166.84,93.12639604216275
2169.18,93.09508662259472
2169.57,92.36392464866312
2169.81,91.8697950511796
2169.96,92.2643735368394
2170.91,89.95766752191479
2171.06,92.27289895258536
2171.2,92.22549742078114
2171.91,92.65116878692028
2172.18,94.55938273992028
2172.3,93.3434608479492
2173.0,93.9116428900138
2173.92,92.55170383454772
2174.23,93.63774761639756
2174.41,91.59266191748566
2175.81,91.2671602759432
2176.4,90.2775225142437
2176.59,91.12418967283688
2177.2,92.07238655153408
2177.94,95.69593285398128
2178.0,90.65197428833794
2178.13,94.16793304348224
2178.15,92.55560911782936
2178.6400000000003,92.5439723864429
2179.58,93.34825975646685
2179.71,92.19575081088767
2180.49,90.8648973395888
2180.8,93.50696991929568
2182.0,92.28230980751604
2182.42,92.7914883477974
2183.42,94.50311896016342
2185.0,92.6132723112128
2188.4700000000003,92.02319428641928
2188.5,92.88553803975326
2188.82,92.72119224056796
2189.2,91.26164809062672
2190.08,91.49894067796612
2192.8,93.62002918642833
2193.99,92.2337841102284
2194.35,94.0688586597398
2194.67,93.83643098962489
2194.73,93.64705453518202
2194.79,92.765139261615
2196.8,92.61653313911144
2196.8,93.5269482884195
2198.0,91.51046405823476
2198.4,92.858442503639
2198.61,94.64161447459988
2200.88,91.69514012576788
2200.96,92.88674033149172
2201.07,92.55498462111608
2202.75,91.95778004766768
2202.93,93.03518495821474
2203.31,93.39130671580486
2203.55,91.79278890880624
2204.16,92.39801103368175
2204.8,92.58889695210448
2205.8,92.88240094296856
2206.4,92.19996374184193
2206.4,93.26957940536622
2207.15,92.51296921369187
2207.44,90.64346029790164
2208.8,92.81510322346976
2209.08,92.59510746555128
2209.2,90.7749411551693
2209.2700000000004,93.08051980971088
2209.6,92.039283128168
2210.0,91.12217194570135
2210.8,92.4959290754478
2211.2,92.86360347322722
2212.36,91.64873709522864
2214.41,93.12638580931264
2214.5,94.28313389026869
2214.8,91.85479501535129
2215.65,93.92728996005684
2215.86,92.27117236648526
2216.0,92.47292418772562
2216.4,92.0321241653131
2216.87,91.89081903765218
2216.95,92.37916957982814
2217.6,92.86616161616162
2217.6,94.854797979798
2219.15,93.27895815965572
2219.26,93.86011553400684
2219.35,92.23421271994052
2219.6,93.30510001802126
2219.6,92.54370156785006
2222.0,92.35823582358236
2222.07,92.66584761056134
2222.2200000000003,93.07809307809308
2223.0199999999995,94.63702530791448
2223.2,92.33987045699892
2224.57,92.86289035633854
2225.2,89.99191083947511
2225.6,93.48490294751976
2226.3,93.11413556124512
2227.2,91.36135057471265
2228.57,92.22505911862766
2229.15,91.49675885427182
2229.58,91.81101373352828
2230.0,91.7713004484305
2230.59,92.76021142388336
2231.04,93.56622920252438
2231.04,90.7962205966724
2231.63,92.00001792411824
2231.79,65.74991374636502
2232.45,92.08716880557238
2233.08,92.73738513622442
2233.27,92.6712847080738
2234.09,92.05985434785528
2238.07,92.26252976895272
2238.76,93.2793153352749
2239.15,93.25413661434028
2239.25,92.1558557552752
2239.37,91.07918745004176
2239.42,92.78295272883156
2239.42,93.01069026801582
2239.6000000000004,59.94820503661367
2239.83,93.55174276619208
2240.94,94.12567940239364
2241.33,91.7401721299407
2241.88,91.50355951255196
2242.29,90.94720129867234
2243.11,92.6570698717406
2243.11,93.2544547525534
2243.2200000000003,95.010743484812
2243.79,91.80003476261147
2244.96,90.375775069489
2245.15,93.7264770728014
2245.32,93.8351771685105
2245.76,87.83218153320034
2246.01,91.17946937012748
2246.8,91.32544062666904
2246.8,92.58946056613853
2246.8,93.39505073882856
2247.62,91.84381701533178
2248.03,91.84041138241038
2248.1800000000003,93.32437794126804
2248.34,93.1042457991229
2248.3900000000003,91.7545443628552
2249.26,92.4348452379894
2249.26,92.2214417186097
2249.42,91.12571240586462
2250.36,93.47393305959936
2251.31,93.5366519937281
2251.72,92.58255911036896
2251.7200000000003,91.8808732879754
2256.24,94.19210722263588
2256.57,93.24328516287996
2256.73,92.5719957637821
2257.46,94.50444304660992
2257.46,92.59521763397802
2257.46,89.6892968203202
2257.46,91.642819806331
2257.6000000000004,92.65148830616582
2258.69,92.25701623507436
2259.29,92.31218657188762
2261.26,91.67897543847236
2262.38,92.03140056047172
2262.38,94.22820215878856
2262.57,91.61263518918754
2263.2,92.93036408624955
2263.61,93.23602564045927
2263.61,91.83119000181128
2264.0199999999995,92.63169053276916
2264.0199999999995,92.70677820867309
2264.38,94.05223504888754
2264.43,92.1688901842848
2265.5600000000004,93.34116068433408
2266.0,93.0008826125331
2266.07,91.616763824595
2267.71,92.60002381256864
2268.12,92.01894079678324
2268.12,92.38047369627712
2268.15,91.94277274430704
2268.15,92.03976809293916
2268.53,92.0596156982716
2268.94,93.32992498699836
2269.11,93.53446946159508
2269.87,92.7365884389855
2270.1000000000004,93.9914541209638
2270.1000000000004,92.43645654376458
2272.22,92.74630097437748
2273.45,92.96003870769096
2274.68,91.84148979197074
2275.09,91.64912157321248
2276.32,92.90872987980602
2276.4,92.64628360569318
2277.14,93.05971525685727
2277.24,92.9370641653932
2277.66,91.42716647787644
2278.76,94.25740314908109
2279.76,93.40456890198968
2280.29,92.641725394577
2280.42,91.3647485989423
2280.7200000000003,93.7335578238451
2281.44,93.3094887439512
2281.46,93.49714656404232
2281.7699999999995,91.30192788931404
2282.47,92.22465136453054
2283.05,93.26996780622412
2283.5,92.91876505364571
2285.2200000000003,92.1399252588372
2285.75,92.91042327463632
2286.7900000000004,94.56924334984843
2286.98,93.17965176783356
2287.32,92.36136614028644
2287.3200000000006,92.77669936869346
2288.2200000000003,92.95434879513331
2288.62,90.81892144611164
2289.8500000000004,93.1807760333646
2290.0,60.27510917030568
2290.3,93.9658560013972
2290.61,93.92257957487308
2291.06,93.11410438836172
2291.59,92.84819710332128
2291.94,90.94478913060551
2292.38,93.5403379893386
2292.8,92.89078855547804
2293.95,92.71344187972711
2294.91,92.93610642683156
2295.2,93.05071453468108
2295.35,91.85091598231207
2295.64,92.47530100538413
2297.08,92.6872377104846
2297.82,92.50507002289126
2297.9,93.17637843248184
2297.92,91.77430023673584
2301.6,92.57473062217588
2301.79,91.78074455097988
2302.29,92.04748315807304
2303.28,93.5752492098225
2303.7,93.49741719841994
2305.2,92.87263577997572
2305.8,92.11987162806834
2305.8,93.11301934252754
2307.36,92.28728936966924
2307.89,93.8346281668537
2308.67,91.94904425491734
2310.2300000000005,93.9127273042078
2310.82,93.15307985909764
2310.84,90.3740631112496
2311.26,93.12236615525732
2311.26,92.26569057570327
2311.57,91.86829730442948
2311.85,92.27674805891388
2312.52,93.05865462785188
2312.94,91.47664876736968
2314.4,93.42810231593502
2314.62,94.03703415679465
2314.62,92.15767599001131
2315.04,92.218708963992
2315.12,92.8547980234286
2315.29,90.71001904728998
2315.46,90.84156064021836
2317.98,94.379589125014
2318.4,91.0067287784679
2318.82,92.53413374043696
2321.34,93.4374111504562
2321.34,92.44660411658782
2322.1800000000003,93.85577345425418
2322.1800000000003,93.52849477646004
2323.01,93.12486816673196
2323.2000000000003,92.32093663911846
2323.7200000000003,92.26154614153168
2323.88,94.09694132227138
2323.9,92.03494126253284
2324.29,92.43252778267774
2324.7,94.70039144835891
2325.12,92.79521056977704
2325.39,92.13508271730764
2327.1600000000003,92.1939187679403
2327.2200000000003,92.82749374790522
2327.58,93.97313948392753
2328.55,92.22906959266496
2330.6,91.94198918733376
2331.8899999999994,90.47596584744566
2332.26,92.67405863840224
2332.26,92.8584291631293
2332.28,92.14159534875743
2332.32,93.22905947725872
2332.7700000000004,93.47256694830608
2333.05,93.00272175907077
2334.36,92.59497249781523
2335.12,91.07883106649768
2335.33,90.95502562806968
2335.6200000000003,93.6624964677473
2336.04,89.59606856046986
2336.62,92.14164048925372
2336.62,93.2244010579384
2336.62,93.5710556273592
2337.57,89.96094234611157
2338.1400000000003,92.2699239566493
2339.04,94.20103974280048
2339.4800000000005,95.64091165558156
2340.49,92.3396382808728
2340.49,93.41633589547487
2340.8,93.843984962406
2341.26,91.54899498560606
2341.5,92.28699551569508
2342.21,93.08302842187506
2342.21,93.5270535092925
2342.21,92.79270432625596
2342.21,93.47581984535974
2342.42,93.27533064096106
2345.6400000000003,93.40307975648436
2345.79,92.16937577532516
2345.85,93.88920860242555
2345.91,91.78954009318346
2346.08,90.20152765464093
2346.37,92.17216381048172
2346.94,93.5345598950122
2347.8,92.65269614106823
2348.05,93.39238942952662
2348.54,93.24090711676192
2349.09,92.27828648540498
2350.4700000000003,95.32136125966296
2351.67,92.60653067819892
2352.36,94.98546140896804
2352.4700000000003,92.42625835823624
2353.82,92.73861212837006
2353.82,95.00726478660222
2354.68,92.13566174596971
2355.67,92.24127318342552
2356.4,92.2508911899508
2356.83,92.75594760759157
2357.57,93.62606412534944
2358.7200000000003,93.2878849545516
2359.67,91.85606461920524
2359.7200000000003,93.52804570033732
2359.83,92.7693944055292
2359.84,94.09536239745069
2359.97,92.16642584439631
2360.7,93.0529080357521
2360.7,92.68437327911214
2361.04,92.74302849591705
2362.42,92.43910904919532
2362.5,93.37989417989418
2362.85,94.70343017965592
2362.85,94.27598027805404
2363.28,93.38715683287634
2363.28,92.26160251853358
2363.7200000000003,92.57864721709846
2364.2200000000003,93.46422921724712
2365.07,94.23399730240544
2366.61,93.040255893451
2368.01,90.18965291531708
2369.25,93.36709929302522
2369.3,93.54661714430424
2369.3,94.2430253661419
2369.4000000000005,93.019329788132
2369.73,93.5169829474244
2370.28,93.2505864286076
2370.7200000000003,93.65509212391171
2370.83,91.95513807400783
2371.44,95.14893904125763
2371.45,93.0232558139535
2372.74,92.69873648187328
2373.17,93.26344088286976
2373.17,92.77885697189836
2373.6,91.80990899898887
2374.03,93.5624233897634
2374.46,93.9497822662837
2374.89,92.06321134873616
2375.32,93.11587491369586
2375.55,92.81219086106375
2375.87,92.9933035056632
2376.0,93.2449494949495
2376.02,94.6498766845397
2376.4400000000005,90.15586339230109
2378.25,95.29275727951226
2380.05,91.30480452091342
2381.4,92.09288653733098
2381.7200000000003,93.2477369296139
2381.77,93.45990586832482
2382.6000000000004,92.90690841937378
2382.63,92.08311823489169
2383.92,93.92093694419276
2384.55,94.084837810069
2384.7200000000003,93.57073367103894
2385.86,94.44812352778452
2387.0,92.3041474654378
2387.05,93.55899541274796
2387.4400000000005,94.31441208993732
2388.03,93.51641311038806
2388.32,92.80163462182622
2388.5,92.26292652292231
2389.5,93.2705586942875
2389.6400000000003,92.50765805728058
2390.08,93.94246217699826
2390.5200000000004,93.49848568512289
2391.23,93.06089334777502
2391.3500000000004,93.37821732494196
2391.84,94.5004682587464
2392.99,92.67067559831008
2393.1,93.51886674188292
2395.09,92.75225565636364
2395.98,93.9532049516273
2396.24,94.35615798083664
2396.25,92.6906624934794
2396.25,92.11476264997393
2396.4700000000003,91.02137727574306
2397.91,92.45551334286942
2398.6800000000003,95.5775676622142
2398.69,93.71365203506916
2399.76,92.58009134246755
2400.76,94.07437644745828
2401.23,93.21472745218075
2401.96,93.27382637512696
2402.3,92.83603213586976
2402.4000000000005,92.6157176157176
2402.84,94.25513142781044
2402.9,92.97515502101628
2403.2800000000007,93.3141373456276
2403.7200000000003,93.10568618641103
2404.2,93.00390982447384
2404.3500000000004,91.97496204795472
2405.92,92.0437919797832
2406.11,92.26510841150238
2406.1800000000003,92.66139690297484
2406.3600000000006,93.41495038148904
2407.24,92.4295043286087
2407.2400000000007,94.09946660906265
2407.5,93.67808930425754
2408.08,92.72532474004188
2410.27,92.97713534168372
2410.32,94.6430349497162
2410.65,93.11181631510172
2411.2,93.32282680822829
2411.32,93.74118739943268
2412.08,93.36340419886572
2412.5200000000004,92.57125329530946
2412.9,91.52472128973434
2413.35,92.3985331593014
2413.62,92.57878207837192
2415.3,93.18925185277192
2415.6000000000004,92.3331677430038
2416.16,92.56837295543342
2417.25,93.7635743096494
2417.36,92.96918952907303
2418.24,92.24063781924042
2418.6800000000003,93.41872426282104
2418.73,94.16511971158418
2419.16,93.59033714181784
2419.2000000000003,92.26190476190476
2419.5999999999995,93.18069102330966
2420.1,92.9920251229288
2420.88,91.83850500644394
2421.0,91.93308550185871
2422.6400000000003,92.19281445035166
2422.66,90.11582310353084
2423.7,94.5207740231877
2423.96,92.29525239690425
2424.11,92.87532331453608
2424.4,92.27850189737666
2424.84,92.0885501723825
2425.7200000000003,92.42204376432564
2426.2,93.93702085565906
2427.92,92.20237899107056
2429.24,93.0249790057796
2429.3500000000004,92.942556650956
2429.6800000000003,94.02472753613644
2430.8900000000003,93.39377758763251
2431.09,95.13428133059656
2431.3500000000004,93.85320912250394
2433.15,91.67540020138505
2433.19,94.54255524640492
2433.2000000000003,91.25020549071182
2433.73,93.12454545081007
2433.8500000000004,92.84466996733568
2434.05,93.64639181610896
2434.05,93.37523879953164
2434.08,93.4192795635312
2434.5,92.69665228999794
2434.67,93.2652063729376
2435.24,92.64795256319704
2435.29,91.1842121472186
2435.49,93.07367305963072
2435.84,93.6104177614293
2435.85,93.10507625674816
2436.7200000000003,91.89812534882958
2437.2,92.72936156244872
2437.2,93.16428688659116
2439.0,91.959819598196
2439.0,93.78023780237802
2439.08,93.62136543286812
2439.42,92.42360889063794
2439.84,91.59617024067154
2442.4400000000005,93.93884803720869
2442.4700000000003,92.61526241878096
2442.8500000000004,91.74939108009087
2442.9700000000003,94.13951051384176
2443.5,92.134233681195
2443.5,91.28708819316552
2443.95,92.05180138709876
2444.85,93.02002167822155
2444.85,92.66826185655562
2445.3,91.93146035251296
2446.4000000000005,92.7199149771092
2448.0,93.12091503267972
2448.0,91.61764705882354
2448.36,94.40605139767028
2449.84,91.19371060967246
2450.2,93.47400212227576
2450.88,95.57383470426949
2451.6,91.51982378854623
2451.8,93.57206949995924
2452.4400000000005,93.94317496044754
2453.4,92.04777044102065
2453.4,92.04777044102065
2453.44,92.80438893961131
2454.09,95.04133915219084
2454.75,92.388226907017
2455.2,91.9314108830238
2455.6000000000004,93.3417494705978
2455.9800000000005,92.59847392894076
2456.03,93.37019498947488
2456.0400000000004,92.69393006628556
2456.08,92.89599687306604
2456.8700000000003,92.14976779398177
2457.11,92.73089116889356
2457.44,92.44986652776876
2458.8,92.74849520091102
2459.07,95.3327884118793
2459.25,92.83318084781943
2460.15,92.82360831656604
2460.15,92.88458020852386
2460.15,93.9495559213869
2460.45,92.90983356703045
2460.92,92.37602197552135
2461.5,93.61771277676216
2461.8,92.83857340157608
2461.95,93.34064461097913
2462.4,92.1174463937622
2462.4,93.36419753086422
2462.8,94.3072925125873
2463.01,92.57778084538836
2463.15,93.17743539776303
2463.3,91.88486988998498
2464.9,93.9713578644164
2465.1400000000003,93.41051623842864
2465.76,93.95886055414964
2466.33,91.74360284309074
2468.54,93.34262357506866
2468.7,93.0044152792968
2469.06,93.95883453622028
2469.15,93.12516453030398
2469.26,92.4527996241789
2469.28,92.8975247845526
2469.8500000000004,93.17569892908476
2470.13,93.93027897317144
2470.2,93.84260383774593
2470.66,93.09658148025224
2470.89,92.95436057452984
2470.95,92.55144782371154
2471.58,93.55553937157607
2472.75,93.46274390860376
2473.61,96.30863393986924
2475.9,93.36806817722848
2475.9,93.03687547962356
2476.6400000000003,92.67798307384196
2476.8,92.8375322997416
2476.9,94.45274334854052
2478.14,91.56464122285264
2478.28,93.39541940378004
2478.6000000000004,92.0237230694747
2479.86,93.2794593243167
2479.95,92.65509385269866
2479.9500000000003,93.15510393354704
2480.4,92.44476697306888
2481.13,93.40099067763478
2481.75,94.23995164702328
2481.75,92.03989120580236
2482.16,92.294614368131
2483.54,92.82717411436902
2484.0,92.26247987117551
2484.6800000000003,94.08455012315468
2484.92,92.95671490430276
2484.9300000000003,93.66863452894044
2484.96,92.9190007082609
2485.58,93.3142365162256
2485.8,92.19567141362944
2485.8,92.69048193740444
2488.1400000000003,92.85651128955766
2489.28,91.23119938295412
2489.42,91.94511171276844
2490.3500000000004,94.1674864978818
2490.66,92.13622092136222
2490.9,91.87040828616163
2491.36,93.19006486417058
2491.36,92.2548327018175
2491.75,93.80154509882614
2491.82,92.7233909351398
2491.82,92.12944755239144
2491.82,91.70806880111726
2492.28,93.77357279278412
2492.65,93.08166008063706
2492.74,92.39631891011496
2493.82,94.597845875003
2493.92,92.29245525117084
2495.4,93.33974513104113
2495.5,91.52073732718894
2496.23,94.19003857817589
2496.42,92.27613943166614
2497.29,93.1970255757241
2497.6800000000003,94.43563627045896
2498.02,94.45080503758976
2498.88,94.43830836214624
2498.99,91.11681119172144
2499.06,92.914936015942
2499.3,93.01004281198736
2499.6399999999994,92.92938183098369
2499.64,92.81736570066089
2499.9,92.52770110804433
2500.1,93.24827006919725
2500.38,92.70190930978492
2500.5599999999995,94.24288959273125
2501.0199999999995,92.53824439628634
2501.94,94.44670935354166
2502.75,95.54689841174708
2502.86,92.66199467808826
2503.2200000000003,93.47959827741867
2503.32,91.53843695572282
2503.32,92.03377914130036
2503.78,93.11121584164744
2503.95,93.42838315461572
2504.24,91.63259112545124
2504.24,92.87847810114047
2504.7,94.39054577394498
2505.31,93.78879260450802
2505.32,93.57287691791868
2505.48,92.15798968660695
2505.62,93.1625705414229
2505.68,94.784649276843
2506.08,92.84220775075018
2506.21,94.72869392429205
2506.39,93.94387944414078
2506.51,93.50052463385344
2506.51,93.50052463385344
2506.64,92.47837742954712
2506.74,93.7552358840566
2507.53,94.72668323011092
2507.53,92.92411257293033
2507.92,92.7980158856742
2508.48,92.1633818089042
2508.84,92.6005644042665
2509.2999999999997,94.5761766229626
2509.85,92.33221108831204
2510.55,92.23476927366512
2510.94,91.73058695150024
2511.1399999999994,91.77106812045528
2511.68,95.78449484010704
2512.0599999999995,92.64906093007336
2512.11,91.94661061816562
2512.86,93.1130265912148
2513.76,93.13936095729107
2516.2,93.73261266989908
2516.38,93.26890215309294
2518.2,93.83686760384404
2519.2,92.74372816767227
2519.42,93.1682688872836
2520.5,92.80698274151952
2520.61,94.6437568683771
2520.8,92.99428752776896
2521.08,92.8927285131769
2521.1800000000003,93.17065818386628
2524.13,94.2859519913792
2524.8,92.55782636248416
2525.28,92.87682950009504
2525.4,91.1815949948523
2525.4,91.1815949948523
2526.72,96.60350177304966
2526.78,93.49052944854718
2527.01,93.99646222215186
2527.24,93.19257371678196
2527.6800000000003,94.64014432206606
2527.89,92.46446641269992
2528.13,93.04901251122372
2528.62,94.16598777198632
2529.29,92.91935681554902
2529.54,91.95743099535883
2530.0,93.24110671936758
2530.46,92.8526829114074
2530.48,94.49195409566563
2530.48,93.36963738105024
2530.8500000000004,95.497560108264
2530.95,92.44354886505069
2531.38,93.65247414453776
2531.47,94.97643661587932
2532.01,91.7057989502411
2532.36,94.08614888878355
2532.44,92.73664923946863
2532.88,93.21799690470924
2533.05,92.95513313989063
2533.68,92.48997505604495
2534.71,92.33403426822004
2534.71,92.89031092314308
2535.5199999999995,91.50785637660124
2536.9,92.77464622176672
2537.06,93.34032305109064
2537.0600000000004,93.3915634632212
2538.3100000000004,92.95160953547833
2538.9400000000005,93.53115867251684
2539.4100000000003,93.27757234948274
2540.0,92.53937007874016
2540.58,93.21099906320605
2541.29,94.53860047456212
2541.29,93.85784385095758
2542.7,93.18441027254494
2543.0,94.72276838379868
2544.26,93.67753295653746
2544.72,93.44839510830268
2544.7200000000003,91.88437234744882
2545.92,93.24330693815988
2545.99,93.98308712917178
2545.99,92.5376768958244
2546.9300000000003,93.60681290808934
2548.4,93.32522366975358
2549.03,94.80861347257584
2549.23,92.85941245003391
2549.28,92.7006841147304
2550.24,93.90880858272163
2550.69,92.48477862852796
2550.94,96.07438826471812
2551.16,93.45160632810172
2551.33,92.91624368466644
2551.55,93.17865611099135
2551.65,92.81445339290264
2552.1000000000004,93.75024489635985
2553.01,93.53273195169623
2553.88,92.49064169029084
2553.98,93.36799818322774
2553.9800000000005,95.50583794704734
2554.68,91.25213333959634
2555.3900000000003,92.561213748195
2555.9300000000003,92.99159210150512
2556.0,93.27464788732394
2556.8100000000004,93.65967748874571
2557.13,93.17085951828808
2557.6,92.27400688145136
2557.63,93.56709140884334
2557.74,93.86802411503908
2558.72,92.29223986993496
2558.98,92.40791252764774
2559.15,93.80458355313289
2560.56,93.10853875714687
2561.03,92.50184496081654
2561.22,92.45593896658625
2561.74,93.4638175615012
2562.7200000000003,94.86795280014982
2562.78,93.37906492168662
2562.91,92.15306038838663
2563.38,92.98270252557172
2565.42,93.36482915078234
2565.6000000000004,93.01917680074835
2565.73,93.74330112677482
2566.2,93.38710934455617
2566.2,93.54687865326164
2566.67,92.6609186221836
2567.26,93.89777428075068
2567.45,93.34164248573488
2568.3,93.723474671962
2568.51,92.69965855690651
2569.02,92.3075725373878
2569.0200000000004,93.07050937711657
2569.08,94.90946175284536
2569.92,90.9717033993276
2570.49,92.99783309796965
2570.54,93.2877916702327
2571.54,92.97930423015003
2571.84,93.89775413711584
2571.84,92.24135249471198
2572.7300000000005,90.4059112304828
2574.12,92.79287678896088
2574.24,93.45670955311084
2574.38,94.16247795585733
2575.13,93.02831313370586
2575.13,91.22257905426132
2576.54,94.4871804823523
2576.91,96.15392078109052
2577.95,93.40367346147134
2577.95,92.75199286254583
2578.37,94.79244639054907
2579.52,93.53678203696812
2580.0,92.41472868217056
2580.7700000000004,93.20474122064344
2580.83,92.67948683175568
2581.92,93.0973848918634
2582.1800000000003,93.31262731490445
2582.2700000000004,93.78182761678676
2583.34,60.80500437418226
2584.06,92.68360641780764
2585.0,92.22823984526111
2585.2400000000007,94.28525011217523
2585.75,93.16832640433142
2587.3500000000004,90.76468201055133
2587.62,94.24490458413524
2588.29,93.27007406434365
2588.29,93.3937078148121
2588.64,93.20724395821746
2588.67,96.08022652559036
2588.7200000000003,92.6326524305448
2590.17,93.11744016801984
2591.11,93.06050302765996
2591.11,92.4623038003018
2591.11,91.62868423185428
2591.61,92.93064928750854
2592.48,92.43658581744124
2592.96,91.6867209675429
2593.08,91.9755657364987
2593.57,93.99013714686704
2593.9300000000003,92.342507315155
2593.9300000000003,92.2731145404849
2594.0600000000004,94.44268829556756
2594.87,93.15302886079073
2594.87,92.1471981255323
2594.8700000000003,93.04897740541914
2595.5300000000007,95.73381929702217
2597.03,93.83025995078997
2597.69,94.0181468920464
2597.69,93.62549033949394
2598.16,93.60855374572776
2598.5,95.54358283625167
2598.63,93.21834966886398
2598.63,91.28271435333232
2599.57,94.16942032720796
2599.9700000000003,93.75108174325088
2600.6400000000003,92.51184323858742
2602.08,92.72197626514172
2602.08,93.79419541290044
2603.3700000000003,92.66834910135708
2603.8,91.7812427989861
2604.0,93.64823348694316
2605.12,94.14537526102444
2605.92,94.46184073187206
2606.15,93.24098766379524
2606.16,95.39322221199006
2607.84,93.51033805754952
2609.4400000000005,92.40679992642096
2609.5799999999995,92.62793246422795
2609.74,92.79851632729698
2609.7400000000007,94.87535156758908
2610.7200000000003,92.7368695225838
2610.85,91.31508895570408
2611.2,92.593443627451
2611.7,93.23812076425315
2612.16,92.16127649148598
2612.2200000000003,93.9124576031115
2612.24,93.67822252166722
2612.49,93.83385199560573
2612.66,94.94920885228082
2612.8,93.31368646662584
2613.24,93.25970825488665
2613.5999999999995,93.29277624732173
2614.5599999999995,93.7825102502907
2614.67,91.7783123682912
2615.04,93.7767682329907
2615.08,94.65867201003412
2615.1000000000004,94.68089174410154
2616.0,92.48088685015291
2616.96,90.88407923697726
2617.46,93.62893797803976
2617.94,92.66446137039046
2618.0,95.52330022918258
2618.44,93.11269305387944
2618.48,93.3747823164584
2618.5,92.3238495321749
2618.59,92.94314879381652
2618.88,92.23408479960898
2618.88,93.83400537634408
2619.05,93.17882438288692
2620.03,92.37680484574604
2620.77,92.01875784597657
2620.84,90.67703484379054
2621.28,94.42715009461028
2621.46,95.45825608630304
2621.99,93.80661253475412
2623.07,93.64599496010402
2623.2,93.40118938700824
2623.46,92.48473390103146
2623.4600000000005,93.79216759546551
2624.16,92.94021705993538
2624.64,92.43553401609364
2625.0,94.4495238095238
2625.12,92.50624733345524
2625.42,93.04416055335908
2625.48,93.0801224918872
2625.91,94.52342235644024
2626.08,92.42673490525804
2627.0,95.0628092881614
2627.04,92.75838967050368
2628.2300000000005,94.18886474927992
2628.71,91.73320754286324
2628.71,92.24676742584766
2628.8500000000004,92.5918177149704
2629.5,93.66419471382392
2629.63,94.19576138087868
2629.6400000000003,93.3245615369404
2630.58,93.72457784975175
2631.0,95.50741163055872
2631.36,92.3818861729296
2631.36,93.26355952815275
2631.7900000000004,93.39650959993008
2631.84,92.85518876527448
2632.28,94.28328293342652
2632.3100000000004,93.83393293343109
2632.63,93.9820635638126
2633.19,92.81138087262978
2633.66,93.15553260481612
2634.0,93.34092634776006
2635.13,92.7126934914027
2635.2,93.1390406800243
2636.16,92.1681536780772
2636.23,94.0471810122789
2636.64,93.46744341282846
2636.69,94.55794955038324
2637.12,92.56689115398616
2637.1800000000003,92.09837781266351
2637.61,93.87665348554184
2638.08,93.68934983017952
2638.56,94.0134012491662
2638.58,92.13667957765162
2639.78,93.81084787368646
2640.88,94.45336403017176
2641.44,92.9530861954086
2641.59,92.39889611938264
2642.31,94.62553598934268
2642.4,93.13502876173176
2642.96,92.46829312588916
2643.36,93.86538345136492
2643.36,91.78848132679622
2644.04,92.10526315789474
2644.2200000000003,93.5058353692204
2644.5300000000007,92.3831455873066
2645.48,93.75992258493736
2645.49,92.05856003991698
2645.51,92.16748377439512
2645.82,94.45086967367396
2646.0,94.68631897203326
2646.49,93.2442593775151
2646.72,92.71097811631002
2650.0,95.38490566037736
2650.5,94.20109413318242
2651.04,92.97860462309131
2652.6400000000003,93.99315398998732
2653.0,94.62495288352808
2653.34,93.22966525209736
2653.34,94.40177285986718
2653.3500000000004,94.22805133133583
2653.74,93.66026814985644
2653.84,93.48717330359028
2653.92,93.37508289624404
2654.31,94.27685537861063
2655.3100000000004,94.61418817388552
2655.84,92.28718597505872
2656.78,94.73121598325794
2657.09,92.73302748495534
2657.13,93.28109652143478
2657.76,94.83173800493648
2658.9700000000003,93.2165462566332
2659.0,92.91462955998496
2659.0,92.88078224896576
2660.0,93.84586466165416
2660.64,92.7897047326959
2660.64,93.62784893860125
2660.87,91.74818762284517
2661.0,93.89327320556184
2661.19,93.89784269443368
2661.6800000000003,93.82420125634935
2661.92,93.23345555088058
2662.17,93.45383653185183
2662.17,93.7580995954428
2662.2,94.29794906468337
2663.15,94.36569475996473
2665.5,92.71431251172388
2665.6000000000004,91.7692076830732
2666.0,92.40435108777194
2666.0,93.06076519129782
2666.15,93.19055567016107
2666.96,93.5072142064373
2667.18,93.61197969390894
2668.32,94.126641482281
2668.7,93.0865215273354
2668.71,95.70916285396316
2669.03,92.21702266366432
2669.17,92.64303135431614
2669.28,93.66945393514357
2669.34,95.45805330156516
2669.71,93.09625390023636
2670.01,91.83111673739047
2670.42,93.15014117629435
2671.6400000000003,93.77386174784029
2671.95,93.95385392690731
2672.9500000000003,94.6669410202211
2673.4400000000005,92.21078460709796
2674.0,93.85190725504862
2674.08,93.83414108777598
2674.5599999999995,92.8601340033501
2674.67,95.3164315597812
2674.7700000000004,93.20427550780066
2674.9100000000003,93.33398133021296
2676.34,93.22806519351052
2676.4300000000003,93.0343778839723
2677.59,91.85125429957536
2679.32,93.6058402878342
2679.78,93.03748815201249
2679.8100000000004,91.73411547833614
2680.89,93.2638041844313
2681.07,94.95462632456446
2681.28,93.55979233798784
2681.7700000000004,93.05048531380392
2682.01,92.65811835153484
2682.4,92.58872651356992
2682.5,93.84902143522834
2682.5,92.54426840633737
2682.75,93.26251048364551
2683.0,93.276183376817
2683.2,95.3861061419201
2683.2400000000007,92.7088147165367
2685.69,94.3407466982414
2688.5,92.18895294774038
2688.5,94.42068067695742
2688.5,93.82927282871488
2688.63,91.83859437706192
2688.7200000000003,93.64307179624504
2689.25,92.47931579436646
2691.5,92.70295374326584
2691.57,93.65537585869956
2692.55,94.8283225938237
2692.8,95.48054070112894
2692.83,94.21315122009187
2692.96,91.88773691402768
2693.03,93.80511914089334
2693.08,94.56458775825448
2693.3099999999995,95.14686389609813
2694.0,92.75055679287304
2694.4300000000003,93.93823554518022
2695.42,94.70509234182428
2695.5,93.78593952884438
2695.57,95.5308153748558
2695.9700000000003,95.09007889553664
2696.31,93.854193323468
2696.96,94.0058436165164
2697.0,93.14423433444568
2697.9,92.47192260647172
2697.9,92.4904555394937
2697.9400000000005,94.43871991222932
2698.37,93.3748892850128
2698.4700000000003,94.17558838897595
2699.0,93.36050389032977
2699.41,93.60193523770008
2699.4100000000003,91.67929288251877
2699.46,93.9298970905292
2699.9300000000003,94.21355368472514
2699.94,93.38355667162976
2700.5,93.16422884650991
2701.0,92.79896334690856
2701.47,92.05728732875066
2701.87,93.305747500805
2702.4400000000005,93.5857965394236
2702.6000000000004,91.98919558943238
2703.64,92.71944489650993
2703.81,93.83055762054286
2703.92,94.21136720021302
2703.97,93.2443777112912
2704.52,95.41434339550086
2704.8,92.96066252587993
2705.0,93.39001848428836
2705.29,93.51307992858438
2705.29,93.92338714148946
2706.32,95.1956900883857
2706.76,93.30712734043652
2707.1,92.70067600014777
2707.16,93.20099292247224
2707.74,93.64266879390192
2708.37,93.05966319225216
2709.12,95.60669147176944
2709.89,92.6273760189528
2710.1900000000005,92.95658237983314
2711.91,95.32395986592476
2712.6400000000003,94.052288545476
2714.1100000000006,93.41183666100488
2714.4,91.46404361921604
2714.53,93.60736481085122
2715.88,92.63664079414409
2716.78,94.83653442678464
2716.8900000000003,93.25000276050925
2717.31,94.30650165052938
2718.56,94.93261138249662
2718.81,93.76528701895316
2719.0,94.33247517469658
2719.7700000000004,92.6622471753126
2720.34,94.1720520229089
2720.5,92.32494026833302
2720.8900000000003,94.28165048936194
2721.0,94.16023520764423
2721.44,93.0573519901229
2721.5,92.34245820319676
2721.5,94.12823810398676
2722.29,94.1670431879043
2722.34,95.10200783149789
2722.9300000000003,91.768793174999
2723.21,93.21719588280008
2724.06,93.28722568519048
2725.84,94.76344906524228
2726.0,94.71753484959648
2726.16,91.9865305044458
2726.5,93.2734274711168
2726.97,93.16934179693946
2727.0,92.11954528786212
2727.37,94.20430671306056
2727.48,93.66154838898912
2727.73,95.7719422376848
2728.0,93.25146627565982
2728.0,93.6400293255132
2728.5,92.80190580905258
2728.59,92.84648847939778
2730.5,94.19520234389306
2730.75,93.84235100247184
2731.0,92.88538996704504
2731.04,93.11471087937196
2731.1400000000003,92.74149256354488
2731.71,93.28955123347646
2732.4000000000005,94.60547504025764
2734.17,92.77038369962364
2734.5,94.02815871274456
2734.5,92.3898336076065
2735.7200000000003,93.3757840714693
2737.8,93.65914237709109
2738.2,94.46351617851144
2738.4,94.09874379199536
2738.45,93.88887874527562
2739.0,93.32968236582695
2739.21,92.785876219786
2739.21,92.67635559157569
2739.41,93.80487039179968
2739.73,92.77556547543008
2739.88,93.05882009431068
2739.98,93.8802473010752
2740.0,93.25182481751824
2740.0,93.51824817518248
2740.11,94.175051366551
2740.4,92.94263611151656
2740.74,93.33975495669054
2741.0,92.480846406421
2741.0,93.19956220357534
2741.2699999999995,93.5369372590077
2741.96,92.98822739937854
2743.04,92.5578919738684
2743.4700000000003,92.0440172482294
2743.67,94.39181825802666
2744.88,93.4029902946577
2745.31,93.53770612426284
2745.33,92.4697577340429
2745.33,94.32745790123592
2745.84,93.57427963756083
2746.03,94.4636438786175
2746.15,95.12226207599733
2748.03,94.7187621678075
2748.3899999999994,94.25518212480765
2748.5,93.767509550664
2749.24,96.43756092592864
2749.73,94.52200761529312
2749.83,94.42401893935262
2749.92,93.92273229766684
2749.92,93.3118054343399
2750.07,93.71397818964608
2750.4299999999994,93.2363303192592
2750.43,94.31252567780312
2750.5,92.96491546991456
2750.8,93.19470699432893
2750.98,93.49758994976337
2751.4300000000003,93.80940092969836
2751.5,94.74831909867343
2753.05,94.00846334065854
2753.45,94.99718534928908
2753.5,93.88051570728165
2753.92,92.4100917964211
2754.5,93.30186966781628
2754.51,93.38503036837768
2755.0,92.95099818511795
2756.55,93.31592026264715
2756.55,93.31592026264715
2757.5,93.3961922030825
2757.74,92.74986039293044
2758.19,95.51553736327084
2758.5,94.92115280043502
2759.59,94.38358596748068
2760.46,94.56032690203808
2760.78,92.8541933801317
2761.83,92.37353493879058
2762.5,93.96561085972851
2763.0,93.0691277596815
2763.5,93.70725529220192
2763.6000000000004,93.67853524388478
2764.5,92.87032013022248
2764.71,92.87773401188552
2764.96,93.41183959261618
2765.25,93.0331796401772
2765.3,93.21954218348824
2765.7699999999995,92.91083495735366
2765.7699999999995,94.02806451729538
2765.86,95.09881194275924
2767.66,94.56725175780262
2768.19,92.06376729920996
2768.27,93.55662561816588
2769.3,94.07431480879644
2769.5200000000004,93.427741991392
2769.8099999999995,93.25188370321432
2770.32,92.12293164688556
2771.0,93.089137495489
2771.21,93.33107198660512
2771.34,92.57976285840064
2771.34,92.02407499621124
2771.5,92.9099765469962
2771.86,93.90084636309194
2771.9,93.50986687831453
2772.37,93.64550907707124
2774.76,94.41897677636985
2774.92,93.06574603952546
2774.93,92.60053406752604
2775.24,94.1360026520229
2775.76,92.39991930138052
2777.32,93.81346045828352
2777.62,92.94287915553603
2777.96,91.46639980417284
2778.26,93.8285113704261
2778.48,92.9573003944603
2778.55,92.50148458728472
2778.79,93.9797537777234
2779.92,93.48830182163516
2780.01,94.0680069496153
2781.03,92.9475769768755
2781.54,93.17500377488729
2782.12,91.9478670941584
2782.52,92.77920733723388
2782.5599999999995,93.82367316428038
2784.45,93.73844026647993
2784.89,93.35377698939637
2785.5,60.82211452162986
2787.15,93.45029869221248
2787.8,95.06062127842743
2787.8,95.3547600258268
2788.15,93.01866829259544
2788.17,93.99713790765988
2788.6799999999994,92.87189638108356
2788.76,94.78406173353032
2788.76,92.09828023924612
2789.39,94.09225672996604
2790.72,92.614092420594
2790.84,93.73880265439794
2791.0,93.7835901110713
2791.74,93.16411986789602
2792.25,93.2330557793894
2793.2699999999995,93.62145442438432
2793.2699999999995,93.27061114750816
2793.44,93.04656624090724
2794.48,92.29624116114626
2795.22,93.65273574173054
2796.04,93.6252700247493
2796.5600000000004,93.21452069685613
2796.5600000000004,93.77234888577394
2796.84,92.41501122695614
2796.98,92.2816752354325
2797.6000000000004,92.70088647412068
2798.88,94.5592522723375
2799.0,91.90425151839943
2799.16,93.69596593263694
2799.19,94.23797598591024
2799.3899999999994,92.17007991026618
2799.39,94.31697619838609
2799.98,93.622097300695
2800.7200000000003,93.5759376160416
2800.74,94.06442583031628
2800.92,93.5621153049712
2801.76,93.23425275541088
2801.8499999999995,95.86880097078718
2801.99,92.93751940585084
2802.04,93.89230703344708
2802.05,93.3530807801431
2802.32,94.2932998372777
2802.8,94.37348365919792
2803.62,93.41137529337072
2803.66,94.41943744961942
2803.7,93.8260156222135
2804.23,94.15418849381116
2805.4,92.90653739217224
2805.51,94.74213244650706
2805.59,93.38499210504742
2807.2,91.50398974066684
2807.46,92.71369850327342
2808.0599999999995,92.20600699415256
2808.1800000000003,93.77960102272644
2808.73,92.50800183712924
2809.04,93.64409193176316
2809.08,91.71330115197858
2809.59,93.77524834584406
2809.7,94.62220165854006
2810.08,94.0613790354723
2811.05,93.53444442468115
2811.1200000000003,93.38626597228148
2811.83,93.9423791623249
2812.16,93.67888029130631
2812.25,93.87145524046582
2812.56,93.53044912819638
2814.18,93.91368000625404
2815.2,93.92227905655017
2816.5600000000004,93.5147839918198
2818.0,92.73953158268276
2818.01,93.43118015904842
2818.01,93.28568741771676
2819.79,93.05302877164613
2820.3,94.01127539623444
2821.96,93.67602659144708
2822.78,93.51065261904932
2823.65,93.71912241248032
2824.2,93.21931874513136
2824.28,92.48020734488082
2825.6800000000003,93.64117663712804
2826.17,93.10126425515804
2826.49,93.2074764106719
2826.53,92.72500203429648
2826.6,61.13351729993632
2826.6200000000003,92.17722934105042
2827.02,94.00004244752424
2828.08,95.05388815026448
2828.25,94.3410236011668
2829.07,93.6314760681072
2830.36,94.68053533826088
2830.36,92.9917042355036
2830.36,92.99523735496544
2831.69,90.54310323517052
2832.83,94.24144759833806
2833.38,94.20550720341076
2833.98,93.45161222026974
2834.0,91.94777699364856
2836.56,94.06464167865302
2837.62,93.26830230968206
2838.15,92.7082782798654
2839.09,92.63531624569843
2839.15,93.56321434232078
2839.7200000000003,93.27328046427112
2839.7200000000003,93.41766089614468
2840.9400000000005,95.31352298886986
2841.8,92.50475051024
2841.86,93.96310866826656
2842.39,93.99836053462052
2843.04,93.57589059598178
2843.88,93.80494254328592
2843.98,94.40291422583846
2844.4,93.54169596399944
2844.57,91.56392706103206
2844.92,92.8461960266018
2844.92,93.49296289526596
2845.57,94.62778986283944
2846.05,93.12555998664816
2847.17,93.2083437237678
2847.5200000000004,93.1617688374445
2847.82,92.46722054062408
2848.04,92.65670425977164
2848.07,93.48435958385852
2848.45,93.38763186996437
2848.5600000000004,93.0470132277361
2849.08,92.87208502393756
2849.6000000000004,92.43753509264457
2849.75,93.57662952890604
2849.81,93.49395222839418
2850.17,93.27162941157896
2850.87,94.07303735350963
2851.27,93.0637926257422
2851.4,93.69081854527602
2851.9300000000003,93.76106706686348
2852.99,93.52293558687552
2852.99,94.3291073575442
2853.36,92.05638265062942
2854.11,92.44212731814822
2856.17,92.63104086941604
2856.36,92.9539693876122
2856.36,93.81520536627036
2856.76,92.35287528528822
2857.08,94.502079045739
2858.31,94.17802827544948
2858.46,94.21156846693674
2858.6400000000003,92.75039879103348
2858.7700000000004,93.94949576216344
2859.07,93.71928634136276
2859.61,93.23649029063404
2860.0,94.4125874125874
2860.08,93.4064781404716
2860.12,92.60450610463896
2860.25,91.2822305742505
2860.41,94.29417461133194
2860.41,93.4691180634944
2860.71,93.08178738844552
2861.4700000000003,93.49390348317472
2862.0,94.70300489168416
2862.0,92.72536687631028
2862.53,92.868895697163
2862.6,94.11024942360092
2863.85,93.7374513329958
2864.65,93.4843698183024
2864.73,93.52015722249564
2864.89,93.79068655341042
2865.41,93.89232256465915
2865.45,93.5106178785182
2866.5,94.29269143554858
2866.55,93.4433378102597
2866.86,93.36695897253442
2866.91,93.43858021354002
2867.52,93.2303872335677
2868.16,94.29041615530517
2868.84,92.1382858576986
2868.8900000000003,96.3194824479154
2869.08,92.65339411936928
2869.7,95.6824755200892
2872.33,94.4947133511818
2872.6,94.13423379516814
2873.36,92.8181641005652
2873.88,94.18973652344566
2874.99,95.66641970928596
2876.69,95.06411883101758
2878.96,93.89501764526078
2878.98,93.16494036082224
2880.5,94.05658739802118
2880.8,94.73063038044988
2881.4400000000005,92.42253873063466
2881.61,94.80811074364678
2881.65,94.03640275536588
2882.4500000000003,95.56106784159309
2882.61,93.79000280995348
2882.67,93.77764364287276
2882.86,93.0915826644374
2883.1900000000005,94.71453494219942
2883.6000000000004,94.37508669718406
2883.73,92.38382234120394
2884.26,94.11079444987622
2884.6800000000003,93.89603006225992
2885.2200000000003,94.78999868294272
2885.76,94.79651807496118
2886.38,93.06813378695806
2886.4,93.78810975609755
2886.91,94.7968589252869
2887.04,92.99836510751496
2887.87,93.28674767215976
2887.92,92.50602509764812
2887.97,93.65748259157816
2888.4600000000005,94.03626846139464
2889.03,94.03156076607029
2889.4,94.52135391430748
2889.54,92.99057981547236
2890.09,94.516087734292
2892.78,94.12399145458694
2893.57,63.05359815038171
2893.8500000000004,93.01104065518253
2893.8500000000004,93.01104065518253
2894.32,93.82514718483095
2894.33,93.6900768053401
2895.39,93.63505434501052
2896.45,94.81952044744428
2896.45,93.40054204284556
2896.98,93.38690636455895
2897.21,93.7729746894426
2897.6400000000003,93.28971162739332
2898.04,93.29063781038218
2898.1800000000003,94.09698500438203
2901.22,94.66707109422931
2901.75,94.54294822090118
2901.8,93.46267833758355
2901.96,93.67117396518216
2902.32,94.20394718707792
2902.5,93.54005167958655
2902.6400000000003,93.23581291513932
2903.45,93.2476880951971
2905.96,93.62482621921842
2905.99,93.19027250609948
2906.21,94.5423764972249
2906.8200000000006,92.17288996222676
2908.9800000000005,93.07386094094836
2909.0600000000004,92.78254831457583
2909.95,59.08348940703448
2910.23,91.97554832435924
2911.1400000000003,93.23495263024104
2911.15,93.99721759442149
2911.4700000000003,93.71898044630376
2911.99,92.73040085989308
2913.3,93.41983317886933
2913.62,94.0136325258613
2913.96,93.57026177435516
2915.79,93.43608421731332
2916.65,91.77309584626198
2916.6900000000005,94.27467437403357
2916.76,93.09302102332724
2917.32,93.50019881260884
2918.38,93.15442128852308
2918.7900000000004,93.13448381007196
2919.01,93.27134884772576
2919.4500000000003,94.24720409666205
2919.95,94.23449031661502
2920.32,94.20885382423845
2920.32,93.36648038571114
2921.09,93.60889257092386
2921.37,94.86987269671422
2921.9400000000005,93.77331498935636
2922.13,94.38662893163549
2922.15,93.31485378916209
2922.1900000000005,93.63525301229556
2922.6399999999994,94.75679522623383
2923.9,92.89647388761584
2926.99,93.75843443264242
2929.76,93.06223035333952
2929.8500000000004,94.26421147840333
2931.5,93.3651714139519
2933.28,93.31192385316098
2933.7000000000003,94.754064832805
2933.82,92.6369034228412
2935.3500000000004,92.80324322482836
2935.9800000000005,92.81738976423544
2936.45,93.08859336954488
2936.45,93.8650411210816
2936.5200000000004,93.80491193657797
2938.1000000000004,94.22415846975936
2939.2200000000003,92.8953940160995
2939.2200000000003,92.4156749069481
2940.3,94.10604360099308
2940.3,94.16726184402953
2940.84,94.41520109900571
2941.5,94.1084480707122
2941.92,92.34785446239192
2942.5,92.38402718776553
2943.6,92.9745889387145
2944.07,93.8258940853988
2944.15,94.17319090399609
2944.4700000000003,91.84675000933954
2945.16,92.18514444036995
2946.3500000000004,93.20345512243962
2946.78,93.62762065712404
2947.32,92.42294694841414
2947.67,92.69355117770984
2948.4,93.45746845746844
2948.4,91.2359245692579
2949.41,91.3572545017478
2949.4800000000005,94.23016938579003
2949.7699999999995,93.30218966224486
2950.0200000000004,93.3417400559996
2950.0600000000004,92.184565737646
2950.59,90.7005039670032
2952.7200000000003,94.10645100111084
2953.26,92.59936476977984
2953.8,94.08219920102918
2953.92,92.86981367132488
2954.48,92.93682813896189
2955.42,92.31513625812914
2956.25,92.3196617336152
2957.58,94.25273365386566
2957.7,94.15086046590255
2957.71,94.62726230766371
2957.84,94.53182051767504
2957.9,93.97883633659016
2959.04,93.89531740023791
2959.92,94.3234952296008
2960.1,93.71980676328502
2960.16,93.01524241932869
2960.28,94.19379247908982
2960.98,93.15159170274706
2962.61,93.92393868919636
2962.7,94.21473655786951
2962.7,92.71947885374829
2963.4,93.02490382668556
2963.92,93.94315636049556
2964.0600000000004,93.88811292618908
2964.08,93.44214731046397
2964.7200000000003,93.84697374456948
2964.8,93.45992984349702
2966.7,95.04499949438772
2967.25,94.36009773359172
2967.4700000000003,94.73389789955752
2967.8,93.99218276164162
2969.6000000000004,93.24488146551722
2970.0,91.6060606060606
2970.23,94.15432474926185
2970.5400000000004,94.06033919758696
2970.55,93.84794061705746
2970.76,96.47699578559022
2971.08,92.6733712993255
2971.51,93.8882924842925
2973.5999999999995,94.79755178907725
2974.26,95.77844573103896
2974.95,94.28393754516884
2975.5,92.9524449672324
2975.59,93.07061792787312
2976.48,94.63863355372789
2976.78,93.46676610297033
2977.36,93.30413520702903
2978.5200000000004,92.53253293582046
2978.82,95.13162930287834
2979.76,94.21228555319892
2980.45,93.67712929255649
2981.09,93.1169471569124
2981.34,93.45462107642872
2981.78,94.27254861190296
2981.88,93.18282425852146
2982.51,93.73983658059822
2982.62,95.19818146461836
2982.65,93.14200459323088
2983.34,94.57520765316724
2983.8900000000003,95.03366410960189
2984.0400000000004,93.39352019409928
2985.4,93.40791853687948
2985.4,93.86681851678168
2985.66,95.12804539029896
2985.92,93.2844818347444
2985.92,93.77679241238882
2985.99,94.19991359649563
2986.23,92.94662500879032
2986.7400000000007,93.2555227438612
2987.6,94.20939884857412
2987.6800000000003,94.0729930916296
2987.74,92.72895231847484
2987.94,94.7609389746782
2988.16,92.94013707431998
2988.7,93.4352728611102
2988.83,94.87659050531478
2989.25,93.92657020991886
2989.38,93.9826987535877
2989.8,93.4209646130176
2989.84,93.1220399753833
2989.9500000000003,93.35607618856504
2990.2200000000003,94.01314953414796
2990.79,91.66474409771332
2991.81,93.31809172373914
2992.5,94.22556390977444
2993.1,93.21105208646554
2993.1000000000004,93.95609902776384
2993.65,93.78851903195095
2994.21,94.2853039699954
2994.53,94.03145067840364
2994.75,92.7923866766842
2995.3,94.3811972089607
2995.67,94.58985802842102
2995.85,94.67429944756914
2996.01,91.89889219328374
2997.63,94.85827136771384
2997.68,94.44637186090576
2998.0800000000004,92.76270146226918
2998.6,94.54745547922364
2999.91,92.8994536502762
3000.8,92.46867501999468
3000.92,93.67127414259627
3001.05,93.433964778994
3001.3100000000004,93.29925932342876
3001.62,93.20300371132922
3002.07,93.79528125593342
3002.5,94.23147377185678
3003.0,93.74292374292376
3003.0,94.72860472860472
3004.5,93.41654185388585
3004.65,93.7180703243306
3006.4300000000003,94.35443366384712
3006.6399999999994,94.01524625495573
3007.8900000000003,91.89165827207776
3008.13,93.28719171046464
3008.32,93.32783746409956
3008.46,94.46693657219971
3008.46,94.04479368181728
3008.95,93.05904052908822
3009.16,93.01266798707944
3009.2,94.13465372856574
3009.44,92.8345472911904
3009.6000000000004,94.34144072301966
3010.15,93.39069481587296
3012.3500000000004,93.37228409713344
3013.3,94.4379915707032
3016.21,93.97223668113296
3017.52,94.48487499668602
3018.96,92.39274452129212
3019.75,93.34878715125424
3020.64,93.54971131945548
3021.9800000000005,93.26997531419796
3023.08,94.17878455085544
3023.25,93.7368725709088
3023.9,92.3575515063329
3024.5999999999995,94.0058189512663
3027.51,93.4662478406347
3031.26,91.86278973100296
3034.64,93.98149368623626
3035.2,92.84066947812336
3035.2,93.28545071165
3035.82,93.92190577833996
3036.88,92.85187429203658
3038.1000000000004,92.97258154767782
3038.67,93.44877857746974
3039.68,92.6709390462154
3040.44,95.30199576377105
3041.92,93.3620871028824
3042.48,93.8970839578239
3042.63,93.36659403213667
3043.2,93.46083070452156
3043.2300000000005,93.97252261577336
3043.53,92.9644196048667
3044.22,93.71858801269292
3044.37,94.12456435978544
3044.72,92.26464174045562
3045.51,93.22248162048392
3045.51,94.20097126589636
3045.6000000000004,94.01759915944312
3045.82,92.67455069570757
3045.84,93.84274945499436
3045.84,92.22086518004886
3046.16,93.56698269296425
3046.4,94.3342962184874
3046.4,93.25105042016808
3048.0,95.03280839895012
3048.0199999999995,92.86684470574342
3048.64,93.7893618137924
3048.64,93.37934292012176
3048.84,94.0948032694402
3049.64,94.74560931782112
3050.32,93.61640745888955
3052.5599999999995,93.60667767382134
3053.07,93.53535949061109
3053.56,95.25602902841274
3053.68,93.21867386235624
3055.2,92.68133019114951
3055.69,94.4565711835952
3056.9,93.4574241879028
3057.1799999999994,93.85119620042
3057.4800000000005,92.8738699844316
3058.04,92.70970948712248
3058.23,91.57911602462865
3058.7200000000003,92.77083224355285
3058.92,93.69646803446967
3058.98,94.22094946681574
3059.65,94.32124589413822
3060.16,93.95913939140438
3060.5200000000004,96.68618404715536
3060.69,94.32513583538352
3061.03,94.6315455908632
3061.5199999999995,92.62392537040424
3061.5199999999995,92.17316888343046
3061.59,93.0529561437031
3061.82,94.06170186359748
3062.61,93.34848380956112
3062.6399999999994,93.61531227960192
3063.05,94.77808067122638
3063.75,93.44430844553244
3064.57,93.06036409675748
3064.72,94.26962332611136
3064.72,93.98248453366053
3065.44,93.52001670233314
3066.0,93.95303326810176
3066.5599999999995,93.62282166336222
3067.12,91.9559717259188
3067.68,93.096411620508
3067.68,93.096411620508
3067.68,93.096411620508
3068.86,93.52984495871432
3069.77,94.41098193024231
3070.0200000000004,92.93750529312511
3070.48,92.82587738724892
3070.8,95.77634492640354
3071.7300000000005,93.67034211991287
3072.26,92.3098956468528
3072.3,92.37053673143896
3073.15,93.57825032946651
3073.8900000000003,93.99815868492368
3074.01,94.06605703950214
3074.01,94.42389582337076
3074.96,93.89715638577412
3075.67,93.67715001934536
3077.76,94.86119775421086
3077.76,93.57779683925972
3078.15,93.2703084644998
3079.29,92.9987107417619
3079.34,93.30570836607843
3079.69,94.32118167737664
3080.28,94.00119469658604
3080.28,91.8812575480151
3081.11,92.49588622282228
3081.16,93.07208973243844
3081.41,93.3403863815591
3082.5600000000004,94.09711408699262
3082.94,93.40759145490992
3084.0,96.06679636835278
3084.61,92.89018709010216
3085.0200000000004,93.3575795294682
3085.04,95.07494230220678
3085.48,94.46828370302192
3085.9800000000005,95.07514630684578
3086.55,94.35453823848634
3087.09,95.05391809114732
3087.1,94.19519937805708
3087.2200000000003,92.8958739578002
3087.69,92.56434421849345
3087.6900000000005,93.21531630442172
3088.26,93.4312525499796
3088.59,92.22978770247911
3089.08,92.20544628174083
3089.29,94.16726820725798
3089.4,92.39334498608144
3089.4,93.32880170906974
3089.5,93.29988671306036
3089.66,93.88735330101048
3089.9700000000003,92.84556160739425
3090.24,93.6885161023092
3090.26,91.91783215651756
3090.53,94.15860709975313
3091.6800000000003,93.505796201418
3091.7200000000003,93.91536102881244
3092.03,93.68279091729384
3093.62,93.61524686289847
3093.7200000000003,92.41948204750268
3093.96,94.15764909695018
3094.3,92.71563843195553
3094.88,94.19105102621104
3095.1,93.21508190365417
3095.1000000000004,93.85480275273818
3095.57,93.03617750527368
3096.05,93.07989212060532
3096.24,93.3034906854766
3097.76,93.07047673157378
3097.9500000000003,93.58123920657208
3097.9500000000003,93.58123920657208
3099.51,94.1181025387884
3099.66,94.12967873895846
3100.04,93.06654107688934
3100.8,93.2404540763674
3101.26,93.04605224973076
3101.37,94.40021667843564
3101.4,96.26942671051782
3101.74,93.09613313817408
3101.9700000000003,94.04991021834512
3102.51,92.68624436343477
3103.36,92.20006702412869
3104.16,93.38114014741508
3105.17,92.71312037666216
3105.2,93.50766456266906
3105.42,92.66701444571105
3106.3500000000004,94.12654723389186
3106.5,92.02961532271044
3106.9400000000005,95.4186434240764
3106.96,94.69706722970362
3107.2,92.16336251287332
3108.78,94.25240769691004
3109.92,92.764444101456
3110.54,93.48216065377716
3111.0600000000004,92.92652665008066
3112.7700000000004,93.16460901383654
3112.94,92.67444923448576
3113.24,94.1109583584947
3113.34,93.12828023922862
3113.91,92.80293907017224
3114.02,94.08417415430858
3114.54,94.1744206207016
3114.91,92.47137156450748
3116.9300000000003,95.74164321944988
3118.3900000000003,93.34303919650844
3118.74,93.69168317974564
3119.37,94.08951166421426
3119.92,93.82932895715274
3120.32,94.12816634191364
3120.4,93.24766055633891
3122.09,94.26057544785704
3123.3,91.98283866423336
3123.36,94.65127298806414
3123.48,94.02333294914648
3123.51,93.23165285207986
3123.83,93.3821622815582
3124.74,94.1230310361822
3124.74,91.88284465267508
3124.88,94.33642251862472
3125.04,94.57478944269512
3126.34,92.80500521376432
3127.0,93.85992964502718
3127.4,93.4578243908678
3128.15,93.84460463852436
3128.4,91.9831223628692
3129.87,93.29780470115372
3129.91,93.51067602582825
3131.1000000000004,93.68911884002426
3132.0,93.90166028097062
3132.15,94.45269224015452
3132.16,93.6254852881079
3132.58,93.37351320636664
3133.07,93.5599906800678
3133.74,92.86667049595692
3134.2200000000003,91.64959702892584
3134.3200000000006,93.5992495979989
3134.94,94.1836207391529
3135.21,90.98912034600552
3135.26,93.33516199613427
3136.05,93.34034852760638
3136.06,93.5218076184767
3136.13,93.23911955180428
3136.64,93.21758314629668
3136.79,94.44049490083812
3138.13,93.8648175824456
3138.38,93.0926146610672
3138.67,94.58464891180022
3139.41,93.37423273799855
3139.5600000000004,93.4908076290945
3140.7,93.39000859680962
3142.26,93.17179354986536
3142.44,92.90551291353218
3142.7200000000003,95.8214540270848
3142.9300000000003,94.09372782721854
3143.1,93.38869269192836
3143.4,90.94292803970222
3143.4,93.83788254755996
3143.9500000000003,94.11091143306987
3144.0,94.43384223918576
3144.6000000000004,94.8324111174712
3144.7,94.73081693007282
3145.26,90.0529685940113
3145.77,91.65959367658792
3146.5,93.60241538217066
3146.5,94.32385189893532
3146.86,92.8798866171358
3147.51,94.83687105044942
3148.2,94.54291341083795
3148.83,93.15841121940532
3149.4,94.81806058296816
3149.9,93.19343471221308
3149.9300000000003,94.43384456162516
3150.3900000000003,94.39783645834324
3150.56,94.34195825504038
3151.19,92.49838949730103
3151.71,93.1684704493751
3152.8,85.41296625222026
3153.46,93.52901257666184
3153.5999999999995,93.14434297311011
3153.84,94.78286786901047
3154.04,93.27085262076577
3154.8,94.33244579688092
3155.1400000000003,92.52521282732305
3155.78,92.5729930476776
3156.0,93.68187579214194
3156.28,94.31672728655252
3157.09,94.62511363312416
3157.2000000000003,93.76662865830482
3158.0,94.5693476884104
3158.0,94.75300823305888
3158.1,92.92296000759951
3158.44,93.22007066779804
3158.53,93.98359363374736
3158.86,93.74267932102086
3159.15,94.54441859360904
3160.16,94.45724267125716
3160.34,93.8316763386218
3160.42,92.75982306149182
3161.51,94.09427773437376
3161.99,92.60940104174904
3162.17,92.83182118608424
3162.6000000000004,94.67210522987412
3163.4800000000005,93.77647400963497
3164.37,94.24624806833587
3164.48,94.05652745474772
3164.48,92.7924967135201
3165.5999999999995,94.1654030831438
3165.99,94.7697244779674
3169.29,93.67082217152736
3169.6900000000005,94.26158394038534
3169.7,92.76272202416634
3169.79,94.55515980553916
3169.8,94.45075399078809
3170.39,94.80852513413176
3170.86,93.84204916016476
3170.86,94.46333171442448
3171.0,94.02081362346264
3171.3900000000003,94.58313231737502
3171.5999999999995,93.47963173161811
3172.67,95.05873601729772
3173.0200000000004,93.04069939678917
3173.21,93.74103825463804
3173.4000000000005,94.33100144954936
3173.8700000000003,94.247716510128
3174.7300000000005,93.371719799794
3175.05,95.44416623360264
3175.2,92.30284706475184
3175.38,91.56384432729313
3175.4700000000003,94.66630136641189
3176.9300000000003,93.24095903907232
3177.1500000000005,92.53891065892384
3177.2200000000003,93.78324447158208
3177.74,92.1441024124063
3178.2,92.53350953369834
3178.67,93.95438972903762
3179.35,93.5285514334691
3180.0200000000004,93.7258256237382
3181.13,51.9532367429184
3181.3,94.12189985226166
3181.8700000000003,93.44504960919208
3182.26,92.40602590611702
3182.37,94.4610463271084
3183.59,94.26465091296303
3184.2000000000003,94.6862634256642
3186.0,93.12303829252984
3187.13,94.20701383376266
3187.1800000000003,92.27593044635069
3188.36,93.35206814788796
3188.4,93.90603437460796
3188.47,92.52400053944368
3189.0,93.44622138601444
3189.5999999999995,93.54778028592928
3190.13,93.0338262077094
3190.2,93.60541658830168
3190.7200000000003,94.27966101694912
3191.4,93.11900733220531
3191.9,92.39637833265454
3191.9,93.5680942385413
3191.9,94.160218051944
3192.49,93.39731682793054
3192.51,92.55413452111348
3192.74,94.00389633982098
3193.08,93.27984265975172
3194.78,94.18175899435956
3195.44,93.0951606038605
3196.03,94.23878999884232
3196.41,94.7375336705867
3196.8,93.42154654654657
3197.13,94.49725222308756
3197.2100000000005,94.56369772395306
3197.8,94.2929514040903
3198.23,94.56167942893411
3198.23,94.233372834349
3198.7,93.51924219214057
3198.98,93.87992422584698
3198.9800000000005,93.03277919836948
3199.57,93.22815253299665
3200.09,94.28797315075514
3200.16,92.89223038848058
3200.48,93.73906414037891
3200.67,93.76474300693292
3200.71,94.23534153359722
3200.75,92.04405217527142
3200.75,92.8751073967039
3201.0,93.0959075288972
3201.0,92.82724148703532
3201.9,93.51010337612044
3202.5200000000004,93.78239636286423
3202.5200000000004,93.48263242696376
3203.11,93.19380227341551
3203.4,94.68377349066616
3203.72,94.93651130560724
3204.75,93.93244402839537
3206.65,94.00464659379728
3206.65,93.52439461743565
3206.82,94.42999607087395
3207.2200000000003,95.58433783775357
3207.44,93.46394632479486
3207.87,93.46076991898052
3208.4700000000003,94.28481488061288
3209.14,92.80367949045538
3209.4,93.263538356079
3209.74,95.3753263504209
3210.2200000000003,93.4172735824959
3210.43,94.24594213236232
3210.4300000000003,94.04347704201616
3210.46,94.31047264254968
3210.82,94.93213571610993
3211.37,92.60533666316869
3212.28,93.52858405867484
3212.45,93.81624616725551
3213.0,92.46187363834424
3213.1400000000003,93.39773554840436
3213.73,93.77576834394924
3214.84,94.71077876348434
3214.9300000000003,93.75009720273847
3215.31,93.84165134932556
3215.4,92.68520246314613
3216.87,92.95060105008906
3216.91,92.78158232589658
3217.42,94.33645591809588
3218.16,93.51306336540136
3218.97,94.33452315492224
3219.0,94.57595526561045
3220.34,92.931181179627
3222.0,94.00372439478583
3222.0,92.8895096213532
3222.6,92.84739030596413
3223.3700000000003,94.03202238650852
3224.07,93.19276566575788
3224.46,94.49024022627044
3226.9,94.00973070129228
3228.86,93.85046115347214
3229.39,61.09822598075798
3229.8,93.95628212273203
3229.95,92.6299168717782
3230.56,93.8227428062008
3232.6100000000006,93.90863729308514
3234.05,93.12162768046257
3234.22,92.86628615245718
3234.54,93.37958411396984
3235.2000000000003,93.69745301681505
3235.44,93.45560418366593
3235.8,92.5149885654243
3236.59,95.69330684454934
3236.74,93.01334058342654
3239.1,92.97644407397117
3239.2200000000003,93.51942751650088
3239.3100000000004,94.53556467272352
3240.0,94.30246913580248
3240.28,92.8314836989396
3240.6,94.22637783126582
3242.2,93.80975880574918
3242.3899999999994,92.8759341103322
3242.6,94.26077838771356
3244.46,93.10948509150984
3244.8,93.34627712031558
3245.2,94.07740663133244
3245.4,92.77438836507056
3246.01,87.0607299422984
3246.7700000000004,93.5267974017254
3247.31,93.70833089541806
3248.18,94.25893885191093
3248.25,93.61348418379129
3248.8,94.86887466141344
3248.8,94.14553065747351
3249.11,93.55485040518788
3249.2000000000003,92.74282900406251
3249.6000000000004,93.25147710487444
3249.6400000000003,93.04722984699842
3252.33,92.46601667112502
3252.6,93.12857406382588
3253.76,94.4568745082612
3255.04,94.26305053086908
3255.56,92.8135251692489
3255.75,93.49919373416265
3256.18,92.41196739737975
3256.57,93.93318737198956
3256.79,92.64951071453794
3256.8,93.14971751412428
3257.28,94.59733274388448
3258.0,93.66789441375076
3258.0,93.92879066912217
3258.36,95.89793638517536
3258.44,94.19538183916232
3258.7200000000003,94.0185103353464
3258.99,94.07822668986404
3259.05,94.98780319418232
3259.2000000000003,94.18875797741777
3260.58,94.0047476215888
3261.6000000000004,93.6380917341182
3262.7200000000003,94.27410258925067
3262.8,93.48718891749418
3262.82,93.96166506273715
3263.4,94.06140834712264
3263.4999999999995,94.7295848015934
3263.7,91.98762141128168
3264.85,93.99819287256688
3266.41,93.2767166399809
3266.55,95.66974330715892
3267.6000000000004,92.19610723466764
3267.78,94.59633145438188
3268.05,92.04265540612904
3268.32,93.32623488520096
3268.34,92.82693966967942
3268.99,94.45425039538203
3269.5999999999995,95.07279177881088
3269.7,93.9352234149922
3269.9700000000003,95.91525304513496
3270.21,93.8808211093477
3270.5,93.99480201804003
3270.5,93.3404678183764
3271.12,94.7504218738536
3271.62,93.54387123198904
3272.04,92.65167907482792
3274.36,90.92158467608937
3274.4300000000003,93.54605229001687
3274.51,93.44298841658753
3275.09,92.73943616816636
3275.46,92.76559628265952
3276.08,93.18148518961684
3276.28,94.5096267718266
3276.7,93.40189825128942
3277.53,93.13721003316522
3277.62,93.96147204373904
3277.8900000000003,95.54927102495812
3278.5600000000004,93.98638426626324
3278.5600000000004,93.32755844029086
3279.0,94.21164989326012
3279.1800000000003,94.3620051354302
3281.04,93.24787262575282
3281.66,93.62639639694544
3281.78,93.79970625697032
3281.92,93.31427944617784
3282.41,92.85250776106582
3282.97,93.70783162806848
3283.08,92.98890066644736
3283.37,60.12420165866168
3283.38,94.03724211026442
3283.52,93.48504044440112
3284.46,96.51814910213552
3286.07,93.63768878934412
3288.51,92.6954760666685
3288.6,92.57434774676156
3289.23,93.41396010616468
3289.26,93.14557073627503
3289.73,93.62774452614651
3290.44,93.88106149937396
3290.95,93.59911271821208
3291.69,93.44136294730065
3292.38,94.0626537641463
3292.38,94.3876466264526
3292.8,92.95432458697763
3293.39,93.85162401051804
3293.4,94.17623125037954
3294.0,92.90224650880388
3294.0,93.7370977534912
3294.68,93.845229278716
3294.6800000000003,94.40977575970958
3294.6800000000003,92.35191278060388
3295.22,94.17580616772176
3295.22,93.50817244372152
3295.5600000000004,91.82961317651628
3295.83,93.43321712588332
3296.6400000000003,95.1635604736944
3297.05,92.26429687144568
3297.2200000000003,94.64033337174952
3297.78,93.60236280164231
3298.2699999999995,92.38782755808349
3298.27,93.58845697896172
3298.9,94.74673375973808
3299.0200000000004,93.63992943358936
3300.26,94.35923230290946
3300.42,95.14546633458772
3300.71,94.39181267060724
3301.1,95.262185332162
3301.1200000000003,94.15289356339666
3301.76,93.73182787361893
3301.83,95.32895394372213
3301.83,93.76921283046067
3301.9300000000003,94.05105498905183
3302.12,93.71555243298243
3302.67,94.79602866771432
3303.09,92.1258579088066
3303.15,93.8921938149948
3303.36,93.63496561077206
3303.55,93.78395967973846
3303.7200000000003,94.30883973218069
3304.54,95.03592027937324
3304.6000000000004,93.57259577558553
3305.2200000000003,93.09819013560367
3305.2300000000005,94.08119858527242
3305.9,92.99736834145016
3307.5,93.36961451247166
3308.03,93.99551999226126
3308.16,94.0069404140066
3308.26,94.42425927829132
3308.5,93.4894967507934
3308.74,95.06035530141384
3310.08,94.53547950502708
3310.21,93.85205168252163
3310.4400000000005,93.96938171360904
3310.47,94.3430993182237
3310.61,94.33004793678508
3310.66,92.85459696858028
3310.86,92.46540173852112
3311.25,93.78331445828614
3311.35,93.4060126534495
3311.42,92.92388159762277
3312.04,92.4022656731199
3312.3,92.7905081061498
3312.4,96.08139113633618
3312.6400000000003,94.7763717156105
3312.66,94.33506607982709
3313.11,95.72576823588712
3314.43,92.66450038166442
3314.59,94.36461221448204
3315.08,94.17872268542538
3315.1000000000004,94.88401556514133
3315.3499999999995,93.86640927805512
3315.35,92.73229070837166
3315.8,93.40129078955304
3316.3,96.73431233603716
3317.9300000000003,93.76930797213925
3318.24,93.91424369545302
3318.33,93.35720076062356
3318.96,94.32171523609806
3319.1399999999994,95.6332061919654
3319.62,92.64614624565462
3320.1,94.88569621396948
3320.96,93.93970418192328
3321.36,93.61827685044682
3321.6000000000004,94.25276974951828
3322.26,93.0270358129707
3322.58,93.5297268989761
3322.67,93.77097334372657
3323.5600000000004,92.77100458544452
3323.7700000000004,94.29954539574037
3323.88,94.19112603343082
3324.33,93.27593830937364
3324.41,92.36826985841095
3324.5,93.06361858926154
3325.14,93.41862297527324
3325.6800000000003,93.08772942676384
3326.31,94.19446774353564
3327.03,93.01388926459936
3327.07,93.76418289966848
3327.2,92.90995431594136
3327.3500000000004,96.67453078275504
3327.54,92.93652367815262
3327.57,93.0438728561683
3328.16,92.3302966203548
3329.4,93.32011773893194
3329.55,93.96765328648014
3329.99,94.06034252355111
3330.02,93.6901279872193
3330.5200000000004,94.77499009163732
3330.69,93.4340932359361
3331.21,92.43488101920924
3331.44,93.87832288740006
3331.94,92.75076982178552
3332.55,96.1365920991433
3332.61,94.466499230333
3332.7,93.0566807693462
3333.12,94.27503360215054
3333.1200000000003,91.0138248847926
3333.1200000000003,94.15802611367128
3333.65,93.39612736790006
3333.96,92.92852943646594
3334.36,93.94606461209946
3334.63,93.578597925407
3334.8900000000003,93.58329660048756
3335.22,93.732947151912
3335.2200000000003,94.57547028381936
3335.2200000000003,94.3116196232932
3335.95,94.06615806591826
3336.22,92.43395219739706
3336.45,93.06898050322948
3336.48,93.88037692418358
3337.29,93.920516347096
3337.46,93.45430357217764
3337.46,94.08652088714172
3337.46,94.2063725108316
3337.92,92.7703480011504
3338.08,94.09900301969996
3338.0800000000004,92.59814024828644
3339.0,94.01916741539384
3339.63,93.70199692780338
3340.16,94.01046656447596
3340.26,93.96573919395496
3340.38,93.70790149623694
3340.56,93.99322269320112
3341.21,93.99888064503578
3341.42,94.1396172884582
3341.66,93.76178306590135
3341.8,93.18929918008256
3342.08,93.35204423592494
3342.42,93.30664608277834
3342.78,93.8560120618168
3343.04,93.41796688044414
3344.69,93.20744224427378
3344.78,94.8732054126131
3344.9,95.4408203533738
3345.52,91.89602812118892
3346.76,93.7623253534762
3346.76,94.709510093344
3347.19,92.86595621999348
3347.2000000000003,93.55879541108986
3347.2000000000007,92.83879063097513
3347.62,92.42387128766109
3347.92,93.93593634256494
3348.62,93.4564089087445
3349.24,92.81210065567114
3349.73,94.14788654607985
3349.86,93.4755482318664
3350.4800000000005,93.94773286215704
3351.0600000000004,93.6808054764761
3351.1000000000004,93.68565545641728
3351.51,93.826364832568
3351.76,94.72038570780724
3352.12,93.51395534766058
3352.23,93.58546400455816
3352.99,92.87829668445178
3353.12,93.79622560480983
3353.4,93.7555913401324
3353.58,92.7367171798496
3354.09,93.45604918174526
3354.75,93.49131828005068
3354.82,94.25841028728811
3355.38,94.14432940531329
3355.4400000000005,93.48699425410676
3355.5200000000004,94.45927903871828
3357.26,95.265186491365
3357.9,92.73355370916347
3358.13,94.20123699797207
3358.54,93.49896085799186
3358.7200000000003,94.03284584603658
3358.7200000000003,94.05666444359755
3358.96,95.47300354871746
3359.16,94.1276985913145
3359.31,93.7990242043753
3361.92,93.33952027412906
3362.0399999999995,96.09046888198831
3362.45,94.52631265892433
3362.5600000000004,93.39610296916634
3362.93,93.7099493596358
3363.03,93.07380546709366
3363.2,95.27533301617508
3363.54,93.53835542315537
3363.57,93.47211444982564
3364.45,93.03452273031252
3364.74,93.9894315756938
3365.38,93.17224206478912
3365.76,94.92655447803764
3366.0399999999995,60.39441004860312
3367.0,94.6955746955747
3367.01,94.724993391763
3367.35,93.41470295633064
3368.23,92.81729573099224
3368.6400000000003,95.64987650802696
3369.24,92.92006505918248
3369.6000000000004,93.15645773979108
3369.87,93.9769189909403
3369.94,93.27762512092204
3370.8500000000004,93.7805004672412
3371.76,94.35724962630792
3372.29,95.38918657648068
3372.8,92.86942599620494
3372.8,94.458610056926
3373.12,94.3696044018594
3374.08,93.46844176783004
3374.74,95.05621173779312
3374.74,93.71684929802
3374.8,94.72857650823752
3374.9300000000003,94.08787737819748
3375.96,94.0799061600256
3376.1000000000004,93.655401202571
3376.17,94.26658017813084
3376.6400000000003,94.10242134192568
3376.75,95.22765973199084
3377.0,92.76280722534794
3377.42,93.81125237607404
3377.43,93.90276038289468
3377.4300000000003,94.98346375794613
3377.78,92.37724185707772
3378.7,93.30511735282802
3379.2000000000003,94.93371212121212
3379.7700000000004,93.3377123295372
3379.84,95.08734141261124
3379.84,94.49559742473016
3379.8900000000003,93.84624943415318
3380.49,93.87988131898038
3381.21,93.40443214115656
3381.6400000000003,94.72918465596574
3381.76,93.51343679031037
3381.76,94.19059897804694
3382.4,92.62949385052032
3383.34,92.88454604030336
3383.34,93.19489025637388
3383.73,92.72902979847684
3383.8,93.93285655180566
3384.6800000000003,93.3825354243237
3384.71,93.79828700243152
3384.99,94.49658640055068
3385.62,93.26799818054003
3385.62,93.9000832934588
3385.62,93.57517973074356
3386.01,93.53191514496412
3386.24,94.66546966546966
3386.25,94.36987818383167
3388.8,93.54048630783758
3389.05,92.5923193815376
3389.1000000000004,93.3817237614706
3389.3900000000003,93.43864235157358
3390.42,96.18572330271763
3390.66,92.41858517220837
3391.29,94.5097588233386
3391.29,92.9498804289813
3391.36,93.6939752783544
3391.74,96.05983949241391
3391.92,94.48925682209486
3393.7900000000004,94.9322144269386
3393.92,93.92089383367905
3393.92,93.89732227041296
3394.44,94.03612967087356
3394.5,95.12741198998378
3394.5600000000004,94.5601197209653
3394.5600000000004,93.22563159879334
3394.7699999999995,94.44527906161537
3394.86,93.055383727164
3395.6000000000004,94.2631640947108
3395.76,93.8493886493745
3397.55,93.65866580329944
3398.21,93.87000803364124
3398.27,93.53877119828618
3398.4000000000005,93.03201506591336
3398.8499999999995,93.12267384556544
3400.12,93.55258049715891
3400.15,94.11643603958647
3400.96,93.69707376740683
3401.54,95.92713888415248
3401.6400000000003,93.2579579261768
3402.0,92.97472075249853
3402.9,95.0512797907667
3403.29,95.57516403245094
3404.8,94.51950187969923
3405.87,93.91433025922892
3407.05,93.85832318281211
3407.67,94.33718640596068
3408.3,93.26350379954816
3408.6,93.86551663439536
3409.07,93.53284033475404
3409.61,91.93720102885666
3410.55,93.94672413540336
3410.61,95.4022887401374
3410.79,92.86998026850084
3411.2,94.09885084427768
3411.8500000000004,93.34232161437342
3411.8500000000004,94.95141931796532
3413.49,94.19098928076544
3414.08,94.32702221389071
3414.22,93.81059217039324
3414.32,93.03170177370605
3414.4,93.71485473289596
3414.45,93.5114000790757
3414.76,94.0241773946046
3414.84,93.42165372316124
3415.41,94.41911805610457
3415.92,59.85795920279163
3416.4,94.09319751785505
3417.46,93.89136961368968
3417.6000000000004,94.05138108614231
3417.9300000000003,93.38400727925966
3418.5200000000004,94.39757555901384
3420.71,94.57393348164562
3420.9,93.29416235493584
3421.17,94.36830090290748
3421.53,94.79384953514948
3421.6000000000004,93.30137947159224
3421.63,92.68681885534087
3422.0,94.0677966101695
3422.0999999999995,93.8780281113936
3422.25,94.94630725399956
3422.57,94.20114124765892
3422.8,94.83463830781815
3422.94,92.28616335664664
3423.36,92.66919050289772
3423.36,92.74221817162086
3423.47,93.68564643475771
3424.0,94.08878504672896
3424.08,94.16836055232356
3424.37,96.83533029433153
3424.38,60.06634777682384
3424.6400000000003,93.42003831059614
3424.85,94.15886827160314
3425.28,93.2332539237668
3426.19,94.64448848429303
3426.63,95.4582198836758
3426.8,94.22493288198902
3427.2,93.16643323996266
3428.19,94.2013132294301
3428.26,93.32139335989686
3429.21,93.8146103621534
3429.36,93.52765530594633
3429.4,93.62279115880328
3430.4000000000005,93.9482276119403
3431.04,93.71211061369148
3431.04,93.77040197724304
3431.34,93.93997680206566
3431.3500000000004,94.13496145831814
3432.0,92.98076923076924
3432.41,93.54943028367823
3432.57,93.5275901146954
3432.65,93.70894207099472
3432.96,93.98303504847128
3434.3700000000003,94.43944595369746
3434.41,94.05108883330762
3434.6000000000004,93.01810982356024
3434.88,94.34972983044533
3435.5200000000004,93.389064828614
3436.16,93.0340845595083
3436.31,93.92051357415367
3436.55,94.41154646374996
3438.05,94.2511016419191
3439.36,93.3603926311872
3439.53,94.10297337136176
3439.8,93.74963660677946
3439.8,93.74963660677946
3439.92,92.78704155910604
3440.66,93.08097864944516
3441.0099999999998,60.6333605540234
3441.1,93.4555810641946
3441.28,93.56402268923192
3441.69,92.21922950643436
3441.92,94.0289140944589
3441.99,93.81491520893437
3442.04,92.7037454532777
3442.4,93.99546827794562
3442.46,96.1056918598909
3442.76,94.55495009817706
3443.84,93.8603419438766
3443.84,94.04618100724772
3445.51,95.3850083151696
3446.21,95.66161087107284
3446.3,93.6801787424194
3446.95,93.76985450905872
3447.6800000000003,93.39033785038056
3449.14,92.5187148100686
3449.55,94.76308504007768
3449.68,94.5681918322859
3449.71,92.73823017007226
3449.82,94.34405273318607
3449.8300000000004,93.6973705950728
3450.24,93.22539881283622
3450.48,94.37817347151702
3450.8500000000004,94.2666299607343
3450.8500000000004,93.913093875422
3451.4700000000003,94.49307106826946
3451.56,93.40414189525896
3451.66,93.30003534531212
3452.15,94.35279463522733
3452.23,95.16167810371846
3452.53,94.15993488832828
3452.89,93.21466945080788
3454.08,94.05398832684824
3454.1,93.35572218522915
3454.7200000000003,93.15660892923304
3456.0,93.48090277777776
3456.09,92.90267325214332
3456.11,93.83671237315944
3456.7,93.97402146555964
3457.19,93.8826040801923
3457.28,93.84545075897816
3457.57,93.8202263439352
3457.92,93.08775217471776
3458.48,96.40651384423217
3459.0599999999995,94.14696478233972
3459.25,93.5838693358387
3459.7200000000003,93.10580046940214
3459.96,84.42005109885665
3460.38,93.69780197550558
3460.41,94.29518467464838
3460.6,93.77564584176154
3461.7,92.87055492965884
3461.7,93.24898171418668
3463.68,93.31693458980044
3463.9,93.7642541643812
3464.01,93.36578127661294
3464.05,93.57832594795109
3464.37,93.75153346784552
3465.0,94.87445887445888
3465.0,93.13419913419914
3465.66,93.01547180046514
3466.24,93.70961041358936
3466.32,93.69590805234373
3466.71,93.66229075982704
3467.6399999999994,93.14115652143823
3467.87,93.97987813845388
3468.0400000000004,95.03638943034105
3468.27,92.5648810502066
3468.4,93.39753200322916
3470.55,93.8698477186613
3470.94,94.24248186370264
3471.0999999999995,92.76022010313736
3471.56,93.839657099402
3471.9,93.7037357066736
3472.54,93.64902924084387
3472.95,94.21097337997956
3472.95,93.42489814134956
3473.66,93.48928795564332
3473.95,94.08022567970178
3474.76,94.32881695426444
3474.9,93.72643817088264
3475.29,94.27126944801728
3475.55,93.32911337773876
3475.55,93.49887068233804
3475.55,93.7405590482082
3475.84,93.51983980850672
3476.22,93.90947638526907
3477.34,94.5895425813984
3477.72,59.84668115892022
3477.76,92.5221981965403
3478.15,93.93211908629588
3478.8,94.25089111187764
3478.8,93.63573646084856
3478.84,94.26992905681205
3479.45,94.24765408326029
3479.67,95.88552937491198
3480.1800000000003,93.1216201460844
3480.32,93.68104082383228
3481.4,93.96507152295054
3481.4,93.31016257827312
3481.5,94.6976877782565
3481.99,94.33973101588458
3482.03,94.32141595563508
3482.4300000000003,96.11392045209809
3482.47,95.55861213449076
3482.58,94.5218774586657
3482.7,94.22000172280129
3483.15,93.45276545655511
3483.35,94.26844847632309
3483.48,93.45252448700728
3484.0,93.20608495981632
3484.0,92.03788748564868
3485.16,92.46347369991622
3485.34,93.17885772980542
3485.95,93.14534058147709
3486.6,93.01325073137154
3486.6000000000004,94.72838868812022
3486.68,93.36675576766436
3487.08,93.76039551716624
3487.41,92.69916643010144
3487.9,93.85016772269849
3487.9,93.16207460076264
3488.49,94.63980117472028
3488.6400000000003,95.01696936341956
3488.6900000000005,93.96363678056804
3488.76,92.77508341072472
3488.76,93.25089716690172
3489.08,94.52348470083804
3489.17,95.77922543183622
3489.41,94.31107264551888
3489.42,94.60024875194158
3489.85,92.73464475550526
3490.5,93.90058730840852
3491.65,93.98708347056548
3493.02,93.39482739864071
3493.1000000000004,93.95379462368668
3493.38,93.41096588404352
3493.75,94.66332737030412
3494.04,92.90105436686471
3494.1400000000003,60.78462797712741
3494.4400000000005,94.29550943784982
3494.85,93.9010257950985
3495.36,93.1921175501236
3495.3900000000003,94.84206340351147
3495.7,93.81239808908089
3496.09,92.85802138960952
3496.29,92.57527264614777
3497.84,94.54406147794067
3498.24,93.60707098426636
3498.3,94.0142354858074
3498.74,93.93953251742056
3498.95,92.90787236170851
3499.27,93.8738651204394
3499.41,93.85296378532382
3499.6800000000003,97.0031545741325
3500.44,94.12816674475208
3501.3,94.10504669694114
3502.18,94.6838826102599
3502.24,96.12990543195212
3503.1399999999994,93.36480985630035
3503.48,92.91047758228962
3503.5,92.07364064506922
3503.74,93.28317740471611
3504.0000000000005,93.6472602739726
3505.44,93.7628371901958
3506.13,94.2349542087715
3506.75,93.51393740643046
3506.75,94.1555571398018
3506.78,93.10820752941444
3507.32,94.00054742652507
3507.4,93.09745110338142
3508.79,93.86141661370444
3510.13,94.26431499688046
3511.4700000000003,93.37400006265182
3512.51,93.79617424576728
3512.5199999999995,95.07703870725292
3512.64,94.8745103398014
3513.84,94.00826446280992
3514.5,94.26945511452554
3514.92,94.175685364105
3515.25,93.56660265983928
3515.82,93.39215318190352
3515.85,92.78268413043789
3516.83,94.21552932612607
3517.15,93.6297854797208
3517.56,93.74680176031112
3517.8,93.62101313320824
3518.0,92.8538942581012
3518.46,93.10607481682328
3518.71,93.7360566798628
3519.1000000000004,93.7256684947856
3519.78,93.25298740262176
3519.78,92.9092159169039
3520.4,93.53482558800135
3520.44,93.9456431582416
3520.65,93.99968755769532
3521.0,93.73189434819656
3521.36,93.7081127746098
3522.42,92.49606804412876
3522.42,92.38818766643388
3522.86,93.95491163429716
3523.5300000000007,93.85190419834652
3523.76,94.55808568120418
3524.2,94.50371715566656
3524.4,93.40313244807628
3524.4,94.26852797639316
3524.87,94.55384170196348
3524.96,95.88761290908263
3525.81,94.23933791100484
3525.9000000000005,94.04974616409991
3526.38,93.50665555045116
3526.48,94.65812935278238
3526.59,94.96709285740616
3527.01,94.76298621211735
3527.1800000000003,93.41173401981186
3527.7,92.51353573149645
3528.8900000000003,93.29279178438544
3529.53,93.30137440395748
3530.34,94.02210551958169
3530.36,93.45789097995672
3530.85,93.04558392455075
3531.66,94.92136842164876
3531.66,93.02424355685427
3531.92,94.12444222972208
3532.32,92.61052226298864
3532.6000000000004,94.2167242257827
3532.9,92.78213365790144
3533.46,94.25322488439096
3533.69,94.64044667189256
3533.96,93.91730523265684
3534.19,94.81097507491108
3534.54,93.248343490242
3534.7,92.93575126601976
3535.54,93.75088388195296
3535.67,94.31592880557292
3536.0,94.1289592760181
3536.91,93.9690294635713
3537.6000000000004,93.4447082767978
3537.8,94.6746565662276
3538.46,92.40177930512144
3538.89,94.49573171248612
3538.92,94.13323838911307
3538.94,94.189220501054
3539.03,93.19785364916376
3539.23,93.40167211512107
3539.39,93.14316873811588
3539.66,93.79149409830325
3541.5,96.07510941691372
3541.62,93.82429509659424
3541.6800000000003,93.5770594745996
3543.01,94.6088213129514
3543.63,94.47092388313678
3543.65,94.8880391686538
3544.25,93.6784933342738
3546.18,93.07762155333344
3546.3100000000004,93.80454613386873
3546.3100000000004,93.567680208442
3546.84,94.3600500727408
3546.86,93.91123416204756
3546.95,94.17104836549711
3547.2200000000003,94.31611233585735
3547.65,93.39421870815892
3547.91,90.71537891321934
3548.2,93.54884166619696
3549.75,94.38129445735616
3550.33,93.2730196911273
3550.33,93.17725394540788
3551.2800000000007,60.61758014011848
3551.33,93.26646636612196
3551.51,93.36873611506093
3551.6400000000003,93.95096349855278
3551.9,92.88268250795348
3552.3,93.48591053683528
3553.01,92.72701174497116
3553.68,93.19634857387273
3554.3500000000004,94.83027839126704
3554.36,93.26854904961796
3554.96,93.93354636901682
3555.69,93.47271556294278
3555.84,93.92717332613393
3557.0300000000007,93.26601125095937
3557.11,93.72496211812398
3558.3300000000004,94.68486621533133
3558.37,93.19154556721196
3558.37,93.30957713784684
3558.44,92.63609896471488
3558.44,94.98544305931811
3558.48,93.61862368202156
3559.1500000000005,95.56495230602812
3559.57,93.59557474638792
3559.62,94.16454565374956
3560.65,94.49117436423126
3560.94,94.19703786078958
3561.0,94.22914911541702
3561.7200000000003,94.31959839628044
3562.12,93.36294116986514
3562.24,93.69946999640676
3562.3900000000003,93.4035857949298
3563.02,94.56584582741608
3563.06,93.98943604654426
3563.06,94.115731983183
3563.0600000000004,92.75454244385443
3564.4,94.15890472449782
3564.56,92.95396907332182
3565.92,94.8170458114596
3566.6000000000004,93.47557898278473
3566.7300000000005,95.3422322407359
3567.08,93.92276035300584
3567.1000000000004,94.34835020044294
3567.99,94.0109137077178
3569.76,93.94749226838778
3569.76,93.12110618080769
3570.7000000000003,96.2472344358249
3572.06,92.0057333863373
3572.07,92.59616972791687
3572.44,93.54950677968
3572.82,93.64031773221151
3573.7800000000007,93.53961351845945
3574.06,94.82493298937344
3574.08,92.92461276748142
3574.8900000000003,93.62525839955914
3575.12,94.62899147441205
3575.1200000000003,93.401060663698
3575.79,94.27287396631236
3576.12,94.8877554444482
3576.2700000000004,93.96941506094338
3576.46,92.62510974539067
3577.13,94.4024958556161
3577.24,93.8460936364348
3577.48,94.79857329740489
3578.3099999999995,93.93540526114283
3578.34,93.8899042572813
3578.34,93.6411855776701
3578.4700000000003,93.63778374556723
3578.4700000000003,94.88971543704432
3578.5199999999995,94.5251109397181
3579.52,93.1521544788128
3579.7200000000003,93.55200965438635
3580.4800000000005,93.09645634104923
3581.5600000000004,94.39462133818782
3582.06,93.32339491800808
3584.5,92.99762867903472
3585.17,95.38180895187676
3585.2400000000007,93.92955562249666
3585.4,94.7007307413399
3585.84,93.83854271244674
3585.84,91.92546237422752
3586.23,94.04025954832792
3586.51,94.08310586057198
3587.31,94.04539892008218
3587.6800000000003,93.514471747759
3587.84,93.93952907599002
3588.2,94.60175018114931
3588.5200000000004,94.26170120272424
3590.76,93.79351446490436
3590.86,92.71595105350808
3591.2,93.51470260637112
3591.9,93.24034633480886
3592.3899999999994,93.57280250752288
3593.2,93.37637760213735
3593.8,95.51171461962268
3594.73,96.57748982538328
3594.9000000000005,94.30582213691616
3595.84,93.3523182344042
3595.84,93.80283883598824
3595.9,94.16279651825693
3596.12,94.78827180405548
3596.5199999999995,92.4115533904997
3596.52,94.00197969147956
3596.56,92.90266254420892
3597.3,93.60909571067188
3597.66,94.14452727606276
3597.69,93.6378620726077
3597.9,93.32110397732008
3598.3500000000004,93.85690663776452
3598.4700000000003,94.07053553315714
3599.04,94.33348893038144
3599.7,96.1857932605495
3599.78,95.06136486118596
3600.1000000000004,94.55015138468376
3600.25,93.21297132143602
3600.55,94.03563344489037
3600.8,93.84303488113753
3601.06,91.67578435238514
3601.1100000000006,94.00712558072372
3601.28,94.09987559978676
3601.42,94.41275941156545
3601.8,93.80032206119162
3602.38,93.23280719968466
3602.49,92.56653037204823
3603.32,95.23161972847264
3603.73,94.1579974082409
3604.68,93.78086265632456
3605.940000000001,93.49295884013598
3606.400000000001,96.6420807453416
3606.64,94.07648115697714
3607.08,94.45035873892456
3607.32,92.49248749764368
3607.4,93.47175250873204
3607.78,93.31500257776251
3607.78,93.7501732367273
3608.76,93.37556390560744
3609.2,94.0928737670398
3609.28,93.48678960900789
3609.29,93.2787334905203
3609.44,92.50465446163396
3609.44,93.5186621747418
3610.12,93.9442456206442
3610.6,94.80695729241675
3610.8,93.41420183892764
3610.98,93.93571828146376
3611.11,93.5058749248846
3611.33,94.2699780967123
3611.46,94.2084364772142
3611.48,94.1746873857809
3612.150000000001,95.0763395761527
3612.84,94.0617353660832
3613.24,93.86035801662771
3614.2,93.6334458524708
3614.61,96.36170983868246
3614.82,94.38644247846366
3614.88,93.73478511043244
3615.26,93.78578580793636
3615.5,94.63144793251278
3615.56,93.9937381761055
3616.2,92.95946020684696
3616.980000000001,93.12465095189908
3617.6,93.01194161875276
3617.67,94.50281534800024
3617.67,94.63826164354404
3618.28,94.8710437003217
3618.3600000000006,92.50323350910357
3620.1,93.00571807408636
3620.11,93.66566209314084
3620.14,93.44666228377908
3620.4,92.98143851508122
3621.68,93.66095292792296
3621.81,93.17440727150236
3622.65,92.21150262929072
3623.04,93.44086733792616
3625.76,94.0630378182781
3625.9500000000007,93.55065569023289
3626.95,93.13334895711274
3627.33,92.99953409256946
3627.650000000001,94.44681818808316
3628.36,93.39481198117056
3629.38,94.49272327504973
3630.09,93.22358398827578
3630.17,93.7394116528978
3630.23,95.64407764797272
3630.26,92.85560813826008
3630.9,93.52777548266272
3631.400000000001,93.88114776670152
3631.47,93.03395043880302
3632.56,93.16845420309645
3632.82,94.77761078170678
3633.0,93.94715111478116
3633.02,93.39062267755202
3633.24,93.54460481553654
3633.25,94.00674327392832
3633.460000000001,93.72884248072084
3633.82,93.5819605814267
3634.92,93.39132635656355
3635.190000000001,93.86579518539608
3635.2,93.74449823943662
3635.28,93.4068352369006
3636.01,94.13065420612156
3636.07,93.68081472578912
3636.62,94.12311432044042
3637.44,93.32937450514648
3637.68,94.70046843042816
3638.0,92.63606377130291
3638.04,94.76256445778496
3638.55,93.70765827046488
3639.34,95.25078723065172
3640.79,93.49344510394722
3641.400000000001,93.44757510847477
3641.99,93.0809804529941
3642.1,95.07152466983334
3642.18,94.99805061803644
3642.75,93.8604076590488
3642.76,94.5601686633212
3643.41,93.96417092778468
3644.83,94.40495167127136
3645.43,94.47993789484369
3646.03,92.2729653897527
3647.7,93.71932998876004
3649.1,94.50823490723738
3651.12,93.34122132386776
3652.17,93.21581415980089
3652.74,94.34835219588584
3653.28,92.72489379406998
3653.49,93.81714470273629
3653.55,93.85939702481149
3654.24,94.0770173825474
3655.08,94.01435809886516
3655.150000000001,93.31491183672352
3655.64,92.7170071451237
3657.000000000001,92.616899097621
3657.5,95.30827067669172
3657.690000000001,94.1468522482769
3658.13,93.79929089452808
3659.07,93.89544337768886
3659.6,94.15783145698984
3661.14,93.45176638970376
3661.83,95.04537348811934
3661.83,93.13376098835828
3661.83,93.32219136333472
3661.87,93.7936081837968
3662.1,119.02733404330849
3662.18,93.30508058041931
3663.1,93.65564685648768
3664.31,92.90152852788113
3664.59,92.60517547665631
3664.84,92.6152301328298
3665.02,95.43467702768336
3665.2,93.4846665939103
3665.26,93.64683542231656
3665.79,93.26502609260214
3665.97,93.51685911232224
3666.44,94.9095034965798
3666.6,92.74532264222988
3666.71,93.49798593289351
3667.3,93.4065934065934
3668.0,93.85223555070884
3668.0,94.34569247546348
3668.57,95.91748283391075
3668.71,93.41158063733572
3669.12,94.93284493284492
3669.45,94.24845685320687
3669.51,93.94987341634167
3670.11,92.61030323341808
3670.8,93.58178053830228
3672.12,94.1227410868926
3673.1,94.40254825624132
3673.54,94.17074538456096
3673.56,94.02595847080217
3673.56,93.53597055717069
3673.77,93.76199381017318
3674.25,92.89514866979655
3674.440000000001,94.44704499188992
3674.59,93.53152324477016
3674.88,92.46832549634271
3674.940000000001,93.64778744686988
3675.0,93.03673469387756
3676.38,93.60838651064364
3678.12,93.52060291670745
3678.5,94.47872774228628
3678.57,94.08819187890948
3679.9,93.81776678714095
3679.93,94.72462791411796
3681.440000000001,93.37107218914336
3681.52,93.5401681913992
3682.08,94.53895624212402
3682.2,93.75916571614796
3684.1,93.83838658016882
3684.19,93.80352261962604
3684.81,93.3562381778165
3685.13,93.6683373449512
3685.52,94.85228678721047
3686.900000000001,93.49317855108626
3687.33,93.33582836361268
3687.3600000000006,92.41028811941334
3687.64,94.0194812942695
3687.8,91.29291176311078
3688.56,94.34847203244624
3689.16,93.3383209185831
3689.43,93.96573454436052
3689.7,94.09166056860992
3689.87,93.94639919563562
3690.58,93.09918766155998
3690.72,94.26886894698052
3691.26,95.19784572205695
3691.28,93.47976853557572
3691.8,93.95687740397636
3692.0,93.36944745395448
3692.66,93.9756164932596
3692.71,94.33180509706963
3692.8,93.40608752166378
3692.88,94.28142804531964
3693.9,93.69230352743712
3694.32,94.9322202732844
3694.4900000000007,94.01026934705465
3696.26,94.70924664390492
3697.4,93.24390111970574
3697.4,93.9552117704333
3698.12,92.67141141985658
3698.39,93.85164896076402
3698.6,93.66246687935974
3698.64,94.4941924599312
3699.5,94.86146776591433
3700.12,93.8645233127574
3700.6,93.7064259849754
3701.23,93.7228975232558
3701.23,92.81779300394734
3701.6,93.8540090771558
3701.94,94.2208679773308
3702.3,93.7147178780758
3702.65,95.12106194212254
3703.0,94.704293815825
3703.46,93.83387426892688
3703.7,93.01239301239302
3703.7,93.37959337959336
3703.92,93.55763623404394
3707.28,93.78843788437884
3707.28,94.3387065449602
3707.79,93.21995042869202
3707.9,94.21775128779096
3708.6,94.10019953621314
3708.62,93.95947818865238
3709.3,93.07146901032542
3709.88,93.69575296235996
3710.0,93.28301886792454
3710.7,93.0228797800954
3710.7,93.87716603336295
3710.88,94.69182511964816
3711.4,94.87255483106104
3711.62,93.74612702809016
3712.32,94.63893198862166
3713.04,93.36015771443346
3713.44,93.26392778663453
3713.94,94.37686123092996
3714.01,92.65457012770564
3714.480000000001,94.1208459865176
3715.17,93.56234035050886
3715.32,93.66084213472864
3715.43,93.81955789774
3716.14,93.57559187759344
3716.14,93.34147798522122
3716.3,93.57963565912333
3716.7199999999993,93.78161389612347
3716.75,93.0678684334432
3717.0,92.69303201506592
3717.41,93.43871136086683
3718.27,92.94645090324263
3718.4,93.16103700516352
3718.8,93.96310637840163
3718.98,94.04998144652563
3719.52,93.52550866778508
3719.69,93.87341418236468
3719.8,93.9620409699446
3721.2,93.26023863269911
3721.2,93.52896914973664
3721.56,93.42587517062736
3721.68,94.7340985791363
3721.9,93.97619495419006
3722.4,94.0199871050935
3722.9,92.41182948776492
3723.16,93.84769926621472
3723.190000000001,92.69470534675908
3723.24,92.88952632653282
3723.64,93.57241838631016
3723.95,93.68009774567328
3723.95,92.92820795123458
3724.7,93.82500604075496
3725.91,95.20358784833772
3725.98,93.75788383190464
3726.79,93.65432449909976
3726.8,93.17376838037995
3727.5,93.00871898054996
3728.08,93.94916418102616
3728.2,94.1178048387962
3728.58,93.42698829044838
3728.92,93.17443120260025
3729.11,93.47270528356631
3729.6,93.83580008580007
3729.6,93.1091806091806
3729.63,93.08161935634368
3729.9,91.55473337086784
3729.94,93.39292321056104
3730.3,94.44012545907836
3730.3,94.1345200117953
3730.89,94.4493137026286
3731.76,92.00216519819068
3731.76,94.6416704182477
3732.0,93.44319399785638
3732.48,93.774112654321
3733.2,93.91406835958428
3733.2,93.4694096217722
3734.99,92.61872187074128
3735.09,92.53056820585314
3735.68,93.45286534178516
3735.76,94.96595070347132
3736.08,94.38770047750585
3736.73,94.28029319752834
3737.44,93.43561368209257
3738.15,93.89403849497748
3738.48,95.03595043975092
3739.31,94.3783746199165
3739.77,93.84534343021096
3740.28,93.56518763301143
3740.97,93.56931491030402
3741.12,92.88662218800788
3741.2599999999993,93.505931156883
3741.32,93.22645483412272
3741.9,93.55407680590076
3742.3,94.0277369532106
3742.41,93.7925026921155
3742.56,92.96577743576589
3744.63,94.708956559126
3745.44,93.24939125977188
3745.7,93.81957978481992
3746.5,93.04684372080608
3746.67,93.51237231995346
3746.83,94.15425839976729
3746.99,93.99544701213507
3747.39,92.28022703801844
3748.32,92.8389251718103
3748.7999999999993,94.7556551429791
3749.04,94.90162815013976
3749.28,94.15941194042593
3749.34,93.36843284418056
3750.34,92.36762533530292
3751.2,94.09255704841118
3751.53,94.03896543543568
3751.64,93.27654039300144
3752.0,92.5453091684435
3752.64,92.50554276456042
3753.25,94.18770398987544
3753.77,93.84432184177508
3754.08,93.9830797425734
3754.19,93.4582426568714
3754.48,93.08079947156465
3755.52,93.46508605998638
3756.49,94.91839456513928
3757.01,94.55657557472566
3757.34,95.73794226766807
3759.0,94.20058526203778
3759.45,93.95257284975196
3759.45,93.5030390083656
3759.45,93.872773942997
3759.84,93.2486488786757
3760.56,93.29993405237518
3760.68,94.33932161204888
3760.87,93.89050937681974
3761.69,95.01580406678912
3761.96,92.26839200842116
3762.29,93.57332900972546
3762.57,93.14112428473092
3762.7,93.33457357748426
3763.44,93.55270709776164
3763.88,94.06250996312318
3764.42,93.62664102305268
3764.61,95.5105575345122
3764.72,93.05074480970696
3764.88,94.82639552920676
3765.13,94.0419055915732
3765.34,93.52409078595824
3765.34,94.03666069996336
3765.34,95.18131164781931
3765.6,94.56660293180369
3766.32,94.29363410437774
3767.26,93.0410961813095
3767.26,94.51431544411588
3767.26,94.53555103709328
3767.96,94.10662533572544
3767.98,93.82480798730354
3768.1,93.95716674185928
3768.14,93.39621139341956
3768.99,94.43909376251996
3768.99,92.80735687810264
3770.81,93.47063363044016
3770.96,93.99728451110592
3771.6,93.86997560716937
3771.78,95.12219694679963
3771.91,94.02398254465244
3772.08,94.39619520264682
3772.64,94.6552016624963
3772.64,94.08530896136394
3773.58,94.0221222287589
3774.1,94.11515328157708
3774.83,94.3327249174135
3775.07,93.57972170052476
3775.29,94.47751033695424
3775.55,94.741163539087
3775.56,93.76357414529237
3775.91,94.48318418606377
3776.29,94.74378291921435
3776.4,94.38618790382375
3777.77,93.26136847928804
3779.21,93.76562826622494
3780.04,92.90642427064265
3780.72,93.19653399352504
3780.75,92.9207167889969
3781.46,93.29465338784492
3782.13,93.14856972129462
3782.42,93.8684757377552
3783.59,95.11865714836966
3783.59,94.4843389479304
3783.64,94.75267203010856
3783.84,94.01560319675252
3784.52,94.26294483844715
3785.0099999999993,93.1331753416768
3785.78,94.06515962364426
3786.480000000001,93.68859732522024
3786.480000000001,92.63484819674208
3786.52,93.44464046142632
3787.85,92.36902200456726
3787.92,93.73218019387949
3788.08,93.27944499588182
3788.18,93.80230084103712
3788.4,94.6125013198184
3788.63,92.90165574363292
3788.7,94.24340802913927
3789.0,92.59435207178676
3789.43,94.5551177881634
3789.52,93.43927463108784
3790.8,93.95378284267171
3790.99,92.598503293335
3791.4,93.58020783879309
3792.5,94.06196440342782
3792.96,94.6727621699148
3793.3,92.97445496006117
3793.68,93.579321397693
3793.81,94.84924126405907
3793.81,93.7817128427623
3794.43,91.13621808809226
3795.12,94.63995868378338
3795.84,93.32321699544764
3795.84,93.28106558759065
3797.46,94.8291752908523
3798.42,94.09965196055202
3799.65,94.06655876199125
3800.63,92.4978227293896
3800.98,93.49430936232235
3801.6,93.95780723905725
3801.6,93.74473905723906
3801.81,95.20728284685453
3802.12,94.19744773968208
3802.32,94.13463359212273
3803.08,93.81606487373392
3803.28,94.36854504532928
3804.34,94.06625065057275
3804.48,94.25729666077886
3805.35,94.19632885279935
3805.38,94.29018915325145
3805.49,92.9788279564524
3805.92,93.0655400008408
3806.45,93.42563280747152
3806.56,93.29683493758142
3806.64,93.26335035621965
3808.08,94.21545765845256
3808.08,94.47805718367262
3808.17,93.64340352452751
3808.41,92.47953870512892
3809.52,94.72584472584472
3809.52,93.58134358134356
3809.57,93.62473980002991
3809.86,92.4758390072076
3810.43,93.14434328934004
3810.75,95.07839664108114
3810.96,93.70079979847596
3810.96,93.86873648634464
3810.960000000001,94.10752146440792
3811.0,94.32432432432432
3811.63,92.73460435561688
3812.25,94.30913502524756
3812.7,93.17543997691924
3813.12,93.92570913058074
3813.84,93.84504855998154
3814.190000000001,94.78552458057936
3814.56,93.51275114298896
3814.7,94.21186462893544
3815.58,95.8255363535819
3816.72,94.26418495462072
3816.75,93.16565140499117
3819.0,93.82822728462948
3819.6,94.4653890459734
3819.82,93.098627684027
3819.82,93.098627684027
3821.36,94.27795339878996
3821.76,94.0299757179938
3821.76,93.92531189818304
3822.0,94.23600209314496
3822.1,94.21260563564532
3822.48,94.07505075239112
3823.01,94.06462447129356
3823.03,94.414639696785
3823.55,93.57272691608584
3824.25,94.41851343400668
3824.64,93.56697623828649
3825.06,93.87565162376538
3825.8,93.65361493021068
3826.08,93.5971019947309
3826.08,93.75130682055786
3827.52,93.43648106345624
3828.24,92.7031743046413
3828.24,93.9883601864042
3828.73,93.37038652503573
3828.96,93.2550875433538
3829.85,93.41880230296226
3833.25,94.1420465662297
3833.96,94.77667998622832
3834.0,94.5696400625978
3834.6,92.5415949512335
3834.69,93.41302686788242
3835.97,94.11439609798823
3836.27,95.62152820317652
3837.64,93.49235467631148
3838.38,94.25330477962058
3839.12,94.24034674612932
3839.51,92.6993288206047
3839.56,93.52894602506537
3839.8,93.82259492681912
3839.8600000000006,93.2091274161037
3840.75,91.77374210766128
3840.96,92.95592768474548
3841.99,93.41513122105992
3842.25,94.79341531654627
3845.25,93.96268123008907
3845.3,94.70262398252412
3845.64,93.38107571171508
3846.0,93.12272490899636
3846.24,93.86829735013936
3846.37,93.80272828667027
3846.75,94.2197959316306
3847.5,93.51267056530214
3847.5,94.91358024691358
3847.68,93.49270209580838
3849.06,92.9733493372408
3849.24,92.3403061383546
3849.6,93.71882793017456
3850.5,93.70990780418128
3850.87,93.77361479354016
3851.27,93.92226460362426
3851.49,94.04931597901071
3852.000000000001,93.17497403946
3852.98,93.49646247839335
3853.51,93.92216446823804
3855.1,94.23620658348682
3855.51,95.15991399322009
3857.44,93.02801858227218
3858.05,93.409883231166
3858.3600000000006,93.43607128417251
3858.46,93.64876142295114
3859.920000000001,93.701423863707
3860.9699999999993,93.95566399117322
3861.32,93.67780966094496
3861.57,92.27852919926352
3861.75,94.31216417427332
3862.46,93.63462663691016
3862.53,94.02904314011802
3863.16,94.730738566355
3863.25,94.15388597683298
3864.67,93.03769791469904
3864.97,93.70577261919236
3865.02,93.9296562501617
3865.35,93.43009041872016
3866.08,93.17965484418326
3866.13,92.25504574341782
3866.35,93.34902427353964
3866.72,93.8237058799189
3866.81,93.33274714816606
3867.24,94.09553066269484
3867.36,93.97625253402838
3867.53,93.11886397778429
3867.82,92.7240667869756
3868.27,93.43711788473918
3869.92,94.83141770372514
3871.5,93.71561410306084
3871.92,93.42909977478874
3872.75,93.99780517719968
3873.38,93.87666585772632
3873.38,93.43002752118304
3874.11,93.33240408764854
3874.64,93.37899779076248
3876.12,94.37788303767684
3876.12,93.3717222377016
3876.3,93.17132316900135
3876.75,93.74605017089056
3877.03,92.74883093501984
3877.06,93.76434721154688
3877.5,93.09606705351386
3878.25,93.40810932766068
3879.54,94.31015017244312
3879.8200000000006,94.45025800165986
3879.95,94.0707998814418
3880.09,94.09317825101996
3880.5,94.32547352145345
3880.56,93.1489269589956
3881.18,93.18815411807748
3881.53,93.57392574577553
3881.62,94.18232593607824
3882.14,92.80963592245516
3882.76,93.22234699028526
3883.04,93.68948040710372
3883.6,93.85106602121743
3884.25,93.24580034755743
3884.26,93.00613244221547
3884.26,93.45666870909774
3884.96,94.3999423417487
3885.0,93.33590733590734
3885.0,92.988416988417
3885.12,93.4642945391648
3885.88,93.99157977086271
3886.73,93.17858456851904
3887.25,93.3667759984565
3887.25,93.31532574442086
3887.25,93.50054665894912
3887.88,93.92007983785508
3887.960000000001,93.24427206041214
3888.0,93.2716049382716
3888.71,93.50401547042593
3888.75,94.02250080360012
3890.17,92.25817894847783
3890.18,92.96227938038857
3890.71,94.73335201030146
3891.0,94.39475713184272
3891.66,94.319647656784
3891.66,93.36375736832096
3892.4,92.9041208508889
3892.51,94.08068315816786
3892.87,92.27125488392882
3893.14,93.27689217444016
3893.76,93.07456032215646
3893.82,93.96941820628588
3894.11,94.00093988099978
3894.51,94.50226087492392
3894.62,94.52526819047816
3897.42,94.33420057371286
3898.54,93.9120799068369
3899.06,93.64821264612496
3899.25,92.92043341668268
3900.39,94.89307479508462
3900.75,94.70742805870668
3901.5,93.52300397283096
3901.8399999999992,94.8193672728764
3902.17,93.46594330846682
3902.25,94.0713690819399
3902.45,93.38236236210584
3902.58,93.59705630634092
3902.76,92.66519078805769
3903.500000000001,93.80812091712563
3903.91,94.0902838436337
3904.39,95.1441838545842
3905.2,93.370377957595
3905.25,93.60476281928176
3905.64,94.1100562263803
3907.02,94.63222609559206
3907.16,94.24492470234136
3907.69,94.50340226578874
3908.71,92.8848648275262
3909.75,93.7016433275785
3911.25,93.95206136145733
3911.71,93.24822136610332
3912.0,93.200408997955
3912.03,93.96400334353264
3912.1,93.96999054216404
3912.48,93.74105426737006
3912.54,94.48593496807702
3913.12,93.90971909882651
3913.16,93.8602050516718
3913.2,94.3677808443218
3913.86,93.20977244970436
3913.98,93.16092570733628
3914.25,93.05486363926678
3914.28,93.70305650081242
3914.6,92.70168088693607
3914.68,93.16981209192066
3915.51,93.52549220918856
3915.52,93.6350727361883
3915.52,94.12287512258912
3915.75,94.64598097427056
3916.5,93.65760245116812
3917.18,93.23799263756072
3918.75,94.42041467304624
3918.75,94.75215311004784
3919.53,94.40672733720623
3920.84,93.87529202925904
3921.75,93.25683687129472
3922.000000000001,93.94696583375828
3922.5,93.84576163161248
3923.25,94.1209456445549
3923.36,92.4794054076098
3923.48,92.62440486506875
3923.49,95.90441163352016
3923.75,94.21344377190188
3923.8600000000006,94.23373922617012
3924.75,93.6136059621632
3925.1,93.03712007337394
3925.4,93.70764762826718
3925.4,94.65022672848627
3925.5,93.26455228633294
3925.5,93.25181505540696
3926.25,93.20089143584846
3926.47,93.93679309914504
3926.92,94.12975054240982
3926.92,93.91838896641642
3927.75,92.53898542422506
3929.6,93.12398208469055
3930.38,93.28614535999064
3930.88,93.25392787365678
3931.77,92.44945660605784
3932.13,94.11184269085712
3932.24,93.9413667527923
3933.74,93.4250865588473
3933.76,93.69153176604571
3934.34,94.38940203439458
3934.58,94.83096035663272
3935.25,94.25576519916142
3935.32,93.60611081182724
3935.45,93.7199049663952
3936.04,95.02190018394124
3936.05,94.20357973094852
3936.96,94.4053279687881
3937.37,93.16117103548817
3937.54,94.35840651777508
3937.56,94.47983014861995
3937.62,94.11522696451156
3938.25,94.01637783279376
3938.32,93.6820776371651
3939.02,94.38388228544156
3940.42,93.9443003537694
3940.500000000001,93.16330414921964
3940.78,92.54259309070792
3941.21,93.87218646050324
3941.25,93.47542023469713
3941.84,94.43051975727072
3942.53,92.74755043081473
3942.72,94.0771852934015
3942.88,94.7124944203222
3943.46,94.64531147773782
3943.5,93.27754532775452
3943.94,93.67789570835257
3944.71,94.13619759120444
3945.0,93.19645120405576
3945.16,93.83396364152532
3945.68,94.2651203341376
3947.25,93.49293812147698
3947.59,94.84774254671837
3948.0,93.36879432624112
3948.2,94.05045337115648
3948.37,93.86405022832209
3948.39,93.52926129384382
3948.75,93.5182019626464
3948.96,94.58946152911146
3949.5,94.43220660843144
3950.24,93.48292761958768
3950.25,94.65476868552622
3950.25,94.1813809252579
3950.48,94.33537190417368
3950.48,93.28739798708006
3950.63,92.91682592396656
3950.86,94.01750504953353
3951.24,93.4845769935514
3952.0,93.56275303643724
3952.5,94.53510436432636
3953.82,93.55256435548408
3953.95,93.48626057486815
3954.09,92.90633243047073
3954.24,93.86885975560412
3954.28,93.63777982338124
3954.75,92.69865351792149
3955.27,93.32106278458866
3955.49,93.60407939345062
3955.5,94.03615219314878
3956.56,93.86183957781503
3957.32,94.17989952796336
3957.75,93.06297770197712
3957.8,94.07499115670322
3958.07,93.97509392203776
3958.5,93.94972843248706
3958.72,94.62654595424785
3958.92,93.03294837986115
3959.29,94.44622646989738
3959.6,94.33781190019197
3960.25,92.6002146329146
3960.8,95.4680872551
3960.88,94.38306638928722
3961.12,93.99614250515008
3961.12,94.02643696732238
3961.5,93.87353275274518
3961.5,94.12596238798436
3961.650000000001,93.88512362273296
3962.13,93.45478315956316
3962.25,93.79266830714872
3962.51,94.87168486641043
3963.75,92.4175339009776
3964.5,94.1051835035944
3966.44,93.22465485422696
3966.75,94.53835003466313
3966.75,93.55265645679712
3966.97,93.20463729244236
3967.08,93.84988454984524
3967.5499999999993,93.5640382603874
3968.25,92.74617274617276
3968.29,93.55415052831322
3968.7199999999993,94.17394021246146
3969.0,93.4366339128244
3969.48,93.64702681459536
3969.5,94.7625645547298
3969.57,92.3374572056923
3970.24,94.613927621504
3970.66,94.2261488014587
3970.89,94.1577329011884
3971.25,94.48662259993704
3971.3,93.67209729811395
3971.63,92.68234956428468
3971.66,92.48777589219624
3973.2,94.0048323769254
3973.26,93.57051891897332
3973.28,93.68330447388556
3973.5,93.53466717000126
3973.97,94.08727292858276
3974.04,94.06296866664653
3974.25,94.18884066176008
3974.65,93.83467726718077
3975.38,93.5684135856195
3975.51,92.51894725456609
3977.5,93.42551854179762
3977.82,94.08922475124564
3978.59,93.6387011478941
3978.6,94.42014779068016
3979.05,93.82892901571984
3980.13,93.8436684228907
3980.25,93.40619307832424
3980.46,93.78313059294652
3981.9,94.38710163489792
3982.46,93.78625271816917
3982.5,93.88826114249844
3983.210000000001,94.19287459109611
3984.0,93.9859437751004
3984.75,93.1451157538114
3984.92,93.47991929574496
3984.95,93.85061293115348
3986.14,94.38454243955304
3987.72,93.72022107871165
3987.72,93.07574252956576
3987.75,93.00733496332518
3987.83,93.85806315715564
3988.44,93.47514316374324
3988.6,93.34102191245049
3988.6,94.45168730883016
3988.6,94.81522338665197
3988.71,93.84738424202313
3990.48,93.63785810228345
3991.08,94.49071429287312
3992.44,93.0909418801535
3992.56,94.32294066964552
3993.19,93.31637112183492
3993.45,94.24933328325132
3993.58,93.69538108664408
3994.56,93.55723784346712
3994.72,93.70368886930748
3994.76,93.77784898216665
3994.87,93.94047866388642
3995.5,92.99211613064698
3995.7,92.87233776309532
3995.94,94.14555774110724
3996.0,93.16566566566568
3998.36,93.92851068938263
3998.61,94.4178101890407
3998.61,92.9873130912992
3998.6100000000006,94.22524327203702
3999.12,93.06547440436896
4000.0,93.7
4000.73,93.0105255790818
4000.92,94.27331713705848
4001.4,93.56225321137602
4001.4,93.509771579947
4001.41,92.94973521833556
4001.56,94.70556482971642
4001.58,94.99247797120135
4001.62,93.747032451857
4002.24,93.65505317022468
4003.5,93.4132633945298
4004.77,93.4935089905288
4004.9699999999993,93.64614466525344
4005.75,92.8714972227423
4005.96,93.05135348330988
4006.08,93.4180046329579
4006.09,93.79220137340896
4006.72,93.09110694034024
4007.64,94.14019223283528
4007.85,92.52591788614843
4007.85,94.12527913968836
4008.13,93.88667533238691
4008.38,93.12989287442808
4009.0,92.50187079072089
4009.66,93.59397056109496
4009.98,93.0777709614512
4010.76,93.81264398767316
4010.76,93.3688378262474
4010.93,93.25767340741425
4010.93,93.89842256035382
4011.78,93.83365987167792
4011.86,93.333266863749
4011.86,93.7869217769314
4012.04,93.05739723432468
4012.04,92.90036988664122
4012.26,93.79252590809168
4012.47,94.71721906955068
4012.47,93.39384468918148
4013.24,93.22392879568628
4013.25,94.3823584376752
4013.45,93.21905094121018
4013.55,92.81309563852447
4013.72,92.9985150932302
4013.9500000000007,92.52731100287744
4014.01,92.99927005662666
4014.01,93.3904001235672
4014.32,93.37073277665957
4014.32,93.90133322704718
4014.52,94.307663182647
4015.84,93.64167895135265
4016.32,93.42383077045652
4016.6,93.94512771996216
4016.6,93.83309266543844
4017.36,93.79293864627516
4017.74,95.362069222996
4017.8600000000006,93.60206677186362
4017.94,93.69477891655924
4018.12,93.6905816650573
4019.34,93.40090661650918
4019.34,93.73678265585892
4020.54,95.14144866112512
4020.94,92.95587598919654
4021.71,94.05949210659148
4021.71,94.02716754813252
4023.72,92.63069994930063
4024.02,92.98661537467508
4024.02,93.57060849598165
4024.2,92.30654540032802
4024.5,94.56826935022984
4024.79,93.94278956169144
4024.79,94.04465823061577
4024.8,93.03567879149274
4026.18,93.96003159322235
4026.33,93.16921365114138
4026.33,93.79012649236402
4027.1,93.48911127113804
4027.14,94.64036512264288
4027.14,94.8588824823572
4027.87,93.62764935313204
4027.92,94.29432560726131
4028.0,94.08391261171796
4029.52,93.64142627409716
4030.18,94.38288116163544
4030.28,93.66842998501345
4030.8,92.4630346333234
4030.95,93.38741487738623
4031.25,92.86201550387597
4033.26,93.5471554028255
4033.32,93.9077484553668
4033.38,94.57080661876638
4033.38,93.84684805299771
4033.5,93.78207512086276
4034.03,94.1217591341661
4034.08,94.32138182683536
4034.53,92.73199108694196
4035.16,94.09787963798212
4035.35,93.0823844276209
4035.54,94.79276627167616
4035.57,93.4192691490917
4035.9500000000007,93.63594692699364
4036.65,95.23243283415704
4037.11,94.0573826326258
4037.690000000001,94.46490443793355
4037.88,93.70263603673214
4038.27,93.11413055590634
4038.31,93.59855979357702
4038.48,93.9363324815277
4038.480000000001,94.74109070739485
4038.65,94.19236626100306
4038.84,93.94776718067564
4039.4,93.62281526959453
4039.42,93.44410831257952
4039.42,93.39212065098454
4040.06,94.124839730103
4040.190000000001,95.0079080439286
4040.85,94.35886014081196
4041.64,95.00598766837226
4042.440000000001,93.4633538160121
4042.5,93.10575139146567
4042.5,94.47124304267162
4042.5,93.07606679035251
4043.2,92.11020973486347
4043.52,94.34106916745806
4043.57,93.6845411356796
4044.04,94.17809912859416
4044.35,92.9667313659797
4045.05,93.54396113768682
4045.05,93.54396113768682
4045.05,93.54396113768682
4045.05,93.54396113768682
4045.21,93.65892005606632
4045.27,93.48696131531396
4045.58,93.45260753711456
4045.5900000000006,94.47324123304637
4045.88,92.91427328541629
4046.01,92.4416894669069
4046.24,94.20103602356755
4046.64,94.01627028843684
4046.93,93.17927416584917
4048.55,93.19632955008582
4049.16,93.31565065346888
4049.6,94.80195574871593
4050.54,94.01215640383752
4050.64,94.24436632235894
4050.96,94.18261350395956
4050.97,93.92071528547484
4050.97,93.86147021577548
4052.05,94.00426944386174
4052.1,94.58305569951384
4052.1,94.44732360998
4052.62,93.45312415178329
4052.88,94.59199384141648
4052.91,93.37735108847716
4053.49,94.5062156314682
4054.44,93.73181006501515
4054.44,93.55915983465042
4054.44,94.0573790708458
4055.07,93.61120769801754
4055.59,94.30440453793406
4055.8600000000006,93.04808351373076
4056.07,93.73112396975398
4056.650000000001,94.13925283177004
4057.13,93.71895896853194
4057.88,93.888927223082
4058.230000000001,93.06273917446768
4058.34,94.393274097291
4058.4,93.94589000591368
4058.88,92.37277278461052
4059.02,94.01776783558591
4059.12,94.52295078736276
4059.43,93.48356789007325
4060.5,92.95406969585028
4060.6,92.30409299118357
4060.98,93.81479347349656
4061.39,93.62065696719596
4061.75,92.8417554009971
4061.93,93.97995534142636
4061.94,93.66952736869575
4062.12,93.15825234114207
4062.74,94.55441401615656
4063.53,93.29819147391552
4063.53,95.30137589731096
4063.57,94.29393365931928
4063.8,94.4805354594222
4064.06,93.12854633051678
4064.48,92.4374089674448
4064.49,94.6145764905314
4065.3400000000006,94.38324961749817
4065.51,93.79389055739622
4066.13,93.78942630953756
4066.14,95.4738400546956
4066.92,94.1326605883568
4067.54,92.6186343588508
4067.71,93.46290664772071
4068.23,93.89587117739164
4068.48,93.42063866603743
4068.48,93.25595799905616
4068.68,93.55859885761475
4069.04,93.40040894166684
4069.26,93.35849761381677
4069.57,93.66100103942186
4069.74,93.58337387646384
4069.74,93.58337387646384
4069.74,93.58337387646384
4069.74,93.58337387646384
4069.74,93.58337387646384
4069.74,93.58337387646384
4069.74,93.58337387646384
4069.74,93.58337387646384
4069.74,93.58337387646384
4069.74,93.58337387646384
4069.74,93.58337387646384
4069.74,93.58337387646384
4069.74,93.58337387646384
4069.74,93.58337387646384
4069.74,93.58337387646384
4069.74,93.58337387646384
4069.74,93.58337387646384
4069.74,93.58337387646384
4069.74,93.58337387646384
4069.74,93.58337387646384
4069.74,93.58337387646384
4069.74,93.58337387646384
4069.74,93.58337387646384
4069.74,93.58337387646384
4069.74,93.58337387646384
4069.74,93.58337387646384
4070.04,93.8958830871441
4070.22,93.28488386377148
4070.69,93.7703436026816
4070.87,93.44931181786694
4070.99,93.291803713593
4071.66,93.9346605561368
4071.66,93.7209884911805
4071.66,94.2981486666372
4072.16,92.21887155710976
4072.38,93.53252888974016
4072.45,94.04412577195546
4072.49,93.33110701315412
4073.24,93.28200646168652
4073.94,94.21346411581908
4074.82,93.15994326129744
4075.5,94.7245736719421
4075.88,94.53909339823548
4076.28,94.3531847665028
4076.43,94.25404091325008
4077.06,93.96722147822206
4077.15,93.22198104067792
4077.19,93.29464655804613
4077.84,94.35877817668178
4077.92,94.22450661121356
4078.45,94.05779156297125
4078.62,93.97296144284095
4078.62,93.57576827456346
4079.4,93.4892386135216
4079.460000000001,94.52476553269304
4079.5300000000007,93.39801398690534
4079.56,94.08367569051563
4080.26,93.27101704303156
4080.3600000000006,92.98689331333507
4080.44,93.7668486731823
4080.67,94.39871393668196
4080.77,94.49932243179596
4081.6,95.43316346530771
4082.12,94.49746700243992
4082.72,93.25155778500609
4083.07,94.62977612433782
4083.3,94.49219993632602
4083.3,94.08566600543678
4084.83,93.08343309268685
4084.85,94.0866861696268
4085.09,94.45079545371094
4085.62,92.74724521614834
4085.64,92.3502804946104
4085.78,93.3383588935283
4085.88,94.4986147415
4085.97,93.3242290080446
4086.4,93.2263116679718
4086.42,93.35310614180628
4086.42,94.08724507025713
4086.6,93.97543189937846
4086.71,93.36116338081244
4087.2,94.98189469563516
4088.0,93.81849315068492
4088.0,93.80381604696672
4088.250000000001,94.28484070201183
4088.3600000000006,93.58031093152265
4088.76,93.64208219606924
4088.8,93.96644492271572
4089.6,94.47378716744916
4089.6,94.44199921752738
4089.83,94.14572243834095
4090.32,92.94627315222284
4090.4,93.4285155486016
4090.52,93.82425706267176
4091.41,94.35866852747588
4091.7,94.88965466676444
4091.88,93.4973655141402
4091.88,94.25740735309932
4092.2,95.02468110063046
4092.25,93.80658561915816
4092.66,93.4062443496406
4092.8,94.346168881939
4093.44,93.07330753595996
4093.44,93.33225844277676
4093.49,93.9271868259114
4093.78,93.90831945048342
4093.78,93.43442979349156
4094.4,94.29708870652598
4094.76,93.8443278726958
4095.36,92.63166119706204
4095.3600000000006,94.93670886075948
4095.42,94.64963300467352
4095.6,93.9373962301006
4096.15,94.04929018712694
4096.150000000001,93.63670764010106
4096.45,94.38904417239316
4096.8,93.9538176137473
4096.9400000000005,94.1776057252486
4097.34,92.62594756598185
4097.6,93.72315501757126
4098.12,94.22613295852732
4098.23,93.39885755557889
4098.52,93.46056625318408
4099.200000000001,94.31352459016392
4099.31,93.3205832201029
4099.31,93.69869563414332
4099.679999999999,94.43907817195488
4100.1,93.5538157605912
4100.1,93.43186751542645
4100.8,94.2401482637534
4101.24,93.52293452711862
4101.24,94.3885263968946
4101.610000000001,92.67336484941278
4101.860000000001,94.11584013106248
4102.21,94.0590559722686
4102.24,93.83653808650884
4102.38,92.44146081055388
4102.700000000001,93.42384283520607
4103.26,93.91069539829306
4103.459999999999,94.46418388384438
4103.459999999999,94.02309270713008
4103.5,93.09613744364566
4103.52,92.6984637579444
4104.0,93.77680311890838
4104.44,92.36095545311908
4104.63,94.36904178939392
4104.84,93.794155192407
4104.84,93.74055992438196
4105.6,94.48801636788777
4105.889999999999,93.53879426872128
4105.92,94.29068272153378
4105.92,93.90830800405269
4106.43,93.75540311170528
4106.7,94.51140818662186
4107.210000000001,93.28960535253856
4107.360000000001,93.40306182073157
4107.4800000000005,94.0747124757759
4107.68,93.21806956724964
4108.790000000001,94.45116445474213
4109.03,93.73988508236738
4109.04,94.32616864279734
4109.09,93.48785254156029
4109.56,93.90543026504052
4109.6,94.19651547595872
4109.6,93.734183375511
4109.83,93.33476080519146
4110.05,92.9234437537256
4110.37,93.9891056036318
4110.56,94.34237670779648
4110.599999999999,93.20537147861629
4111.1900000000005,93.2236165197911
4111.379999999999,93.86142852278311
4111.799999999999,94.78573860596336
4112.0,93.59192607003892
4112.05,94.3908755973298
4112.74,93.99816180940202
4112.74,94.15377582827992
4112.799999999999,93.88737599688778
4112.96,92.4492336419513
4113.18,93.55535133400431
4113.29,93.17602211368516
4113.549999999999,94.25192352104632
4113.72,94.08029715196948
4113.98,92.52597241600591
4114.09,93.50062832850034
4114.4,93.08526152051331
4115.110000000001,93.80551188182088
4115.2,93.54344867807154
4115.460000000001,93.32371107968488
4115.61,93.96662949113257
4115.9,93.08778153016353
4116.4,94.1380818190652
4116.6900000000005,92.55251184811095
4116.74,91.39513304216445
4117.46,92.92379282373112
4117.6,93.30920924810567
4117.6,94.04507480085483
4118.27,94.2337437807623
4119.18,93.8609140654208
4119.85,93.31893151449688
4121.28,93.91014442115072
4121.43,94.22215104951437
4121.43,94.4380955153915
4121.6,94.38567546583847
4122.17,93.29066972007462
4122.22,93.07363508012672
4122.9,93.65252613451696
4123.2,93.441986806364
4123.33,94.1399305900813
4123.76,93.53114633247328
4123.8,93.48416509045056
4124.26,94.15507266758158
4124.94,92.61952901133108
4125.33,93.83734149752868
4125.42,94.39038934217608
4125.87,93.38878830404256
4126.17,92.23080968549526
4126.18,94.79712470129756
4126.2,93.95085066162572
4126.24,93.49674279731668
4126.4,93.9632609538581
4127.75,93.44073647871116
4128.0,93.6531007751938
4128.54,93.357458084456
4128.540000000001,93.97753200889416
4129.16,94.12568173672126
4129.32,94.11476950200034
4130.12,92.79633521544169
4130.120000000001,94.8858628804974
4130.120000000001,93.60018595101351
4130.120000000001,93.51786388773206
4133.24,94.0618013955154
4133.619999999999,94.14750267320171
4134.76,93.74667453491858
4134.78,93.17061609081983
4134.78,94.3121520371096
4134.790000000001,93.73873884768028
4134.860000000001,94.112013465994
4135.650000000001,93.77969605745166
4136.4400000000005,93.31695854406205
4136.4400000000005,93.76903811006564
4136.58,92.08089774644756
4137.6,93.89501160092809
4137.73,94.11198894079604
4138.02,93.53023909985934
4138.02,93.2595782524009
4138.68,94.1846192505823
4138.81,93.56312563273018
4139.2,93.98192887514496
4139.47,94.04827188021652
4139.6,94.1202048507102
4139.6,94.30379746835442
4139.83,93.18981697316072
4139.85,93.94060171262242
4140.62,93.35075423487304
4140.6900000000005,93.45302352989476
4140.72,93.46683668540736
4140.8,93.7403400309119
4141.18,94.3233571107752
4141.42,93.40998981025832
4141.87,94.02274817896264
4142.34,94.12795666217644
4142.76,94.52152671166084
4144.139999999999,93.09048439483225
4144.34,93.87501990666787
4144.77,93.4768394868714
4145.09,93.8700969098379
4145.31,94.09911442087562
4145.370000000001,93.90235371028398
4145.58,93.34520139522094
4145.6,94.03463913546892
4145.6,93.46777306059435
4145.92,94.30235026242669
4146.39,93.3920832338492
4146.4,93.79944047848736
4146.4,93.8259695157245
4147.2,94.311824845679
4147.81,93.0032957150882
4147.969999999999,94.23404701576918
4148.05,92.88219765914104
4148.29,93.74947267428266
4148.29,93.26975693599049
4149.27,94.5202409098468
4149.63,94.1674317951239
4149.63,93.86379026563812
4149.87,94.49211662052063
4149.870000000001,93.23183617800072
4149.870000000001,93.59570299792522
4150.4400000000005,94.63574946270757
4150.66,93.79472180327949
4150.66,92.6382792134263
4151.2,93.51271921372134
4151.45,93.7937347191945
4151.66,93.95518900873384
4151.93,93.3252728249272
4152.0,93.32369942196532
4152.05,93.3587023277658
4152.240000000001,92.93778779646648
4152.48,94.09076022039842
4152.59,92.9612603218714
4152.799999999999,94.07628587940668
4152.849999999999,94.14498476949564
4152.87,93.73276794120692
4153.32,94.23063958471776
4153.59,93.1435216282782
4153.6,94.36874036979968
4154.4,93.75601771615636
4154.610000000001,94.220636834745
4155.16,94.07820637472445
4156.110000000001,94.2179104980378
4156.49,93.93983866194796
4156.58,93.74293289194482
4156.77,91.38585969394504
4156.9,93.41336091799178
4157.36,92.4889833933073
4157.73,93.67852169332788
4157.77,93.76661046666842
4158.4,93.15602154674876
4158.49,93.39688204131788
4158.61,93.5096101822484
4158.78,93.10663223349157
4159.299999999999,94.09996874474072
4159.349999999999,93.72377895584648
4159.35,93.67809874138987
4159.93,93.47993836434748
4160.29,93.11850856550863
4162.26,93.6270199362846
4162.4,95.36805689025564
4162.589999999999,93.55473395169837
4162.589999999999,93.3337177094069
4162.88,93.8556960565762
4163.4,93.12340875246193
4163.4,93.7839265984532
4163.639999999999,94.21563823961728
4163.76,94.94303225930408
4164.0,93.85206532180597
4164.78,94.28349156498062
4165.02,93.855491690316
4165.75,94.75124527396028
4165.77,93.83379303226052
4165.83,93.64280347493778
4166.42,93.96076247713864
4167.0,93.87568994480442
4167.16,93.46173413067892
4168.06,95.40889526542324
4168.06,94.20209881815522
4168.26,93.63859260218892
4168.26,93.6913724191869
4168.8,94.07743235463442
4169.6,94.13612816577128
4169.879999999999,94.74373363262254
4169.88,93.79646416683453
4171.280000000001,92.8132371837901
4172.0,92.86193672099712
4172.31,93.59803082704784
4172.7,93.4095429817624
4172.780000000001,94.07157818049356
4172.98,94.93695153104017
4173.77,95.03877789145066
4174.29,93.06971964094492
4174.619999999999,93.55582064954416
4174.74,92.88722171919687
4175.2,92.99195248131826
4175.2,94.0481893082966
4175.44,93.33148123311555
4175.44,94.39723717739928
4175.55,92.54110236974768
4175.85,94.05989199803632
4175.93,94.74057275864298
4176.36,94.64940761811722
4177.17,94.00144116710597
4177.6,93.15635771734966
4178.31,93.66705677654362
4178.66,93.08725763761588
4179.2,93.33365237366004
4180.41,93.7946277996656
4180.68,93.2527722762804
4180.710000000001,94.24954134584794
4180.710000000001,94.51983036374202
4181.19,94.51137116466845
4181.22,94.3791524961614
4181.42,94.4822572236226
4181.509999999999,93.87517906210915
4181.6,93.44748421656782
4181.87,94.0560084364172
4182.03,92.09642207253415
4182.370000000001,94.72858690168492
4182.82,94.1494015998776
4182.84,95.31562287823584
4183.2,93.2611397972844
4183.64,94.29109579218095
4184.0,93.81931166347992
4184.04,93.63677211498934
4184.459999999999,93.80182867084405
4184.46,93.88308168795972
4184.700000000001,94.2003010968528
4184.8,93.69623398967693
4185.27,93.61642140172556
4185.6,93.45135703363914
4186.24,93.39407200733832
4186.4,93.96856487674376
4186.889999999999,92.68454628614558
4186.92,93.19977453593572
4187.0,93.22187723907332
4187.05,93.34017984022162
4187.91,93.1634156416924
4188.0,94.2836676217765
4188.56,94.22331302404646
4188.8,93.74283804430864
4188.94,92.7513881793485
4190.2,95.20070641019522
4190.670000000001,93.45522315047472
4190.9400000000005,93.08890129660648
4191.02,93.77669397903136
4191.15,93.06276320341674
4191.24,93.53556465389718
4191.74,94.04447794949114
4192.0,93.46612595419847
4192.0,93.85973282442748
4192.33,94.53215753530851
4192.4400000000005,94.9470952476362
4192.66,93.7781742378347
4193.48,93.69545103350916
4193.48,93.495140074592
4193.81,93.22549185585422
4193.990000000001,93.82235055400704
4194.299999999999,93.045323415111
4195.2,94.79405034324944
4195.2,93.80482456140352
4195.2,93.56884057971016
4195.45,93.84452204173569
4196.0,93.71544327931365
4196.01,92.84534593578184
4196.61,93.2061830858717
4197.42,94.19119363799668
4197.42,93.22393279681329
4197.58,95.59555744023938
4197.6,94.11806746712404
4197.6,93.5868115113398
4198.4,93.87147484756098
4198.65,93.9397187191121
4198.96,93.24213614799856
4199.219999999999,94.64614857044882
4199.4,93.26094203933896
4200.0,93.47142857142858
4200.04,93.96577175455472
4200.08,94.28868021561496
4200.18,93.2650505454528
4200.34,93.1805520505483
4200.66,94.11616269824266
4200.799999999999,93.45124738145115
4201.039999999999,94.39329308933029
4201.78,93.3175939720785
4202.28,92.64256546446217
4202.4,93.805920426423
4202.47,94.29216627364384
4203.09,93.91186008389066
4203.2,93.98791397030834
4203.2,93.77379139703083
4203.28,94.33823109571574
4203.51,93.15548196626152
4204.0,93.40152235965746
4204.709999999999,93.44282958872314
4204.709999999999,93.7805461018715
4204.71,93.95416092905336
4204.9400000000005,93.04532288213386
4205.78,94.71251468217548
4205.869999999999,92.7299227032695
4206.36,94.29530520449984
4206.54,94.23659349489128
4206.6,93.43888175723862
4206.81,95.2931080795187
4207.2,91.97090701654308
4207.42,94.0600177781158
4207.42,94.02911998326763
4208.0,93.17252851711028
4208.28,93.09979373996028
4208.8,93.5611100551226
4208.88,95.2248579194465
4208.93,94.33989161140715
4209.15,93.45354762838105
4209.6,93.05159635119723
4209.76,93.25472235946944
4210.07,95.01742251316487
4210.3,94.45170177897062
4211.77,94.44485335144132
4212.18,93.86113603882076
4212.25,93.8666983203751
4212.339999999999,93.97864369922657
4212.69,93.77381198236758
4213.09,93.47533520527688
4213.16,93.87490624614304
4213.18,94.27083580573344
4213.4400000000005,94.38131313131312
4214.44,93.99588082876969
4214.8,94.502704754674
4215.24,93.89975422514496
4215.570000000001,94.40478986234363
4215.619999999999,93.09662635626552
4216.0,93.61480075901328
4216.049999999999,93.1227096452841
4216.400000000001,95.05976662555732
4217.96,93.265464821857
4218.48,93.83474616449529
4218.67,93.05065340498308
4220.54,94.18936913285978
4220.55,94.09674094608522
4220.72,93.65226785951212
4220.799999999999,92.97526535253982
4221.38,93.08330451179472
4221.719999999999,92.70865902996884
4222.179999999999,93.56540933830392
4222.509999999999,93.24548668919674
4222.960000000001,93.574175459867
4223.04,94.01757975297416
4223.34,94.87988179971302
4223.82,93.89367918140452
4224.040000000001,95.16481851497616
4224.05,93.8104425847232
4224.639999999999,93.31209286471748
4224.81,94.47052056778884
4225.71,94.62788501813895
4225.71,93.62450333790062
4225.76,93.37965241755327
4226.099999999999,93.31534984974328
4226.15,93.8064195544408
4226.17,93.38242427540776
4227.1,94.18513874760474
4227.29,93.69596124230893
4227.389999999999,92.60560298434731
4227.389999999999,92.73807242766814
4228.02,94.19302652305332
4228.199999999999,93.794049477319
4228.85,93.12460834505832
4229.25,92.6168942483892
4229.299999999999,93.79093467003996
4229.68,93.76123016398404
4229.82,94.05837600654402
4229.82,92.46965591916442
4230.24,94.6211089678127
4230.4,93.74527231467476
4231.2,93.69918699186992
4232.02,93.88188146558856
4233.0,94.50271674935034
4233.6,94.34760015117158
4233.87,94.06051673764192
4233.87,93.72512618479074
4234.04,93.3600060462348
4234.22,93.9984223776752
4234.32,93.6183377732434
4234.679999999999,93.25143812519484
4235.1900000000005,92.70186225411372
4236.3,93.4683568208106
4237.9800000000005,94.18638124766989
4237.9800000000005,94.06840051156443
4238.73,93.70967247265102
4238.73,94.0635520545069
4239.3,93.91408959026252
4240.32,93.72641687419818
4240.32,93.22881291977964
4240.349999999999,93.81772731024564
4240.999999999999,92.6173072388588
4241.04,94.08777092411296
4241.16,92.75999962274471
4241.3,94.02305896776932
4241.7,93.2031968314591
4241.969999999999,94.4655431320825
4241.969999999999,93.64516957922854
4241.969999999999,93.8266890147738
4241.969999999999,93.59566427862528
4242.13,94.77550192945526
4242.13,93.50962841779956
4242.85,94.2809668029744
4242.880000000001,92.60455162531107
4242.960000000001,93.72937760431395
4243.2,94.92364253393666
4243.4,92.86892586133762
4243.499999999999,94.10392364793216
4243.79,93.06068396409812
4244.4,94.1570068796532
4244.4,93.29469418527944
4245.02,94.11263080032604
4245.450000000001,94.18318435030444
4246.02,93.81962402438047
4246.02,93.61708140800089
4246.56,95.20882785124904
4246.83,94.46339975934993
4247.110000000001,93.44707342169146
4247.6,93.153780958659
4247.639999999999,93.7626540855628
4247.9400000000005,94.6105641793434
4247.9400000000005,94.5164008907847
4248.27,94.09712659506106
4248.28,94.91370625288351
4248.42,92.68151453952292
4249.6,94.37594126506022
4249.91,93.48197961839192
4250.15,92.89083914685364
4250.43,93.83050656051267
4250.43,93.56700380902636
4250.58,93.89777395084906
4250.639999999999,93.94585285980466
4251.7,93.36030293764848
4252.09,94.89451069944428
4252.24,94.15978401971668
4252.52,93.77733673210238
4252.92,94.10945891293512
4252.92,93.3734939759036
4253.29,93.1913883135173
4253.31,94.157256348585
4253.959999999999,93.7267863355556
4254.12,93.34480456592668
4254.58,94.28427717894598
4254.93,94.20601514008456
4254.98,93.64321336410512
4256.24,94.9406048531098
4256.25,94.19794419970631
4256.55,93.65096145939788
4257.1,93.1385215287402
4257.12,92.91257939639944
4257.44,94.47931151114288
4257.900000000001,93.9195378003241
4257.960000000001,96.1375870134994
4258.17,93.0517100068809
4258.719999999999,93.96015704249166
4258.78,93.55965793020536
4258.8,94.3552174321405
4259.08,93.10696206692526
4259.08,93.86768973581148
4259.71,93.99935676372336
4259.719999999999,93.22913243123962
4259.79,93.00693226661409
4260.39,93.87872941209606
4260.39,92.66991988996313
4260.719999999999,93.23306858934642
4261.41,94.58841087808966
4261.530000000001,93.96155840742642
4261.539999999999,93.7970780515964
4262.05,93.46206637650896
4262.050000000001,93.4691052427822
4262.07,94.63007411891404
4262.150000000001,93.11966965029386
4263.6,93.50314288394785
4263.67,92.63381077803864
4263.71,94.10349202924216
4263.999999999999,93.49437148217638
4264.0,93.09568480300187
4264.33,93.81544111267186
4264.54,93.38639102927866
4264.65,93.0721161173836
4264.950000000001,92.98819446886831
4265.370000000001,93.956679021984
4265.639999999999,93.8804024718448
4266.24,92.33657740774078
4266.360000000001,93.78955362416671
4266.459999999999,93.77563600736912
4267.030000000001,93.84044639948628
4267.2,94.4506936632921
4267.279999999999,93.99664423239162
4267.279999999999,93.89119064134532
4267.28,93.63107178343114
4267.28,93.64278884910294
4267.900000000001,93.36207502518802
4268.04,94.74606610997084
4268.099999999999,93.84503643307328
4268.099999999999,93.29209718610156
4268.099999999999,93.20775052130924
4268.1,94.06996087251936
4268.349999999999,93.70599880515891
4268.92,93.19921666369947
4269.04,93.9157281262298
4269.44,94.77589566781592
4269.51,93.35263297193352
4269.52,94.19560044220428
4269.72,94.63618223209016
4269.78,93.14999836057127
4270.52,93.37504566188662
4270.54,93.91786518800902
4270.56,94.1984189427148
4270.56,93.22430781911504
4270.68,93.9639589011586
4271.08,92.8547346338631
4272.24,93.6066325861843
4272.48,94.6359023330712
4272.48,94.58206943040108
4272.84,93.19562632815644
4272.84,94.510910775971
4273.02,93.7018782968486
4274.5,94.18645455608842
4275.48,93.81636681729304
4275.5,94.17611975207578
4275.6,94.28852090934603
4275.99,94.89732202367172
4275.99,92.96560562583169
4276.280000000001,93.82921604759277
4276.299999999999,93.43357575474126
4276.4400000000005,94.64414325934656
4276.639999999999,94.60464289722776
4276.799999999999,93.56995884773664
4276.99,93.66166392720116
4276.990000000001,93.5424211887332
4277.119999999999,93.62842286398326
4277.280000000001,93.96158306213292
4277.36,94.2614135822096
4277.8,93.34938519799896
4277.94,93.06348382632764
4278.5,94.83463830781815
4278.650000000001,94.21429656550546
4278.759999999999,93.50372537838068
4278.759999999999,93.84260860623174
4279.36,94.30148433410604
4279.58,92.45767107987233
4279.8,92.57441936539092
4279.8,93.79176597037244
4280.31,93.85067903960226
4280.54,94.78477014582272
4280.6,94.3886371069476
4281.01,93.57838454009683
4281.29,93.6820444305338
4281.97,93.45698358465846
4281.970000000001,93.7745944039776
4281.9800000000005,93.80707056081532
4282.3,94.29512178035168
4282.32,93.56143398905267
4282.98,94.24512839191404
4283.16,94.1127578703574
4283.16,92.7539480196864
4283.68,93.40333544989356
4284.0,94.2717086834734
4284.0,94.04761904761904
4284.0,93.8001867413632
4284.02,93.67136474619632
4284.129999999999,93.51490267568914
4284.52,95.40158524175403
4284.84,93.58575816133158
4284.84,94.64764145218956
4285.29,93.2842351392788
4285.59,93.2240368304014
4285.68,93.70508297399712
4285.89,92.566538105271
4286.139999999999,92.87844074155302
4286.24,94.67971928776736
4286.370000000001,94.7958295714089
4286.52,94.67353470880806
4286.68,94.14745210745843
4286.96,93.53947785843582
4287.1,93.87231461827342
4287.3,94.59100132950807
4287.360000000001,93.83863263173606
4287.51,93.53214336526328
4287.78,93.05747962815256
4287.78,93.39331775417584
4288.1,94.75058883887968
4289.04,93.76690354951224
4289.419999999999,93.82620494146065
4289.68,94.57581917532308
4289.780000000001,94.27056865387034
4289.88,93.12148591568996
4290.27,93.97310658769726
4290.53,93.2961662079044
4290.599999999999,93.50207430196244
4290.8,95.19203878064695
4291.06,93.8719104370482
4291.06,93.26366911672174
4291.06,93.7297544196539
4291.1,94.4466453823029
4291.1,93.50283144182144
4291.28,94.13974385265004
4291.56,93.21785085143864
4292.26,94.039037709738
4292.32,92.63521825027026
4292.4,93.9311340974746
4292.4,93.25552138663686
4292.400000000001,94.07091603764792
4292.5,92.81770529994176
4293.17,93.5346142826862
4293.24,92.88555962396698
4293.35,95.54776573072309
4293.59,94.11937329833542
4293.780000000001,94.3713930383019
4293.98,94.68371999869586
4294.08,94.09233176838812
4294.2,95.3402263518234
4294.200000000001,94.88146802664058
4294.42,93.38397269014207
4294.57,93.68807587255536
4295.16,94.13153409884616
4295.76,94.17425554500252
4295.76,94.56068309216528
4296.24,93.5585535258738
4296.530000000001,94.0852269156738
4296.79,94.20055436733004
4296.799999999999,93.6650530627444
4296.91,94.00243430744418
4297.49,95.5278546314244
4297.62,93.52385739083492
4297.740000000001,93.63293265762934
4297.84,94.39625486290788
4298.28,93.50717030998446
4298.280000000001,93.94920759001272
4298.57,93.25892099000366
4298.990000000001,93.08000251221796
4299.12,94.55190829751206
4299.120000000001,93.8913079886116
4299.31,95.34553219004913
4299.5,92.43632980579136
4300.29,93.59136244299803
4300.38,94.26376273724648
4300.9,94.34304447906251
4300.9,93.5920388755842
4301.37,93.42604798006217
4301.75,94.61033300401
4301.89,94.19580695926672
4302.7,94.94735863527552
4302.9800000000005,93.36320410506208
4303.55,94.00611123374888
4303.71,93.8469367127432
4304.160000000001,94.06713505074158
4304.299999999999,94.0013474897196
4305.0,94.24622531939606
4305.21,93.74920154882108
4305.210000000001,93.94663674942684
4306.02,94.32376068852444
4306.1,94.2128608253408
4306.26,93.103992791889
4306.68,93.65683078380562
4306.969999999999,94.49102269112626
4307.459999999999,93.14305878638456
4307.459999999999,93.31485376532808
4307.95,94.62969625924164
4308.360000000001,93.37195591826124
4308.530000000001,92.48630043193386
4309.459999999999,94.01641969063412
4310.74,93.2670492769223
4310.88,93.79987380766804
4311.02,93.7736312983934
4311.57,93.62714741961746
4311.85,93.15027192504375
4311.85,93.6396210443313
4312.34,93.85623582556106
4313.2,93.31586756932208
4314.24,92.61190847055336
4314.34,93.1938604746033
4315.08,93.48146500180762
4315.17,93.3242491025846
4315.2,94.89479050797183
4315.45,94.09910901528232
4315.72,94.4546912218587
4316.3,93.32298496397377
4316.42,93.4246435703662
4316.48,92.612499073319
4316.76,93.83658113955836
4316.94,93.27903561318898
4317.15,94.12227974473902
4317.299999999999,92.95856206425312
4317.37,92.41505824147572
4317.6,93.31341486010746
4317.66,93.91892830838928
4317.66,93.78691235530356
4317.660000000001,94.07642102435116
4317.81,94.68457389278365
4318.61,93.68292112508423
4318.92,94.66255452752075
4319.32,94.0958298991508
4319.320000000001,93.56333867368012
4319.759999999999,94.86175157879144
4319.92,93.79571843923036
4320.12,92.80529244558022
4320.42,93.74783007207633
4320.51,93.23899261892691
4320.96,94.9233503665852
4321.1,94.78836407396264
4321.4,94.27037534132458
4321.63,93.26804932398193
4321.8,94.5092322643343
4321.81,92.574638866586
4321.98,92.49464365869348
4322.16,94.4111277694486
4322.36,95.3182983370196
4322.79,94.561614142718
4323.04,94.71806876642364
4323.35,93.86008535048052
4323.47,93.57067355619444
4324.040000000001,93.5467757005023
4324.210000000001,93.82523050453143
4324.32,93.97084397084396
4324.759999999999,94.7798259325373
4325.16,93.89248027818624
4325.450000000001,94.2584008600261
4325.960000000001,93.60696816429184
4326.51,94.9425749622675
4326.58,92.57427344461446
4326.66,93.8160151248307
4326.790000000001,93.66759190993784
4326.790000000001,94.27081046225952
4326.84,93.70117684037312
4327.35,94.54747131616348
4327.35,95.20145123458929
4327.35,94.15462118848716
4327.66,93.70190819056953
4328.2,93.5400397393836
4328.2,94.4873157432651
4328.379999999999,94.24080140837911
4328.539999999999,94.56075258632242
4329.360000000001,93.90533473769794
4329.99,94.67689301822868
4329.99,94.51522982732062
4330.419999999999,94.4157841502672
4330.75,93.92830341164928
4330.75,94.1107198522196
4330.9400000000005,94.02115937879536
4331.43,93.21171068215348
4331.6,93.24037307230584
4331.73,94.10327975196978
4331.77,93.10051087661626
4332.37,94.34789734025487
4332.549999999999,94.0023773528292
4332.6,94.5090707658219
4333.380000000001,93.36591759781048
4333.43,93.92098176271452
4333.43,93.51714461754314
4333.56,92.93052363414836
4333.56,92.98359778103917
4334.31,93.4773931721543
4334.4,93.03479143595423
4335.0,93.30795847750866
4335.21,94.18920882725403
4335.24,94.42153144923924
4335.24,93.46887369557396
4335.92,94.542795992546
4335.92,93.76787394601376
4335.92,93.70099079318808
4336.0,93.61854243542436
4336.119999999999,94.31934540557
4336.64,94.9421672077922
4336.64,94.05668904958677
4336.75,94.5362310485963
4336.750000000001,93.35331757652618
4336.77,93.32060496636898
4336.98,93.29533454154736
4337.299999999999,93.1339773591866
4337.549999999999,93.53897937775936
4337.580000000001,93.85187131995258
4338.4,93.55061773925873
4338.410000000001,93.46972738860548
4338.5,93.38711536245243
4338.87,94.282612754012
4339.07,93.54078178042762
4339.15,94.8088911422744
4339.240000000001,93.77218130363842
4339.400000000001,92.98520532792551
4339.44,93.4959349593496
4339.9800000000005,91.0856732058673
4340.85,93.06702604328645
4340.95,94.18675635517572
4341.29,95.37718051546892
4341.65,94.04028422373985
4341.7300000000005,93.68615736123618
4341.8,93.9264821041964
4342.139999999999,93.68422022320792
4342.14,94.38663884628316
4342.210000000001,93.62743856239102
4342.4,94.03325350036847
4342.4800000000005,94.09830327370533
4342.56,94.3544821487786
4342.8,93.73215437045224
4343.0,94.21137462583468
4343.039999999999,93.66480621868554
4343.04,94.23353227232538
4344.56,95.54016977553538
4345.12,92.66947748278528
4345.32,93.36481547964247
4345.49,94.01701534234344
4345.58,94.58346181637434
4345.76,93.56476197489046
4346.05,93.78631170833285
4346.16,93.39048723470836
4346.44,94.23804308813652
4346.4400000000005,95.445928161898
4346.71,92.91165042066298
4347.08,93.76639031257764
4347.299999999999,94.96469072757804
4347.47,93.0587215092916
4347.79,94.27548248650464
4347.84,93.69020019135938
4347.85,93.30358683027242
4348.889999999999,93.14100839524568
4349.200000000001,93.91152395842911
4349.49,92.00389011125442
4349.52,93.71838731630156
4349.56,93.31518590386152
4349.7,93.31218244936431
4349.879999999999,94.68996845890004
4350.3,93.08553433096569
4350.3,94.63025538468612
4350.3,93.92455692710848
4350.31,92.83476349961268
4350.36,93.70259013047198
4350.360000000001,93.24055940198052
4350.43,93.7539507588905
4350.82,93.43296206232388
4350.860000000001,92.82762488335638
4350.860000000001,94.68702739228564
4351.38,93.68062545675166
4351.58,95.58137504078978
4351.599999999999,93.67359132273188
4351.6900000000005,93.80493555377336
4351.74,93.8865832977154
4352.04,93.42055679635295
4352.360000000001,93.98119640838532
4352.46,93.85496937364157
4352.4800000000005,94.11186266220636
4352.52,94.69916278385854
4352.88,93.77699362261308
4353.35,94.17574970999344
4353.74,93.13371951471608
4354.13,93.70873170989384
4354.240000000001,93.76377967222751
4354.349999999999,93.75452134072825
4354.549999999999,93.7616975347625
4354.9800000000005,93.50904022521344
4355.01,94.0640779240461
4355.35,93.55160894072806
4355.4400000000005,93.4945723049795
4355.839999999999,94.09436526594185
4356.000000000001,94.36179981634524
4356.09,94.35755459597942
4356.25,94.10616929698708
4356.370000000001,94.49151472441504
4356.700000000001,93.45835150457911
4357.1,93.68616740492529
4357.31,93.55083755803464
4357.500000000001,93.43660355708546
4357.62,94.4988319311918
4357.92,93.30368616220582
4357.95,93.51644695326932
4357.95,94.25762112920066
4358.0,92.90729692519506
4358.08,92.62565166311772
4358.33,94.48573192025384
4358.699999999999,94.79431940716272
4358.76,94.21257421835568
4359.57,94.19965730565173
4359.65,93.4157558519606
4359.68,94.69731723429244
4360.2,94.60804550249988
4360.200000000001,94.2365029127104
4360.5,93.79199633069602
4360.5,94.32633872262356
4360.74,93.87168232914598
4360.820000000001,94.26896776294365
4361.28,94.08017829628
4361.349999999999,93.28304309445473
4361.49,93.8601257827027
4361.58,93.44549452262711
4361.89,94.4567607161116
4362.110000000001,94.117296445986
4362.200000000001,94.43400119205904
4362.4800000000005,93.82048742916872
4362.4800000000005,93.88925565274798
4362.78,95.02885774666612
4362.78,93.9263497127978
4362.96,93.90872251865704
4363.049999999999,94.96338570495412
4363.8,93.3567074568037
4363.92,93.9338942968707
4364.75,93.288275388052
4364.8,94.27465175953078
4364.969999999999,93.05447689216652
4366.32,93.3852763883545
4366.45,95.43450629229696
4366.45,93.8680163519564
4366.67,93.74191317411209
4367.02,93.41381537066464
4367.03,94.1097267479271
4367.16,93.25511316278772
4367.299999999999,94.33975224967374
4367.3,93.57726741922929
4367.3,94.13367526847252
4367.39,93.70814147580133
4367.460000000001,94.2447097397572
4367.99,93.69526944887696
4368.27,93.26804432876172
4368.290000000001,93.63160412884672
4368.320000000001,94.03386198813271
4368.320000000001,93.5027653651747
4368.389999999999,92.55812782283634
4368.5,93.6774636602953
4368.54,93.37902365550048
4368.59,93.7350495239883
4368.84,93.65643969566293
4369.139999999999,94.4854136054235
4369.66,94.2865119940682
4369.85,93.97347735048112
4369.95,94.34204052677948
4369.950000000001,93.45873522580348
4370.009999999999,93.91511689904604
4370.08,94.15388276644822
4370.32,94.2242215672994
4370.52,94.1535560985878
4370.52,94.6843853820598
4370.7,93.43125815086827
4370.879999999999,94.525587524709
4370.96,93.27927960905612
4371.15,93.63897372544984
4371.17,94.0320326136938
4371.209999999999,93.15269685052884
4371.3,94.92828220437856
4371.52,94.52776151087036
4371.549999999999,93.45197927508552
4371.75,94.62343455138102
4371.8,92.87707580401666
4371.800000000001,92.5728532869756
4371.84,94.30811740594348
4371.969999999999,94.28015288302528
4372.030000000001,94.23082641244456
4372.2,94.61140844426149
4372.2,92.81597365170852
4372.45,93.60655925167812
4372.619999999999,93.93224199678912
4372.62,94.54743380398936
4372.62,94.10605083451112
4373.1,93.88305778509525
4373.25,93.87983764934546
4373.25,93.76779283141828
4373.7,93.50435557994376
4373.77,93.57830887312318
4374.1,93.85473583137102
4374.1,93.77700555542852
4374.72,94.82664033355276
4374.72,94.7649220978714
4375.22,94.40896686338058
4375.28,93.36773875043426
4375.56,94.4450538902449
4375.65,94.46139430713151
4375.65,94.46139430713151
4376.26,93.73986006315896
4376.27,94.00014167316002
4376.280000000001,93.4812214940543
4376.65,93.63325831400728
4377.04,93.85338036664048
4377.5,93.93032552826956
4377.84,93.2354768561665
4378.35,93.87097879338108
4378.709999999999,93.96603109134884
4378.71,93.73308577183693
4378.74,93.90829325331032
4378.92,93.95695742329158
4379.58,94.3241132711356
4379.58,94.10719749382362
4379.76,93.3886788317168
4379.99,94.29930205320105
4380.45,94.79391386729674
4380.57,93.14541258329396
4380.709999999999,93.86149733718966
4381.29,94.5748854789343
4381.32,94.5240247231428
4381.43,93.62696653832197
4381.48,93.22877201310972
4382.19,94.13558061152074
4382.19,94.20860346082668
4382.400000000001,94.37066447608616
4382.44,93.45935141154244
4382.5,93.8254420992584
4382.56,93.50927311890769
4382.6,93.52895541459408
4382.63,93.29329649091984
4382.72,93.1476343457944
4383.06,93.8157360382929
4383.16,93.4097774208562
4383.55,94.36871941691092
4383.93,94.36510163255345
4383.960000000001,93.87631274007973
4384.539999999999,93.30055148316588
4384.799999999999,94.6018062397373
4384.799999999999,94.42848020434228
4384.81,93.00973132245184
4385.639999999999,92.97388750558645
4385.639999999999,92.97388750558645
4385.639999999999,93.39115841701556
4385.669999999999,94.4507908711782
4385.67,93.71658150294029
4385.72,93.3712138485813
4385.929999999999,93.1934618199561
4386.0,93.97628818969449
4386.0,93.54309165526676
4386.0,93.406292749658
4386.539999999999,93.89632831343155
4387.32,93.57876790386842
4387.41,94.18312854280772
4387.51,93.68183776219313
4387.55,93.47813700128772
4387.619999999999,93.5928817901277
4388.3,94.14123920424764
4388.31,93.94049189779209
4388.43,94.17263121435228
4388.58,94.29929498835612
4389.26,92.80152007399882
4389.299999999999,94.06511288815986
4389.4,93.09472820886684
4389.4,93.6506128400237
4389.400000000001,93.54809313345784
4389.44,92.72253408179633
4389.5,93.70315525686298
4389.84,93.22891039308948
4390.25,93.55503672911566
4390.299999999999,93.24647518392824
4390.320000000001,94.12297964613056
4390.68,93.88295207120537
4390.96,93.89290724579593
4390.969999999999,92.476149916761
4391.16,93.562976525565
4391.200000000001,94.0995627618874
4391.889999999999,94.5128407132237
4391.950000000001,93.69869875567798
4392.629999999999,94.007462499687
4392.790000000001,94.3546128997744
4392.799999999999,93.75113822618832
4392.960000000001,94.38283071095567
4393.56,93.57104489297971
4393.65,91.5685136503818
4393.84,93.91784862443784
4394.02,93.57945571481238
4394.29,93.93781475505712
4394.37,92.52975966975926
4394.45,94.1414739045842
4394.599999999999,94.28844490966188
4394.72,94.41102049732406
4394.88,92.696501383428
4395.13,93.68096051766386
4395.259999999999,93.43702079057896
4395.35,93.8127794146086
4395.38,93.28431216413595
4395.99,92.691293656264
4396.039999999999,93.96638793095606
4396.200000000001,93.38974568945908
4396.87,94.33528851205516
4396.98,93.75071071508172
4397.9,93.715182246072
4398.24,93.95576412383134
4398.24,93.47602677434612
4398.38,94.87811421477907
4398.650000000001,94.60629966012296
4398.719999999999,94.31152698966972
4398.7300000000005,93.76570055447822
4399.08,93.71277630777344
4399.240000000001,93.58661950700576
4399.589999999999,93.28369234405936
4399.6,93.52213837621602
4399.759999999999,94.06876738731206
4399.76,94.80289833990946
4399.92,93.09032891507118
4400.25,93.63786148514288
4400.459999999999,94.0878908114152
4400.46,92.73575944333092
4400.619999999999,93.01189377860392
4400.76,93.49975913251347
4400.76,93.3179723502304
4401.299999999999,93.56326539885944
4401.33,93.96023474722412
4401.41,93.7926709849798
4401.6,93.05252635405309
4401.76,93.86699865508342
4402.15,93.34302556705248
4402.15,93.77463284985748
4402.2,93.67361773658624
4402.34,93.0686861987034
4402.4400000000005,93.7729986098618
4402.82,93.75582013345992
4403.12,93.84936136194337
4403.370000000001,94.3754442620084
4404.120000000001,93.15822457153754
4404.17,93.4046596748082
4404.68,93.37795254138778
4404.7,94.00413194996256
4404.74,93.6922497128094
4404.92,92.943799206342
4405.55,94.03366208532418
4405.8,93.82405011575648
4406.23,94.03049772708188
4406.549999999999,93.5788768991615
4406.64,93.79254942541256
4407.25,93.2440864484656
4407.34,93.01075024844918
4407.5,93.25241066364153
4407.77,93.92504599831662
4408.360000000001,93.9102069703926
4408.360000000001,92.67845638740935
4408.4800000000005,93.09331107320436
4408.68,93.0641371113349
4408.71,94.32237547944862
4408.8,92.91870803846852
4408.84,93.33294018381252
4408.95,93.67082865534876
4408.95,93.775161886617
4408.950000000001,93.81145170618854
4409.16,93.886363842546
4409.219999999999,94.2094066524238
4409.28,93.36444952463894
4409.8,93.85459658034378
4410.03,93.68190239068667
4410.03,93.37804958242914
4410.08,93.91666364328992
4410.32,94.1518982749551
4410.869999999999,93.61191783026936
4410.9,93.56140470198828
4411.08,93.5303825820434
4411.4400000000005,94.16879749016192
4411.68,93.6989990207812
4411.82,93.96575562919612
4411.96,93.69758565354172
4412.26,93.99264775874494
4412.32,92.8627116800232
4412.52,93.72875363737728
4412.62,93.41615638781497
4412.639999999999,93.17098154392836
4412.9,93.7206825443586
4413.2,94.60935375691108
4413.200000000001,93.73243904649686
4413.52,93.3857782450289
4413.52,93.55571063459551
4414.05,93.81633647104134
4414.379999999999,93.24978819222632
4414.379999999999,93.76175136712293
4414.38,93.25205351600904
4414.87,93.53163286801195
4414.900000000001,93.83451493805067
4414.95,94.6579236457944
4415.51,93.64943120953188
4415.75,93.82324633414484
4415.75,93.96591745456604
4415.75,93.29106040876408
4415.84,94.15422660241312
4416.119999999999,93.91954928760995
4416.48,93.8122667825961
4416.48,93.8122667825961
4416.48,93.8122667825961
4416.48,93.8122667825961
4416.6,93.84594484445049
4416.72,93.98603488561648
4416.72,93.6260392327338
4416.72,94.1082975601804
4416.99,94.14556066461547
4416.99,93.76068318017474
4417.14,93.61487297210412
4417.56,93.68746547868052
4417.56,93.85271507347946
4418.1,93.41798510672008
4418.400000000001,93.92313959804451
4418.68,92.64078865181456
4418.780000000001,93.66159890286455
4419.1,93.820008599036
4419.12,93.4371549086696
4419.15,94.01808040007695
4419.18,94.32971727786604
4419.2,93.96723388848662
4419.24,93.10198133615737
4419.599999999999,93.83202099737534
4419.79,92.89807886800052
4419.9,93.76908979841173
4420.0,93.90497737556562
4420.0,93.48642533936652
4420.4,93.21780834313638
4420.469999999999,93.3678997934609
4420.75,92.71503704122604
4421.120000000001,93.86309351476548
4421.15,92.96676204155028
4421.32,93.84753874408548
4421.7,94.02266096750118
4421.700000000001,93.9435058913992
4422.549999999999,93.89605544312673
4422.98,93.69700970838666
4423.3,94.02256234033412
4423.84,93.16566602770445
4424.02,93.72923268882148
4424.64,93.9488862370724
4424.64,93.8110219136472
4425.099999999999,93.38546021558837
4425.1,92.91541434091884
4425.56,93.96324984860674
4425.950000000001,94.39103469311672
4425.96,93.90731050438777
4426.32,93.33938802436336
4426.400000000001,93.43258630037953
4426.69,93.09890685817167
4426.799999999999,94.06569079244603
4426.8,93.79913255624832
4427.28,94.13228889973075
4427.280000000001,94.44399269980664
4427.280000000001,95.32263602031044
4427.32,94.42055238835232
4427.62,93.34134365641134
4428.5,93.30698882240036
4428.7,92.94375324587352
4428.75,93.68331922099917
4428.92,93.83551746249648
4429.169999999999,94.06954350363614
4429.349999999999,93.75416257464414
4429.349999999999,93.43357377493314
4430.67,94.3085357293592
4430.719999999999,94.09305936732632
4430.8,93.29240769161323
4431.049999999999,93.85811489376108
4431.58,93.76565468749295
4432.51,93.52037558854916
4432.52,94.07966574318898
4433.14,94.5763048313385
4433.299999999999,94.2052195881172
4433.299999999999,94.26161098955632
4433.299999999999,93.27363363634316
4433.299999999999,93.1315273047166
4433.4400000000005,93.0518964957234
4433.4400000000005,93.2097874336858
4433.52,93.23742759703352
4433.52,93.32539381800468
4433.54,92.54681360718524
4433.6,93.94171779141104
4434.09,93.7125768759768
4434.16,94.25009471918018
4434.32,93.93999530931464
4434.4800000000005,93.37058685573054
4434.87,94.8415624358775
4435.200000000001,93.25622294372292
4435.299999999999,92.2846256172074
4435.299999999999,93.67348319166686
4435.3,94.21685117128492
4435.5,92.83282606245068
4435.75,93.53322437017414
4435.879999999999,94.09857795972844
4435.88,94.0692714861538
4436.120000000001,94.22197776435262
4436.15,93.77049919412104
4436.35,93.97815771974707
4437.0,93.38742393509128
4437.529999999999,93.33570702620604
4437.599999999999,94.41364701640526
4437.860000000001,93.46396686691332
4438.7,94.34293824768515
4438.72,93.27013192992574
4439.17,93.94774248339216
4439.91,92.8712518947456
4440.15,94.48104230712929
4440.18,94.54796877604062
4440.18,93.58629605106098
4440.4,94.1244032069183
4440.41,93.38101661783485
4441.04,93.3204834903536
4441.04,92.838614378614
4441.25,93.86996904024768
4441.9,92.9894864810104
4441.9,93.11555865733136
4442.23,94.77897362360798
4442.91,94.81848608231992
4442.950000000001,93.01702697532043
4443.09,93.46198253917882
4443.619999999999,93.78164649542494
4443.62,93.8244044270212
4443.62,93.37207051908128
4443.62,94.08095201659908
4443.799999999999,93.06899500427564
4443.8,93.21751653989828
4443.8,94.17165488995904
4443.92,94.55840789213129
4444.000000000001,94.30018001800178
4444.110000000001,93.5237876650218
4444.48,93.421502627979
4444.48,94.54424364605084
4444.48,94.41149470804235
4444.48,93.57000143998847
4444.66,93.67420680097015
4444.68,94.41399605820892
4444.73,94.08445507376152
4445.5,93.01315937464852
4445.55,94.31903813926286
4445.56,93.00965457670128
4445.58,93.23867751789416
4445.719999999999,93.4876690389858
4446.2,94.06684359677926
4446.2,93.62601772299942
4446.4400000000005,95.3122048200358
4447.18,94.02812568863864
4447.2,93.79159920849077
4447.25,93.10247906009332
4447.38,92.75573483714004
4447.52,93.2114976436306
4447.92,93.36723682080611
4447.92,93.67974244141082
4447.92,93.26381769456286
4448.12,94.13864733865093
4449.12,92.19351242492898
4449.360000000001,94.11690670118848
4449.64,93.48621461511492
4450.0,92.55730337078651
4450.5,94.65678013706324
4450.5,95.18930457251992
4450.5,94.39164138860802
4450.5,94.16694753398494
4450.6,93.7266885363771
4450.6,94.09068440210308
4450.89,94.16543657560622
4450.919999999999,94.2187233201226
4451.16,93.94180393425536
4451.240000000001,93.99403312335436
4451.36,93.6747421012904
4451.45,94.0188028619888
4452.219999999999,93.72402980984768
4452.219999999999,93.1670043259318
4452.53,93.29302666124651
4453.08,93.95968632946186
4453.08,93.16922220126294
4453.08,93.1714678379908
4453.889999999999,94.14915949877523
4453.94,93.32860343875312
4453.94,93.4700512355353
4454.12,93.00153565687498
4454.2,93.46459521350636
4454.23,93.47070088432793
4454.450000000001,93.72425327481506
4454.799999999999,93.56873484780463
4454.8,92.36553829577085
4454.94,93.54783678343593
4455.07,94.05688350575862
4455.19,93.21487972454598
4455.25,92.30458447898546
4455.34,94.04445003074962
4455.66,94.00403082820505
4455.6900000000005,93.66674970655498
4456.139999999999,94.78158226626634
4456.23,95.01978129495112
4456.23,94.14011395282562
4456.52,94.08686598511844
4457.03,92.9049165026935
4457.1,94.36629198357676
4457.120000000001,94.4623433966328
4457.38,94.05076524774644
4457.879999999999,93.3537914883308
4458.08,93.92159853569252
4458.25,93.19800370100376
4458.25,94.17147984074468
4458.25,94.25222901362642
4459.38,92.5128605321816
4459.56,94.0989694050534
4459.62,94.03043308622708
4459.790000000001,93.2218781601824
4460.150000000001,94.13360537201665
4460.389999999999,93.55235752927436
4460.49,94.22507392685556
4460.72,93.40644559622662
4461.36,93.2832140871842
4461.380000000001,92.22034437774856
4461.68,93.9646052607986
4462.07,92.72826289143828
4462.11,93.59921651416036
4462.19,93.3241300796246
4462.71,93.2348281649491
4463.099999999999,93.52243955994712
4463.1,93.2334027917815
4463.1,94.00864869709392
4463.35,94.15349457246236
4463.35,92.91003394311446
4463.4,93.5363176054129
4463.4,93.31227315499396
4463.82,93.69777455184123
4463.969999999999,94.6018902456782
4463.969999999999,93.67222449971663
4464.26,94.60246491019788
4464.26,93.48021844605825
4464.26,93.67957959437848
4464.26,92.99413564622132
4464.369999999999,93.80046904714442
4464.460000000001,93.29235786634888
4465.12,93.4756512702906
4465.12,93.84070304941412
4465.12,93.06356828035976
4465.120000000001,92.91351632206973
4466.839999999999,93.48667066651146
4467.27,92.88670709404178
4467.449999999999,92.64793114640344
4467.700000000001,93.17098283232984
4467.76,93.187637652873
4467.8,94.65956399122612
4468.32,94.23004619185735
4468.45,93.10834853248888
4468.56,93.96763163077144
4468.65,93.18921822026788
4469.42,93.47745345033584
4469.42,93.76384407820254
4469.4400000000005,93.72986324908712
4469.58,94.64423950348802
4470.15,93.80893258615482
4470.28,93.95608328784776
4470.38,95.26035817984152
4470.47,92.82245490966274
4470.929999999999,93.47495934850244
4471.139999999999,93.39452578089706
4471.139999999999,93.604762991094
4471.280000000001,94.68205972339015
4471.360000000001,94.09888713948328
4471.460000000001,94.48368094537352
4472.0,93.40339892665476
4472.16,93.58341383134773
4472.25,93.78277153558052
4472.86,93.1193911725384
4472.86,94.009202165952
4473.35,93.57863793353974
4473.54,93.5813695641483
4473.719999999999,94.1297175504949
4474.4,94.87976041480422
4474.800000000001,93.37847501564312
4474.98,93.11996925125923
4475.009999999999,93.58638304718872
4475.09,93.676328297308
4475.28,93.72597915661144
4475.44,93.79189532202422
4475.44,93.2913858749084
4475.59,93.4446631617284
4475.68,94.30522289350444
4475.889999999999,92.9245356789376
4476.299999999999,94.3279047427563
4476.3,92.5116725867346
4476.56,94.09904033454258
4476.950000000001,93.08569450183715
4477.16,93.09696325349104
4477.47,94.4238599030256
4477.59,94.53522988929312
4477.85,93.68781893096016
4477.889999999999,92.8249689027645
4477.889999999999,94.30781015165626
4478.76,93.67548160651609
4478.879999999999,94.05476369092275
4479.15,93.4529988948796
4479.200000000001,93.44525808180032
4479.200000000001,93.4854438292552
4479.37,94.0779618562432
4479.37,94.29004525189929
4479.51,94.63535074148734
4479.74,92.86699674534682
4479.74,92.98084263818885
4480.139999999999,92.86540152763084
4480.26,93.45662974916634
4480.26,94.92975854079896
4480.5,93.3355652270952
4480.67,93.1088430971261
4481.11,94.29806454204429
4481.15,93.71255146558362
4481.26,94.00034811637798
4481.37,93.3866206093226
4481.5,93.9618431328796
4481.95,93.06886511451488
4482.029999999999,93.13413787948768
4482.720000000001,94.07457971945604
4483.18,93.60989297775238
4483.280000000001,93.99591370603665
4483.66,93.47051292916947
4483.73,93.3263153668932
4483.82,94.77855935340848
4483.83,94.40812876491748
4483.98,93.6600966106004
4484.04,93.4447507158723
4484.09,94.11051071677863
4484.599999999999,93.54457476698036
4484.849999999999,93.46577923453408
4484.9,93.3532520234565
4484.9,93.4870342705523
4484.91,93.86141527923638
4484.98,92.76518512903068
4485.389999999999,93.75327452016435
4485.719999999999,93.4677153277512
4485.719999999999,92.7075252133437
4485.76,92.98312883435582
4485.76,93.54267727207876
4485.76,93.17038807247825
4486.5,94.47453471525688
4486.61,93.84813924098596
4486.62,93.88804935563964
4486.62,93.34866781675292
4487.38,94.92844376896988
4487.38,94.26213068650304
4487.38,93.785237711092
4487.48,94.60320714521292
4487.84,93.65084316731432
4488.27,94.40385716545572
4488.33,93.02569106995252
4488.34,93.7050223467919
4488.34,93.71839031802402
4488.34,94.47813668304984
4488.46,92.53285091100288
4489.2,93.80067718078944
4489.2,94.5001336541032
4489.2,93.90091775817515
4489.2,94.07021295553774
4489.45,93.69299134637872
4489.7,93.15767200481102
4489.76,93.15419977905276
4489.93,94.01037432654852
4490.05,93.93659313370677
4490.05,94.01899756127436
4490.22,93.30723216234394
4490.92,94.054224969494
4490.9400000000005,93.7287071303558
4491.52,93.03309347392418
4491.78,93.92712911139904
4491.8,93.78645531858052
4491.81,94.5520847943257
4491.81,94.01555275045028
4491.9,93.80440348182285
4492.37,94.37780058187548
4492.400000000001,94.35268453387944
4492.679999999999,93.16265569771274
4492.72,94.36599654552252
4493.18,93.2925010794137
4493.28,91.74589609372218
4493.29,94.57880528521416
4493.5,93.92233225770556
4493.5,94.15377767886947
4494.359999999999,93.59953363771484
4494.36,94.05343586183574
4494.360000000001,92.66947908044747
4494.5,93.96595839359216
4495.040000000001,93.16713533138746
4495.39,94.97284996407429
4495.49,94.39460437015764
4496.08,93.42582872190889
4496.08,94.05749008024767
4496.08,93.65714133200476
4496.370000000001,93.5977243865607
4496.4,93.40805978115829
4496.52,93.58793022159358
4496.67,93.24900426315476
4496.82,92.66548360841662
4496.94,94.1062144480469
4496.9400000000005,93.94832930837411
4497.3,93.79627776666
4497.42,94.76099630454794
4497.6,93.72554251156171
4497.699999999999,94.65726927096073
4498.77,94.5569566792701
4498.77,93.60558552671066
4498.77,94.13017335849575
4499.639999999999,94.40533020419412
4499.639999999999,93.02521979536142
4499.639999999999,94.74091260634184
4499.99,92.7513172251494
4500.379999999999,93.99650696163437
4500.400000000001,93.71389209848012
4500.51,93.6627182252678
4500.73,94.00919406407408
4501.24,94.42509175249486
4501.24,93.39648630155246
4501.24,93.62309052616612
4501.24,93.8785756813678
4501.379999999999,93.65128027404933
4501.8,94.3467057621396
4502.05,94.01494874557147
4502.1,94.14495457675308
4502.249999999999,92.82914098506303
4502.25,94.48831139985565
4502.3,93.81427270506188
4502.51,93.57447290511293
4502.8,94.05925202096472
4503.119999999999,93.87935475847858
4503.12,94.22800191866972
4503.82,93.73820445754936
4503.84,94.09082027780738
4503.99,93.94781071894032
4504.48,93.31598763897276
4504.5,94.27239427239428
4504.5,93.70851370851372
4504.56,94.3954570479692
4504.68,93.80688528374932
4504.86,93.51455983093815
4504.86,93.87639127520056
4504.89,93.7936331408758
4505.18,95.15269090247226
4505.339999999999,93.8441937789379
4505.63,93.10795604610232
4506.32,94.5627474302757
4506.48,93.72281692141097
4506.599999999999,94.01988195091646
4506.610000000001,93.61804105524996
4507.13,93.28774630418914
4507.2,93.96521121760738
4507.200000000001,94.1826411075612
4507.27,93.4689956448138
4507.469999999999,94.00173489784736
4508.339999999999,92.81243207034076
4508.74,93.35867670346929
4508.98,92.55751855186762
4509.0,95.3426480372588
4509.209999999999,93.56184342711916
4509.48,94.02192714015808
4509.79,93.45224500475632
4509.9,94.80254551098696
4509.9,93.99099758309497
4510.52,94.2773782180325
4510.799999999999,94.32916555821583
4510.95,93.59447566477128
4510.95,92.72104545605694
4510.950000000001,93.72748534122522
4511.36,93.10939494963826
4511.56,94.05837448687372
4511.56,92.93902774206704
4511.82,93.9931114273176
4511.82,93.3547880899504
4512.6,93.80179940610734
4512.69,94.53341576753556
4512.6900000000005,94.26528301301438
4513.280000000001,92.94570689166191
4513.48,94.33740705619611
4513.52,93.66747017848596
4514.01,94.68299804386784
4514.08,94.25176337149544
4514.139999999999,93.34889923662092
4514.4,94.14983164983168
4514.4,93.04669502037925
4514.429999999999,93.03500109648397
4514.43,93.54447848344088
4514.43,93.1944896697922
4514.45,93.36242510161814
4514.56,92.9304295435214
4514.969999999999,93.85222936143542
4515.280000000001,94.1602735600007
4516.16,93.39350244455468
4516.16,93.53964429958194
4516.17,93.10544111492705
4516.2,94.69465479828176
4516.200000000001,93.35060449050084
4516.200000000001,95.20171825871306
4516.42,93.8752374668432
4516.69,93.3294071543542
4516.75,94.9488016826258
4517.039999999999,94.04167330818412
4517.1,93.67514555799072
4517.139999999999,93.12529609443143
4517.58,94.29384759096683
4517.85,94.12441758801198
4517.91,94.5459294231182
4517.91,93.1979610040926
4517.91,93.77344834226446
4517.91,93.54546681983484
4518.0,93.92872952633908
4518.4400000000005,92.9922716689831
4518.530000000001,93.23828767320344
4518.780000000001,93.64695780719572
4519.65,93.5337913333997
4519.65,93.72849667562754
4519.8,93.59263684233817
4520.56,93.79811350806096
4520.889999999999,94.302228101104
4521.389999999999,93.94013787795346
4521.4400000000005,93.82630312466824
4521.6,93.3342179759377
4521.81,93.23036571638347
4522.26,93.53287957791017
4522.26,93.79381105907224
4522.47,94.53241259754073
4522.5,93.83084577114428
4522.5,93.68269762299612
4522.5,93.57435046987284
4522.5,93.6539524599226
4522.52,93.38156602955873
4523.129999999999,93.68291426512172
4524.299999999999,92.51817960789516
4524.3,93.37135026412923
4524.76,93.86354193371582
4524.869999999999,94.49332246009278
4524.87,93.9783905393967
4525.650000000001,93.33907836443385
4526.51,94.69768099485032
4526.540000000001,93.16387351045168
4527.1,93.58087959179164
4527.43,94.05998546636832
4527.43,94.02022781136316
4527.48,93.72101036338096
4527.85,92.66428879048554
4527.99,92.57750127540034
4528.35,94.1402497598463
4528.68,93.95452979676196
4529.210000000001,92.07345210312612
4529.360000000001,93.54522493244076
4529.360000000001,93.47236695692104
4530.120000000001,93.91141956504462
4530.44,93.45008431852094
4530.6,93.50637884606894
4530.959999999999,94.37293641965502
4531.12,93.54199403238052
4531.12,93.61040978830844
4531.34,92.52892080488331
4531.83,92.67117257266932
4532.379999999999,93.80502076171904
4532.4,94.12893831082872
4532.4,93.00591298208457
4532.46,93.7901272156842
4532.65,92.77574928573792
4532.7,93.8822335473338
4532.71,94.58359347939754
4532.880000000001,94.02631439614548
4533.299999999999,93.31171552732008
4533.3,92.85509452275384
4533.3,94.1830454635696
4533.3,94.1521628835506
4533.4,94.76992985397274
4533.76,93.07726919819312
4533.76,93.47870200451722
4534.2,94.73115433814124
4534.44,94.02704633868792
4534.55,93.88583211123486
4534.55,94.87821283258538
4535.31,92.65739276918228
4535.44,93.58739174148486
4535.4400000000005,94.39216481752597
4536.0,93.40828924162258
4536.0,93.05114638447972
4536.179999999999,93.55448857849558
4536.400000000001,93.82109161449608
4536.9,93.80854768674646
4537.26,94.2969986291286
4537.4,94.22136025036365
4537.82,92.70971523771328
4537.889999999999,93.66467675505577
4538.789999999999,93.7584686667592
4539.21,93.83130544742366
4539.780000000001,93.61246580230758
4539.99,94.52663992651966
4540.889999999999,93.783377267452
4542.27,93.31457619208015
4542.299999999999,93.72784712590538
4542.3,93.44825308764284
4542.3,93.58034475926291
4542.33,93.59293578405796
4542.48,93.76155756326942
4542.56,92.94538762283824
4543.2,94.69756999471738
4543.25,94.82418973202005
4544.1,94.31130476882112
4544.320000000001,93.18665939018376
4544.879999999999,94.20490750030804
4544.98,93.63077505291554
4545.200000000001,93.0564111590249
4545.2300000000005,93.427615324197
4545.24,93.50441340831289
4545.92,92.34874348866676
4546.08,93.92707563439272
4546.09,93.36154805558184
4546.9400000000005,94.00827809471863
4546.970000000001,93.75474216896085
4547.02,93.5777718153868
4547.49,93.94193280249104
4547.7,93.8738263297931
4547.7,93.23174351870176
4547.7,94.12670140950372
4547.700000000001,93.7682784704356
4547.9,94.55133138371558
4548.08,93.10742115354172
4548.22,92.91547022791332
4548.49,93.42001411457429
4548.81,94.08174885299672
4549.46,93.61990214223226
4549.5,93.66523793823498
4549.5,93.43664138916364
4550.049999999999,94.9462093823145
4550.4,93.04236990154712
4551.280000000001,92.7914784412297
4551.299999999999,94.24779733263026
4551.3,93.80616527146088
4551.33,93.4518041978938
4551.360000000001,93.92577163748857
4551.82,94.8675474864999
4551.839999999999,93.08323666912722
4552.24,92.78728713776074
4552.62,94.13041281723493
4552.73,94.00074241169584
4552.73,94.55205997280754
4552.84,93.72831024151958
4553.08,94.07258383336116
4553.1,94.03483341020404
4553.639999999999,93.77113693660458
4554.21,94.4291106470716
4554.88,92.50518125614724
4556.64,93.58869693458335
4557.05,94.13984924457708
4557.06,93.98603485580615
4557.6,93.9748990696858
4557.72,94.0031419218381
4557.93,93.55123926870311
4558.4,93.78510003510006
4558.400000000001,94.49368199368196
4559.1,93.41975389879582
4559.27,95.19725745568918
4559.469999999999,93.55034686049038
4560.46,93.75589304587696
4561.43,94.18099148731866
4561.43,94.30595230004624
4562.099999999999,93.0624054711646
4562.139999999999,93.49559636486389
4563.68,92.88337482032044
4563.92,93.3079458009781
4564.81,93.80456141657596
4564.969999999999,93.98090239366306
4565.039999999999,94.71329933582182
4566.969999999999,95.35862946329844
4567.200000000001,92.7526712208793
4567.29,95.13518957631332
4567.9,94.29716062085424
4567.93,92.53206594671984
4568.2,93.89912875968652
4568.35,94.23971455777249
4568.87,94.33842503726304
4568.96,94.52698207031796
4568.96,94.15052878554418
4568.960000000001,93.19845216416864
4569.11,94.1277404133409
4569.42,93.18906994760825
4570.0,93.53391684901533
4570.11,92.54263026491704
4570.2,93.22786748938778
4570.200000000001,94.499146645661
4571.6,93.67398722547902
4571.65,93.73858453731148
4572.73,93.22002392443902
4573.360000000001,93.93531233054031
4573.37,93.86076350699814
4574.24,93.36632970723008
4574.24,94.58401832872784
4574.700000000001,94.487070190395
4575.48,93.08750120205968
4575.599999999999,93.69044496896582
4576.0,93.37194055944056
4576.000000000001,92.59833916083916
4577.299999999999,94.50549450549453
4577.299999999999,93.45028728726544
4578.21,94.2420727751676
4579.52,93.48359653413458
4579.65,93.9962660902034
4580.83,93.58347723010894
4580.83,94.34534789546872
4580.94,93.56813230472348
4582.16,92.08539204218098
4583.040000000001,94.06420192710516
4584.389999999999,94.2851720730566
4587.4400000000005,93.80395165931324
4587.74,93.25288704242176
4588.32,93.38930153084354
4590.32,93.48803569250072
4590.799999999999,94.976910342424
4592.61,96.60737576236608
4592.700000000001,92.91919785746944
4593.6,93.45393591083244
4594.59,93.37068160597572
4595.07,92.8778016439358
4595.360000000001,94.26029734340726
4595.68,93.9295164154162
4597.74,93.39806078638637
4598.03,94.04027376941865
4598.23,94.01443598950031
4599.0,94.04218308327896
4599.34,93.51341714245956
4599.450000000001,95.93320940547235
4599.9,93.3802908758886
4600.799999999999,94.00104329681795
4600.87,93.83225346510552
4600.959999999999,93.93474405341496
4601.87,93.23383754864872
4602.6,94.29887454916783
4605.040000000001,92.55511352778692
4605.3,93.9547912188131
4605.3,93.71376457559768
4605.49,92.68069195677332
4606.200000000001,93.10494550822804
4606.42,94.12515576087289
4607.77,93.68957217916692
4609.52,94.11825960186742
4609.889999999999,93.34712975797687
4610.01,94.83059689675292
4610.06,93.75582964213048
4610.719999999999,93.24574036159213
4611.76,93.58249345152392
4612.08,94.66444641029643
4612.29,93.47417443395796
4612.870000000001,93.40172170470876
4613.160000000001,93.32648336498193
4614.65,93.6430715222173
4615.59,94.18080895400156
4615.639999999999,94.8535847683095
4615.889999999999,92.98098524878192
4616.9400000000005,92.9035248454604
4618.58,93.8037232222891
4619.31,94.15475471444869
4620.07,93.80593800526832
4620.68,93.76758399196656
4621.26,94.272990483115
4622.6,95.07420066629167
4622.88,94.13395978264631
4623.26,93.775820524911
4623.949999999999,94.3241168265228
4624.200000000001,94.1871026339691
4625.33,93.1587584021032
4625.75,92.88439712479058
4625.789999999999,93.28568741771676
4625.849999999999,92.85428623928576
4626.160000000001,92.56273021253048
4627.8,94.88741950818962
4628.7,93.49493378270358
4628.89,93.67904616441524
4630.99,94.19368212844338
4630.99,94.19368212844338
4631.56,93.42208672671842
4631.66,93.32938946295712
4633.889999999999,93.73981687092272
4633.92,93.52772598577444
4634.039999999999,93.62888537863292
4634.1900000000005,93.73806425718408
4634.929999999999,94.5861102540923
4635.76,92.49831742799456
4635.879999999999,93.92391520056604
4636.449999999999,94.15824607188694
4636.9800000000005,94.71250684712894
4637.79,93.77311176228334
4637.96,95.28542721368878
4638.3,93.81670008408253
4638.84,93.69368204119996
4639.65,94.20322653648444
4640.48,94.53978898734616
4641.4,94.3982419097686
4642.74,92.67372284469948
4644.91,93.7068748371874
4645.41,93.72907881112756
4645.969999999999,94.31184445874598
4648.21,93.8425759593478
4648.5,93.74636979670862
4653.36,94.7960183609263
4653.9,93.19495476911838
4655.4,94.90913777548651
4659.26,92.3172349257178
4660.11,94.1093665170994
4660.2,94.04746577400113
4661.05,93.58191823730704
4661.209999999999,93.42638499445424
4662.09,94.1723561750202
4662.56,93.0025565354655
4663.34,94.2757765893115
4664.280000000001,94.51619542566054
4665.57,93.47839599448729
4665.78,94.20718507945082
4668.040000000001,93.65815202954558
4669.92,94.84744920683866
4670.63,94.18215529810752
4672.379999999999,94.35876362795835
4675.35,93.96943544333578
4675.389999999999,94.0114086739288
4675.44,94.87021542357512
4675.58,93.94556397281193
4675.84,91.67978373939228
4676.9400000000005,94.81413060676424
4678.73,92.40328037736738
4680.42,94.11975848321303
4680.83,94.14142363640636
4681.879999999999,93.73584970140205
4681.95,93.76648618631128
4682.77,93.2226011527365
4683.77,93.85815272739696
4686.51,93.89289684648064
4687.24,94.3561669553938
4687.41,94.48714748656508
4688.32,93.63908606921032
4688.35,91.90440133522452
4689.05,92.8269052366684
4689.13,93.16440363137724
4690.369999999999,93.90090760430417
4691.540000000001,94.09703423609304
4693.62,92.26780182460446
4694.720000000001,92.959750528253
4695.299999999999,94.44976891785404
4695.599999999999,93.289462475509
4696.6,92.43708214453008
4696.67,94.70326848596984
4697.57,94.5723001466716
4698.59,93.64724310910294
4699.24,94.08329857593996
4699.290000000001,93.9461067522966
4702.879999999999,93.5277957336781
4703.01,94.23114133289106
4707.2,93.48232494901428
4710.78,93.8846645353848
4712.55,93.24039002238705
4713.16,94.11944427942188
4713.6900000000005,93.4108946494148
4715.1,94.1167737693792
4717.860000000001,95.3483147020047
4718.9800000000005,92.7848814786246
4719.740000000001,93.16403022200376
4721.4,93.73067310543485
4725.17,93.80614877348329
4727.2,94.17414114063294
4729.9,93.35715342819088
4732.32,92.56347837846975
4736.16,92.13793452923888
4738.0,93.18488813845504
4738.52,93.7782261127947
4740.759999999999,94.35196044516071
4742.719999999999,93.37890493219082
4743.93,92.73324016163814
4746.66,94.01347473802632
4746.66,93.50364256129572
4747.85,93.30117842813064
4750.0,95.6357894736842
4751.49,93.86529278184317
4751.49,93.86529278184317
4754.16,93.98926413919598
4756.72,94.04379488386957
4757.34,93.808725043827
4758.24,93.23825616194225
4759.22,94.6163446951391
4761.01,94.1018817435796
4761.92,93.2313016598347
4762.76,94.1449915595159
4764.68,93.9538436998917
4765.110000000001,93.85722470205305
4765.6,94.132952828605
4767.68,93.61786025907776
4768.51,94.25795479090952
4772.04,93.39402016747556
4772.57,94.5884502479796
4772.799999999999,93.90714046262154
4773.12,93.37707830517566
4774.280000000001,93.13236760307312
4775.82,92.35063298030497
4781.69,93.83293354441632
4784.2,94.11395844655324
4785.539999999999,92.6457620247663
4785.610000000001,94.49996970083228
4787.52,93.40117639195242
4789.38,92.92852101942212
4790.43,94.06253718350962
4794.119999999999,93.95676370220188
4798.700000000001,94.43182528601494
4800.0,93.78541666666666
4804.38,93.3793746539616
4805.57,92.98376675399588
4806.08,93.76664558226248
4809.1,92.50795367116508
4809.960000000001,93.07146005372184
4812.17,94.9135213427622
4813.93,94.64408497838564
4815.139999999999,93.79166545521002
4815.200000000001,92.85803289582988
4815.549999999999,94.464806719897
4821.09,93.64272394831876
4824.039999999999,93.67874229898594
4825.3,94.05840051395768
4825.889999999999,93.520573407185
4827.42,93.0082735705615
4827.6900000000005,93.65348645004131
4827.9,93.55413326705192
4828.85,94.1756318792259
4837.24,94.23348851824596
4837.469999999999,93.67086514231616
4842.96,94.78913722186432
4843.700000000001,94.05000309680617
4843.84,93.67567880029068
4845.530000000001,94.04337605999754
4850.210000000001,94.0598448314609
4856.44,93.72091490886328
4860.48,93.21918822832312
4860.67,93.19702839320504
4863.36,95.49776286353467
4864.73,93.50981452208038
4876.09,95.11309266235855
4876.69,93.63523209389976
4878.63,90.3798812371506
4879.110000000001,93.31619906089428
4880.4,93.4902876813376
4880.73,93.90808342194713
4885.18,93.68334431894014
4885.889999999999,94.00539103418213
4889.73,92.88447419387164
4889.93,93.68436766988484
4893.45,91.79617652167694
4894.42,94.3605166700038
4903.33,93.3324903687902
4903.6,93.9575006117954
4905.15,93.86053433636076
4905.860000000001,93.23543680414848
4907.01,93.60893904842254
4907.119999999999,93.60480281713104
4911.11,92.87513413464572
4913.049999999999,94.3548305024374
4919.15,94.03860423040564
4932.34,93.42218906239228
4939.69,94.15165729023482
4941.16,94.38471937763602
4943.28,94.03472997685746
4947.84,94.11177402664596
4950.0,92.94949494949496
4954.860000000001,93.39517160928864
4957.24,93.85262767184966
4957.56,93.4270084477041
4957.67,93.67303592211664
4962.860000000001,94.3185985500296
4970.56,93.13035150968904
4975.460000000001,94.49779517873722
4977.42,92.69661792655631
4977.72,93.72765041022797
4978.08,92.64616076881047
4985.27,93.81036533628068
4998.71,93.84221129051296
5000.75,93.70794380842874
5008.620000000001,94.51705260131531
5009.76,93.23799942512215
5029.22,94.1597305347549
5043.08,94.5354822846356
5044.5,92.93686192883338
5046.1,93.2720318661937
5048.01,94.19751545658586
5049.18,93.27455151133452
5062.400000000001,93.58604614412135
5063.92,92.57847675318726
5064.280000000001,93.4051829677664
5065.48,93.74037603543988
5068.56,96.193001562574
5070.91,94.02257188551955
5084.530000000001,93.50913457094362
5085.22,93.2997982388176
5088.0,94.18632075471696
5119.52,93.18451729849674
5127.0,93.69416812951044
5129.1900000000005,93.749695371004
5133.780000000001,93.2276022735684
5136.09,93.08248103129034
5139.889999999999,93.3949948345198
5143.860000000001,94.28328142678843
5148.780000000001,93.72705767191452
5154.360000000001,93.89914557772448
5161.02,94.25656168741838
5162.37,94.00914696157
5165.41,93.30721085063917
5166.15,94.83077339992066
5168.549999999999,93.9915450174614
5183.32,93.08319764166598
5184.0,93.98341049382717
5184.33,93.98321480307
5193.449999999999,92.86505117022404
5205.06,93.50516612680738
5213.530000000001,93.69083902845097
5219.950000000001,94.66182626270366
5227.52,94.00442274730656
5228.48,94.05792888181652
5246.01,93.46531935699704
5254.06,94.0529799811955
5256.55,94.41934348574634
5258.45,93.6416624670768
5265.52,93.77231498503473
5266.66,93.58113111535586
5271.360000000001,93.38197353244702
5271.42,94.486874504403
5275.65,93.62827329333828
5282.0,94.12533131389624
5285.09,92.96341216516652
5294.82,93.11175828451204
5300.820000000001,93.78171679098703
5307.38,94.14061175193788
5322.7,96.51304788922916
5322.72,93.96135810262425
5334.529999999999,93.130978736646
5336.24,92.96620841641304
5339.139999999999,94.80178455706351
5342.540000000001,93.12050073560516
5351.16,93.70865382459132
5351.469999999999,93.31454721786724
5360.76,93.39160865250447
5368.24,93.6861988286664
5378.46,93.66063891894706
5384.1900000000005,94.34659623824568
5391.969999999999,92.76016001572712
5411.34,94.17815180713094
5422.25,92.4800590160911
5432.62,94.72041114600324
5433.389999999999,91.56530269316212
5450.67,93.90955607292314
