datetime,P_dc_prev,P_dc_real,Erro
2021-02-27 05:27:00,46.698066175093025,22.550000000000004,24.14806617509302
2021-02-27 05:28:00,46.00195627531788,23.28,22.72195627531788
2021-02-27 05:29:00,47.55276305754593,25.42,22.13276305754593
2021-02-27 05:30:00,45.594359477099935,25.759999999999998,19.834359477099937
2021-02-27 05:31:00,34.833797008938525,43.74000000000001,-8.906202991061484
2021-02-27 05:32:00,34.763128575562625,23.200000000000003,11.563128575562622
2021-02-27 05:33:00,34.41188875722008,48.120000000000005,-13.708111242779921
2021-02-27 05:34:00,36.263874498549995,50.08,-13.816125501450003
2021-02-27 05:35:00,40.26789577313265,51.980000000000004,-11.712104226867353
2021-02-27 05:36:00,45.11063531755522,53.09,-7.979364682444782
2021-02-27 05:37:00,56.68064577075463,55.02,1.660645770754627
2021-02-27 05:38:00,53.698295882722874,55.75,-2.0517041172771258
2021-02-27 05:39:00,62.11367261785152,55.5,6.61367261785152
2021-02-27 05:40:00,74.33919036049565,56.84,17.499190360495646
2021-02-27 05:41:00,68.96024013011747,55.85,13.110240130117468
2021-02-27 05:42:00,74.39347517894254,57.75,16.643475178942538
2021-02-27 05:43:00,83.07184325498505,58.18000000000001,24.891843254985048
2021-02-27 05:44:00,86.32454129294291,57.49000000000001,28.8345412929429
2021-02-27 05:45:00,89.23179194513915,58.7,30.531791945139148
2021-02-27 05:46:00,89.95897841120615,58.86,31.098978411206147
2021-02-27 05:47:00,91.87228002717711,58.050000000000004,33.82228002717711
2021-02-27 05:48:00,103.94729892578357,59.25,44.69729892578357
2021-02-27 05:49:00,106.29999448847101,58.92,47.37999448847101
2021-02-27 05:50:00,108.15624430100257,79.91,28.246244301002577
2021-02-27 05:51:00,101.75565701894874,99.82000000000001,1.9356570189487314
2021-02-27 05:52:00,89.91256037892953,99.42,-9.507439621070475
2021-02-27 05:53:00,105.4098302841595,123.4,-17.99016971584051
2021-02-27 05:54:00,160.91727554074583,104.6,56.31727554074584
2021-02-27 05:55:00,119.58283000455798,128.97,-9.387169995442022
2021-02-27 05:56:00,155.9181533928414,127.99,27.928153392841395
2021-02-27 05:57:00,55.28601420791527,127.51,-72.22398579208473
2021-02-27 05:58:00,139.64004082442415,127.43,12.21004082442414
2021-02-27 05:59:00,175.32571245429722,156.75,18.575712454297218
2021-02-27 06:00:00,169.0240772478793,157.89,11.134077247879304
2021-02-27 06:01:00,137.37106088713062,153.54,-16.168939112869367
2021-02-27 06:02:00,259.39353410935274,154.62,104.77353410935274
2021-02-27 06:03:00,141.30198948640128,158.54999999999998,-17.2480105135987
2021-02-27 06:04:00,133.10804561339643,180.44,-47.33195438660357
2021-02-27 06:05:00,163.2051166576593,181.8,-18.594883342340722
2021-02-27 06:06:00,145.56608473421988,184.20999999999998,-38.643915265780095
2021-02-27 06:07:00,205.20235853132618,183.53,21.672358531326182
2021-02-27 06:08:00,139.96679427640163,183.11,-43.143205723598385
2021-02-27 06:09:00,163.19232524159878,185.14,-21.947674758401206
2021-02-27 06:10:00,231.07345386276177,214.04000000000002,17.033453862761746
2021-02-27 06:11:00,163.12352675054308,213.64000000000001,-50.516473249456936
2021-02-27 06:12:00,284.1049198708509,240.87,43.23491987085089
2021-02-27 06:13:00,289.3371071138397,238.44,50.897107113839695
2021-02-27 06:14:00,226.4237571196757,263.4,-36.976242880324264
2021-02-27 06:15:00,279.1917827615363,269.35,9.841782761536251
2021-02-27 06:16:00,180.37561340674125,268.05,-87.67438659325876
2021-02-27 06:17:00,252.6971419030744,267.0,-14.302858096925604
2021-02-27 06:18:00,204.30339367345437,268.5,-64.19660632654563
2021-02-27 06:19:00,271.2228195270293,263.2,8.022819527029299
2021-02-27 06:20:00,178.98088836022282,259.3,-80.31911163977719
2021-02-27 06:21:00,357.9107195994124,238.07999999999998,119.83071959941242
2021-02-27 06:22:00,217.70318793646226,232.32000000000002,-14.616812063537765
2021-02-27 06:23:00,172.52045433166688,237.16,-64.63954566833311
2021-02-27 06:24:00,119.27307900514857,236.25,-116.97692099485143
2021-02-27 06:25:00,190.7059518259889,210.95999999999998,-20.254048174011075
2021-02-27 06:26:00,275.475369029358,212.24,63.23536902935797
2021-02-27 06:27:00,127.28794047301028,212.8,-85.51205952698973
2021-02-27 06:28:00,294.9402197654839,212.8,82.14021976548389
2021-02-27 06:29:00,152.10824947824648,212.8,-60.691750521753534
2021-02-27 06:30:00,354.94067436411365,212.8,142.14067436411364
2021-02-27 06:31:00,170.04836782616803,212.8,-42.75163217383198
2021-02-27 06:32:00,514.1334141016447,212.8,301.3334141016447
2021-02-27 06:33:00,695.8836965690606,212.8,483.0836965690606
2021-02-27 06:34:00,609.6102998305586,212.8,396.81029983055856
2021-02-27 06:35:00,406.27608944396184,212.8,193.47608944396183
2021-02-27 06:36:00,412.72009899540075,212.8,199.92009899540074
2021-02-27 06:37:00,356.83440249458715,212.8,144.03440249458714
2021-02-27 06:38:00,247.23007309688148,212.8,34.43007309688147
2021-02-27 06:39:00,185.4692829301369,212.8,-27.330717069863113
2021-02-27 06:40:00,407.36474030482054,212.8,194.56474030482053
2021-02-27 06:41:00,250.66523523624852,212.8,37.86523523624851
2021-02-27 06:42:00,239.28323574934893,212.8,26.48323574934892
2021-02-27 06:43:00,311.28259207538645,212.8,98.48259207538644
2021-02-27 06:44:00,280.2335357941376,212.8,67.43353579413758
2021-02-27 06:45:00,328.304160818532,212.8,115.504160818532
2021-02-27 06:46:00,324.3234878765647,212.8,111.52348787656467
2021-02-27 06:47:00,330.45785562392325,212.8,117.65785562392324
2021-02-27 06:48:00,167.30283272688155,212.8,-45.497167273118464
2021-02-27 06:49:00,290.5647014686109,212.8,77.7647014686109
2021-02-27 06:50:00,366.15092613914464,212.8,153.35092613914463
2021-02-27 06:51:00,366.1580310927095,212.8,153.3580310927095
2021-02-27 06:52:00,237.62164145346532,212.8,24.821641453465304
2021-02-27 06:53:00,219.03295289475528,212.8,6.232952894755272
2021-02-27 06:54:00,233.04571820480948,159.52,73.52571820480946
2021-02-27 06:55:00,245.15585186930542,288.26,-43.10414813069457
2021-02-27 06:56:00,329.4861088274806,287.38,42.106108827480625
2021-02-27 06:57:00,289.3343144626583,287.4,1.9343144626583353
2021-02-27 06:58:00,250.53456069726064,289.87,-39.33543930273936
2021-02-27 06:59:00,247.65464718130232,318.65999999999997,-71.00535281869765
2021-02-27 07:00:00,261.69705222381,350.05,-88.35294777619004
2021-02-27 07:01:00,268.829514255179,385.77,-116.94048574482099
2021-02-27 07:02:00,406.2944168392201,411.85,-5.555583160779918
2021-02-27 07:03:00,285.66323218819224,384.92999999999995,-99.26676781180771
2021-02-27 07:04:00,290.1670439245017,381.56999999999994,-91.40295607549825
2021-02-27 07:05:00,311.11813249480963,384.92999999999995,-73.81186750519032
2021-02-27 07:06:00,346.90991216515226,385.28,-38.37008783484771
2021-02-27 07:07:00,318.4994486433318,411.45000000000005,-92.95055135666826
2021-02-27 07:08:00,301.4736380119572,409.69000000000005,-108.21636198804288
2021-02-27 07:09:00,293.29266197150315,408.37,-115.07733802849685
2021-02-27 07:10:00,292.2897617459526,410.52,-118.23023825404738
2021-02-27 07:11:00,264.3912429910469,382.34000000000003,-117.94875700895312
2021-02-27 07:12:00,277.6284076931968,384.86,-107.23159230680324
2021-02-27 07:13:00,250.1254986604746,385.2099999999999,-135.08450133952533
2021-02-27 07:14:00,321.9354060971105,386.33000000000004,-64.39459390288954
2021-02-27 07:15:00,292.39677518058016,385.06999999999994,-92.67322481941977
2021-02-27 07:16:00,292.3987544512114,384.51,-92.11124554878859
2021-02-27 07:17:00,289.77222673669206,384.65,-94.87777326330792
2021-02-27 07:18:00,298.58714149601377,410.36,-111.77285850398624
2021-02-27 07:19:00,333.656322439666,438.08000000000004,-104.42367756033406
2021-02-27 07:20:00,320.19209097698314,463.77,-143.57790902301684
2021-02-27 07:21:00,331.0547197376487,490.77000000000004,-159.7152802623513
2021-02-27 07:22:00,403.1727464788048,494.64000000000004,-91.46725352119523
2021-02-27 07:23:00,391.0295424898665,523.6600000000001,-132.63045751013357
2021-02-27 07:24:00,436.1398066437626,555.3,-119.16019335623736
2021-02-27 07:25:00,446.39668543469503,609.95,-163.55331456530502
2021-02-27 07:26:00,519.7140493271761,670.2,-150.48595067282395
2021-02-27 07:27:00,575.0104338749636,757.0999999999999,-182.0895661250363
2021-02-27 07:28:00,631.1422170371278,815.5799999999999,-184.43778296287212
2021-02-27 07:29:00,615.42610245667,908.48,-293.05389754333
2021-02-27 07:30:00,879.7542300500844,1019.7,-139.94576994991564
2021-02-27 07:31:00,942.31256480187,1136.4,-194.08743519813004
2021-02-27 07:32:00,1085.7612209537895,1223.04,-137.2787790462105
2021-02-27 07:33:00,1194.5565033890184,1336.09,-141.5334966109815
2021-02-27 07:34:00,1194.6613641786948,1479.92,-285.25863582130523
2021-02-27 07:35:00,1852.6480981815746,1988.6999999999998,-136.05190181842522
2021-02-27 07:36:00,2545.8092591888367,2671.95,-126.14074081116314
2021-02-27 07:37:00,1734.8091589687149,1827.7599999999998,-92.95084103128488
2021-02-27 07:38:00,1858.1248109729402,1975.75,-117.62518902705983
2021-02-27 07:39:00,1643.1881488997099,1742.8200000000002,-99.6318511002903
2021-02-27 07:40:00,1434.7820676613328,1504.9800000000002,-70.19793233866744
2021-02-27 07:41:00,1233.7999594275498,1338.48,-104.68004057245025
2021-02-27 07:42:00,1167.5945019120525,1242.79,-75.1954980879475
2021-02-27 07:43:00,1139.0230148902954,1192.68,-53.65698510970469
2021-02-27 07:44:00,1230.0614515232553,1253.88,-23.81854847674481
2021-02-27 07:45:00,1499.8903003700607,1464.58,35.31030037006076
2021-02-27 07:46:00,1740.0083390780796,1857.8999999999999,-117.89166092192022
2021-02-27 07:47:00,2702.758924648257,2818.0,-115.2410753517429
2021-02-27 07:48:00,2829.2827357051565,2967.4700000000003,-138.18726429484377
2021-02-27 07:49:00,1867.4547111919676,1897.54,-30.085288808032374
2021-02-27 07:50:00,1858.0134270687252,1891.08,-33.06657293127478
2021-02-27 07:51:00,2936.116914917379,2989.9500000000003,-53.83308508262144
2021-02-27 07:52:00,3115.5849148965335,3228.8599999999997,-113.27508510346615
2021-02-27 07:53:00,3140.962081558662,3239.3100000000004,-98.3479184413386
2021-02-27 07:54:00,3091.826588082094,3178.67,-86.843411917906
2021-02-27 07:55:00,3018.8603891274524,3119.37,-100.50961087254746
2021-02-27 07:56:00,2386.843098397961,2402.84,-15.996901602039088
2021-02-27 07:57:00,2839.9005467351217,2964.0600000000004,-124.15945326487872
2021-02-27 07:58:00,2135.819972148306,2177.94,-42.120027851693976
2021-02-27 07:59:00,904.8187209124768,939.6700000000001,-34.85127908752327
2021-02-27 08:00:00,958.4936532529845,945.94,12.553653252984418
2021-02-27 08:01:00,1145.17813037032,1182.13,-36.951869629680004
2021-02-27 08:02:00,1082.6384957332714,1120.24,-37.601504266728625
2021-02-27 08:03:00,1004.420782077434,1042.53,-38.10921792256602
2021-02-27 08:04:00,1084.5390180253305,1108.8,-24.26098197466945
2021-02-27 08:05:00,2501.805299394488,2628.71,-126.90470060551206
2021-02-27 08:06:00,3138.333870479128,3257.2799999999997,-118.94612952087164
2021-02-27 08:07:00,3204.759781283976,3313.11,-108.3502187160243
2021-02-27 08:08:00,3181.124158292459,3362.93,-181.80584170754082
2021-02-27 08:09:00,3238.07312312365,3363.54,-125.46687687634994
2021-02-27 08:10:00,3033.7365588292014,3153.84,-120.10344117079876
2021-02-27 08:11:00,3135.669065925201,3256.57,-120.90093407479935
2021-02-27 08:12:00,3098.9535122667585,3200.09,-101.13648773324167
2021-02-27 08:13:00,3081.8571464598954,3187.13,-105.27285354010473
2021-02-27 08:14:00,2958.6689191986134,3129.87,-171.20108080138652
2021-02-27 08:15:00,2572.330772568558,2695.9700000000003,-123.63922743144212
2021-02-27 08:16:00,2621.53825137514,2734.5,-112.96174862485987
2021-02-27 08:17:00,2524.541715652121,2598.16,-73.61828434787867
2021-02-27 08:18:00,2289.219187545326,2532.88,-243.66081245467421
2021-02-27 08:19:00,1858.786164892158,1883.06,-24.273835107841933
2021-02-27 08:20:00,1832.3347725641763,1983.96,-151.62522743582372
2021-02-27 08:21:00,2904.3255592982373,3056.9,-152.5744407017628
2021-02-27 08:22:00,3467.7339767646886,3739.77,-272.0360232353114
2021-02-27 08:23:00,3621.5750640505094,3765.34,-143.7649359494908
2021-02-27 08:24:00,3442.7848404356605,3609.2799999999997,-166.49515956433925
2021-02-27 08:25:00,3310.6443183557094,3468.0400000000004,-157.39568164429102
2021-02-27 08:26:00,2027.9199972859158,1982.17,45.7499972859157
2021-02-27 08:27:00,1380.684833518949,1297.44,83.24483351894901
2021-02-27 08:28:00,1683.5354222479411,1703.8100000000002,-20.27457775205903
2021-02-27 08:29:00,1666.3765974533844,1690.12,-23.74340254661547
2021-02-27 08:30:00,1699.0805712652846,1749.1200000000001,-50.03942873471556
2021-02-27 08:31:00,1636.1357381819414,1674.94,-38.80426181805865
2021-02-27 08:32:00,3063.2064563260506,3123.83,-60.62354367394937
2021-02-27 08:33:00,2239.9160119714234,2178.13,61.78601197142325
2021-02-27 08:34:00,3852.46358132881,3970.66,-118.1964186711898
2021-02-27 08:35:00,3506.5213072067777,3591.9,-85.3786927932224
2021-02-27 08:36:00,3950.9164588306926,4181.87,-230.9535411693073
2021-02-27 08:37:00,3892.305105870659,4035.5400000000004,-143.23489412934123
2021-02-27 08:38:00,4008.675474981089,4225.71,-217.03452501891115
2021-02-27 08:39:00,3818.0110665989755,4024.5,-206.4889334010245
2021-02-27 08:40:00,3703.0717512490532,3937.62,-234.54824875094664
2021-02-27 08:41:00,3757.5139880680736,3923.75,-166.23601193192644
2021-02-27 08:42:00,2702.1122197980876,2688.5,13.612219798087608
2021-02-27 08:43:00,2513.8565888783664,2641.59,-127.73341112163371
2021-02-27 08:44:00,3510.9015530648935,3653.49,-142.58844693510628
2021-02-27 08:45:00,2878.5474422784832,2974.95,-96.40255772151659
2021-02-27 08:46:00,2247.4386123152462,2270.1000000000004,-22.661387684754118
2021-02-27 08:47:00,1903.331126894894,1971.3400000000001,-68.0088731051062
2021-02-27 08:48:00,1600.3277679966254,1743.68,-143.35223200337464
2021-02-27 08:49:00,1795.5053482329497,1799.4899999999998,-3.9846517670500816
2021-02-27 08:50:00,2112.7058398895974,2055.73,56.97583988959741
2021-02-27 08:51:00,1726.9380655988105,1774.1000000000001,-47.16193440118968
2021-02-27 08:52:00,1570.9792235984887,1675.23,-104.2507764015113
2021-02-27 08:53:00,1571.5195024278971,1680.2600000000002,-108.7404975721031
2021-02-27 08:54:00,1609.0609082446656,1656.3,-47.23909175533436
2021-02-27 08:55:00,2747.459049122412,2815.2,-67.7409508775877
2021-02-27 08:56:00,3437.0944093338494,3507.32,-70.22559066615077
2021-02-27 08:57:00,3411.9125243600593,3428.26,-16.347475639940967
2021-02-27 08:58:00,3021.053370764404,2982.62,38.43337076440412
2021-02-27 08:59:00,2401.74624433658,2351.67,50.07624433657975
2021-02-27 09:00:00,1902.4653858245817,1911.3500000000001,-8.884614175418392
2021-02-27 09:01:00,1649.5330394992911,1604.3,45.23303949929118
2021-02-27 09:02:00,1467.146690610609,1501.41,-34.263309389391
2021-02-27 09:03:00,1382.475831325619,1482.3000000000002,-99.8241686743811
2021-02-27 09:04:00,1595.3535773084895,1560.4099999999999,34.943577308489694
2021-02-27 09:05:00,1536.0871824989815,1651.1999999999998,-115.1128175010183
2021-02-27 09:06:00,1692.0698189047823,1700.35,-8.280181095217586
2021-02-27 09:07:00,1691.8786405915891,1796.55,-104.67135940841081
2021-02-27 09:08:00,2061.884269643489,2074.83,-12.945730356510921
2021-02-27 09:09:00,1984.7918894420377,2037.96,-53.168110557962336
2021-02-27 09:10:00,2454.0674757104257,2506.64,-52.572524289574176
2021-02-27 09:11:00,2558.8118210159982,2540.58,18.23182101599832
2021-02-27 09:12:00,2120.899165395034,2211.2,-90.30083460496598
2021-02-27 09:13:00,2602.9784711872653,2638.08,-35.101528812734614
2021-02-27 09:14:00,1941.4741566168375,1983.6,-42.12584338316242
2021-02-27 09:15:00,2235.2573135954804,2283.5,-48.242686404519645
2021-02-27 09:16:00,2826.4176011025525,2887.87,-61.45239889744744
2021-02-27 09:17:00,2442.7167777438553,2533.68,-90.96322225614449
2021-02-27 09:18:00,3105.8344000754773,3198.7,-92.86559992452248
2021-02-27 09:19:00,2334.508030451255,2412.08,-77.57196954874507
2021-02-27 09:20:00,2445.3730392731027,2468.7,-23.32696072689714
2021-02-27 09:21:00,2916.6185375771815,2987.6800000000003,-71.06146242281875
2021-02-27 09:22:00,2989.838203757868,3066.5599999999995,-76.7217962421314
2021-02-27 09:23:00,2817.0097825100056,2872.6,-55.5902174899943
2021-02-27 09:24:00,2833.0381396530456,2890.09,-57.05186034695453
2021-02-27 09:25:00,2833.113112996777,2703.81,129.30311299677714
2021-02-27 09:26:00,3899.4373982635043,4050.64,-151.20260173649558
2021-02-27 09:27:00,3643.7716841865745,3768.1000000000004,-124.32831581342589
2021-02-27 09:28:00,3851.59796795831,3947.59,-95.99203204168998
2021-02-27 09:29:00,3624.4531557296646,3635.2799999999997,-10.826844270335187
2021-02-27 09:30:00,4070.2023299698935,4184.700000000001,-114.4976700301072
2021-02-27 09:31:00,3667.0697819000416,3661.83,5.239781900041635
2021-02-27 09:32:00,3218.2233786177208,3169.6900000000005,48.533378617720246
2021-02-27 09:33:00,2504.44680867227,2506.51,-2.0631913277302374
2021-02-27 09:34:00,2245.921246544196,2506.51,-260.5887534558042
2021-02-27 09:35:00,2394.4246332313865,1770.04,624.3846332313865
2021-02-27 09:36:00,2525.9220525032397,2512.8599999999997,13.062052503240011
2021-02-27 09:37:00,2781.5839776625553,2756.5499999999997,25.03397766255557
2021-02-27 09:38:00,3505.491475689136,3421.63,83.86147568913611
2021-02-27 09:39:00,3386.354955122128,3308.74,77.61495512212832
2021-02-27 09:40:00,2476.6271179170835,2391.3500000000004,85.27711791708316
2021-02-27 09:41:00,2445.23568666866,2345.85,99.38568666866013
2021-02-27 09:42:00,2319.4550194267263,2238.7599999999998,80.6950194267265
2021-02-27 09:43:00,2308.0941852190326,2214.41,93.68418521903277
2021-02-27 09:44:00,2238.4528703175356,2155.6000000000004,82.85287031753523
2021-02-27 09:45:00,2189.647004257387,2114.19,75.45700425738687
2021-02-27 09:46:00,2181.1160667930735,2121.21,59.90606679307348
2021-02-27 09:47:00,2366.5318235658965,2239.42,127.11182356589643
2021-02-27 09:48:00,2421.9479788485055,2347.8,74.14797884850532
2021-02-27 09:49:00,2291.1905367539152,2193.99,97.20053675391546
2021-02-27 09:50:00,2183.2373962652205,2061.5,121.73739626522047
2021-02-27 09:51:00,2075.214408371134,1985.4900000000002,89.7244083711339
2021-02-27 09:52:00,1968.460951793524,1859.8,108.66095179352396
2021-02-27 09:53:00,1900.4832526553353,1829.83,70.65325265533534
2021-02-27 09:54:00,1887.3799811378624,1805.7599999999998,81.61998113786262
2021-02-27 09:55:00,1887.386895186751,1830.4699999999998,56.91689518675116
2021-02-27 09:56:00,1966.204712407055,1842.55,123.65471240705506
2021-02-27 09:57:00,1974.5736254075046,1871.02,103.55362540750457
2021-02-27 09:58:00,2031.336780293245,1890.11,141.22678029324516
2021-02-27 09:59:00,1971.6791441033997,1892.3999999999999,79.27914410339986
2021-02-27 10:00:00,1988.3129727201474,1868.6399999999999,119.67297272014753
2021-02-27 10:01:00,1940.3029998914756,1872.7199999999998,67.58299989147577
2021-02-27 10:02:00,2062.9264836413463,1904.24,158.68648364134629
2021-02-27 10:03:00,2252.9179514084994,2096.8399999999997,156.07795140849976
2021-02-27 10:04:00,3414.894450427209,3324.33,90.56445042720907
2021-02-27 10:05:00,5103.716471160037,4680.42,423.2964711600371
2021-02-27 10:06:00,5239.165239927995,4599.450000000001,639.7152399279939
2021-02-27 10:07:00,5170.478189679263,4878.63,291.84818967926276
2021-02-27 10:08:00,5101.747357742412,4774.280000000001,327.46735774241097
2021-02-27 10:09:00,5050.962520992302,5165.41,-114.44747900769744
2021-02-27 10:10:00,4996.773669880238,5127.0,-130.22633011976177
2021-02-27 10:11:00,4956.14437795295,5048.01,-91.86562204705024
2021-02-27 10:12:00,4933.103754845467,4962.860000000001,-29.756245154533644
2021-02-27 10:13:00,4883.808520067039,4732.32,151.48852006703964
2021-02-27 10:14:00,4888.8536947260245,4675.35,213.50369472602415
2021-02-27 10:15:00,4766.033155754439,4689.05,76.98315575443849
2021-02-27 10:16:00,4307.584380991139,4165.77,141.81438099113893
2021-02-27 10:17:00,4823.772616642606,4625.849999999999,197.92261664260695
2021-02-27 10:18:00,4616.688470743551,4490.22,126.46847074355082
2021-02-27 10:19:00,4267.919595519039,4084.83,183.089595519039
2021-02-27 10:20:00,4977.71610458634,4827.6900000000005,150.0261045863399
2021-02-27 10:21:00,5158.864324105219,4746.66,412.2043241052188
2021-02-27 10:22:00,5159.170432530348,4592.61,566.5604325303484
2021-02-27 10:23:00,5153.62504293629,4687.24,466.3850429362901
2021-02-27 10:24:00,5062.506201683842,4809.1,253.40620168384157
2021-02-27 10:25:00,5008.978914415481,4775.82,233.15891441548138
2021-02-27 10:26:00,4659.141128014361,4548.08,111.0611280143612
2021-02-27 10:27:00,4160.730751173811,4045.0499999999997,115.68075117381113
2021-02-27 10:28:00,3486.097070083442,4045.0499999999997,-558.9529299165579
2021-02-27 10:29:00,3130.2016388740008,4045.0499999999997,-914.848361125999
2021-02-27 10:30:00,2890.5452414675815,4045.0499999999997,-1154.5047585324182
2021-02-27 10:31:00,2208.3936911621754,2214.5,-6.106308837824599
2021-02-27 10:32:00,1996.6795207603627,1970.3,26.379520760362766
2021-02-27 10:33:00,2479.8479943744746,2411.3199999999997,68.52799437447493
2021-02-27 10:34:00,2523.037796077038,2462.8,60.23779607703773
2021-02-27 10:35:00,1915.98533409753,1956.7199999999998,-40.734665902469715
2021-02-27 10:36:00,1726.3302408781794,1736.46,-10.129759121820598
2021-02-27 10:37:00,1660.7116873656714,1643.62,17.091687365671532
2021-02-27 10:38:00,1555.8933509398555,1603.2,-47.30664906014454
2021-02-27 10:39:00,1521.7053758304478,1577.1299999999999,-55.42462416955209
2021-02-27 10:40:00,1565.062220069606,1561.65,3.412220069605837
2021-02-27 10:41:00,1561.957812728022,1566.0,-4.042187271978037
2021-02-27 10:42:00,1527.602356804675,1523.7599999999998,3.842356804675319
2021-02-27 10:43:00,1573.347124219594,1580.5,-7.152875780406021
2021-02-27 10:44:00,1573.348044974912,1583.69,-10.341955025088055
2021-02-27 10:45:00,1611.2363039760348,1610.1799999999998,1.0563039760349966
2021-02-27 10:46:00,1703.8553275663091,1664.1800000000003,39.67532756630885
2021-02-27 10:47:00,1807.107319488792,1810.0499999999997,-2.9426805112077545
2021-02-27 10:48:00,2077.2666225457956,2042.4,34.86662254579551
2021-02-27 10:49:00,3738.2548640762184,3703.46,34.794864076218346
2021-02-27 10:50:00,4180.351069808014,4291.28,-110.92893019198618
2021-02-27 10:51:00,3713.062634176389,3762.5699999999997,-49.5073658236106
2021-02-27 10:52:00,3361.741618656737,3350.4800000000005,11.261618656736573
2021-02-27 10:53:00,3730.5759324020783,3742.3,-11.72406759792193
2021-02-27 10:54:00,3706.8512508147455,3729.1099999999997,-22.258749185254146
2021-02-27 10:55:00,3959.189972145925,4013.25,-54.06002785407509
2021-02-27 10:56:00,4473.796964940743,4625.789999999999,-151.99303505925582
2021-02-27 10:57:00,4766.953923080866,4957.56,-190.60607691913447
2021-02-27 10:58:00,4893.529069506342,5133.780000000001,-240.25093049365842
2021-02-27 10:59:00,4932.1290161669785,5129.1900000000005,-197.06098383302196
2021-02-27 11:00:00,4646.220330425928,4764.68,-118.459669574072
2021-02-27 11:01:00,4265.27316236268,4272.84,-7.566837637320532
2021-02-27 11:02:00,4436.852612673099,4443.92,-7.0673873269006435
2021-02-27 11:03:00,4798.209775567017,4957.67,-159.46022443298352
2021-02-27 11:04:00,5207.928517204415,5360.76,-152.83148279558554
2021-02-27 11:05:00,5075.213510619721,5266.66,-191.44648938027876
2021-02-27 11:06:00,5103.370204227308,5254.0599999999995,-150.68979577269147
2021-02-27 11:07:00,5156.001761677103,5258.45,-102.44823832289694
2021-02-27 11:08:00,5186.550671414454,5256.55,-69.99932858554621
2021-02-27 11:09:00,4799.002048150266,4800.0,-0.9979518497339086
2021-02-27 11:10:00,4690.048277832972,4670.63,19.418277832972308
2021-02-27 11:11:00,4438.693082188237,4382.5,56.193082188236986
2021-02-27 11:12:00,3715.699619903381,3525.9000000000005,189.79961990338052
2021-02-27 11:13:00,3397.7617793562636,3262.8199999999997,134.94177935626385
2021-02-27 11:14:00,3228.340355184039,3129.91,98.43035518403894
2021-02-27 11:15:00,3486.521590668001,3377.42,109.10159066800088
2021-02-27 11:16:00,4118.022923084938,4063.8,54.222923084937975
2021-02-27 11:17:00,4322.233181111906,4263.999999999999,58.23318111190656
2021-02-27 11:18:00,4020.4107039432824,4013.72,6.690703943282642
2021-02-27 11:19:00,3662.605613141659,3594.9000000000005,67.70561314165843
2021-02-27 11:20:00,3472.0885152422534,3400.1499999999996,71.93851524225374
2021-02-27 11:21:00,3308.149872198946,3242.6,65.5498721989461
2021-02-27 11:22:00,3284.690257620154,3230.56,54.130257620154225
2021-02-27 11:23:00,3176.9153120865853,3135.26,41.65531208658513
2021-02-27 11:24:00,3360.957185238048,3327.54,33.417185238048205
2021-02-27 11:25:00,4092.644680860268,4067.54,25.104680860268218
2021-02-27 11:26:00,4682.115343886483,4845.530000000001,-163.4146561135176
2021-02-27 11:27:00,5130.123210199063,5384.1900000000005,-254.06678980093784
2021-02-27 11:28:00,5119.967178095777,5378.46,-258.4928219042231
2021-02-27 11:29:00,4983.2984655735245,5205.0599999999995,-221.761534426475
2021-02-27 11:30:00,4903.035264780178,5088.0,-184.9647352198217
2021-02-27 11:31:00,4785.168415995048,4889.93,-104.76158400495206
2021-02-27 11:32:00,4637.011072512741,4688.32,-51.3089274872591
2021-02-27 11:33:00,4741.820343225599,4827.42,-85.59965677440141
2021-02-27 11:34:00,4786.629988475537,4860.48,-73.85001152446239
2021-02-27 11:35:00,4777.97058009297,4911.11,-133.13941990703006
2021-02-27 11:36:00,4780.924112282532,4863.36,-82.43588771746727
2021-02-27 11:37:00,4850.692763702142,4932.34,-81.6472362978584
2021-02-27 11:38:00,4874.889236689061,4941.16,-66.27076331093849
2021-02-27 11:39:00,4971.876632195389,5084.530000000001,-112.65336780461166
2021-02-27 11:40:00,5075.486312504952,5168.549999999999,-93.0636874950469
2021-02-27 11:41:00,5086.195934906542,5265.52,-179.32406509345856
2021-02-27 11:42:00,5087.306981572854,5213.530000000001,-126.2230184271466
2021-02-27 11:43:00,5028.565472820016,5148.780000000001,-120.21452717998454
2021-02-27 11:44:00,5020.767213875707,5143.860000000001,-123.09278612429353
2021-02-27 11:45:00,5096.371771203007,5246.01,-149.63822879699364
2021-02-27 11:46:00,4786.309476548079,4772.799999999999,13.509476548079874
2021-02-27 11:47:00,3744.74775618928,3488.6400000000003,256.1077561892798
2021-02-27 11:48:00,2885.4422142370654,2709.89,175.55221423706553
2021-02-27 11:49:00,2756.3549766487013,2562.7799999999997,193.57497664870152
2021-02-27 11:50:00,2908.9976815084115,2740.4,168.59768150841137
2021-02-27 11:51:00,3328.2702220145493,3157.2000000000003,171.07022201454902
2021-02-27 11:52:00,4018.3595412486447,3941.25,77.10954124864475
2021-02-27 11:53:00,4715.6776664445915,4729.9,-14.222333555408113
2021-02-27 11:54:00,4667.132826431682,4675.58,-8.447173568318249
2021-02-27 11:55:00,5112.980121141553,5271.360000000001,-158.37987885844723
2021-02-27 11:56:00,4946.49183949401,5064.280000000001,-117.78816050599107
2021-02-27 11:57:00,4649.424433761351,4621.26,28.164433761350665
2021-02-27 11:58:00,4077.819012135206,3995.9399999999996,81.87901213520627
2021-02-27 11:59:00,3802.4439149709224,3692.88,109.56391497092227
2021-02-27 12:00:00,3671.980594112856,3585.2400000000007,86.74059411285543
2021-02-27 12:01:00,3700.2216949086896,3601.1100000000006,99.11169490868906
2021-02-27 12:02:00,3995.227575850849,3968.2899999999995,26.9375758508495
2021-02-27 12:03:00,3931.085365057542,3937.37,-6.284634942458069
2021-02-27 12:04:00,4425.736493383851,4511.5599999999995,-85.82350661614873
2021-02-27 12:05:00,4465.872251404621,4537.4,-71.5277485953784
2021-02-27 12:06:00,3591.8743849568546,3526.4799999999996,65.39438495685499
2021-02-27 12:07:00,3326.1727292063683,3253.76,72.41272920636811
2021-02-27 12:08:00,3393.9586974701515,3327.0299999999997,66.92869747015175
2021-02-27 12:09:00,3428.158877817033,3332.7,95.45887781703323
2021-02-27 12:10:00,3442.3137237772266,3393.92,48.39372377722657
2021-02-27 12:11:00,3339.7710614233565,3331.4399999999996,8.331061423356914
2021-02-27 12:12:00,3537.534848538579,3489.41,48.124848538579045
2021-02-27 12:13:00,4211.627786988437,4220.799999999999,-9.172213011562235
2021-02-27 12:14:00,4308.209788293338,4360.74,-52.53021170666216
2021-02-27 12:15:00,4036.027773804283,4001.58,34.44777380428286
2021-02-27 12:16:00,3795.7297680838983,3764.88,30.849768083898198
2021-02-27 12:17:00,4316.272260806479,4319.759999999999,-3.4877391935206106
2021-02-27 12:18:00,4404.81504506014,4411.68,-6.864954939860581
2021-02-27 12:19:00,4476.171072110304,4498.7699999999995,-22.598927889695915
2021-02-27 12:20:00,4830.478311561135,4939.69,-109.21168843886426
2021-02-27 12:21:00,4652.202180616151,4695.599999999999,-43.3978193838484
2021-02-27 12:22:00,4231.684657347984,4165.0199999999995,66.66465734798476
2021-02-27 12:23:00,4051.5418767153196,3926.92,124.62187671531956
2021-02-27 12:24:00,3828.5725029838623,3728.08,100.49250298386232
2021-02-27 12:25:00,3892.8220507603596,3809.5699999999997,83.25205076035991
2021-02-27 12:26:00,3210.3931640869746,3106.9400000000005,103.45316408697408
2021-02-27 12:27:00,2506.269421247448,2460.92,45.349421247447935
2021-02-27 12:28:00,2340.2090232665973,2264.38,75.82902326659723
2021-02-27 12:29:00,2296.515553396295,2231.04,65.47555339629525
2021-02-27 12:30:00,2189.037954013933,2200.8799999999997,-11.84204598606675
2021-02-27 12:31:00,2200.9809159218835,2147.6,53.38091592188357
2021-02-27 12:32:00,2206.5768740566855,2153.2,53.376874056685665
2021-02-27 12:33:00,2170.6809222449765,2135.43,35.250922244976664
2021-02-27 12:34:00,2182.125113342388,2134.2299999999996,47.89511334238841
2021-02-27 12:35:00,2209.120814325836,2125.1099999999997,84.01081432583624
2021-02-27 12:36:00,2084.736787253781,2061.5,23.23678725378113
2021-02-27 12:37:00,2023.8828649679274,2015.39,8.49286496792729
2021-02-27 12:38:00,2023.8794063257792,2042.83,-18.950593674220727
2021-02-27 12:39:00,2128.2101658576034,2073.2799999999997,54.9301658576037
2021-02-27 12:40:00,2135.9381094462706,2125.1099999999997,10.8281094462709
2021-02-27 12:41:00,2213.5524732038075,2129.79,83.76247320380753
2021-02-27 12:42:00,2198.1463047393827,2153.09,45.05630473938254
2021-02-27 12:43:00,2199.5268327335266,2123.16,76.36683273352673
2021-02-27 12:44:00,981.6419418648579,2109.12,-1127.478058135142
2021-02-27 12:45:00,2123.4611257789584,2064.16,59.30112577895852
2021-02-27 12:46:00,2083.741239419197,2022.0500000000002,61.69123941919679
2021-02-27 12:47:00,2013.0072382217152,1959.84,53.16723822171525
2021-02-27 12:48:00,1928.5244005908542,1905.3999999999999,23.124400590854293
2021-02-27 12:49:00,1904.257793123714,1850.62,53.63779312371412
2021-02-27 12:50:00,1782.959194447782,1804.1099999999997,-21.150805552217662
2021-02-27 12:51:00,1848.015368604896,1804.77,43.24536860489593
2021-02-27 12:52:00,1867.3846281980302,1809.3899999999999,57.99462819803034
2021-02-27 12:53:00,1886.217461822085,1866.26,19.95746182208495
2021-02-27 12:54:00,1869.455795251364,1895.6,-26.144204748635957
2021-02-27 12:55:00,1926.9922904234504,1987.2,-60.20770957654963
2021-02-27 12:56:00,2099.0380472307625,2062.0699999999997,36.96804723076275
2021-02-27 12:57:00,2329.8355642446936,2264.0199999999995,65.81556424469409
2021-02-27 12:58:00,2446.615228473175,2418.6800000000003,27.935228473174902
2021-02-27 12:59:00,2266.5108020243856,2291.94,-25.429197975614443
2021-02-27 13:00:00,2264.7382536096848,2248.0299999999997,16.708253609685016
2021-02-27 13:01:00,2263.903444781234,2247.62,16.283444781234266
2021-02-27 13:02:00,2255.5564719699287,2215.8599999999997,39.69647196992901
2021-02-27 13:03:00,2275.313864567819,2257.4599999999996,17.853864567819528
2021-02-27 13:04:00,2352.4590199903814,2297.82,54.63901999038126
2021-02-27 13:05:00,2370.0720230164984,2327.58,42.49202301649848
2021-02-27 13:06:00,2424.2724397905754,2353.8199999999997,70.45243979057568
2021-02-27 13:07:00,2495.996013728225,2469.1499999999996,26.846013728225444
2021-02-27 13:08:00,2595.6199627490178,2575.13,20.48996274901765
2021-02-27 13:09:00,2586.523697272673,2557.74,28.78369727267318
2021-02-27 13:10:00,2536.8100044073494,2504.7,32.11000440734961
2021-02-27 13:11:00,2547.728491270923,2491.8199999999997,55.90849127092315
2021-02-27 13:12:00,2533.21488395682,2507.9199999999996,25.294883956820286
2021-02-27 13:13:00,2462.8042759365644,2434.05,28.754275936564227
2021-02-27 13:14:00,2421.7064106394914,2342.21,79.49641063949139
2021-02-27 13:15:00,2368.7729975469815,2332.3199999999997,36.452997546981805
2021-02-27 13:16:00,2412.2250936526684,2387.0,25.22509365266842
2021-02-27 13:17:00,2492.4714662367455,2445.3,47.171466236745346
2021-02-27 13:18:00,2574.192546032758,2561.03,13.162546032757746
2021-02-27 13:19:00,2948.330300980374,2856.76,91.57030098037376
2021-02-27 13:20:00,4663.178180337889,4713.6900000000005,-50.51181966211152
2021-02-27 13:21:00,5050.414104609807,5219.950000000001,-169.53589539019413
2021-02-27 13:22:00,3718.3112520926015,3678.5,39.811252092601535
2021-02-27 13:23:00,3529.9706248264706,3472.54,57.43062482647065
2021-02-27 13:24:00,4090.1249730648574,4070.9900000000002,19.13497306485715
2021-02-27 13:25:00,4150.8679532840915,4148.29,2.5779532840915635
2021-02-27 13:26:00,3690.0008643829983,3551.5099999999998,138.49086438299855
2021-02-27 13:27:00,3862.1435057084045,3729.94,132.20350570840446
2021-02-27 13:28:00,3508.0209719573436,3434.6000000000004,73.42097195734323
2021-02-27 13:29:00,3502.8811008879675,3467.87,35.01110088796759
2021-02-27 13:30:00,3651.1222273805406,3587.6800000000003,63.44222738054032
2021-02-27 13:31:00,3789.298657273849,3711.62,77.67865727384924
2021-02-27 13:32:00,3770.9992122522035,3630.17,140.82921225220343
2021-02-27 13:33:00,4688.513207200898,4742.719999999999,-54.206792799101095
2021-02-27 13:34:00,4860.312716892514,4905.860000000001,-45.54728310748669
2021-02-27 13:35:00,4365.92429360758,4254.58,111.34429360757986
2021-02-27 13:36:00,3952.1695567379143,3789.43,162.73955673791443
2021-02-27 13:37:00,3759.288128333584,3620.3999999999996,138.88812833358452
2021-02-27 13:38:00,3425.930435201442,3301.1200000000003,124.81043520144158
2021-02-27 13:39:00,3218.0490555393512,3069.77,148.27905553935125
2021-02-27 13:40:00,2965.0348256063535,2863.85,101.18482560635357
2021-02-27 13:41:00,2714.083512033345,2625.0,89.08351203334496
2021-02-27 13:42:00,2649.4681410743415,2570.54,78.92814107434151
2021-02-27 13:43:00,2497.9353984594495,2457.1099999999997,40.82539845944984
2021-02-27 13:44:00,2451.557937047409,2393.1,58.457937047408905
2021-02-27 13:45:00,2476.109899508941,2439.8399999999997,36.26989950894131
2021-02-27 13:46:00,2420.723617030627,2419.16,1.5636170306270287
2021-02-27 13:47:00,2482.3452749002977,2530.95,-48.60472509970214
2021-02-27 13:48:00,2110.5922312213283,2109.18,1.4122312213285113
2021-02-27 13:49:00,2059.659249533235,2043.2599999999998,16.399249533235434
2021-02-27 13:50:00,1893.7427473530702,1981.72,-87.97725264692986
2021-02-27 13:51:00,1939.401828235872,1997.2600000000002,-57.8581717641282
2021-02-27 13:52:00,1983.707180290752,1993.56,-9.852819709248024
2021-02-27 13:53:00,1887.7337323647403,1876.0,11.733732364740263
2021-02-27 13:54:00,1776.6741316071177,1803.4299999999998,-26.75586839288212
2021-02-27 13:55:00,1878.5735420295848,1842.46,36.11354202958478
2021-02-27 13:56:00,1924.104176920293,1857.04,67.064176920293
2021-02-27 13:57:00,1976.9900488726712,1948.68,28.310048872671132
2021-02-27 13:58:00,2028.931832538744,1947.2400000000002,81.69183253874371
2021-02-27 13:59:00,2241.4827815887743,2200.96,40.52278158877425
2021-02-27 14:00:00,2111.548156435699,2108.73,2.8181564356991657
2021-02-27 14:01:00,2027.7169098182346,1996.15,31.566909818234535
2021-02-27 14:02:00,1983.7473447166183,1945.44,38.30734471661822
2021-02-27 14:03:00,2157.4469892715115,2117.31,40.13698927151154
2021-02-27 14:04:00,1868.2620664846559,1885.4499999999998,-17.187933515343957
2021-02-27 14:05:00,1649.7124991535277,1635.27,14.442499153527706
2021-02-27 14:06:00,1562.2300276638302,1504.4399999999998,57.790027663830415
2021-02-27 14:07:00,1364.126669291902,1405.56,-41.433330708097856
2021-02-27 14:08:00,1416.2511052834454,1355.75,60.50110528344544
2021-02-27 14:09:00,1458.9165224869296,1385.49,73.42652248692957
2021-02-27 14:10:00,1460.1384621752507,1415.7,44.438462175250606
2021-02-27 14:11:00,1515.746077361625,1480.6800000000003,35.06607736162482
2021-02-27 14:12:00,1685.8112307829463,1647.3000000000002,38.511230782946086
2021-02-27 14:13:00,2077.8690647528415,1987.92,89.94906475284142
2021-02-27 14:14:00,2499.1122391205768,2373.17,125.94223912057669
2021-02-27 14:15:00,2744.0260341770045,2597.69,146.33603417700442
2021-02-27 14:16:00,2591.6518607959974,2387.4400000000005,204.21186079599693
2021-02-27 14:17:00,2573.5101067955775,2415.6000000000004,157.91010679557712
2021-02-27 14:18:00,3137.003996068149,3010.1499999999996,126.85399606814917
2021-02-27 14:19:00,3538.481938320084,3464.37,74.11193832008394
2021-02-27 14:20:00,3953.114478262124,3913.2000000000003,39.914478262123794
2021-02-27 14:21:00,3880.0315515379684,3846.0,34.031551537968426
2021-02-27 14:22:00,3979.7692314635656,3980.46,-0.6907685364344616
2021-02-27 14:23:00,3738.8497898606356,3615.56,123.28978986063566
2021-02-27 14:24:00,2114.450951534801,1811.08,303.37095153480095
2021-02-27 14:25:00,3455.924119014933,3349.86,106.06411901493266
2021-02-27 14:26:00,2609.6599586280918,2470.2,139.45995862809195
2021-02-27 14:27:00,2438.212961676676,2174.41,263.8029616766762
2021-02-27 14:28:00,2438.088213929208,2037.94,400.14821392920794
2021-02-27 14:29:00,1971.1610937006908,1811.8600000000001,159.30109370069067
2021-02-27 14:30:00,2018.2563973484735,1899.1,119.15639734847355
2021-02-27 14:31:00,1902.3807461460713,1837.36,65.02074614607136
2021-02-27 14:32:00,2354.52406697284,2216.95,137.57406697284023
2021-02-27 14:33:00,1656.5851634575536,1542.12,114.46516345755367
2021-02-27 14:34:00,1209.2534219100198,1079.0,130.25342191001982
2021-02-27 14:35:00,1472.790650157957,1397.5700000000002,75.22065015795692
2021-02-27 14:36:00,1375.1299834017625,1261.09,114.03998340176258
2021-02-27 14:37:00,1745.1794314976198,1662.0,83.17943149761982
2021-02-27 14:38:00,3057.7910820661086,2894.32,163.47108206610847
2021-02-27 14:39:00,3201.6534649842465,3099.5099999999998,102.14346498424675
2021-02-27 14:40:00,3256.8832632771428,3132.15,124.73326327714267
2021-02-27 14:41:00,2386.21449667417,2243.1099999999997,143.10449667417015
2021-02-27 14:42:00,3589.5172496743257,3533.69,55.827249674325685
2021-02-27 14:43:00,3559.9091853153104,3518.71,41.19918531531039
2021-02-27 14:44:00,2894.772378277097,2765.3,129.4723782770966
2021-02-27 14:45:00,2695.6243019250837,2578.37,117.25430192508384
2021-02-27 14:46:00,1141.9121961297878,1061.2,80.7121961297878
2021-02-27 14:47:00,3521.7766079384355,3520.4,1.376607938435427
2021-02-27 14:48:00,3365.9627545860562,3414.08,-48.11724541394369
2021-02-27 14:49:00,4308.602182114488,4407.34,-98.73781788551241
2021-02-27 14:50:00,3623.854821767916,3587.8399999999997,36.014821767916146
2021-02-27 14:51:00,1681.8664225113585,1655.4,26.46642251135836
2021-02-27 14:52:00,1321.9862279806605,1292.1799999999998,29.80622798066065
2021-02-27 14:53:00,1200.8540647463005,1163.5800000000002,37.27406474630038
2021-02-27 14:54:00,3421.702215660371,3298.2699999999995,123.43221566037164
2021-02-27 14:55:00,3514.0761689376327,3480.32,33.75616893763254
2021-02-27 14:56:00,3172.9500526471775,3096.24,76.71005264717769
2021-02-27 14:57:00,3112.3059423305244,2969.6000000000004,142.70594233052407
2021-02-27 14:58:00,3165.9941235316837,3089.3999999999996,76.59412353168409
2021-02-27 14:59:00,3186.893327411592,3061.5199999999995,125.37332741159253
2021-02-27 15:00:00,3110.348616294059,2995.85,114.49861629405905
2021-02-27 15:01:00,3120.954760430342,2982.6499999999996,138.3047604303424
2021-02-27 15:02:00,3059.915880200338,2920.32,139.5958802003379
2021-02-27 15:03:00,3025.34167039291,2860.41,164.9316703929103
2021-02-27 15:04:00,3000.745258393299,2862.5299999999997,138.21525839329934
2021-02-27 15:05:00,2957.853939182187,2809.04,148.8139391821869
2021-02-27 15:06:00,2918.2633263599664,2812.16,106.10332635996656
2021-02-27 15:07:00,2885.2936632399296,2769.8099999999995,115.48366323993014
2021-02-27 15:08:00,2821.3898630219855,2726.0,95.38986302198555
2021-02-27 15:09:00,2860.750602852186,2705.0,155.75060285218615
2021-02-27 15:10:00,2824.10306094751,2663.1499999999996,160.9530609475105
2021-02-27 15:11:00,2809.032760705894,2661.6800000000003,147.35276070589362
2021-02-27 15:12:00,2778.0806282438584,2669.03,109.05062824385823
2021-02-27 15:13:00,2743.1802781915494,2618.88,124.3002781915493
2021-02-27 15:14:00,2731.6521058072735,2611.2,120.45210580727371
2021-02-27 15:15:00,2706.2436730336985,2559.1499999999996,147.0936730336989
2021-02-27 15:16:00,2676.8996281465274,2563.38,113.51962814652734
2021-02-27 15:17:00,2651.1818915314952,2501.9399999999996,149.24189153149564
2021-02-27 15:18:00,2620.5608658364836,2500.1,120.46086583648366
2021-02-27 15:19:00,2608.889695307299,2511.1399999999994,97.74969530729959
2021-02-27 15:20:00,2606.306877095894,2460.15,146.15687709589383
2021-02-27 15:21:00,2583.1957142656865,2462.4,120.79571426568646
2021-02-27 15:22:00,2540.0889472841945,2454.75,85.33894728419455
2021-02-27 15:23:00,2550.545755113754,2412.5200000000004,138.02575511375335
2021-02-27 15:24:00,2544.31735102265,2417.36,126.95735102265007
2021-02-27 15:25:00,2504.950093655312,2362.85,142.10009365531187
2021-02-27 15:26:00,2464.9063620167663,2363.2799999999997,101.6263620167665
2021-02-27 15:27:00,2471.1362713183507,1801.9900000000002,669.1462713183505
2021-02-27 15:28:00,2437.9609375064324,2305.8,132.16093750643222
2021-02-27 15:29:00,2425.6563748208314,2305.8,119.8563748208312
2021-02-27 15:30:00,2423.823155587619,2257.46,166.36315558761908
2021-02-27 15:31:00,2383.9331809840182,2263.2,120.73318098401842
2021-02-27 15:32:00,2373.547381298522,2263.6099999999997,109.93738129852227
2021-02-27 15:33:00,2354.291231346963,2206.4,147.89123134696274
2021-02-27 15:34:00,2305.6805040967142,2204.8,100.88050409671405
2021-02-27 15:35:00,2279.841307454843,2155.92,123.92130745484292
2021-02-27 15:36:00,2288.6480004017108,2151.24,137.40800040171098
2021-02-27 15:37:00,2261.550206325544,2145.39,116.1602063255441
2021-02-27 15:38:00,2236.875568618515,2124.04,112.83556861851503
2021-02-27 15:39:00,2235.433254637833,2094.18,141.25325463783338
2021-02-27 15:40:00,2203.2906144462427,2068.07,135.2206144462425
2021-02-27 15:41:00,2150.3669923647235,2068.7,81.66699236472368
2021-02-27 15:42:00,2155.338608085203,2045.73,109.60860808520283
2021-02-27 15:43:00,2144.3188810807455,2013.57,130.7488810807456
2021-02-27 15:44:00,2152.9209589942484,1992.2400000000002,160.68095899424816
2021-02-27 15:45:00,2131.0435694553553,1997.64,133.40356945535518
2021-02-27 15:46:00,2123.1285470552307,1938.65,184.4785470552306
2021-02-27 15:47:00,2092.6810958421115,1944.25,148.43109584211152
2021-02-27 15:48:00,2021.571767856539,1908.4599999999998,113.11176785653925
2021-02-27 15:49:00,2051.65478800517,1889.04,162.61478800516988
2021-02-27 15:50:00,1988.9493504357265,1887.68,101.26935043572644
2021-02-27 15:51:00,1996.1187147697012,1843.38,152.73871476970112
2021-02-27 15:52:00,1988.6793246548618,1832.8199999999997,155.85932465486212
2021-02-27 15:53:00,1936.7473535103857,1807.95,128.79735351038562
2021-02-27 15:54:00,1953.8210570045246,1784.3200000000002,169.50105700452445
2021-02-27 15:55:00,1937.6841855943392,1780.8000000000002,156.884185594339
2021-02-27 15:56:00,1912.4199059925984,1726.3899999999999,186.02990599259851
2021-02-27 15:57:00,1885.533968493772,1727.63,157.9039684937718
2021-02-27 15:58:00,1841.6905993785008,1694.62,147.0705993785009
2021-02-27 15:59:00,1897.5521287268427,1700.4500000000003,197.10212872684247
2021-02-27 16:00:00,1842.7092613556208,1675.5,167.2092613556208
2021-02-27 16:01:00,1734.6137461789215,1562.6799999999998,171.93374617892164
2021-02-27 16:02:00,1627.3008570414088,1481.8200000000002,145.48085704140863
2021-02-27 16:03:00,1762.8847319185397,1566.04,196.84473191853976
2021-02-27 16:04:00,1789.996859448693,1596.1799999999998,193.8168594486931
2021-02-27 16:05:00,1745.0085739746771,1578.36,166.64857397467722
2021-02-27 16:06:00,1737.1565341779308,1541.75,195.40653417793078
2021-02-27 16:07:00,1721.1306319637667,1515.24,205.89063196376674
2021-02-27 16:08:00,1705.4959058147663,1516.5900000000001,188.90590581476613
2021-02-27 16:09:00,1618.6639322739686,1428.15,190.51393227396852
2021-02-27 16:10:00,1402.3354945508613,1229.5800000000002,172.75549455086116
2021-02-27 16:11:00,1182.7582986906557,1031.69,151.06829869065564
2021-02-27 16:12:00,1015.1552402264892,942.6500000000001,72.50524022648915
2021-02-27 16:13:00,533.5908046656324,535.6,-2.0091953343676323
2021-02-27 16:14:00,358.92468946314034,327.0899999999999,31.83468946314042
2021-02-27 16:15:00,472.6353695702283,432.88,39.75536957022831
2021-02-27 16:16:00,595.9315712016776,570.94,24.991571201677516
2021-02-27 16:17:00,745.0209360433936,665.4,79.62093604339361
2021-02-27 16:18:00,694.4481742132728,608.19,86.2581742132727
2021-02-27 16:19:00,795.8043770107416,725.6600000000001,70.14437701074155
2021-02-27 16:20:00,1102.4604980189579,960.8399999999999,141.62049801895796
2021-02-27 16:21:00,1129.3400685235758,966.62,162.72006852357583
2021-02-27 16:22:00,663.5897449286381,611.27,52.3197449286381
2021-02-27 16:23:00,642.7277460456986,548.4,94.32774604569863
2021-02-27 16:24:00,1342.2295309463661,1149.2,193.0295309463661
2021-02-27 16:25:00,1358.7293012285998,1152.0,206.72930122859975
2021-02-27 16:26:00,1275.1596014291224,1058.53,216.62960142912243
2021-02-27 16:27:00,1058.4711121599087,854.7,203.77111215990863
2021-02-27 16:28:00,296.91538647327707,291.16999999999996,5.745386473277108
2021-02-27 16:29:00,323.3349284399244,291.34,31.994928439924422
2021-02-27 16:30:00,693.5971135029135,588.3900000000001,105.20711350291344
2021-02-27 16:31:00,920.9776434007019,795.9,125.07764340070196
2021-02-27 16:32:00,1019.3032927789652,858.0,161.30329277896521
2021-02-27 16:33:00,1008.6877760844419,858.45,150.23777608444186
2021-02-27 16:34:00,1162.8371009660966,977.3299999999999,185.5071009660967
2021-02-27 16:35:00,874.578044354155,734.3700000000001,140.20804435415494
2021-02-27 16:36:00,575.1751518698353,572.08,3.095151869835263
2021-02-27 16:37:00,472.35196314410416,443.28000000000003,29.07196314410413
2021-02-27 16:38:00,408.63026001021825,421.28,-12.649739989781722
2021-02-27 16:39:00,431.4858947395236,396.17,35.31589473952357
2021-02-27 16:40:00,335.7507168723299,399.71999999999997,-63.96928312767005
2021-02-27 16:41:00,384.5785595199642,377.23,7.348559519964169
2021-02-27 16:42:00,386.3147064424674,399.88,-13.565293557532584
2021-02-27 16:43:00,413.49042053527626,401.71000000000004,11.780420535276221
2021-02-27 16:44:00,424.21229161199756,432.96000000000004,-8.74770838800248
2021-02-27 16:45:00,516.3594052113701,493.38000000000005,22.97940521137008
2021-02-27 16:46:00,460.1100803396739,432.48,27.630080339673896
2021-02-27 16:47:00,481.72124285183355,460.58,21.141242851833567
2021-02-27 16:48:00,828.3288111659127,656.71,171.6188111659127
2021-02-27 16:49:00,894.1341575333657,720.6700000000001,173.46415753336566
2021-02-27 16:50:00,812.5273934841399,631.6200000000001,180.9073934841398
2021-02-27 16:51:00,721.5178647900984,594.86,126.65786479009842
2021-02-27 16:52:00,858.677186095949,634.48,224.19718609594895
2021-02-27 16:53:00,537.0639712253252,473.47,63.59397122532516
2021-02-27 16:54:00,319.44160860417276,320.28,-0.838391395827216
2021-02-27 16:55:00,290.23880040482936,319.55999999999995,-29.321199595170583
2021-02-27 16:56:00,595.8464558706635,353.94,241.90645587066348
2021-02-27 16:57:00,410.54999234951055,341.46999999999997,69.07999234951058
2021-02-27 16:58:00,421.51932343989455,388.84999999999997,32.66932343989458
2021-02-27 16:59:00,484.5888235300136,413.71000000000004,70.87882353001356
2021-02-27 17:00:00,438.8728480559732,386.89,51.98284805597319
2021-02-27 17:01:00,306.1570407809396,324.96000000000004,-18.802959219060426
2021-02-27 17:02:00,243.83845555321636,262.15,-18.311544446783614
2021-02-27 17:03:00,226.67601464701823,233.59000000000003,-6.913985352981797
2021-02-27 17:04:00,237.20407227594973,208.08,29.124072275949715
2021-02-27 17:05:00,146.74852088432274,210.68,-63.93147911567726
2021-02-27 17:06:00,211.8659175458883,208.36,3.5059175458882805
2021-02-27 17:07:00,147.7783139725923,182.32999999999998,-34.5516860274077
2021-02-27 17:08:00,155.6248001471759,179.45,-23.825199852824085
2021-02-27 17:09:00,107.61968711678725,157.26,-49.640312883212744
2021-02-27 17:10:00,227.16770490361313,160.17,66.99770490361314
2021-02-27 17:11:00,160.34605785868428,157.76999999999998,2.576057858684294
2021-02-27 17:12:00,90.13204547428406,159.24,-69.10795452571595
2021-02-27 17:13:00,106.78110676666947,157.07999999999998,-50.29889323333052
2021-02-27 17:14:00,109.5056507145209,158.10000000000002,-48.594349285479126
2021-02-27 17:15:00,139.30948566184964,129.61,9.699485661849621
2021-02-27 17:16:00,234.8228430585104,158.82,76.0028430585104
2021-02-27 17:17:00,138.24699958038758,160.23,-21.98300041961241
2021-02-27 17:18:00,152.40967615601505,158.73,-6.320323843984937
2021-02-27 17:19:00,127.8126509081729,129.74,-1.9273490918271108
2021-02-27 17:20:00,145.48307841819147,131.0,14.483078418191468
2021-02-27 17:21:00,115.1056725001875,129.99,-14.884327499812514
2021-02-27 17:22:00,152.19699901481493,130.22,21.976999014814936
2021-02-27 17:23:00,138.64236643343074,130.01999999999998,8.622366433430756
2021-02-27 17:24:00,117.22409170532782,129.57999999999998,-12.355908294672162
2021-02-27 17:25:00,97.73377205578291,103.10000000000001,-5.366227944217101
2021-02-27 17:26:00,86.3104871856018,95.9,-9.589512814398205
2021-02-27 17:27:00,83.14644068416352,89.36,-6.213559315836477
2021-02-27 17:28:00,84.17281608019952,80.06,4.112816080199522
2021-02-27 17:29:00,65.61014540860936,45.16,20.45014540860936
2021-02-27 17:30:00,92.31332253562196,39.97,52.343322535621965
2021-02-27 17:31:00,71.79716619003564,35.89,35.90716619003564
2021-02-27 17:32:00,31.9875975,32.89,-0.9024025000000009
2021-02-27 17:33:00,63.84910865101235,23.91,39.93910865101235
2021-02-27 17:34:00,69.42667566837265,30.650000000000002,38.77667566837265
2021-02-27 17:35:00,55.15777799736991,22.87,32.287777997369915
2021-02-27 17:36:00,60.55735663117287,24.390000000000004,36.167356631172865
2021-02-27 17:37:00,46.75755898370738,25.29,21.467558983707384
2021-02-27 17:38:00,44.22335549759702,25.490000000000002,18.733355497597017
2021-02-27 17:39:00,29.32751240237247,23.78,5.547512402372469
2021-02-27 17:40:00,27.05867323434144,19.21,7.84867323434144
2021-02-27 17:41:00,28.34017520844416,17.64,10.700175208444158
2021-02-27 17:42:00,27.599151974786324,17.790000000000003,9.809151974786321
2021-02-27 17:43:00,41.84770609469793,18.96,22.887706094697926
2021-02-27 17:44:00,31.29677324325845,18.120000000000005,13.176773243258445
2021-02-27 17:45:00,62.02712482377607,18.57,43.45712482377607
2021-02-27 17:46:00,45.45382403391788,18.410000000000004,27.04382403391788
2021-02-27 17:47:00,28.106378101318043,20.61,7.496378101318044
2021-02-27 17:48:00,33.249970961054714,21.61,11.639970961054715
2021-02-27 17:49:00,55.100410858638064,19.26,35.840410858638066
2021-02-27 17:50:00,44.08370691355544,20.770000000000003,23.313706913555436
2021-02-27 17:51:00,55.100410858638064,22.23,32.87041085863807
2021-02-28 05:17:00,49.291615210884046,13.07,36.221615210884046
2021-02-28 05:18:00,53.51087805704632,17.87,35.64087805704632
2021-02-28 05:19:00,49.9641905221319,20.5,29.4641905221319
2021-02-28 05:20:00,50.43146241928282,21.580000000000002,28.85146241928282
2021-02-28 05:21:00,45.44728571887019,21.67,23.77728571887019
2021-02-28 05:22:00,48.84268966544576,23.240000000000002,25.60268966544576
2021-02-28 05:23:00,56.47165050779701,28.410000000000004,28.061650507797005
2021-02-28 05:24:00,62.54570050008549,49.650000000000006,12.895700500085482
2021-02-28 05:25:00,60.068936638488154,51.2,8.868936638488151
2021-02-28 05:26:00,57.72424150378826,51.790000000000006,5.93424150378825
2021-02-28 05:27:00,42.43595939736099,53.16000000000001,-10.724040602639022
2021-02-28 05:28:00,53.014412470610004,53.91,-0.8955875293899922
2021-02-28 05:29:00,68.61819577930325,53.790000000000006,14.828195779303243
2021-02-28 05:30:00,64.59613479568704,55.17,9.426134795687034
2021-02-28 05:31:00,34.20082844234761,54.77,-20.569171557652396
2021-02-28 05:32:00,34.875759405325745,56.10000000000001,-21.224240594674264
2021-02-28 05:33:00,34.601423048412585,56.480000000000004,-21.87857695158742
2021-02-28 05:34:00,35.76183344624875,55.94,-20.178166553751247
2021-02-28 05:35:00,40.25413836642017,57.05,-16.795861633579825
2021-02-28 05:36:00,49.120796707569454,57.24,-8.119203292430548
2021-02-28 05:37:00,63.522338603185595,56.24000000000001,7.282338603185586
2021-02-28 05:38:00,67.69525548500903,57.74,9.955255485009026
2021-02-28 05:39:00,67.35788071305404,56.97000000000001,10.387880713054031
2021-02-28 05:40:00,72.01239593979963,58.14,13.872395939799631
2021-02-28 05:41:00,86.07734249821219,58.24000000000001,27.83734249821218
2021-02-28 05:42:00,87.0573830683645,57.11,29.947383068364502
2021-02-28 05:43:00,88.71986187174407,58.47,30.249861871744073
2021-02-28 05:44:00,89.12879842300153,58.59,30.538798423001523
2021-02-28 05:45:00,102.11953524410464,57.290000000000006,44.82953524410463
2021-02-28 05:46:00,102.5417107945915,58.82,43.721710794591495
2021-02-28 05:47:00,65.88043615434643,58.11,7.770436154346427
2021-02-28 05:48:00,117.71472979755634,45.08,72.63472979755635
2021-02-28 05:49:00,97.142095051973,59.28,37.862095051973
2021-02-28 05:50:00,107.97517107242453,58.5,49.47517107242453
2021-02-28 05:51:00,102.44398667481258,76.87,25.573986674812573
2021-02-28 05:52:00,195.1357848957278,99.66000000000001,95.47578489572778
2021-02-28 05:53:00,98.53561526602863,76.89999999999999,21.635615266028637
2021-02-28 05:54:00,92.90750590912506,102.58000000000001,-9.672494090874949
2021-02-28 05:55:00,52.4689753643775,103.82000000000001,-51.35102463562251
2021-02-28 05:56:00,78.00196760535208,104.46000000000001,-26.45803239464793
2021-02-28 05:57:00,96.82428578354096,105.16000000000001,-8.335714216459053
2021-02-28 05:58:00,100.40685510421167,102.1,-1.693144895788322
2021-02-28 05:59:00,147.69646204076943,128.15,19.546462040769427
2021-02-28 06:00:00,111.84574495312225,128.17,-16.324255046877738
2021-02-28 06:01:00,169.05667503059442,157.23000000000002,11.826675030594402
2021-02-28 06:02:00,107.61642884063802,156.63,-49.01357115936197
2021-02-28 06:03:00,104.99533032774724,185.91,-80.91466967225276
2021-02-28 06:04:00,109.97867739734788,214.8,-104.82132260265213
2021-02-28 06:05:00,226.94688673292922,214.8,12.146886732929204
2021-02-28 06:06:00,270.2677703227897,271.4,-1.1322296772102618
2021-02-28 06:07:00,216.65748243563627,301.1,-84.44251756436375
2021-02-28 06:08:00,334.36286522008794,300.31,34.05286522008794
2021-02-28 06:09:00,220.37033289717414,266.2,-45.82966710282585
2021-02-28 06:10:00,296.49791843178724,293.53,2.967918431787268
2021-02-28 06:11:00,232.8088012470219,324.53999999999996,-91.73119875297806
2021-02-28 06:12:00,393.3312381361956,387.72999999999996,5.601238136195661
2021-02-28 06:13:00,329.0759896336379,415.56,-86.4840103663621
2021-02-28 06:14:00,295.8168626586374,416.23,-120.41313734136264
2021-02-28 06:15:00,344.5545079001242,416.63,-72.07549209987582
2021-02-28 06:16:00,287.6354494432033,389.48,-101.84455055679672
2021-02-28 06:17:00,318.51026961965835,444.8,-126.28973038034167
2021-02-28 06:18:00,369.661341433876,447.76,-78.09865856612402
2021-02-28 06:19:00,319.65197371168506,414.08000000000004,-94.42802628831498
2021-02-28 06:20:00,358.3145302268693,387.16999999999996,-28.855469773130665
2021-02-28 06:21:00,426.93975216847684,423.32,3.6197521684768503
2021-02-28 06:22:00,711.4679575944614,651.02,60.4479575944614
2021-02-28 06:23:00,772.6511756299492,679.7,92.95117562994915
2021-02-28 06:24:00,780.9768368700394,676.49,104.48683687003938
2021-02-28 06:25:00,736.3297259815702,676.1400000000001,60.189725981570064
2021-02-28 06:26:00,762.4200140477008,776.65,-14.229985952299216
2021-02-28 06:27:00,794.4570367026462,773.13,21.327036702646183
2021-02-28 06:28:00,846.6546461862031,774.6700000000001,71.98464618620301
2021-02-28 06:29:00,863.6246574703865,805.98,57.644657470386505
2021-02-28 06:30:00,846.285943181052,832.5,13.785943181051948
2021-02-28 06:31:00,863.2085530031369,801.92,61.28855300313694
2021-02-28 06:32:00,626.2950643802056,644.06,-17.7649356197943
2021-02-28 06:33:00,571.6916624006167,581.53,-9.838337599383294
2021-02-28 06:34:00,525.1332284651513,518.19,6.943228465151265
2021-02-28 06:35:00,466.4871341650384,416.83,49.65713416503843
2021-02-28 06:36:00,610.2738794432096,574.07,36.20387944320953
2021-02-28 06:37:00,954.7447778317774,826.52,128.22477783177737
2021-02-28 06:38:00,1001.260938275609,910.2199999999999,91.04093827560905
2021-02-28 06:39:00,1007.7628115617578,908.31,99.45281156175781
2021-02-28 06:40:00,1096.9730634310783,937.59,159.3830634310783
2021-02-28 06:41:00,1125.836826140444,935.0799999999999,190.756826140444
2021-02-28 06:42:00,1119.5206483760062,990.3599999999999,129.1606483760063
2021-02-28 06:43:00,1153.0127785800062,1014.55,138.46277858000622
2021-02-28 06:44:00,1149.8853699841366,1046.64,103.24536998413646
2021-02-28 06:45:00,1165.5357335032961,1045.1299999999999,120.40573350329623
2021-02-28 06:46:00,1192.8797581616088,1043.69,149.18975816160878
2021-02-28 06:47:00,1170.159796821975,1039.87,130.2897968219752
2021-02-28 06:48:00,1216.2419249658353,1097.3400000000001,118.90192496583518
2021-02-28 06:49:00,1189.432741813671,1058.21,131.22274181367106
2021-02-28 06:50:00,1294.4408332719595,1191.2,103.24083327195945
2021-02-28 06:51:00,1336.3816603382406,1258.78,77.60166033824066
2021-02-28 06:52:00,1419.632406775969,1340.34,79.29240677596908
2021-02-28 06:53:00,1465.804940436164,1391.65,74.154940436164
2021-02-28 06:54:00,1462.0377378218134,1388.52,73.5177378218134
2021-02-28 06:55:00,1330.187659804709,1210.21,119.97765980470899
2021-02-28 06:56:00,1110.6653897238264,1043.48,67.18538972382635
2021-02-28 06:57:00,632.8200983467083,661.1999999999999,-28.379901653291654
2021-02-28 06:58:00,521.5833832517778,596.86,-75.27661674822218
2021-02-28 06:59:00,504.2677235466547,540.3,-36.032276453345276
2021-02-28 07:00:00,459.54577324203865,485.55,-26.004226757961362
2021-02-28 07:01:00,466.98128287555716,482.49,-15.508717124442853
2021-02-28 07:02:00,457.5206909470254,485.82000000000005,-28.29930905297465
2021-02-28 07:03:00,478.30662298342276,487.44,-9.133377016577242
2021-02-28 07:04:00,507.249715799228,488.34000000000003,18.909715799227968
2021-02-28 07:05:00,463.73949569372417,511.09000000000003,-47.350504306275866
2021-02-28 07:06:00,495.0521244543116,546.6,-51.54787554568844
2021-02-28 07:07:00,656.2711406633606,664.0799999999999,-7.80885933663933
2021-02-28 07:08:00,770.538770141746,839.7,-69.16122985825405
2021-02-28 07:09:00,900.3650441934748,950.4699999999999,-50.10495580652514
2021-02-28 07:10:00,882.728252393789,1008.3600000000001,-125.63174760621109
2021-02-28 07:11:00,855.0805776693068,965.97,-110.88942233069326
2021-02-28 07:12:00,787.9310446307719,849.23,-61.29895536922811
2021-02-28 07:13:00,742.3457610139723,830.4,-88.05423898602771
2021-02-28 07:14:00,1159.5363102388749,1187.97,-28.43368976112515
2021-02-28 07:15:00,1902.4501680313317,1908.21,-5.759831968668323
2021-02-28 07:16:00,1867.5674076031034,1838.76,28.807407603103456
2021-02-28 07:17:00,1129.4539163832815,1111.8,17.653916383281512
2021-02-28 07:18:00,965.2366166689632,965.9200000000001,-0.6833833310369073
2021-02-28 07:19:00,956.3724437858115,939.76,16.61244378581148
2021-02-28 07:20:00,1043.2688818620484,1062.48,-19.211118137951644
2021-02-28 07:21:00,1445.943617915832,1399.5,46.443617915831965
2021-02-28 07:22:00,1802.5037364641983,1773.0700000000002,29.43373646419809
2021-02-28 07:23:00,1777.8647074437113,1736.93,40.934707443711204
2021-02-28 07:24:00,2412.512431928449,2342.42,70.09243192844906
2021-02-28 07:25:00,2500.4013825622083,2395.98,104.42138256220824
2021-02-28 07:26:00,2293.8306099005554,2131.53,162.30060990055517
2021-02-28 07:27:00,1872.0846650405335,1828.5299999999997,43.55466504053379
2021-02-28 07:28:00,1969.0901817522101,1919.71,49.38018175221009
2021-02-28 07:29:00,2226.5030609783157,2113.18,113.32306097831588
2021-02-28 07:30:00,2547.6766074825155,2429.3500000000004,118.3266074825151
2021-02-28 07:31:00,2799.6721554743053,2712.6400000000003,87.032155474305
2021-02-28 07:32:00,2818.897725560711,2771.21,47.68772556071099
2021-02-28 07:33:00,2820.685486787507,2711.91,108.77548678750736
2021-02-28 07:34:00,2765.801438616627,2645.8199999999997,119.9814386166272
2021-02-28 07:35:00,1940.981242140735,1863.8,77.1812421407351
2021-02-28 07:36:00,862.672803013314,844.48,18.192803013314006
2021-02-28 07:37:00,867.4685660407503,819.0800000000002,48.388566040750106
2021-02-28 07:38:00,824.5299941876225,762.52,62.00999418762251
2021-02-28 07:39:00,824.5499745407114,662.9300000000001,161.61997454071138
2021-02-28 07:40:00,617.9161265551371,608.37,9.546126555137107
2021-02-28 07:41:00,572.9361059079639,577.28,-4.3438940920360665
2021-02-28 07:42:00,540.0024688101744,525.8,14.202468810174423
2021-02-28 07:43:00,510.51809739755004,530.9,-20.38190260244994
2021-02-28 07:44:00,495.59812102317716,532.2,-36.60187897682289
2021-02-28 07:45:00,530.4185724175884,562.89,-32.47142758241159
2021-02-28 07:46:00,652.9918494046974,710.58,-57.588150595302636
2021-02-28 07:47:00,1056.1617518818691,1123.3000000000002,-67.13824811813106
2021-02-28 07:48:00,2350.02918368853,2493.92,-143.8908163114702
2021-02-28 07:49:00,3121.157163714585,3197.13,-75.97283628541527
2021-02-28 07:50:00,3058.281970251982,3120.3199999999997,-62.038029748017834
2021-02-28 07:51:00,3058.658873577624,3139.5600000000004,-80.90112642237636
2021-02-28 07:52:00,3092.276003885383,3158.0,-65.72399611461697
2021-02-28 07:53:00,3156.153926276979,3210.46,-54.3060737230212
2021-02-28 07:54:00,3110.2799908292945,3123.36,-13.08000917070558
2021-02-28 07:55:00,3049.142736220877,3050.3199999999997,-1.177263779122768
2021-02-28 07:56:00,3192.0696555369072,3164.37,27.699655536907358
2021-02-28 07:57:00,3158.3933613077497,3158.5299999999997,-0.1366386922500169
2021-02-28 07:58:00,3026.4571303628995,3048.84,-22.38286963710061
2021-02-28 07:59:00,2956.963504873089,2966.7,-9.736495126910995
2021-02-28 08:00:00,2966.161079889706,2944.1499999999996,22.011079889706252
2021-02-28 08:01:00,2886.3734794124184,2869.7,16.6734794124186
2021-02-28 08:02:00,2887.7287230273246,2852.99,34.738723027324795
2021-02-28 08:03:00,2807.03377220948,2800.74,6.293772209480267
2021-02-28 08:04:00,2784.5687411180515,2790.84,-6.271258881948597
2021-02-28 08:05:00,2753.712186872367,2745.31,8.40218687236711
2021-02-28 08:06:00,2718.849440933153,2695.5699999999997,23.279440933153182
2021-02-28 08:07:00,2639.842495359729,2680.89,-41.047504640270745
2021-02-28 08:08:00,2726.286806983651,2727.4799999999996,-1.1931930163486868
2021-02-28 08:09:00,2727.616649876194,2740.1099999999997,-12.493350123805612
2021-02-28 08:10:00,2758.526896121074,2751.4300000000003,7.096896121073769
2021-02-28 08:11:00,2783.5144266414604,2758.19,25.324426641460377
2021-02-28 08:12:00,2801.383984123803,2796.04,5.343984123803239
2021-02-28 08:13:00,2772.168786404666,2829.0699999999997,-56.9012135953335
2021-02-28 08:14:00,2807.478260608924,2809.7,-2.221739391075971
2021-02-28 08:15:00,2790.3556922117064,2852.99,-62.63430778829343
2021-02-28 08:16:00,2799.2064137252946,2849.81,-50.60358627470532
2021-02-28 08:17:00,2823.848703469457,2850.87,-27.021296530542713
2021-02-28 08:18:00,2813.947073575611,2889.3999999999996,-75.4529264243888
2021-02-28 08:19:00,2874.946705232371,2883.6000000000004,-8.653294767629177
2021-02-28 08:20:00,2859.596507302396,2901.96,-42.363492697604215
2021-02-28 08:21:00,2869.304755277158,2931.5,-62.195244722841835
2021-02-28 08:22:00,2875.8749349495324,2929.8500000000004,-53.97506505046795
2021-02-28 08:23:00,2881.5431986345634,2971.5099999999998,-89.96680136543637
2021-02-28 08:24:00,2902.9113779586396,2985.9199999999996,-83.00862204136001
2021-02-28 08:25:00,2921.238631549769,2995.67,-74.43136845023128
2021-02-28 08:26:00,2961.567467547794,3009.2,-47.63253245220585
2021-02-28 08:27:00,2944.517490268201,3006.4300000000003,-61.91250973179922
2021-02-28 08:28:00,2994.257142980614,3035.8199999999997,-41.562857019385774
2021-02-28 08:29:00,3005.778956194963,3058.9799999999996,-53.201043805036534
2021-02-28 08:30:00,3032.3321903366705,3073.8900000000003,-41.55780966332986
2021-02-28 08:31:00,3045.344518806032,3110.54,-65.19548119396813
2021-02-28 08:32:00,3092.780468189409,3136.13,-43.34953181059109
2021-02-28 08:33:00,3130.690150581875,3170.86,-40.16984941812507
2021-02-28 08:34:00,3196.09415523095,3277.62,-81.52584476904985
2021-02-28 08:35:00,3307.9344506748557,3332.6099999999997,-24.675549325143947
2021-02-28 08:36:00,3360.691435576952,3402.9,-42.2085644230483
2021-02-28 08:37:00,3367.1700041275085,3404.8,-37.62999587249169
2021-02-28 08:38:00,3344.9289304749727,3358.13,-13.201069525027378
2021-02-28 08:39:00,3311.805051989636,3364.45,-52.644948010363805
2021-02-28 08:40:00,3267.114204145722,3335.2200000000003,-68.10579585427831
2021-02-28 08:41:00,3249.0320319262446,3339.0,-89.9679680737554
2021-02-28 08:42:00,3300.843928639375,3341.66,-40.816071360624846
2021-02-28 08:43:00,3279.697362937395,3335.22,-55.522637062604645
2021-02-28 08:44:00,3261.84816984052,3318.96,-57.11183015948018
2021-02-28 08:45:00,3286.217789346413,3340.2599999999998,-54.04221065358661
2021-02-28 08:46:00,3291.1404557954857,3361.92,-70.77954420451442
2021-02-28 08:47:00,3288.0128127201438,3370.8500000000004,-82.83718727985661
2021-02-28 08:48:00,3283.553949503728,3374.7400000000002,-91.1860504962724
2021-02-28 08:49:00,3345.7411408260145,3386.01,-40.268859173985675
2021-02-28 08:50:00,3305.9513642362417,3367.01,-61.0586357637585
2021-02-28 08:51:00,3348.2026944919317,3400.96,-52.757305508068384
2021-02-28 08:52:00,3363.4994967213797,3417.46,-53.96050327862031
2021-02-28 08:53:00,3372.406793863503,3422.8,-50.393206136497156
2021-02-28 08:54:00,3378.0808021002304,3442.4,-64.31919789976973
2021-02-28 08:55:00,3393.060336181784,3452.15,-59.089663818216195
2021-02-28 08:56:00,3402.0450819935913,3470.55,-68.50491800640884
2021-02-28 08:57:00,3425.8352633599034,3495.3599999999997,-69.52473664009631
2021-02-28 08:58:00,3438.223316476408,3489.42,-51.19668352359213
2021-02-28 08:59:00,3442.485348541402,3481.5,-39.01465145859811
2021-02-28 09:00:00,3435.2778656529144,3470.9399999999996,-35.66213434708516
2021-02-28 09:01:00,3439.86882416823,3487.08,-47.211175831770106
2021-02-28 09:02:00,3443.9563434224274,3493.02,-49.0636565775726
2021-02-28 09:03:00,3449.8108470804004,3491.65,-41.839152919599655
2021-02-28 09:04:00,3459.386366657261,3524.2,-64.81363334273874
2021-02-28 09:05:00,3484.641463972593,3538.89,-54.24853602740677
2021-02-28 09:06:00,3527.798042005486,3543.6499999999996,-15.851957994513668
2021-02-28 09:07:00,3526.1041258356245,3581.5600000000004,-55.45587416437593
2021-02-28 09:08:00,3529.643191660382,3576.12,-46.476808339617946
2021-02-28 09:09:00,3580.8325988703996,3596.5199999999995,-15.687401129599948
2021-02-28 09:10:00,3586.066749858934,3627.6500000000005,-41.5832501410664
2021-02-28 09:11:00,3578.853035623976,3630.09,-51.236964376023934
2021-02-28 09:12:00,3585.5493897196093,3617.67,-32.12061028039079
2021-02-28 09:13:00,3607.183007996283,3617.67,-10.486992003717205
2021-02-28 09:14:00,3632.8516161486455,3663.1,-30.248383851354447
2021-02-28 09:15:00,3623.3000342900136,3668.0,-44.69996570998637
2021-02-28 09:16:00,3596.618496570684,3682.2000000000003,-85.5815034293164
2021-02-28 09:17:00,3665.3897508099662,3716.1399999999994,-50.75024919003317
2021-02-28 09:18:00,3690.1419847858438,3729.63,-39.48801521415635
2021-02-28 09:19:00,3683.2324167427605,3737.4399999999996,-54.207583257239094
2021-02-28 09:20:00,3695.037955559888,3738.1499999999996,-43.11204444011173
2021-02-28 09:21:00,3698.243889523415,3742.41,-44.16611047658489
2021-02-28 09:22:00,3746.3529522190524,3757.3399999999997,-10.98704778094725
2021-02-28 09:23:00,3736.625254780979,3790.8,-54.17474521902113
2021-02-28 09:24:00,3782.584657793581,3792.96,-10.375342206419191
2021-02-28 09:25:00,3781.9036984362024,3795.1200000000003,-13.21630156379797
2021-02-28 09:26:00,3791.4970689818842,3823.0099999999998,-31.512931018115523
2021-02-28 09:27:00,3842.0615584792417,3861.3199999999997,-19.25844152075797
2021-02-28 09:28:00,3848.762221844771,3876.1200000000003,-27.357778155229425
2021-02-28 09:29:00,3858.1664990412696,3876.1200000000003,-17.95350095873073
2021-02-28 09:30:00,3844.7324759574335,3925.5,-80.76752404256649
2021-02-28 09:31:00,3872.6308615619087,3891.6600000000003,-19.02913843809165
2021-02-28 09:32:00,3866.8537748683907,3894.62,-27.76622513160919
2021-02-28 09:33:00,3852.8018823983125,3912.03,-59.2281176016877
2021-02-28 09:34:00,3846.7561748040607,3900.75,-53.99382519593928
2021-02-28 09:35:00,3872.1160338293876,3938.25,-66.13396617061244
2021-02-28 09:36:00,3890.7625855642887,3934.34,-43.57741443571149
2021-02-28 09:37:00,3898.618373075624,3922.5,-23.881626924376178
2021-02-28 09:38:00,3892.2086036801843,3936.04,-43.83139631981567
2021-02-28 09:39:00,3917.855713901182,3942.88,-25.024286098818266
2021-02-28 09:40:00,3930.620313703866,3961.12,-30.49968629613386
2021-02-28 09:41:00,3913.220729551387,3959.5999999999995,-46.37927044861226
2021-02-28 09:42:00,3940.173410613995,3948.96,-8.786589386004835
2021-02-28 09:43:00,3947.5693925594546,3982.46,-34.89060744054541
2021-02-28 09:44:00,3955.407623455953,3998.61,-43.20237654404718
2021-02-28 09:45:00,3925.2088396717736,4013.9500000000007,-88.74116032822712
2021-02-28 09:46:00,3925.313520097834,4033.38,-108.06647990216607
2021-02-28 09:47:00,4016.0918369007873,4099.3099999999995,-83.21816309921223
2021-02-28 09:48:00,4069.408694659914,4085.88,-16.47130534008602
2021-02-28 09:49:00,4088.7826436275254,4092.2000000000003,-3.417356372474842
2021-02-28 09:50:00,4078.1601913745467,4088.2500000000005,-10.08980862545377
2021-02-28 09:51:00,4062.5361861385472,4107.210000000001,-44.67381386145371
2021-02-28 09:52:00,4066.256673122302,4080.3600000000006,-14.103326877698692
2021-02-28 09:53:00,4046.7669300296707,4072.38,-25.613069970329434
2021-02-28 09:54:00,4042.3402325286042,4091.7,-49.35976747139557
2021-02-28 09:55:00,4081.838290683755,4112.74,-30.901709316244705
2021-02-28 09:56:00,4080.3861941025007,4095.3600000000006,-14.973805897499915
2021-02-28 09:57:00,4094.5170962383504,4140.8,-46.28290376164978
2021-02-28 09:58:00,4100.905727892109,4137.6,-36.694272107891265
2021-02-28 09:59:00,4122.131892324912,4145.6,-23.468107675088504
2021-02-28 10:00:00,4149.188688616992,4146.4,2.7886886169926584
2021-02-28 10:01:00,4161.700995146774,4181.42,-19.71900485322567
2021-02-28 10:02:00,4202.00591578924,4265.639999999999,-63.63408421075928
2021-02-28 10:03:00,2610.597170975252,2543.0,67.59717097525208
2021-02-28 10:04:00,3696.8693745203623,3618.3600000000006,78.50937452036169
2021-02-28 10:05:00,4248.306083001154,4356.370000000001,-108.06391699884716
2021-02-28 10:06:00,4219.101894956884,4247.9400000000005,-28.83810504311623
2021-02-28 10:07:00,4241.6041690222155,4267.030000000001,-25.425830977785154
2021-02-28 10:08:00,4248.460796309341,4289.04,-40.57920369065869
2021-02-28 10:09:00,4255.75741068331,4284.84,-29.082589316690246
2021-02-28 10:10:00,4260.130254957233,4299.12,-38.98974504276703
2021-02-28 10:11:00,4234.1599388855575,4233.0,1.1599388855574944
2021-02-28 10:12:00,4212.795907941375,4190.2,22.595907941375117
2021-02-28 10:13:00,4219.878918932807,4182.370000000001,37.50891893280641
2021-02-28 10:14:00,4184.269604216073,4172.98,11.289604216073712
2021-02-28 10:15:00,4163.748370041846,4175.44,-11.691629958153499
2021-02-28 10:16:00,4163.7104850902,4173.7699999999995,-10.059514909799873
2021-02-28 10:17:00,4215.889987584064,4168.0599999999995,47.82998758406484
2021-02-28 10:18:00,4262.78164136455,4197.58,65.20164136454969
2021-02-28 10:19:00,4289.369206026484,4268.04,21.329206026483917
2021-02-28 10:20:00,4287.971958844532,4252.09,35.881958844532164
2021-02-28 10:21:00,4300.110730255676,4284.0,16.110730255675662
2021-02-28 10:22:00,4347.839586213432,4327.35,20.48958621343172
2021-02-28 10:23:00,4403.403135378532,4388.58,14.823135378532243
2021-02-28 10:24:00,4371.9866551822215,4370.5199999999995,1.4666551822219844
2021-02-28 10:25:00,4348.571107113622,4307.95,40.6211071136222
2021-02-28 10:26:00,4332.430791966878,4257.960000000001,74.47079196687719
2021-02-28 10:27:00,4332.487381285712,4267.2,65.2873812857124
2021-02-28 10:28:00,4308.976893855132,4258.8,50.17689385513222
2021-02-28 10:29:00,4386.831219520405,4347.299999999999,39.53121952040601
2021-02-28 10:30:00,4448.359090996596,4434.32,14.039090996596315
2021-02-28 10:31:00,4404.999630179834,4380.45,24.549630179833912
2021-02-28 10:32:00,4375.985891357843,4346.4400000000005,29.545891357842265
2021-02-28 10:33:00,4369.310821006459,4328.539999999999,40.77082100646021
2021-02-28 10:34:00,4333.894832577313,4290.8,43.094832577312445
2021-02-28 10:35:00,4326.68116374392,4318.92,7.7611637439194965
2021-02-28 10:36:00,4338.941519360734,4306.1,32.8415193607334
2021-02-28 10:37:00,4299.545651198369,4224.040000000001,75.50565119836847
2021-02-28 10:38:00,4398.711249792019,4345.58,53.131249792018934
2021-02-28 10:39:00,4395.48464189245,4342.14,53.344641892449545
2021-02-28 10:40:00,4385.642675241561,4302.7,82.94267524156112
2021-02-28 10:41:00,4453.825569908742,4401.33,52.495569908742254
2021-02-28 10:42:00,4525.910283298578,4479.37,46.54028329857829
2021-02-28 10:43:00,4499.3184140411195,4433.14,66.17841404111914
2021-02-28 10:44:00,4426.977267010573,4384.799999999999,42.177267010573814
2021-02-28 10:45:00,4408.664144986597,4362.78,45.884144986597676
2021-02-28 10:46:00,4411.605425372291,4400.46,11.145425372291356
2021-02-28 10:47:00,4394.8103975549875,4372.030000000001,22.78039755498685
2021-02-28 10:48:00,4421.555250905533,4373.1,48.45525090553292
2021-02-28 10:49:00,4398.698627631678,4400.459999999999,-1.7613723683207354
2021-02-28 10:50:00,4398.73403601766,4357.62,41.11403601766051
2021-02-28 10:51:00,4392.837032048326,4327.35,65.487032048326
2021-02-28 10:52:00,4297.472997868543,4208.93,88.54299786854244
2021-02-28 10:53:00,4376.682991848058,4266.360000000001,110.32299184805743
2021-02-28 10:54:00,4539.557739301747,4505.18,34.37773930174626
2021-02-28 10:55:00,4487.149142522779,4434.09,53.05914252277853
2021-02-28 10:56:00,4479.432002298605,4421.120000000001,58.31200229860406
2021-02-28 10:57:00,4392.694516331024,4322.36,70.33451633102413
2021-02-28 10:58:00,4392.723232779708,4380.709999999999,12.013232779709142
2021-02-28 10:59:00,4463.840085973701,4432.5199999999995,31.32008597370168
2021-02-28 11:00:00,4517.596288573061,4456.23,61.366288573061865
2021-02-28 11:01:00,4537.61063776341,4469.58,68.03063776340969
2021-02-28 11:02:00,4497.62367508499,4450.89,46.733675084989954
2021-02-28 11:03:00,4457.072515523922,4423.3,33.772515523922266
2021-02-28 11:04:00,4502.521537854828,4444.110000000001,58.41153785482766
2021-02-28 11:05:00,4511.986418128546,4457.120000000001,54.866418128544865
2021-02-28 11:06:00,4507.552286899944,4451.240000000001,56.3122868999435
2021-02-28 11:07:00,4493.829357056169,4451.16,42.66935705616925
2021-02-28 11:08:00,4493.850562533935,4471.460000000001,22.390562533933917
2021-02-28 11:09:00,4517.965363900705,4508.74,9.225363900704906
2021-02-28 11:10:00,4579.403137723584,4552.62,26.783137723584332
2021-02-28 11:11:00,4664.300211346552,4653.36,10.940211346552132
2021-02-28 11:12:00,4664.318478089685,4772.57,-108.2515219103143
2021-02-28 11:13:00,4811.403240603071,4843.700000000001,-32.2967593969297
2021-02-28 11:14:00,4809.608802401065,4824.039999999999,-14.431197598933977
2021-02-28 11:15:00,4756.369999992935,4750.0,6.369999992934936
2021-02-28 11:16:00,4688.053821770382,4691.540000000001,-3.486178229619327
2021-02-28 11:17:00,4691.500196399969,4695.299999999999,-3.799803600029918
2021-02-28 11:18:00,3594.1816223965466,3479.67,114.5116223965465
2021-02-28 11:19:00,3223.0459125079947,2950.59,272.4559125079945
2021-02-28 11:20:00,4812.6987566815005,4919.15,-106.45124331849911
2021-02-28 11:21:00,4775.785318894593,4837.469999999999,-61.684681105406526
2021-02-28 11:22:00,3123.383388740778,2874.99,248.3933887407784
2021-02-28 11:23:00,2601.9372218750955,2532.44,69.49722187509542
2021-02-28 11:24:00,4763.945673799887,4798.700000000001,-34.75432620011361
2021-02-28 11:25:00,4708.638625750081,4756.72,-48.08137424991946
2021-02-28 11:26:00,4688.217649842143,4676.9400000000005,11.277649842142637
2021-02-28 11:27:00,4712.065510769723,4715.1,-3.0344892302773587
2021-02-28 11:28:00,4581.836506515572,4570.200000000001,11.636506515571455
2021-02-28 11:29:00,4525.918454432316,4475.09,50.82845443231599
2021-02-28 11:30:00,4543.87216532876,4467.8,76.0721653287601
2021-02-28 11:31:00,4524.745659143627,4535.4400000000005,-10.694340856373856
2021-02-28 11:32:00,4531.6026209448555,4471.280000000001,60.32262094485486
2021-02-28 11:33:00,4580.42176799179,4524.76,55.66176799178993
2021-02-28 11:34:00,4491.944019921677,4414.95,76.99401992167714
2021-02-28 11:35:00,4514.542509275899,4487.38,27.16250927589863
2021-02-28 11:36:00,4621.093503423916,4568.87,52.223503423916554
2021-02-28 11:37:00,4535.956889750817,4444.000000000001,91.95688975081612
2021-02-28 11:38:00,4591.205389543892,4527.43,63.77538954389183
2021-02-28 11:39:00,4632.587467328795,4534.2,98.38746732879554
2021-02-28 11:40:00,4632.589069167375,4552.73,79.85906916737531
2021-02-28 11:41:00,4628.846461900156,4573.37,55.47646190015621
2021-02-28 11:42:00,4618.704686283904,4557.05,61.654686283904084
2021-02-28 11:43:00,4604.397635736329,4571.65,32.74763573632936
2021-02-28 11:44:00,4052.203399548815,3935.4500000000003,116.75339954881474
2021-02-28 11:45:00,4638.182867360806,4590.799999999999,47.38286736080681
2021-02-28 11:46:00,4619.052325616965,4567.29,51.76232561696543
2021-02-28 11:47:00,4615.169630511135,4557.0599999999995,58.10963051113595
2021-02-28 11:48:00,4605.984303250458,4544.1,61.88430325045738
2021-02-28 11:49:00,4598.993612978542,4532.4,66.5936129785423
2021-02-28 11:50:00,4564.57037171056,4518.0,46.57037171055981
2021-02-28 11:51:00,4546.352252156809,4514.969999999999,31.382252156809955
2021-02-28 11:52:00,4603.248974713019,4526.51,76.73897471301916
2021-02-28 11:53:00,4577.571067432137,4561.43,16.14106743213688
2021-02-28 11:54:00,4785.923277520083,4784.2,1.7232775200827746
2021-02-28 11:55:00,4682.629167436767,4636.9800000000005,45.64916743676622
2021-02-28 11:56:00,4581.964598216749,4540.889999999999,41.07459821675002
2021-02-28 11:57:00,4560.583784013886,4492.72,67.86378401388538
2021-02-28 11:58:00,4538.700347093432,4487.38,51.32034709343225
2021-02-28 11:59:00,4310.923800124894,4293.780000000001,17.14380012489346
2021-02-28 12:00:00,3541.367221859525,3460.41,80.95722185952536
2021-02-28 12:01:00,4693.528678121358,4686.51,7.01867812135788
2021-02-28 12:02:00,4682.257997360556,4681.879999999999,0.37799736055694666
2021-02-28 12:03:00,4787.369522727718,4759.22,28.14952272771734
2021-02-28 12:04:00,4758.915088127055,4765.110000000001,-6.19491187294534
2021-02-28 12:05:00,4642.772914225758,4635.879999999999,6.892914225758432
2021-02-28 12:06:00,4573.668420041865,4552.73,20.938420041865356
2021-02-28 12:07:00,4552.2841548662855,4514.4,37.884154866285826
2021-02-28 12:08:00,4524.628045993356,4479.15,45.47804599335632
2021-02-28 12:09:00,4515.310155783575,4453.889999999999,61.420155783575865
2021-02-28 12:10:00,4501.20627215004,4424.64,76.56627215003937
2021-02-28 12:11:00,4497.52183450372,4426.32,71.20183450372042
2021-02-28 12:12:00,4477.975826863695,4419.2,58.77582686369533
2021-02-28 12:13:00,4472.337178070833,4447.18,25.157178070832742
2021-02-28 12:14:00,4564.563915360452,4495.39,69.17391536045125
2021-02-28 12:15:00,4618.306207651744,4574.700000000001,43.606207651743716
2021-02-28 12:16:00,4696.061152411823,3662.1,1033.9611524118232
2021-02-28 12:17:00,4699.425408807349,4675.389999999999,24.035408807349995
2021-02-28 12:18:00,4656.78404133485,4623.949999999999,32.83404133485146
2021-02-28 12:19:00,4556.841692749671,4530.120000000001,26.721692749670183
2021-02-28 12:20:00,4521.509046279821,4496.370000000001,25.139046279819922
2021-02-28 12:21:00,4467.573618161456,4436.120000000001,31.45361816145487
2021-02-28 12:22:00,4552.161826080443,4514.01,38.15182608044233
2021-02-28 12:23:00,4576.134420776586,4539.99,36.14442077658623
2021-02-28 12:24:00,4490.037526896293,4527.43,-37.392473103707744
2021-02-28 12:25:00,4701.3925815044595,4675.44,25.952581504459886
2021-02-28 12:26:00,4706.298231722446,4697.57,8.728231722446253
2021-02-28 12:27:00,4616.330856485375,4577.299999999999,39.03085648537581
2021-02-28 12:28:00,4505.851779778127,4430.67,75.18177977812684
2021-02-28 12:29:00,4463.635569428222,4401.76,61.87556942822175
2021-02-28 12:30:00,4422.879439800345,4367.99,54.88943980034492
2021-02-28 12:31:00,4391.282186341807,4342.4,48.88218634180703
2021-02-28 12:32:00,4456.202957253671,4379.99,76.21295725367145
2021-02-28 12:33:00,4438.300184018323,4375.65,62.65018401832367
2021-02-28 12:34:00,4410.933609765941,4375.65,35.28360976594104
2021-02-28 12:35:00,4288.45003524299,4180.710000000001,107.7400352429895
2021-02-28 12:36:00,4420.210861715222,4352.46,67.75086171522162
2021-02-28 12:37:00,4422.567162395965,4343.0,79.56716239596517
2021-02-28 12:38:00,4408.31473656966,4306.0199999999995,102.29473656966093
2021-02-28 12:39:00,4389.9580470615765,4269.44,120.51804706157691
2021-02-28 12:40:00,4340.1764368372005,4230.24,109.93643683720074
2021-02-28 12:41:00,4355.698694857444,4213.4400000000005,142.25869485744352
2021-02-28 12:42:00,4344.323486324386,4286.68,57.643486324385776
2021-02-28 12:43:00,4373.19261958429,4293.35,79.84261958428942
2021-02-28 12:44:00,4436.343546985291,4338.87,97.47354698529125
2021-02-28 12:45:00,4469.662035038666,4402.2,67.46203503866582
2021-02-28 12:46:00,4376.118566680226,4294.200000000001,81.91856668022501
2021-02-28 12:47:00,2547.5334484363793,2350.4700000000003,197.06344843637908
2021-02-28 12:48:00,2346.7263005706436,2004.0600000000002,342.66630057064344
2021-02-28 12:49:00,4443.143995192392,4407.7699999999995,35.37399519239261
2021-02-28 12:50:00,4418.182124636847,4340.95,77.2321246368474
2021-02-28 12:51:00,4453.1671587326955,4360.200000000001,92.96715873269477
2021-02-28 12:52:00,4415.4452448988195,4346.44,69.00524489881991
2021-02-28 12:53:00,4220.983668831055,4175.93,45.05366883105489
2021-02-28 12:54:00,4464.840945058826,4371.8,93.04094505882586
2021-02-28 12:55:00,4403.844313466033,4351.58,52.264313466032945
2021-02-28 12:56:00,2267.8564422069358,2117.8599999999997,149.99644220693608
2021-02-28 12:57:00,3363.3134731427617,3138.67,224.64347314276165
2021-02-28 12:58:00,2095.678633694372,1862.21,233.46863369437187
2021-02-28 12:59:00,4468.819499257658,4450.5,18.319499257658208
2021-02-28 13:00:00,4358.312781545638,4286.370000000001,71.94278154563744
2021-02-28 13:01:00,3304.233388972785,3114.91,189.32338897278532
2021-02-28 13:02:00,2065.8910619618364,1827.28,238.6110619618364
2021-02-28 13:03:00,4417.9739687754045,4399.6,18.373968775404137
2021-02-28 13:04:00,4109.770295627169,3958.72,151.0502956271689
2021-02-28 13:05:00,2964.712031828051,2698.37,266.34203182805095
2021-02-28 13:06:00,3149.9750631151,3008.46,141.51506311510002
2021-02-28 13:07:00,792.8293044706554,805.76,-12.930695529344575
2021-02-28 13:08:00,3035.597191244836,2572.7300000000005,462.86719124483534
2021-02-28 13:09:00,3416.638121753857,3410.61,6.028121753856794
2021-02-28 13:10:00,2990.580619531392,2782.12,208.46061953139224
2021-02-28 13:11:00,4030.1679213538396,3685.5200000000004,344.64792135383914
2021-02-28 13:12:00,3193.1354828359663,2942.5,250.6354828359663
2021-02-28 13:13:00,4443.875308123596,4493.5,-49.62469187640363
2021-02-28 13:14:00,2815.22556114625,2704.52,110.70556114625015
2021-02-28 13:15:00,2486.96954668834,2323.8999999999996,163.06954668834032
2021-02-28 13:16:00,3768.6918417309375,3655.1500000000005,113.541841730937
2021-02-28 13:17:00,3884.6513503172705,3756.49,128.16135031727072
2021-02-28 13:18:00,3583.462723452163,3300.42,283.04272345216305
2021-02-28 13:19:00,2132.9441527811045,1825.25,307.69415278110455
2021-02-28 13:20:00,739.8253425325304,806.4000000000001,-66.5746574674697
2021-02-28 13:21:00,689.4700502904041,721.4200000000001,-31.949949709596012
2021-02-28 13:22:00,3025.7923395791913,2844.57,181.22233957919116
2021-02-28 13:23:00,4410.118805862244,4459.56,-49.44119413775661
2021-02-28 13:24:00,4436.211852421244,4474.4,-38.18814757875589
2021-02-28 13:25:00,1650.4542967657785,1704.17,-53.715703234221564
2021-02-28 13:26:00,750.004808547198,821.76,-71.75519145280202
2021-02-28 13:27:00,3664.4620005417364,3547.91,116.55200054173656
2021-02-28 13:28:00,2410.6752887853604,2568.3,-157.62471121463977
2021-02-28 13:29:00,3877.639961838374,3849.06,28.579961838373947
2021-02-28 13:30:00,3947.1432153018313,3741.9,205.24321530183124
2021-02-28 13:31:00,4264.133604113411,4223.34,40.793604113410765
2021-02-28 13:32:00,4203.547320978618,4156.110000000001,47.43732097861721
2021-02-28 13:33:00,4223.218492494343,4200.66,22.558492494343227
2021-02-28 13:34:00,4263.224690703726,4206.8099999999995,56.41469070372659
2021-02-28 13:35:00,4014.8343241673265,3869.92,144.9143241673264
2021-02-28 13:36:00,4267.334465022028,4141.87,125.46446502202798
2021-02-28 13:37:00,3190.201565009569,3061.0299999999997,129.17156500956935
2021-02-28 13:38:00,625.5139861802159,689.78,-64.26601381978412
2021-02-28 13:39:00,3360.537411126687,3000.92,359.6174111266869
2021-02-28 13:40:00,4169.977653470845,4115.110000000001,54.86765347084474
2021-02-28 13:41:00,4126.457087946673,4040.1900000000005,86.26708794667229
2021-02-28 13:42:00,4123.593053564924,4038.84,84.7530535649239
2021-02-28 13:43:00,3661.703214673878,3422.0,239.70321467387794
2021-02-28 13:44:00,2685.8742163838983,2385.86,300.0142163838982
2021-02-28 13:45:00,4196.4568383751,4147.2,49.256838375100415
2021-02-28 13:46:00,4084.8470408997596,4027.1399999999994,57.70704089976016
2021-02-28 13:47:00,3924.7920808196886,3855.51,69.28208081968842
2021-02-28 13:48:00,3747.5995803435376,3636.62,110.97958034353769
2021-02-28 13:49:00,4028.4422052566233,3945.16,83.28220525662346
2021-02-28 13:50:00,2504.788125845469,2286.7900000000004,217.99812584546862
2021-02-28 13:51:00,2021.6424412269287,1771.16,250.4824412269286
2021-02-28 13:52:00,3222.501302818715,2784.45,438.05130281871516
2021-02-28 13:53:00,2317.1516955091593,2120.99,196.16169550915947
2021-02-28 13:54:00,2950.1254598405408,2633.66,316.4654598405409
2021-02-28 13:55:00,3603.155666877637,3574.08,29.075666877637104
2021-02-28 13:56:00,4103.1356574855145,4104.63,-1.494342514485652
2021-02-28 13:57:00,4000.7282522003356,3998.6099999999997,2.1182522003359736
2021-02-28 13:58:00,3959.0840069022242,3891.0,68.08400690222425
2021-02-28 13:59:00,3948.8749361923074,3916.5,32.37493619230736
2021-02-28 14:00:00,3991.0528386315873,3970.2400000000002,20.812838631587056
2021-02-28 14:01:00,4108.569491334985,4071.66,36.90949133498543
2021-02-28 14:02:00,4171.250637692894,4128.0,43.25063769289409
2021-02-28 14:03:00,4176.229265932058,4169.88,6.349265932058188
2021-02-28 14:04:00,4128.455674186416,4122.17,6.285674186416145
2021-02-28 14:05:00,4075.216887610765,4030.8,44.41688761076466
2021-02-28 14:06:00,3989.832585884522,3953.95,35.882585884522086
2021-02-28 14:07:00,3911.8388924244614,3833.25,78.58889242446139
2021-02-28 14:08:00,3880.391153541621,3788.08,92.31115354162102
2021-02-28 14:09:00,3791.1523441369163,3707.2799999999997,83.87234413691658
2021-02-28 14:10:00,3765.5632266711955,3698.6400000000003,66.92322667119515
2021-02-28 14:11:00,3782.3554949621143,3714.4800000000005,67.87549496211386
2021-02-28 14:12:00,3782.1627733928085,3740.9700000000003,41.19277339280825
2021-02-28 14:13:00,3817.9921422880625,3763.8799999999997,54.11214228806284
2021-02-28 14:14:00,3797.8480342983325,3749.2799999999997,48.568034298332805
2021-02-28 14:15:00,3771.4291404759183,3754.0800000000004,17.34914047591792
2021-02-28 14:16:00,3810.5479226933244,3761.69,48.857922693324326
2021-02-28 14:17:00,3805.817155224849,3814.7000000000003,-8.88284477515117
2021-02-28 14:18:00,3436.4533904519303,3452.23,-15.7766095480697
2021-02-28 14:19:00,2959.214052742967,2848.45,110.76405274296712
2021-02-28 14:20:00,3676.916000211562,3664.3099999999995,12.606000211562332
2021-02-28 14:21:00,3682.65809387177,3666.71,15.948093871769743
2021-02-28 14:22:00,3683.60980580674,3633.0,50.60980580674004
2021-02-28 14:23:00,3659.986224146952,3587.31,72.67622414695188
2021-02-28 14:24:00,3609.702074239103,3533.96,75.74207423910275
2021-02-28 14:25:00,3582.0862452810293,3521.0,61.08624528102928
2021-02-28 14:26:00,3528.4085519837713,3474.76,53.648551983771085
2021-02-28 14:27:00,3521.17218659923,3431.34,89.83218659922977
2021-02-28 14:28:00,3456.860460445092,3374.8,82.06046044509185
2021-02-28 14:29:00,3448.013097418411,3342.08,105.93309741841085
2021-02-28 14:30:00,3418.2619769010703,3292.38,125.88197690107017
2021-02-28 14:31:00,3407.6535053201333,3307.5,100.15350532013326
2021-02-28 14:32:00,3395.880228549207,3301.83,94.05022854920708
2021-02-28 14:33:00,3346.772499196742,3283.38,63.39249919674194
2021-02-28 14:34:00,3311.753814501666,3258.7200000000003,53.0338145016658
2021-02-28 14:35:00,3318.2140242874852,3218.97,99.24402428748544
2021-02-28 14:36:00,3295.90736957381,3210.43,85.47736957380994
2021-02-28 14:37:00,3313.179113612489,3215.31,97.86911361248895
2021-02-28 14:38:00,3273.527370576449,3217.42,56.10737057644883
2021-02-28 14:39:00,3300.4204113463657,3203.72,96.70041134636585
2021-02-28 14:40:00,3265.010756879326,3182.37,82.64075687932609
2021-02-28 14:41:00,3253.656221517606,3161.51,92.14622151760568
2021-02-28 14:42:00,3210.877958197406,3153.5999999999995,57.277958197406406
2021-02-28 14:43:00,3217.392382961807,3134.3200000000006,83.0723829618064
2021-02-28 14:44:00,3240.0930204033307,3154.8,85.2930204033305
2021-02-28 14:45:00,3210.019023840781,3119.92,90.09902384078077
2021-02-28 14:46:00,3204.5372757116543,3093.96,110.57727571165424
2021-02-28 14:47:00,3152.204622043652,3058.92,93.28462204365178
2021-02-28 14:48:00,3147.589728218025,2987.94,159.64972821802485
2021-02-28 14:49:00,3128.4393005746397,2990.2200000000003,138.21930057463942
2021-02-28 14:50:00,3085.5272212556883,2964.08,121.44722125568842
2021-02-28 14:51:00,3067.42197224608,2959.04,108.38197224607984
2021-02-28 14:52:00,3074.4395434768517,2960.98,113.45954347685165
2021-02-28 14:53:00,3071.2903107444185,2960.16,111.1303107444187
2021-02-28 14:54:00,3002.173120697486,2922.15,80.02312069748587
2021-02-28 14:55:00,3011.6402442052827,2905.96,105.68024420528263
2021-02-28 14:56:00,2981.9480773174078,2873.88,108.06807731740764
2021-02-28 14:57:00,2995.0681343602355,2866.8599999999997,128.20813436023582
2021-02-28 14:58:00,2963.0456700443524,2828.08,134.96567004435246
2021-02-28 14:59:00,2918.21800549682,2822.7799999999997,95.4380054968201
2021-02-28 15:00:00,2925.0990425072337,2838.1499999999996,86.94904250723403
2021-02-28 15:01:00,2897.054136806821,2799.98,97.07413680682112
2021-02-28 15:02:00,2888.0341485325175,2788.76,99.2741485325173
2021-02-28 15:03:00,2901.1617724204375,2771.8599999999997,129.30177242043783
2021-02-28 15:04:00,2875.7568925948863,2768.27,107.48689259488629
2021-02-28 15:05:00,2840.7047288250296,2718.81,121.89472882502969
2021-02-28 15:06:00,2811.259881864532,2739.21,72.04988186453193
2021-02-28 15:07:00,2806.0904020293647,2703.97,102.12040202936487
2021-02-28 15:08:00,2780.333145260766,2682.5,97.83314526076583
2021-02-28 15:09:00,2770.801501367289,2683.0,87.80150136728889
2021-02-28 15:10:00,2748.7593607263257,2625.91,122.84936072632581
2021-02-28 15:11:00,2711.3030940268704,2625.42,85.88309402687037
2021-02-28 15:12:00,2698.856072186128,2610.7200000000003,88.13607218612788
2021-02-28 15:13:00,2655.909650108781,2574.24,81.6696501087813
2021-02-28 15:14:00,2666.4701021830388,2556.0,110.47010218303876
2021-02-28 15:15:00,2673.712833396477,2555.9300000000003,117.78283339647669
2021-02-28 15:16:00,2646.4084800427045,2520.61,125.79848004270434
2021-02-28 15:17:00,2642.906891245438,2521.08,121.82689124543822
2021-02-28 15:18:00,2614.203936467021,2503.95,110.25393646702105
2021-02-28 15:19:00,2586.3507371154674,2469.2799999999997,117.07073711546764
2021-02-28 15:20:00,2548.9462510867406,2492.74,56.20625108674085
2021-02-28 15:21:00,2547.9378869884313,2457.4399999999996,90.49788698843167
2021-02-28 15:22:00,2534.6792422947406,2423.7,110.97924229474074
2021-02-28 15:23:00,2541.0701597278935,2435.85,105.22015972789359
2021-02-28 15:24:00,2502.887440022753,2415.3,87.58744002275262
2021-02-28 15:25:00,2505.241294844641,2390.08,115.1612948446409
2021-02-28 15:26:00,2482.7884239759237,2390.5200000000004,92.26842397592327
2021-02-28 15:27:00,2520.203019646982,2406.1800000000003,114.02301964698154
2021-02-28 15:28:00,2471.333909938345,2403.2800000000007,68.05390993834453
2021-02-28 15:29:00,2427.7648071664707,2336.62,91.14480716647086
2021-02-28 15:30:00,2407.608466143716,2330.6,77.0084661437163
2021-02-28 15:31:00,2414.8515066019017,2279.76,135.09150660190153
2021-02-28 15:32:00,2408.6317693314313,2285.2200000000003,123.41176933143106
2021-02-28 15:33:00,2324.8557417409515,2226.2999999999997,98.55574174095182
2021-02-28 15:34:00,2322.9030810305094,2203.31,119.59308103050944
2021-02-28 15:35:00,2249.5838366259754,2132.52,117.06383662597545
2021-02-28 15:36:00,2248.5629802050134,2180.8,67.76298020501326
2021-02-28 15:37:00,2255.2262813438497,2189.2,66.02628134384986
2021-02-28 15:38:00,2256.737720189913,2121.6,135.13772018991313
2021-02-28 15:39:00,2250.893571931478,2132.52,118.37357193147818
2021-02-28 15:40:00,2220.322179712965,2132.13,88.19217971296484
2021-02-28 15:41:00,2203.3457289413377,2078.22,125.12572894133791
2021-02-28 15:42:00,2206.7663187904395,2129.01,77.75631879043931
2021-02-28 15:43:00,2174.0800236461832,2128.23,45.85002364618322
2021-02-28 15:44:00,2218.8308542389864,2102.17,116.6608542389863
2021-02-28 15:45:00,1859.144163898394,1795.86,63.28416389839413
2021-02-28 15:46:00,1807.008646136024,1633.7999999999997,173.2086461360243
2021-02-28 15:47:00,1910.0435025074491,1812.03,98.01350250744918
2021-02-28 15:48:00,1389.3855955566062,1290.48,98.90559555660616
2021-02-28 15:49:00,2184.5059861611403,2044.25,140.2559861611403
2021-02-28 15:50:00,2133.238571725267,2037.2200000000003,96.01857172526661
2021-02-28 15:51:00,1852.3872845506964,1777.0700000000002,75.31728455069629
2021-02-28 15:52:00,2084.541295097995,1981.4400000000003,103.10129509799458
2021-02-28 15:53:00,2096.0912116091426,2041.6599999999999,54.43121160914279
2021-02-28 15:54:00,2034.6392754924896,1934.8000000000002,99.83927549248938
2021-02-28 15:55:00,1967.4888628815065,1876.8,90.68886288150657
2021-02-28 15:56:00,1931.406728432708,1826.55,104.856728432708
2021-02-28 15:57:00,1878.3899217726146,1735.74,142.64992177261456
2021-02-28 15:58:00,1910.374499766563,1739.5400000000002,170.83449976656289
2021-02-28 15:59:00,1890.3043278399214,1722.67,167.6343278399213
2021-02-28 16:00:00,1879.003183685529,1721.43,157.57318368552887
2021-02-28 16:01:00,1895.3615221547768,1719.88,175.4815221547767
2021-02-28 16:02:00,1946.675229287751,1772.8000000000002,173.87522928775093
2021-02-28 16:03:00,1972.7610385840032,1795.1599999999999,177.6010385840034
2021-02-28 16:04:00,1990.2230308881885,1775.6799999999998,214.5430308881887
2021-02-28 16:05:00,1962.1761503317152,1770.2400000000002,191.936150331715
2021-02-28 16:06:00,1929.43471514268,1720.81,208.6247151426801
2021-02-28 16:07:00,1902.1010381706071,1716.47,185.6310381706071
2021-02-28 16:08:00,1915.1538865054895,1723.29,191.86388650548952
2021-02-28 16:09:00,1791.658230236677,1661.7,129.95823023667685
2021-02-28 16:10:00,614.724585569165,634.6800000000001,-19.95541443083505
2021-02-28 16:11:00,504.39222311886186,514.4000000000001,-10.007776881138227
2021-02-28 16:12:00,449.53434817658245,495.76,-46.225651823417536
2021-02-28 16:13:00,442.9017125738833,500.45000000000005,-57.54828742611676
2021-02-28 16:14:00,520.8453028384826,556.58,-35.73469716151749
2021-02-28 16:15:00,553.2712365538869,588.5,-35.228763446113135
2021-02-28 16:16:00,666.7589544858547,647.04,19.718954485854738
2021-02-28 16:17:00,1675.009860951028,1521.1800000000003,153.82986095102774
2021-02-28 16:18:00,1643.699472024525,1461.7200000000003,181.97947202452474
2021-02-28 16:19:00,1518.1932965631481,1375.3,142.89329656314817
2021-02-28 16:20:00,1499.157195067112,1320.21,178.94719506711203
2021-02-28 16:21:00,1453.5997652399392,1262.38,191.21976523993908
2021-02-28 16:22:00,1433.2931673316364,1261.4099999999999,171.8831673316365
2021-02-28 16:23:00,1486.9312981738724,1293.29,193.64129817387243
2021-02-28 16:24:00,1466.0710436105032,1356.24,109.83104361050323
2021-02-28 16:25:00,1476.799526143854,1351.1999999999998,125.59952614385429
2021-02-28 16:26:00,1467.3757785660662,1321.45,145.92577856606613
2021-02-28 16:27:00,1282.619859865708,1176.42,106.19985986570782
2021-02-28 16:28:00,1223.3010173405671,1092.65,130.65101734056702
2021-02-28 16:29:00,1233.049538157091,1093.48,139.56953815709107
2021-02-28 16:30:00,1279.729414151315,1129.8,149.9294141513151
2021-02-28 16:31:00,1253.2481311423883,1075.4,177.84813114238818
2021-02-28 16:32:00,1198.1088913160258,1019.8800000000001,178.22889131602574
2021-02-28 16:33:00,1153.5921330186309,963.05,190.54213301863092
2021-02-28 16:34:00,1164.2377395600063,932.04,232.1977395600063
2021-02-28 16:35:00,1132.93208593858,905.28,227.65208593858006
2021-02-28 16:36:00,1101.2840296441434,902.4000000000001,198.8840296441433
2021-02-28 16:37:00,1035.1561350771642,852.0,183.1561350771642
2021-02-28 16:38:00,1050.581861402877,850.3500000000001,200.2318614028768
2021-02-28 16:39:00,999.3765152341872,618.52,380.8565152341872
2021-02-28 16:40:00,950.0845599585692,794.22,155.8645599585692
2021-02-28 16:41:00,982.9935662803985,763.71,219.28356628039842
2021-02-28 16:42:00,976.3024364571637,739.1800000000001,237.12243645716364
2021-02-28 16:43:00,923.7723026937589,739.0500000000001,184.72230269375882
2021-02-28 16:44:00,898.7855255849007,682.2,216.58552558490067
2021-02-28 16:45:00,842.2606038486817,683.4,158.86060384868176
2021-02-28 16:46:00,782.4820583902467,624.3600000000001,158.1220583902466
2021-02-28 16:47:00,815.4000190936864,592.1600000000001,223.24001909368633
2021-02-28 16:48:00,742.158753349045,565.0999999999999,177.0587533490451
2021-02-28 16:49:00,760.9988062223673,566.2,194.79880622236726
2021-02-28 16:50:00,753.7550318318036,567.9,185.85503183180367
2021-02-28 16:51:00,726.4988334537708,568.6,157.89883345377075
2021-02-28 16:52:00,766.1239298601324,568.1,198.0239298601324
2021-02-28 16:53:00,727.6901493319662,535.9300000000001,191.7601493319661
2021-02-28 16:54:00,746.2566184088629,535.41,210.84661840886292
2021-02-28 16:55:00,768.2860388844474,566.2,202.08603888444736
2021-02-28 16:56:00,777.6011192586263,246.08,531.5211192586263
2021-02-28 16:57:00,746.1301227848502,63.52,682.6101227848502
2021-02-28 16:58:00,654.891440041357,63.11000000000001,591.781440041357
2021-02-28 16:59:00,643.1231354565945,207.32,435.8031354565945
2021-02-28 17:00:00,637.1102238260692,432.32000000000005,204.7902238260691
2021-02-28 17:01:00,628.3241781399988,431.52000000000004,196.80417813999878
2021-02-28 17:02:00,586.2534072556949,383.46000000000004,202.7934072556949
2021-02-28 17:03:00,564.9430616349472,391.78999999999996,173.15306163494722
2021-02-28 17:04:00,534.9097247472479,354.15,180.7597247472479
2021-02-28 17:05:00,438.2070065535048,314.1,124.10700655350479
2021-02-28 17:06:00,308.8817419384912,236.79000000000002,72.09174193849117
2021-02-28 17:07:00,316.6273456907742,267.2,49.42734569077419
2021-02-28 17:08:00,278.991847324164,262.9,16.091847324164007
2021-02-28 17:09:00,433.169322094286,326.82000000000005,106.34932209428592
2021-02-28 17:10:00,441.9931946440837,323.46,118.53319464408372
2021-02-28 17:11:00,308.028843399189,257.65,50.37884339918901
2021-02-28 17:12:00,262.5890771726111,231.6,30.989077172611104
2021-02-28 17:13:00,209.37241122477855,204.92000000000002,4.45241122477853
2021-02-28 17:14:00,216.62168729626018,180.07999999999998,36.54168729626019
2021-02-28 17:15:00,152.88316938584697,155.43,-2.5468306141530377
2021-02-28 17:16:00,162.80708176784674,152.82,9.987081767846746
2021-02-28 17:17:00,127.68320742497852,124.67999999999999,3.0032074249785268
2021-02-28 17:18:00,98.76875653447225,124.28999999999999,-25.521243465527746
2021-02-28 17:19:00,112.89259247202865,101.44000000000001,11.452592472028641
2021-02-28 17:20:00,180.2167757317004,126.52,53.69677573170041
2021-02-28 17:21:00,122.02497006204649,101.98000000000002,20.044970062046474
2021-02-28 17:22:00,96.19836262436179,101.36000000000001,-5.161637375638222
2021-02-28 17:23:00,90.49716076944796,101.70000000000002,-11.202839230552058
2021-02-28 17:24:00,92.63952706055471,102.82000000000002,-10.180472939445309
2021-02-28 17:25:00,92.61459284340116,101.04000000000002,-8.425407156598865
2021-02-28 17:26:00,91.16001356925476,102.24000000000001,-11.079986430745251
2021-02-28 17:27:00,100.02040935918345,103.5,-3.4795906408165536
2021-02-28 17:28:00,97.71474261542348,102.32000000000001,-4.605257384576532
2021-02-28 17:29:00,100.84624048065585,101.48000000000002,-0.6337595193441672
2021-02-28 17:30:00,88.68897340068972,102.60000000000001,-13.91102659931029
2021-02-28 17:31:00,85.09481615298861,101.92,-16.825183847011388
2021-02-28 17:32:00,75.05731051643619,74.69,0.3673105164361914
2021-02-28 17:33:00,69.12759482543957,74.33,-5.202405174560425
2021-02-28 17:34:00,51.687453671824585,102.08000000000001,-50.39254632817543
2021-02-28 17:35:00,39.321396135463715,73.30000000000001,-33.978603864536296
2021-02-28 17:36:00,45.698819064842134,69.52000000000001,-23.821180935157876
2021-02-28 17:37:00,36.09280170265219,45.65,-9.55719829734781
2021-02-28 17:38:00,33.87057712462277,59.120000000000005,-25.249422875377235
2021-02-28 17:39:00,25.102191383853572,42.790000000000006,-17.687808616146434
2021-02-28 17:40:00,26.142441788540623,40.27,-14.12755821145938
2021-02-28 17:41:00,25.477046397558574,38.07,-12.592953602441426
2021-02-28 17:42:00,25.869166475794017,34.870000000000005,-9.000833524205987
2021-02-28 17:43:00,51.955778971509204,29.009999999999998,22.945778971509206
2021-02-28 17:44:00,38.60324513904555,28.17,10.433245139045546
2021-02-28 17:45:00,48.3917503366345,29.35,19.0417503366345
2021-02-28 17:46:00,53.02197173108505,27.840000000000003,25.18197173108505
2021-02-28 17:47:00,37.97093599829866,25.73,12.240935998298657
2021-02-28 17:48:00,41.13872097524897,26.410000000000004,14.728720975248969
2021-02-28 17:49:00,44.54991870745971,30.43,14.11991870745971
2021-02-28 17:50:00,38.97223018842223,30.380000000000003,8.592230188422228
2021-02-28 17:51:00,39.871382567338955,12.8,27.071382567338954
2021-02-28 17:52:00,35.80718057854937,11.89,23.91718057854937
2021-02-28 17:53:00,38.3798196061671,25.82,12.559819606167103
2021-02-28 17:57:00,39.64662511256272,10.280000000000001,29.366625112562716
2021-02-28 17:58:00,28.52002963675293,11.100000000000001,17.42002963675293
2021-03-01 05:19:00,38.816508493642,12.86,25.956508493641998
2021-03-01 05:20:00,39.094209318112334,16.62,22.474209318112333
2021-03-01 05:21:00,40.02479716345094,20.840000000000003,19.184797163450938
2021-03-01 05:22:00,43.91126816160575,23.400000000000002,20.511268161605745
2021-03-01 05:23:00,43.51166201256399,27.970000000000006,15.541662012563982
2021-03-01 05:24:00,43.89317094990521,48.38000000000001,-4.486829050094798
2021-03-01 05:25:00,41.77763051790919,50.02,-8.242369482090815
2021-03-01 05:26:00,58.23924099759202,50.519999999999996,7.719240997592024
2021-03-01 05:27:00,43.09506931190744,52.16,-9.06493068809256
2021-03-01 05:28:00,48.39345636201928,53.04,-4.64654363798072
2021-03-01 05:29:00,52.891833211838694,52.790000000000006,0.10183321183868799
2021-03-01 05:30:00,44.905781310854096,54.25000000000001,-9.344218689145912
2021-03-01 05:31:00,33.25838846830895,53.75,-20.49161153169105
2021-03-01 05:32:00,32.80879334454406,55.34,-22.531206655455946
2021-03-01 05:33:00,32.85793788015331,55.870000000000005,-23.012062119846696
2021-03-01 05:34:00,34.61320966526252,55.17,-20.556790334737485
2021-03-01 05:35:00,38.32567011686812,56.480000000000004,-18.154329883131886
2021-03-01 05:36:00,47.473011907405876,56.790000000000006,-9.31698809259413
2021-03-01 05:37:00,55.108508528428445,56.2,-1.0914914715715582
2021-03-01 05:38:00,61.58505780949659,57.36000000000001,4.225057809496583
2021-03-01 05:39:00,73.13868386630551,56.24000000000001,16.898683866305504
2021-03-01 05:40:00,70.62541067837904,57.489999999999995,13.135410678379046
2021-03-01 05:41:00,81.14584158522506,58.0,23.145841585225057
2021-03-01 05:42:00,85.24671317334935,56.790000000000006,28.456713173349343
2021-03-01 05:43:00,90.03392330173958,58.38,31.653923301739574
2021-03-01 05:44:00,87.84223458395877,58.36,29.48223458395877
2021-03-01 05:45:00,93.09157125145751,57.540000000000006,35.5515712514575
2021-03-01 05:46:00,92.90918962874451,58.620000000000005,34.28918962874451
2021-03-01 05:47:00,101.1911255654236,57.69,43.50112556542361
2021-03-01 05:48:00,102.79587798574477,59.01,43.78587798574477
2021-03-01 05:49:00,106.76864546806729,59.04,47.72864546806729
2021-03-01 05:50:00,111.72160183963209,58.080000000000005,53.64160183963208
2021-03-01 05:51:00,114.99929834791527,105.94,9.059298347915274
2021-03-01 05:52:00,106.75383797653646,99.5,7.25383797653646
2021-03-01 05:53:00,121.65515998486737,99.2,22.455159984867365
2021-03-01 05:54:00,152.09591273702586,102.62,49.47591273702585
2021-03-01 05:55:00,132.74398671048738,127.38,5.3639867104873815
2021-03-01 05:56:00,156.4090837200357,126.84,29.569083720035707
2021-03-01 05:57:00,177.57681936165721,156.35999999999999,21.21681936165723
2021-03-01 05:58:00,200.49574331939044,184.62,15.875743319390438
2021-03-01 05:59:00,273.431309106338,217.84000000000003,55.591309106337974
2021-03-01 06:00:00,400.3366665485591,247.37,152.9666665485591
2021-03-01 06:01:00,357.1938530163874,305.1,52.09385301638736
2021-03-01 06:02:00,426.2302514611512,306.91999999999996,119.31025146115127
2021-03-01 06:03:00,453.10626393356495,367.04999999999995,86.05626393356499
2021-03-01 06:04:00,401.2555923443243,352.15,49.10559234432435
2021-03-01 06:05:00,481.41222644062174,422.69000000000005,58.72222644062168
2021-03-01 06:06:00,427.41655213719025,415.39,12.026552137190265
2021-03-01 06:07:00,336.4454718879709,378.97999999999996,-42.53452811202908
2021-03-01 06:08:00,297.6453916297467,312.59999999999997,-14.954608370253254
2021-03-01 06:09:00,258.00890591619054,258.20000000000005,-0.191094083809503
2021-03-01 06:10:00,228.2275414557766,232.79000000000002,-4.562458544223432
2021-03-01 06:11:00,223.95978970645388,209.92000000000002,14.03978970645386
2021-03-01 06:12:00,240.56872653968827,238.53,2.0387265396882697
2021-03-01 06:13:00,241.7904281729198,259.6,-17.80957182708022
2021-03-01 06:14:00,207.50137742276723,204.72,2.7813774227672354
2021-03-01 06:15:00,170.7458085379439,170.8,-0.05419146205611014
2021-03-01 06:16:00,146.73516140907225,153.03,-6.294838590927753
2021-03-01 06:17:00,144.39852787151756,125.28,19.118527871517557
2021-03-01 06:18:00,103.58333220312525,125.79999999999998,-22.21666779687473
2021-03-01 06:19:00,135.58773335285085,153.93,-18.34226664714916
2021-03-01 06:20:00,166.9956239902436,184.24,-17.244376009756422
2021-03-01 06:21:00,243.67939134939814,237.54000000000002,6.1393913493981245
2021-03-01 06:22:00,233.26580649376007,211.96000000000004,21.30580649376003
2021-03-01 06:23:00,205.00961911390584,210.92000000000002,-5.910380886094174
2021-03-01 06:24:00,177.62463014836808,208.76000000000002,-31.135369851631935
2021-03-01 06:25:00,191.47991113427557,211.84,-20.360088865724435
2021-03-01 06:26:00,229.99222331891167,239.18,-9.187776681088337
2021-03-01 06:27:00,203.58570807952572,266.35,-62.76429192047431
2021-03-01 06:28:00,301.3327090625328,324.0,-22.667290937467214
2021-03-01 06:29:00,334.30063936456844,412.65,-78.34936063543154
2021-03-01 06:30:00,399.5644734191971,498.33000000000004,-98.76552658080294
2021-03-01 06:31:00,443.40289928345084,521.0,-77.59710071654916
2021-03-01 06:32:00,435.84399273209203,525.86,-90.01600726790798
2021-03-01 06:33:00,441.58696772899566,521.88,-80.29303227100434
2021-03-01 06:34:00,462.59336362677243,495.53999999999996,-32.946636373227534
2021-03-01 06:35:00,454.1369582073424,494.1,-39.963041792657634
2021-03-01 06:36:00,419.86895850805183,440.96000000000004,-21.091041491948204
2021-03-01 06:37:00,357.52663087615474,384.92999999999995,-27.40336912384521
2021-03-01 06:38:00,348.7073726040466,346.46,2.2473726040466317
2021-03-01 06:39:00,337.5884507503856,317.58,20.008450750385634
2021-03-01 06:40:00,287.9391406593211,285.84000000000003,2.0991406593210513
2021-03-01 06:41:00,322.4645354500267,286.09000000000003,36.374535450026656
2021-03-01 06:42:00,292.12707510599444,292.22,-0.09292489400559134
2021-03-01 06:43:00,323.0330968506004,318.72,4.3130968506003455
2021-03-01 06:44:00,383.8884710473494,350.17,33.7184710473494
2021-03-01 06:45:00,411.558574405293,409.72,1.8385744052929454
2021-03-01 06:46:00,395.786069065028,439.2800000000001,-43.49393093497207
2021-03-01 06:47:00,486.6554937935746,525.38,-38.72450620642542
2021-03-01 06:48:00,542.5371699792354,584.99,-42.45283002076462
2021-03-01 06:49:00,632.4252638853048,668.8800000000001,-36.454736114695265
2021-03-01 06:50:00,643.3527340967293,729.17,-85.81726590327071
2021-03-01 06:51:00,707.3693411232284,785.54,-78.17065887677154
2021-03-01 06:52:00,736.445062733184,784.6999999999999,-48.25493726681589
2021-03-01 06:53:00,642.3095526293853,729.69,-87.38044737061477
2021-03-01 06:54:00,631.1296172870257,727.74,-96.61038271297434
2021-03-01 06:55:00,697.2383332963308,748.3399999999999,-51.10166670366914
2021-03-01 06:56:00,740.6665015991043,750.56,-9.893498400895623
2021-03-01 06:57:00,725.3898305411526,780.22,-54.83016945884742
2021-03-01 06:58:00,778.2397179771538,835.6500000000001,-57.41028202284633
2021-03-01 06:59:00,840.247000679701,924.6400000000001,-84.39299932029905
2021-03-01 07:00:00,1202.0122466146756,1240.8000000000002,-38.78775338532455
2021-03-01 07:01:00,1361.5899285972685,1362.7199999999998,-1.130071402731346
2021-03-01 07:02:00,1156.0043792678828,1179.5700000000002,-23.565620732117395
2021-03-01 07:03:00,1250.8436291984494,1262.71,-11.866370801550602
2021-03-01 07:04:00,1109.8110562468773,1145.95,-36.1389437531227
2021-03-01 07:05:00,1131.4246539637509,1181.46,-50.035346036249166
2021-03-01 07:06:00,1231.8563067210575,1241.0200000000002,-9.163693278942674
2021-03-01 07:07:00,1009.0952243767907,1030.65,-21.554775623209366
2021-03-01 07:08:00,997.2163831495797,1005.1200000000001,-7.9036168504204625
2021-03-01 07:09:00,1031.026909717045,1031.9099999999999,-0.883090282954754
2021-03-01 07:10:00,1050.8871794045226,1061.9099999999999,-11.022820595477242
2021-03-01 07:11:00,1060.6636107181087,1063.24,-2.576389281891352
2021-03-01 07:12:00,1027.0207744127583,1030.67,-3.6492255872417445
2021-03-01 07:13:00,961.6405347860433,968.51,-6.869465213956687
2021-03-01 07:14:00,884.8884779957507,884.96,-0.07152200424934563
2021-03-01 07:15:00,857.63241119389,831.45,26.182411193889948
2021-03-01 07:16:00,857.6945823100614,834.75,22.944582310061378
2021-03-01 07:17:00,975.1901937104461,954.8899999999999,20.30019371044625
2021-03-01 07:18:00,1172.6817664713924,1132.1999999999998,40.481766471392575
2021-03-01 07:19:00,1186.207228844294,1128.4,57.80722884429383
2021-03-01 07:20:00,1168.5349862849546,1156.58,11.954986284954657
2021-03-01 07:21:00,1016.3399636470486,1006.92,9.41996364704869
2021-03-01 07:22:00,940.7208071495733,947.07,-6.349192850426789
2021-03-01 07:23:00,945.5923036921154,915.63,29.96230369211537
2021-03-01 07:24:00,968.4118516513281,947.24,21.171851651328097
2021-03-01 07:25:00,1000.3870963547527,1011.5999999999999,-11.212903645247252
2021-03-01 07:26:00,1045.1020548252982,1067.99,-22.887945174701827
2021-03-01 07:27:00,1098.428045379844,1125.2,-26.771954620156066
2021-03-01 07:28:00,1121.9261802228295,1146.33,-24.403819777170384
2021-03-01 07:29:00,1054.1505668273787,1123.1999999999998,-69.0494331726211
2021-03-01 07:30:00,1042.0883734850177,1062.86,-20.771626514982245
2021-03-01 07:31:00,1011.7687536145409,1034.69,-22.9212463854592
2021-03-01 07:32:00,958.1797379485291,1003.5,-45.32026205147088
2021-03-01 07:33:00,1001.0955482576875,1008.1800000000001,-7.084451742312581
2021-03-01 07:34:00,977.8616728908827,1004.5800000000002,-26.718327109117467
2021-03-01 07:35:00,956.6186890349733,995.94,-39.32131096502678
2021-03-01 07:36:00,940.2653787047116,911.5600000000001,28.705378704711507
2021-03-01 07:37:00,931.2762566280247,884.0,47.276256628024726
2021-03-01 07:38:00,885.8482469619989,887.84,-1.991753038001093
2021-03-01 07:39:00,948.8452007671248,916.13,32.71520076712477
2021-03-01 07:40:00,996.1057334628791,945.2,50.905733462879084
2021-03-01 07:41:00,1037.150408396389,1004.22,32.930408396388884
2021-03-01 07:42:00,1070.7780663135393,1065.8999999999999,4.878066313539421
2021-03-01 07:43:00,1132.1372234892722,1118.6,13.537223489272264
2021-03-01 07:44:00,1203.1141889781713,1168.8600000000001,34.254188978171214
2021-03-01 07:45:00,1257.7488313543447,1228.7000000000003,29.04883135434443
2021-03-01 07:46:00,1217.914494648552,1225.6200000000001,-7.70550535144821
2021-03-01 07:47:00,1230.7284006343073,1226.7200000000003,4.008400634307009
2021-03-01 07:48:00,1224.9556049155901,1192.83,32.1256049155902
2021-03-01 07:49:00,1117.7892324016032,1187.44,-69.6507675983969
2021-03-01 07:50:00,1166.7287202927885,1172.6399999999999,-5.911279707211406
2021-03-01 07:51:00,1139.2402759688916,1141.75,-2.5097240311083624
2021-03-01 07:52:00,1099.3582716939036,1114.6,-15.24172830609632
2021-03-01 07:53:00,1056.5320124221964,1086.1799999999998,-29.647987577803406
2021-03-01 07:54:00,1058.727425717417,1055.6399999999999,3.0874257174170907
2021-03-01 07:55:00,1090.7050594891346,1114.2,-23.49494051086549
2021-03-01 07:56:00,1202.245885651888,1177.0500000000002,25.19588565188792
2021-03-01 07:57:00,1294.6399739352876,1291.22,3.419973935287544
2021-03-01 07:58:00,1398.9373527068096,1406.75,-7.812647293190366
2021-03-01 07:59:00,1484.2120341263242,1462.2400000000002,21.972034126323933
2021-03-01 08:00:00,1536.7460799114167,1513.89,22.8560799114166
2021-03-01 08:01:00,1589.6171920402187,1572.7599999999998,16.857192040218933
2021-03-01 08:02:00,1683.799555656418,1654.4299999999998,29.369555656418243
2021-03-01 08:03:00,1773.2970937720556,1739.41,33.88709377205555
2021-03-01 08:04:00,1786.5037682511331,1785.2800000000002,1.223768251132924
2021-03-01 08:05:00,1863.7260024392679,1848.0,15.726002439267859
2021-03-01 08:06:00,1982.2454510930575,1932.5,49.745451093057454
2021-03-01 08:07:00,2037.7687605100234,2012.4,25.36876051002332
2021-03-01 08:08:00,2140.4025419474915,2101.16,39.242541947491645
2021-03-01 08:09:00,2350.917715877295,2307.89,43.02771587729512
2021-03-01 08:10:00,2530.979956834909,2465.76,65.21995683490877
2021-03-01 08:11:00,2230.8918388202806,2194.35,36.541838820280645
2021-03-01 08:12:00,2109.178710555259,2114.3199999999997,-5.141289444740778
2021-03-01 08:13:00,2288.8211407293566,2323.01,-34.18885927064366
2021-03-01 08:14:00,3124.7945040442664,3147.5099999999998,-22.71549595573333
2021-03-01 08:15:00,1865.5949177379046,1893.46,-27.865082262095484
2021-03-01 08:16:00,2000.430157983088,2035.8899999999999,-35.45984201691181
2021-03-01 08:17:00,2448.7632137363903,2469.26,-20.49678626360992
2021-03-01 08:18:00,2063.463259990403,2093.04,-29.57674000959696
2021-03-01 08:19:00,1961.9708035936108,1947.75,14.220803593610754
2021-03-01 08:20:00,2292.7862955803835,2219.6,73.18629558038356
2021-03-01 08:21:00,2624.7172186305133,2606.15,18.567218630513253
2021-03-01 08:22:00,2634.276576772046,2561.74,72.53657677204637
2021-03-01 08:23:00,3025.6875087425574,2998.0800000000004,27.607508742557002
2021-03-01 08:24:00,4005.530173862084,4076.4300000000003,-70.89982613791608
2021-03-01 08:25:00,3822.589781161944,3936.96,-114.37021883805619
2021-03-01 08:26:00,3423.286313246003,3504.0000000000005,-80.71368675399754
2021-03-01 08:27:00,2564.0209588578264,2571.84,-7.8190411421737736
2021-03-01 08:28:00,2235.4830491880807,2219.1499999999996,16.333049188081077
2021-03-01 08:29:00,1971.9859112720299,2006.05,-34.0640887279701
2021-03-01 08:30:00,1995.2314091693922,1499.4,495.83140916939215
2021-03-01 08:31:00,1945.3985276267929,1935.85,9.548527626792975
2021-03-01 08:32:00,1928.7510595941824,1928.15,0.6010595941822885
2021-03-01 08:33:00,1875.9496383509615,1882.58,-6.630361649038377
2021-03-01 08:34:00,1882.326104168456,1887.68,-5.3538958315441505
2021-03-01 08:35:00,1970.9418684738569,1942.5,28.441868473856857
2021-03-01 08:36:00,2172.8392665285332,2175.81,-2.9707334714667013
2021-03-01 08:37:00,2209.624349554335,2169.18,40.444349554335076
2021-03-01 08:38:00,2065.568460476115,2122.6800000000003,-57.11153952388531
2021-03-01 08:39:00,2298.4914619763695,2305.2,-6.708538023630354
2021-03-01 08:40:00,2168.2549243771514,2091.8999999999996,76.35492437715175
2021-03-01 08:41:00,1881.9773019250845,1878.5,3.4773019250844754
2021-03-01 08:42:00,1622.9909477598328,1608.92,14.070947759832734
2021-03-01 08:43:00,1536.411113165274,1566.3199999999997,-29.908886834725763
2021-03-01 08:44:00,1449.376610673021,1478.0100000000002,-28.633389326979113
2021-03-01 08:45:00,1236.2112533623242,1342.8,-106.58874663767574
2021-03-01 08:46:00,1189.7873576399147,1289.6099999999997,-99.82264236008496
2021-03-01 08:47:00,1091.9320112871553,1233.1000000000001,-141.16798871284482
2021-03-01 08:48:00,1010.3923765753435,1128.6,-118.20762342465639
2021-03-01 08:49:00,876.7371870211854,1038.8799999999999,-162.1428129788145
2021-03-01 08:50:00,909.1055599033058,952.6800000000001,-43.574440096694275
2021-03-01 08:51:00,834.7762747229084,959.1400000000001,-124.3637252770917
2021-03-01 08:52:00,800.9162570526934,956.76,-155.84374294730662
2021-03-01 08:53:00,836.7980299193833,961.52,-124.72197008061664
2021-03-01 08:54:00,742.5354052504209,925.9499999999999,-183.414594749579
2021-03-01 08:55:00,829.3232151002411,909.76,-80.43678489975889
2021-03-01 08:56:00,850.5394151396044,963.5600000000001,-113.02058486039562
2021-03-01 08:57:00,787.0791808995365,930.07,-142.99081910046357
2021-03-01 08:58:00,874.9364275658786,996.2099999999999,-121.27357243412132
2021-03-01 08:59:00,879.1771437181213,1086.61,-207.43285628187857
2021-03-01 09:00:00,918.0959114285519,1084.8999999999999,-166.804088571448
2021-03-01 09:01:00,880.6912531056079,1137.2,-256.5087468943922
2021-03-01 09:02:00,989.811528780826,1108.53,-118.71847121917392
2021-03-01 09:03:00,834.1190461599972,1112.36,-278.2409538400027
2021-03-01 09:04:00,974.2653972508132,1107.31,-133.04460274918677
2021-03-01 09:05:00,947.4994907533581,1111.58,-164.08050924664178
2021-03-01 09:06:00,924.524097772803,1143.0,-218.47590222719703
2021-03-01 09:07:00,909.5764523453897,1149.4,-239.82354765461037
2021-03-01 09:08:00,1024.1769529631197,1149.4,-125.22304703688042
2021-03-01 09:09:00,972.1281220213756,1194.69,-222.56187797862447
2021-03-01 09:10:00,1093.5878843921123,1263.46,-169.87211560788774
2021-03-01 09:11:00,1173.4597247185893,1312.38,-138.9202752814108
2021-03-01 09:12:00,1240.1758828103293,1310.08,-69.90411718967061
2021-03-01 09:13:00,1202.8319644226326,1316.75,-113.91803557736739
2021-03-01 09:14:00,1190.8068900676317,1318.1299999999999,-127.3231099323682
2021-03-01 09:15:00,1204.7408582414405,1323.65,-118.9091417585596
2021-03-01 09:16:00,1282.9824382932222,1403.46,-120.4775617067778
2021-03-01 09:17:00,1358.2445007906288,1462.85,-104.60549920937115
2021-03-01 09:18:00,1385.0812302490315,1490.3200000000002,-105.23876975096869
2021-03-01 09:19:00,1340.3050728403284,1460.5500000000002,-120.24492715967176
2021-03-01 09:20:00,1400.4987175672384,1518.0,-117.50128243276163
2021-03-01 09:21:00,1434.8900396626034,1553.3100000000002,-118.41996033739679
2021-03-01 09:22:00,1430.558124535384,1550.3400000000001,-119.78187546461618
2021-03-01 09:23:00,1375.7490472397624,1489.54,-113.79095276023759
2021-03-01 09:24:00,1342.3021108759215,1460.69,-118.38788912407858
2021-03-01 09:25:00,1318.5911780595209,1438.75,-120.15882194047913
2021-03-01 09:26:00,1359.796149104429,1440.0,-80.2038508955709
2021-03-01 09:27:00,1336.077324994355,1434.0,-97.92267500564503
2021-03-01 09:28:00,1326.3174721259004,1374.48,-48.162527874099624
2021-03-01 09:29:00,1165.3400793890942,1312.84,-147.49992061090575
2021-03-01 09:30:00,1130.7122666318437,1213.06,-82.34773336815624
2021-03-01 09:31:00,945.3882562620088,1078.44,-133.05174373799127
2021-03-01 09:32:00,850.5706326642584,955.06,-104.48936733574158
2021-03-01 09:33:00,789.2434031703991,901.7600000000001,-112.51659682960099
2021-03-01 09:34:00,806.6749877503383,963.22,-156.54501224966168
2021-03-01 09:35:00,842.6597800868146,989.0799999999999,-146.4202199131853
2021-03-01 09:36:00,852.2190603015107,1021.3199999999999,-169.10093969848924
2021-03-01 09:37:00,922.9677990227528,1147.4,-224.43220097724725
2021-03-01 09:38:00,1164.8093363409478,1248.06,-83.25066365905218
2021-03-01 09:39:00,985.5120988416255,1220.64,-235.12790115837458
2021-03-01 09:40:00,982.8351995387005,1196.37,-213.53480046129937
2021-03-01 09:41:00,930.4561517768373,1189.65,-259.19384822316283
2021-03-01 09:42:00,929.3851504575497,1193.6399999999999,-264.2548495424502
2021-03-01 09:43:00,935.2580376809193,1194.06,-258.80196231908064
2021-03-01 09:44:00,1058.4897572463185,1225.08,-166.59024275368142
2021-03-01 09:45:00,1074.6752336515754,1223.2000000000003,-148.52476634842492
2021-03-01 09:46:00,1081.6503999246054,1255.1000000000001,-173.44960007539476
2021-03-01 09:47:00,1120.478546620706,1195.1100000000001,-74.63145337929404
2021-03-01 09:48:00,1041.8667912086496,1165.8200000000002,-123.95320879135056
2021-03-01 09:49:00,920.8511177938077,1082.62,-161.7688822061922
2021-03-01 09:50:00,960.3762484200585,1020.78,-60.40375157994151
2021-03-01 09:51:00,934.7250859869646,1021.1400000000001,-86.41491401303551
2021-03-01 09:52:00,906.9879074991679,1017.36,-110.37209250083208
2021-03-01 09:53:00,1018.250844865541,1082.4299999999998,-64.17915513445882
2021-03-01 09:54:00,1085.4251293898456,1144.2,-58.774870610154494
2021-03-01 09:55:00,1067.1687706076777,1168.6799999999998,-101.5112293923221
2021-03-01 09:56:00,1078.4514273247637,1196.5800000000002,-118.12857267523646
2021-03-01 09:57:00,1284.9697869884749,1376.6399999999999,-91.670213011525
2021-03-01 09:58:00,1491.3217603500127,1636.1399999999999,-144.81823964998716
2021-03-01 09:59:00,1716.3894302309761,1844.8000000000002,-128.41056976902405
2021-03-01 10:00:00,1786.072948773665,1562.05,224.02294877366512
2021-03-01 10:01:00,1886.4160457062164,2065.3199999999997,-178.90395429378327
2021-03-01 10:02:00,1880.3542073419737,2064.96,-184.6057926580263
2021-03-01 10:03:00,1859.1450477593069,2054.52,-195.37495224069312
2021-03-01 10:04:00,1758.4041489111912,1994.6499999999999,-236.24585108880865
2021-03-01 10:05:00,1744.6020010380644,1990.45,-245.84799896193567
2021-03-01 10:06:00,1871.790338665535,1939.0199999999998,-67.22966133446471
2021-03-01 10:07:00,1607.350617225568,1819.2,-211.84938277443212
2021-03-01 10:08:00,1509.3367521221762,1557.75,-48.41324787782378
2021-03-01 10:09:00,1235.976225371761,1320.08,-84.10377462823885
2021-03-01 10:10:00,1034.122597343702,1124.2,-90.07740265629809
2021-03-01 10:11:00,1034.123070588545,852.22,181.903070588545
2021-03-01 10:12:00,516.6707294185403,653.16,-136.48927058145966
2021-03-01 10:13:00,411.9830611647846,566.48,-154.49693883521542
2021-03-01 10:14:00,645.8692648564474,784.42,-138.55073514355252
2021-03-01 10:15:00,1103.9015083874813,1161.73,-57.82849161251875
2021-03-01 10:16:00,1096.0024788135443,1253.5600000000002,-157.55752118645592
2021-03-01 10:17:00,1136.5046866101954,1129.1999999999998,7.304686610195631
2021-03-01 10:18:00,1136.5051703620081,953.7,182.80517036200808
2021-03-01 10:19:00,797.8302239623857,845.4000000000001,-47.56977603761436
2021-03-01 10:20:00,762.5661960249122,876.3800000000001,-113.81380397508792
2021-03-01 10:21:00,808.8046304203659,915.3599999999999,-106.55536957963398
2021-03-01 10:22:00,1037.1367180433474,1023.84,13.296718043347369
2021-03-01 10:23:00,1096.907051890726,1167.92,-71.01294810927402
2021-03-01 10:24:00,1301.9717278686267,1385.52,-83.54827213137332
2021-03-01 10:25:00,1416.8925601126384,1499.94,-83.04743988736163
2021-03-01 10:26:00,1247.124434101566,1311.69,-64.56556589843399
2021-03-01 10:27:00,1098.4506683005663,1221.02,-122.56933169943363
2021-03-01 10:28:00,886.2410035222302,1043.87,-157.62899647776965
2021-03-01 10:29:00,635.2971654935312,755.68,-120.38283450646873
2021-03-01 10:30:00,614.9970073638283,756.45,-141.45299263617176
2021-03-01 10:31:00,507.61765956847194,636.4100000000001,-128.79234043152815
2021-03-01 10:32:00,575.683227511535,730.47,-154.78677248846498
2021-03-01 10:33:00,952.3667755026722,1085.47,-133.1032244973278
2021-03-01 10:34:00,1360.4116710526703,1404.99,-44.57832894732974
2021-03-01 10:35:00,1293.0601744647101,1372.32,-79.25982553528979
2021-03-01 10:36:00,1292.331384493558,1434.5,-142.16861550644194
2021-03-01 10:37:00,1211.0115851987953,1369.1999999999998,-158.18841480120454
2021-03-01 10:38:00,1213.6106305572098,1400.83,-187.21936944279014
2021-03-01 10:39:00,1341.6415764772537,1458.37,-116.7284235227462
2021-03-01 10:40:00,1311.814335070137,1430.5,-118.68566492986292
2021-03-01 10:41:00,1385.1293759239936,1546.83,-161.7006240760063
2021-03-01 10:42:00,1617.2196633006122,1727.6999999999998,-110.48033669938764
2021-03-01 10:43:00,1739.7323888286546,1839.68,-99.94761117134544
2021-03-01 10:44:00,1851.9123850990218,1955.3399999999997,-103.42761490097791
2021-03-01 10:45:00,1911.2077545328616,2058.12,-146.9122454671383
2021-03-01 10:46:00,1964.1703016108413,2110.11,-145.93969838915882
2021-03-01 10:47:00,2114.0097927795714,2222.2200000000003,-108.21020722042886
2021-03-01 10:48:00,2179.350033591923,2324.29,-144.939966408077
2021-03-01 10:49:00,2302.324488766006,2323.8799999999997,-21.555511233993457
2021-03-01 10:50:00,2287.393099578528,2395.09,-107.69690042147204
2021-03-01 10:51:00,2390.766437419136,2442.4700000000003,-51.7035625808644
2021-03-01 10:52:00,2422.110133918964,2518.2,-96.08986608103578
2021-03-01 10:53:00,2595.585888355131,2561.22,34.36588835513112
2021-03-01 10:54:00,2502.240113549258,2623.0699999999997,-120.82988645074192
2021-03-01 10:55:00,2657.185312136989,2778.55,-121.36468786301111
2021-03-01 10:56:00,2853.391740830829,2880.8,-27.408259169171288
2021-03-01 10:57:00,2756.915549243038,2864.73,-107.81445075696183
2021-03-01 10:58:00,2718.1617373949007,2771.0,-52.83826260509932
2021-03-01 10:59:00,2692.038092690547,2691.57,0.4680926905466549
2021-03-01 11:00:00,2600.6521090955307,2637.12,-36.467890904469186
2021-03-01 11:01:00,2665.592027182548,2594.87,70.72202718254812
2021-03-01 11:02:00,2507.6239625723215,2528.62,-20.996037427678402
2021-03-01 11:03:00,2418.4229584631985,2442.9700000000003,-24.54704153680177
2021-03-01 11:04:00,2389.98088199746,2322.1800000000003,67.80088199745978
2021-03-01 11:05:00,2381.3799181587224,2291.06,90.31991815872243
2021-03-01 11:06:00,2325.651967029236,2264.0199999999995,61.63196702923642
2021-03-01 11:07:00,2225.9634276096976,2230.0,-4.036572390302354
2021-03-01 11:08:00,2188.9954352156024,2158.6499999999996,30.34543521560272
2021-03-01 11:09:00,2213.598360796798,2163.7200000000003,49.87836079679755
2021-03-01 11:10:00,2304.1840393029693,2166.84,137.34403930296912
2021-03-01 11:11:00,2353.1752120156375,2217.6,135.5752120156376
2021-03-01 11:12:00,2369.644307491451,2275.09,94.5543074914508
2021-03-01 11:13:00,2429.6722596293125,2321.34,108.33225962931238
2021-03-01 11:14:00,2502.4935759898194,2417.25,85.24357598981942
2021-03-01 11:15:00,2685.0104010869136,2544.2599999999998,140.75040108691383
2021-03-01 11:16:00,2858.283736104051,2764.5,93.78373610405106
2021-03-01 11:17:00,2901.18739420191,2820.2999999999997,80.88739420191041
2021-03-01 11:18:00,2922.235424483234,2862.6,59.63542448323415
2021-03-01 11:19:00,3044.8014109003348,2981.34,63.46141090033461
2021-03-01 11:20:00,3315.795122608935,3239.2200000000003,76.57512260893463
2021-03-01 11:21:00,3242.1329592270927,3159.1499999999996,82.98295922709303
2021-03-01 11:22:00,3308.435421074153,3232.6100000000006,75.82542107415247
2021-03-01 11:23:00,3402.7952303308916,3337.92,64.87523033089155
2021-03-01 11:24:00,3409.933101595555,3308.0299999999997,101.9031015955552
2021-03-01 11:25:00,3355.659724719477,3258.0,97.6597247194768
2021-03-01 11:26:00,3414.0530595017544,3301.9300000000003,112.12305950175414
2021-03-01 11:27:00,3194.2623522037397,3089.9700000000003,104.29235220373948
2021-03-01 11:28:00,3043.6290236452523,2881.61,162.01902364525222
2021-03-01 11:29:00,2836.8695913593333,2739.98,96.88959135933328
2021-03-01 11:30:00,2796.7223557075326,2681.2799999999997,115.4423557075329
2021-03-01 11:31:00,2870.0977191673346,2782.5599999999995,87.53771916733513
2021-03-01 11:32:00,3102.0692575563826,2998.6,103.46925755638267
2021-03-01 11:33:00,3028.860105420808,2964.7200000000003,64.14010542080769
2021-03-01 11:34:00,2942.7331764495225,2887.97,54.76317644952269
2021-03-01 11:35:00,2878.567751187933,2830.36,48.2077511879329
2021-03-01 11:36:00,2647.2556298493696,2623.2,24.05562984936978
2021-03-01 11:37:00,2741.876962768018,2685.69,56.18696276801802
2021-03-01 11:38:00,2642.88469084995,2626.08,16.80469084995002
2021-03-01 11:39:00,2735.4542334601624,2703.92,31.53423346016234
2021-03-01 11:40:00,2672.9169181248485,2624.16,48.75691812484865
2021-03-01 11:41:00,2588.943632972026,2542.7,46.24363297202626
2021-03-01 11:42:00,2456.7651434302275,2406.3600000000006,50.40514343022687
2021-03-01 11:43:00,2303.829892893388,2239.42,64.40989289338813
2021-03-01 11:44:00,2182.4253792199684,2122.38,60.045379219968254
2021-03-01 11:45:00,2172.3859479225234,2130.5699999999997,41.81594792252372
2021-03-01 11:46:00,2333.8756040236663,2311.26,22.615604023666037
2021-03-01 11:47:00,2758.149938871312,2705.29,52.8599388713119
2021-03-01 11:48:00,3028.981692617978,2976.48,52.501692617977824
2021-03-01 11:49:00,3003.9738582305295,2984.0400000000004,19.93385823052904
2021-03-01 11:50:00,2905.308922742015,2880.5,24.808922742015056
2021-03-01 11:51:00,2859.587920707218,2849.6000000000004,9.987920707217654
2021-03-01 11:52:00,2843.739995834546,2793.2699999999995,50.46999583454635
2021-03-01 11:53:00,2878.0608238511572,2814.18,63.8808238511574
2021-03-01 11:54:00,2932.5264895611067,2876.69,55.836489561106646
2021-03-01 11:55:00,2779.9128991303837,2901.75,-121.83710086961628
2021-03-01 11:56:00,3036.08955901367,2957.58,78.50955901367024
2021-03-01 11:57:00,3015.9729808057095,2936.5200000000004,79.4529808057091
2021-03-01 11:58:00,2998.176620170606,2981.88,16.29662017060582
2021-03-01 11:59:00,3147.4156597280667,3077.7599999999998,69.6556597280669
2021-03-01 12:00:00,3423.7417645518635,3333.6499999999996,90.09176455186389
2021-03-01 12:01:00,3616.8996885814004,3577.24,39.65968858140059
2021-03-01 12:02:00,3667.829163879648,3574.06,93.7691638796482
2021-03-01 12:03:00,3294.8114148906284,3240.0,54.811414890628384
2021-03-01 12:04:00,3076.9571314528202,2967.25,109.70713145282025
2021-03-01 12:05:00,3069.9129773129425,3002.5,67.41297731294253
2021-03-01 12:06:00,3071.3846841440036,2993.6499999999996,77.73468414400395
2021-03-01 12:07:00,3192.132752935929,3086.55,105.58275293592897
2021-03-01 12:08:00,3203.199869677938,3101.37,101.82986967793795
2021-03-01 12:09:00,3104.1013261348853,3063.75,40.35132613488531
2021-03-01 12:10:00,3100.5560743015935,2993.1000000000004,107.45607430159316
2021-03-01 12:11:00,3008.761556802012,2933.2799999999997,75.48155680201216
2021-03-01 12:12:00,2901.108275676841,2810.08,91.02827567684108
2021-03-01 12:13:00,2733.9320277027905,2655.3100000000004,78.62202770279009
2021-03-01 12:14:00,2748.1009223054325,2656.7799999999997,91.32092230543276
2021-03-01 12:15:00,2825.1645385339325,2769.3,55.86453853393232
2021-03-01 12:16:00,2819.8688176808473,2721.0,98.86881768084731
2021-03-01 12:17:00,2950.810910264034,2802.3199999999997,148.49091026403448
2021-03-01 12:18:00,3157.1353891247104,3003.0,154.1353891247104
2021-03-01 12:19:00,3167.273759242888,3045.8399999999997,121.4337592428883
2021-03-01 12:20:00,3054.9325246589615,2921.37,133.5625246589616
2021-03-01 12:21:00,2828.844377831571,2720.5,108.34437783157091
2021-03-01 12:22:00,2339.106927154148,2233.27,105.83692715414782
2021-03-01 12:23:00,1976.045625704139,1874.58,101.46562570413903
2021-03-01 12:24:00,2015.014671507203,1895.24,119.77467150720304
2021-03-01 12:25:00,2136.1407099463104,2036.1100000000001,100.03070994631025
2021-03-01 12:26:00,2144.5988129831676,2034.63,109.96881298316748
2021-03-01 12:27:00,1967.3712018495967,1862.8600000000001,104.51120184959655
2021-03-01 12:28:00,1864.6038792976838,1763.52,101.08387929768378
2021-03-01 12:29:00,1825.7995590767325,1829.85,-4.050440923267388
2021-03-01 12:30:00,1954.438145118618,1906.32,48.11814511861803
2021-03-01 12:31:00,2022.169456424506,1997.2799999999997,24.889456424506307
2021-03-01 12:32:00,2154.2743733890907,2141.72,12.55437338909087
2021-03-01 12:33:00,2272.7099158125366,2223.2,49.50991581253675
2021-03-01 12:34:00,2361.0154387474417,2382.63,-21.61456125255836
2021-03-01 12:35:00,2508.3059316977833,2470.13,38.1759316977832
2021-03-01 12:36:00,2551.1550908119957,2558.9799999999996,-7.824909188003858
2021-03-01 12:37:00,2503.815571164195,2464.9,38.915571164194716
2021-03-01 12:38:00,2275.4869510976955,2257.46,18.026951097695473
2021-03-01 12:39:00,2093.0454179317276,2037.96,55.085417931727534
2021-03-01 12:40:00,2060.141265621612,2018.06,42.08126562161215
2021-03-01 12:41:00,2065.1060676815227,2048.69,16.41606768152269
2021-03-01 12:42:00,2005.0373082528029,1994.04,10.997308252802895
2021-03-01 12:43:00,1929.8317684997214,1906.3400000000001,23.491768499721275
2021-03-01 12:44:00,1897.4162441189483,1879.86,17.55624411894837
2021-03-01 12:45:00,1929.827272990496,1882.2399999999998,47.58727299049633
2021-03-01 12:46:00,1965.1129776221073,1943.1999999999998,21.91297762210752
2021-03-01 12:47:00,1941.984406000103,1941.8000000000002,0.1844060001028538
2021-03-01 12:48:00,1936.7152263398984,1910.79,25.925226339898472
2021-03-01 12:49:00,1855.0597947935369,1831.5,23.559794793536867
2021-03-01 12:50:00,1777.5830480982045,1779.8400000000001,-2.2569519017956736
2021-03-01 12:51:00,1726.7687206796038,1744.39,-17.621279320396297
2021-03-01 12:52:00,1770.6773737966414,1781.1200000000001,-10.442626203358714
2021-03-01 12:53:00,1877.6346363932453,1845.36,32.27463639324537
2021-03-01 12:54:00,1919.9670587260125,1891.08,28.887058726012583
2021-03-01 12:55:00,1963.5827479029178,1891.08,72.50274790291792
2021-03-01 12:56:00,1916.8991164139397,1890.74,26.159116413939728
2021-03-01 12:57:00,1840.2562442156855,1835.79,4.466244215685492
2021-03-01 12:58:00,1698.052918514665,1721.12,-23.06708148533494
2021-03-01 12:59:00,1683.8291607657304,1686.04,-2.2108392342695424
2021-03-01 13:00:00,1621.4509568284896,1667.6999999999998,-46.249043171510266
2021-03-01 13:01:00,1626.784531173616,1643.9099999999999,-17.125468826383894
2021-03-01 13:02:00,1568.9675854497416,1609.21,-40.242414550258445
2021-03-01 13:03:00,1527.526483063403,1610.66,-83.13351693659706
2021-03-01 13:04:00,1539.2927158669588,1584.1399999999999,-44.84728413304106
2021-03-01 13:05:00,1506.3124746949309,1608.92,-102.6075253050692
2021-03-01 13:06:00,1525.5912218342155,1614.72,-89.12877816578452
2021-03-01 13:07:00,1547.0839371072775,1619.65,-72.56606289272258
2021-03-01 13:08:00,1581.6299951988976,1642.3600000000001,-60.730004801102496
2021-03-01 13:09:00,1575.36674700787,1647.0900000000001,-71.72325299213026
2021-03-01 13:10:00,1582.1613698396895,1621.97,-39.808630160310486
2021-03-01 13:11:00,1585.9555516716855,1674.3000000000002,-88.34444832831468
2021-03-01 13:12:00,1627.5977823326602,1679.7000000000003,-52.10221766734003
2021-03-01 13:13:00,1673.8717405888322,1733.83,-59.958259411167774
2021-03-01 13:14:00,1727.8733195992372,1760.16,-32.28668040076286
2021-03-01 13:15:00,1786.053046130118,1817.4299999999998,-31.376953869881845
2021-03-01 13:16:00,1879.5065558995818,1870.1,9.406555899581917
2021-03-01 13:17:00,1952.7049352683832,1955.1,-2.395064731616685
2021-03-01 13:18:00,1965.1539810942722,2013.12,-47.96601890572765
2021-03-01 13:19:00,2014.8158250784356,2001.96,12.8558250784356
2021-03-01 13:20:00,1963.3193537300438,1947.0499999999997,16.26935373004403
2021-03-01 13:21:00,1925.4755943187854,1950.8999999999999,-25.424405681214466
2021-03-01 13:22:00,1938.198774377747,1918.06,20.13877437774704
2021-03-01 13:23:00,1933.2094774454747,1920.8400000000001,12.369477445474558
2021-03-01 13:24:00,1911.3317234293747,1945.65,-34.31827657062536
2021-03-01 13:25:00,1921.0598277448628,1948.7999999999997,-27.74017225513694
2021-03-01 13:26:00,1934.1861806433737,1920.86,13.326180643373846
2021-03-01 13:27:00,1919.9908842421803,1892.44,27.550884242180246
2021-03-01 13:28:00,1866.6903671063776,1833.81,32.88036710637766
2021-03-01 13:29:00,1869.3284091193384,1836.12,33.20840911933851
2021-03-01 13:30:00,1857.0677504537814,1838.1,18.96775045378149
2021-03-01 13:31:00,1871.5707964670626,1847.0099999999998,24.5607964670628
2021-03-01 13:32:00,1899.0596442656663,1894.48,4.579644265666275
2021-03-01 13:33:00,1909.4535010922648,1893.12,16.333501092264896
2021-03-01 13:34:00,1939.558395638566,1912.15,27.408395638565935
2021-03-01 13:35:00,1968.0391393783177,1947.4,20.639139378317623
2021-03-01 13:36:00,2012.6127897382482,2002.68,9.932789738248175
2021-03-01 13:37:00,2105.7860092465426,2059.79,45.9960092465426
2021-03-01 13:38:00,2239.8970653114457,2179.71,60.18706531144562
2021-03-01 13:39:00,2289.320998599098,2282.47,6.850998599098148
2021-03-01 13:40:00,2417.329317522334,2324.7,92.62931752233408
2021-03-01 13:41:00,2492.0594432429184,2362.85,129.2094432429185
2021-03-01 13:42:00,2432.365877824065,2372.74,59.625877824065356
2021-03-01 13:43:00,2337.7090731737194,2267.71,69.99907317371935
2021-03-01 13:44:00,2163.9387910564496,2089.24,74.69879105644986
2021-03-01 13:45:00,1988.97188093984,1919.4,69.57188093983996
2021-03-01 13:46:00,1897.2484409503547,1879.8600000000001,17.388440950354607
2021-03-01 13:47:00,1943.3115021219132,1882.24,61.07150212191323
2021-03-01 13:48:00,2032.6654207020115,2027.52,5.145420702011506
2021-03-01 13:49:00,2259.4871464794296,2248.34,11.147146479429466
2021-03-01 13:50:00,2700.54675565241,2674.5599999999995,25.986755652410466
2021-03-01 13:51:00,2816.9133772377572,2746.0299999999997,70.88337723775749
2021-03-01 13:52:00,2746.0473188786045,2707.7400000000002,38.30731887860429
2021-03-01 13:53:00,2873.4450780029642,2751.5,121.94507800296424
2021-03-01 13:54:00,2919.965285290005,2805.5099999999998,114.45528529000512
2021-03-01 13:55:00,3011.030423887589,2986.7400000000007,24.29042388758853
2021-03-01 13:56:00,3024.1441796701356,2970.5400000000004,53.60417967013518
2021-03-01 13:57:00,3021.2311587165,2953.8,67.4311587164998
2021-03-01 13:58:00,3127.2505743813213,3042.48,84.77057438132124
2021-03-01 13:59:00,2978.786453475737,2886.91,91.87645347573698
2021-03-01 14:00:00,2857.2370963929493,2748.0299999999997,109.20709639294955
2021-03-01 14:01:00,2670.051465955802,2505.62,164.4314659558022
2021-03-01 14:02:00,2031.3221334324342,1894.1999999999998,137.12213343243434
2021-03-01 14:03:00,1558.269779408525,1512.2799999999997,45.98977940852524
2021-03-01 14:04:00,1474.9239315631269,1405.04,69.88393156312691
2021-03-01 14:05:00,1562.0988543323103,1478.25,83.84885433231034
2021-03-01 14:06:00,1582.6635628419672,1482.3000000000002,100.363562841967
2021-03-01 14:07:00,1531.5896392503873,1491.21,40.3796392503873
2021-03-01 14:08:00,1518.178148763681,1495.2600000000002,22.918148763680847
2021-03-01 14:09:00,1609.9610685502507,1556.24,53.72106855025072
2021-03-01 14:10:00,1763.272423487071,1757.94,5.332423487070855
2021-03-01 14:11:00,2085.4707198978494,2067.56,17.910719897849503
2021-03-01 14:12:00,3066.768794355157,3088.5899999999997,-21.82120564484285
2021-03-01 14:13:00,2686.9986454705327,2674.08,12.918645470532738
2021-03-01 14:14:00,3727.436617199558,3722.9,4.536617199557895
2021-03-01 14:15:00,4654.804849944538,4813.93,-159.12515005546265
2021-03-01 14:16:00,3928.763149111913,3969.5,-40.73685088808679
2021-03-01 14:17:00,3158.470858520753,3146.86,11.610858520753027
2021-03-01 14:18:00,2805.8042940439586,2791.74,14.064294043958853
2021-03-01 14:19:00,2540.2861945416657,2526.7799999999997,13.506194541665991
2021-03-01 14:20:00,2676.9444429216574,2588.29,88.65444292165739
2021-03-01 14:21:00,2138.424507799437,2134.8599999999997,3.5645077994372514
2021-03-01 14:22:00,2082.984139245934,2027.23,55.75413924593386
2021-03-01 14:23:00,2059.797584270463,2095.7,-35.90241572953664
2021-03-01 14:24:00,2191.2003256701473,2216.0,-24.799674329852678
2021-03-01 14:25:00,2342.221499530308,2322.1800000000003,20.041499530307647
2021-03-01 14:26:00,3290.4409548185686,3209.14,81.3009548185687
2021-03-01 14:27:00,4390.926636098067,4497.699999999999,-106.77336390193159
2021-03-01 14:28:00,4035.9153522675942,3967.5499999999993,68.36535226759497
2021-03-01 14:29:00,3246.480009404027,3196.03,50.45000940402679
2021-03-01 14:30:00,1982.6545504054359,1948.68,33.97455040543582
2021-03-01 14:31:00,1929.0599922636573,1855.7199999999998,73.33999226365745
2021-03-01 14:32:00,2098.7783884287414,2000.0,98.77838842874144
2021-03-01 14:33:00,2378.1324404150023,2311.26,66.87244041500207
2021-03-01 14:34:00,2668.482643367705,2570.49,97.99264336770511
2021-03-01 14:35:00,2469.0527429442686,2388.0299999999997,81.02274294426888
2021-03-01 14:36:00,2400.1437753079726,2318.8199999999997,81.32377530797294
2021-03-01 14:37:00,2847.850266621703,2771.5,76.35026662170321
2021-03-01 14:38:00,2776.8976580893495,2696.96,79.9376580893495
2021-03-01 14:39:00,2769.4355508122185,2679.32,90.11555081221832
2021-03-01 14:40:00,2787.642177654783,2706.76,80.88217765478294
2021-03-01 14:41:00,2857.5685175938643,2819.79,37.77851759386431
2021-03-01 14:42:00,3224.554542471473,3150.3900000000003,74.16454247147249
2021-03-01 14:43:00,3447.3911503490494,3394.5,52.89115034904944
2021-03-01 14:44:00,2667.70736863939,2624.64,43.067368639390224
2021-03-01 14:45:00,2661.949242111283,2615.04,46.90924211128322
2021-03-01 14:46:00,2679.3262890591645,2631.3599999999997,47.966289059164865
2021-03-01 14:47:00,1967.8521662780151,1954.8,13.052166278015193
2021-03-01 14:48:00,1727.0852497595604,1744.96,-17.874750240439653
2021-03-01 14:49:00,1733.0364022335941,1752.0,-18.963597766405883
2021-03-01 14:50:00,1769.0252652700174,1815.0,-45.97473472998263
2021-03-01 14:51:00,1814.8546845229728,1817.9699999999998,-3.115315477027025
2021-03-01 14:52:00,1776.4086766724395,1816.32,-39.91132332756047
2021-03-01 14:53:00,1774.316174392257,1763.2000000000003,11.116174392256653
2021-03-01 14:54:00,1881.2540783169532,1875.1,6.154078316953246
2021-03-01 14:55:00,2177.7781639499076,2176.5899999999997,1.1881639499079029
2021-03-01 14:56:00,2916.793266529024,2887.04,29.75326652902413
2021-03-01 14:57:00,2540.2502062026274,2512.1099999999997,28.140206202627724
2021-03-01 14:58:00,2715.562244541758,2646.72,68.84224454175819
2021-03-01 14:59:00,2543.799542312362,2472.75,71.04954231236206
2021-03-01 15:00:00,2650.8541566079007,2591.11,59.74415660790055
2021-03-01 15:01:00,2914.1829824925553,2846.05,68.13298249255513
2021-03-01 15:02:00,2656.999275715072,2598.63,58.369275715072035
2021-03-01 15:03:00,2543.016125214477,2475.9,67.11612521447705
2021-03-01 15:04:00,2398.649448436518,2360.7,37.949448436518196
2021-03-01 15:05:00,2695.8525925630097,2609.4400000000005,86.41259256300918
2021-03-01 15:06:00,3306.3888060267905,3236.74,69.64880602679068
2021-03-01 15:07:00,3577.6393130446395,3549.75,27.889313044639493
2021-03-01 15:08:00,3356.3994555485824,3240.28,116.11945554858221
2021-03-01 15:09:00,3486.634285100684,3423.47,63.16428510068408
2021-03-01 15:10:00,3474.9222324605307,3417.9300000000003,56.99223246053043
2021-03-01 15:11:00,3917.6203045405978,3834.0,83.62030454059777
2021-03-01 15:12:00,3906.9538248696763,3866.72,40.23382486967648
2021-03-01 15:13:00,3431.3383106687866,3329.99,101.34831066878678
2021-03-01 15:14:00,2862.9428560201895,2764.71,98.2328560201895
2021-03-01 15:15:00,2451.4106814139463,2342.21,109.20068141394631
2021-03-01 15:16:00,1889.2711852966152,1840.42,48.851185296615085
2021-03-01 15:17:00,1736.8304196829704,1709.46,27.37041968297035
2021-03-01 15:18:00,1711.5428941993525,1687.6399999999999,23.90289419935266
2021-03-01 15:19:00,1735.4393138155717,1348.8,386.63931381557177
2021-03-01 15:20:00,2019.3722271200427,1957.9699999999998,61.40222712004288
2021-03-01 15:21:00,2036.457902188008,1989.7200000000003,46.73790218800764
2021-03-01 15:22:00,2033.8054443671188,2000.5500000000002,33.25544436711857
2021-03-01 15:23:00,1972.9248803053595,1933.0499999999997,39.87488030535974
2021-03-01 15:24:00,1976.7233981584761,1928.85,47.87339815847622
2021-03-01 15:25:00,1865.5684276925585,1878.5,-12.931572307441456
2021-03-01 15:26:00,1857.7558116603936,1875.44,-17.684188339606408
2021-03-01 15:27:00,1918.278592623478,1923.9499999999998,-5.671407376521756
2021-03-01 15:28:00,2547.3838048451835,2529.29,18.093804845183513
2021-03-01 15:29:00,2403.012956121786,2374.0299999999997,28.982956121786174
2021-03-01 15:30:00,2297.242039983348,2268.9399999999996,28.30203998334855
2021-03-01 15:31:00,2253.78720968546,2208.8,44.987209685459675
2021-03-01 15:32:00,2256.4770303787636,2219.6,36.87703037876372
2021-03-01 15:33:00,2400.763129330624,2335.6200000000003,65.14312933062365
2021-03-01 15:34:00,2760.7179100666103,2722.9300000000003,37.78791006661004
2021-03-01 15:35:00,2917.8483747565415,2847.17,70.67837475654142
2021-03-01 15:36:00,2536.986157561393,2479.9500000000003,57.03615756139288
2021-03-01 15:37:00,1474.3306099156728,1468.8000000000002,5.530609915672585
2021-03-01 15:38:00,983.2804634320789,1025.4299999999998,-42.149536567920904
2021-03-01 15:39:00,880.2084713072126,980.1000000000001,-99.89152869278757
2021-03-01 15:40:00,901.8801544138721,985.6800000000001,-83.79984558612796
2021-03-01 15:41:00,933.6535488946762,1014.42,-80.76645110532377
2021-03-01 15:42:00,986.2967047235124,1049.75,-63.45329527648755
2021-03-01 15:43:00,1015.7317656082629,1103.4,-87.6682343917372
2021-03-01 15:44:00,1039.5589004181465,1131.35,-91.79109958185336
2021-03-01 15:45:00,1108.535581884952,1163.6100000000001,-55.07441811504805
2021-03-01 15:46:00,1153.7670630892153,1225.4,-71.63293691078479
2021-03-01 15:47:00,1151.5277853769576,1246.0,-94.47221462304242
2021-03-01 15:48:00,1223.647982837768,1281.1,-57.45201716223187
2021-03-01 15:49:00,1235.20320311824,1302.9699999999998,-67.76679688175977
2021-03-01 15:50:00,1284.4699878074555,1339.92,-55.45001219254459
2021-03-01 15:51:00,1291.4998255024914,1365.22,-73.72017449750865
2021-03-01 15:52:00,1348.8934395149156,1362.81,-13.916560485084347
2021-03-01 15:53:00,1281.5364162973908,1337.52,-55.98358370260917
2021-03-01 15:54:00,1432.4636055612857,1393.5,38.9636055612857
2021-03-01 15:55:00,1531.671643530798,1507.4100000000003,24.261643530797755
2021-03-01 15:56:00,1423.025052678043,1391.25,31.77505267804304
2021-03-01 15:57:00,1332.502648585734,1336.32,-3.817351414265886
2021-03-01 15:58:00,1394.505328768321,1392.75,1.7553287683210783
2021-03-01 15:59:00,1315.4028081707695,1280.1799999999998,35.22280817076967
2021-03-01 16:00:00,1299.334228650767,1281.1,18.234228650767136
2021-03-01 16:01:00,1248.4262160954395,1246.69,1.7362160954394312
2021-03-01 16:02:00,1201.8232055510546,1224.7400000000002,-22.916794448945666
2021-03-01 16:03:00,1268.3086374523905,1282.25,-13.941362547609515
2021-03-01 16:04:00,1481.4066245523943,1458.3400000000001,23.06662455239416
2021-03-01 16:05:00,1732.1399934778865,1691.7000000000003,40.43999347788622
2021-03-01 16:06:00,2130.192688582028,2089.76,40.43268858202782
2021-03-01 16:07:00,2007.259778978404,1969.8000000000002,37.45977897840385
2021-03-01 16:08:00,2164.2562923900596,2051.87,112.38629239005968
2021-03-01 16:09:00,1940.0074744374958,1818.8700000000001,121.13747443749571
2021-03-01 16:10:00,1979.6474895274225,1821.3400000000001,158.30748952742238
2021-03-01 16:11:00,2128.5262469317527,1885.2399999999998,243.28624693175288
2021-03-01 16:12:00,1305.8678981162386,1222.3200000000002,83.54789811623846
2021-03-01 16:13:00,1504.2799970208378,1358.8,145.4799970208378
2021-03-01 16:14:00,2031.186355134437,1793.2800000000002,237.9063551344368
2021-03-01 16:15:00,2079.2235503481047,1926.7799999999997,152.44355034810496
2021-03-01 16:16:00,1842.1336349733403,1676.1,166.03363497334044
2021-03-01 16:17:00,1729.733892142091,1622.26,107.47389214209102
2021-03-01 16:18:00,1749.9210807215586,1630.0900000000001,119.83108072155846
2021-03-01 16:19:00,1306.7871906964945,1278.7999999999997,27.987190696494736
2021-03-01 16:20:00,1145.934033171351,1176.0,-30.065966828648925
2021-03-01 16:21:00,939.2195365357851,1003.1400000000001,-63.920463464215004
2021-03-01 16:22:00,625.7645844419519,715.9100000000001,-90.14541555804817
2021-03-01 16:23:00,524.4450676223101,598.73,-74.28493237768987
2021-03-01 16:24:00,410.7641980798244,540.3,-129.53580192017557
2021-03-01 16:25:00,326.2620888496537,434.72,-108.45791115034632
2021-03-01 16:26:00,214.49563522087942,346.2,-131.70436477912057
2021-03-01 16:27:00,167.47734979075307,250.85,-83.37265020924693
2021-03-01 16:28:00,164.67804894300752,204.40000000000003,-39.72195105699251
2021-03-01 16:29:00,142.36721076133762,207.84000000000003,-65.47278923866241
2021-03-01 16:30:00,149.4435152468253,204.24,-54.796484753174695
2021-03-01 16:31:00,107.44508736920795,209.88000000000002,-102.43491263079207
2021-03-01 16:32:00,142.82212187517393,210.16000000000003,-67.33787812482609
2021-03-01 16:33:00,178.0326321356018,212.04,-34.00736786439819
2021-03-01 16:34:00,193.96516270001013,212.08,-18.114837299989887
2021-03-01 16:35:00,187.8512198298984,212.08,-24.2287801701016
2021-03-01 16:36:00,169.66103562721779,182.54000000000002,-12.878964372782235
2021-03-01 16:37:00,128.56449801072796,156.66,-28.095501989272037
2021-03-01 16:38:00,132.0106889198033,157.68,-25.669311080196707
2021-03-01 16:39:00,117.05602765207519,153.57,-36.513972347924806
2021-03-01 16:40:00,102.17171528048235,154.32,-52.14828471951765
2021-03-01 16:41:00,114.91801827551822,156.89999999999998,-41.981981724481756
2021-03-01 16:42:00,113.5265627382008,158.85,-45.3234372617992
2021-03-01 16:43:00,132.45924314808175,184.15000000000003,-51.69075685191828
2021-03-01 16:44:00,146.22111657347284,181.43,-35.208883426527166
2021-03-01 16:45:00,150.42994915871384,182.71000000000004,-32.2800508412862
2021-03-01 16:46:00,104.19224284821922,164.07,-59.87775715178077
2021-03-01 16:47:00,153.98832524560936,61.330000000000005,92.65832524560935
2021-03-01 16:48:00,162.3538392871883,61.4,100.95383928718829
2021-03-01 16:49:00,149.346100097513,61.25,88.09610009751299
2021-03-01 16:50:00,143.0760507626855,158.16,-15.0839492373145
2021-03-01 16:51:00,135.82860116914995,203.24,-67.41139883085006
2021-03-01 16:52:00,131.01238888404964,203.32,-72.30761111595035
2021-03-01 16:53:00,142.03690610283337,180.32,-38.28309389716662
2021-03-01 16:54:00,111.73332716187173,180.11,-68.37667283812829
2021-03-01 16:55:00,131.74704306935422,156.12,-24.372956930645785
2021-03-01 16:56:00,78.15043717260454,155.25,-77.09956282739546
2021-03-01 16:57:00,94.1464503720312,126.64000000000001,-32.49354962796882
2021-03-01 16:58:00,120.17450011600704,153.63,-33.45549988399296
2021-03-01 16:59:00,108.8682151737234,153.63,-44.761784826276596
2021-03-01 17:00:00,111.6296533106572,153.24,-41.610346689342805
2021-03-01 17:01:00,119.21880963939472,155.07,-35.85119036060527
2021-03-01 17:02:00,102.55359935243568,125.5,-22.946400647564317
2021-03-01 17:03:00,112.2712576899433,125.63999999999999,-13.368742310056689
2021-03-01 17:04:00,96.01127232665431,125.49,-29.478727673345688
2021-03-01 17:05:00,95.25918716060865,125.78,-30.520812839391354
2021-03-01 17:06:00,89.89675995852616,102.54,-12.643240041473845
2021-03-01 17:07:00,142.15353663188085,127.0,15.153536631880854
2021-03-01 17:08:00,99.46584016613579,125.57,-26.104159833864202
2021-03-01 17:09:00,98.29002253751207,125.02000000000001,-26.729977462487938
2021-03-01 17:10:00,107.0917991550416,126.04,-18.948200844958407
2021-03-01 17:11:00,80.39494543539654,127.27,-46.87505456460346
2021-03-01 17:12:00,109.3107449067735,103.56,5.750744906773491
2021-03-01 17:13:00,96.5431638554252,125.75999999999999,-29.216836144574785
2021-03-01 17:14:00,97.34535652591637,102.76000000000002,-5.414643474083647
2021-03-01 17:15:00,87.182980152861,102.64,-15.457019847138994
2021-03-01 17:16:00,88.15196021403825,102.36000000000001,-14.208039785961759
2021-03-01 17:17:00,85.84922226248317,100.22,-14.370777737516832
2021-03-01 17:18:00,77.76067627353203,102.46000000000001,-24.69932372646798
2021-03-01 17:19:00,83.55020632846917,103.6,-20.04979367153082
2021-03-01 17:20:00,73.4908470951284,102.44,-28.949152904871596
2021-03-01 17:21:00,73.62831184532413,75.62,-1.9916881546758702
2021-03-01 17:22:00,72.49607962479047,74.86,-2.3639203752095312
2021-03-01 17:23:00,69.1297931799777,75.54,-6.41020682002231
2021-03-01 17:24:00,67.66844356348722,74.78,-7.111556436512785
2021-03-01 17:25:00,65.3463663383382,74.80000000000001,-9.453633661661812
2021-03-01 17:26:00,67.95452232566308,73.9,-5.945477674336928
2021-03-01 17:27:00,64.30993889484026,50.27,14.039938894840255
2021-03-01 17:28:00,46.28124560684248,49.14,-2.8587543931575183
2021-03-01 17:29:00,52.57574932962559,45.510000000000005,7.065749329625582
2021-03-01 17:30:00,35.39106038636003,43.160000000000004,-7.768939613639972
2021-03-01 17:31:00,50.87654965907841,42.56,8.316549659078404
2021-03-01 17:32:00,72.62736955671025,42.85,29.777369556710248
2021-03-01 17:33:00,47.23583081257386,41.269999999999996,5.965830812573863
2021-03-01 17:34:00,49.11799093488087,40.05,9.067990934880875
2021-03-01 17:35:00,48.68940620825845,38.55,10.13940620825845
2021-03-01 17:36:00,42.95935449764673,39.480000000000004,3.4793544976467246
2021-03-01 17:37:00,37.14343650347719,37.57,-0.4265634965228102
2021-03-01 17:38:00,30.54105043079518,37.13,-6.588949569204821
2021-03-01 17:39:00,27.847224357224782,37.129999999999995,-9.282775642775213
2021-03-01 17:40:00,27.907986186390318,35.0,-7.092013813609682
2021-03-01 17:41:00,28.014364755609222,37.39,-9.375635244390779
2021-03-01 17:42:00,34.58751457333486,37.64,-3.052485426665143
2021-03-01 17:43:00,37.56554166553509,34.11000000000001,3.455541665535087
2021-03-01 17:44:00,40.6131888483181,31.86,8.753188848318104
2021-03-01 17:46:00,38.54184014163853,30.910000000000004,7.631840141638527
2021-03-01 17:47:00,40.421566964751214,11.5,28.921566964751214
2021-03-01 17:48:00,39.60580895728681,30.55,9.05580895728681
2021-03-01 17:49:00,40.23346418549109,29.86,10.373464185491088
2021-03-01 17:50:00,38.17259248943055,10.41,27.76259248943055
2021-03-01 17:53:00,38.12326903461164,24.47,13.65326903461164
2021-03-01 17:55:00,40.23346418549109,10.61,29.623464185491088
2021-03-01 17:56:00,36.43607726722901,11.97,24.46607726722901
2021-03-01 17:57:00,37.6515317137023,11.4,26.2515317137023
2021-03-02 05:21:00,45.2968055652299,15.170000000000002,30.1268055652299
2021-03-02 05:22:00,45.72001501153463,17.580000000000002,28.140015011534626
2021-03-02 05:23:00,41.01156158611421,20.36,20.651561586114212
2021-03-02 05:24:00,45.483630928860336,23.270000000000003,22.213630928860333
2021-03-02 05:25:00,50.99715720015176,22.57,28.42715720015176
2021-03-02 05:26:00,49.79671965734251,26.970000000000002,22.826719657342505
2021-03-02 05:27:00,44.62825699571384,48.21000000000001,-3.5817430042861673
2021-03-02 05:28:00,51.46872669144318,50.63,0.8387266914431777
2021-03-02 05:29:00,47.49068416437519,51.790000000000006,-4.299315835624817
2021-03-02 05:30:00,53.469418417214726,54.120000000000005,-0.6505815827852786
2021-03-02 05:31:00,31.898953880116196,54.89,-22.991046119883805
2021-03-02 05:32:00,31.689563580742508,54.27000000000001,-22.580436419257502
2021-03-02 05:33:00,31.714181694279482,56.150000000000006,-24.435818305720524
2021-03-02 05:34:00,33.972142461570456,55.480000000000004,-21.507857538429548
2021-03-02 05:35:00,37.59373841591297,56.93000000000001,-19.336261584087033
2021-03-02 05:36:00,45.80372100315007,57.160000000000004,-11.35627899684993
2021-03-02 05:37:00,53.73938733616671,56.6,-2.860612663833294
2021-03-02 05:38:00,61.36099562244889,57.52000000000001,3.8409956224488795
2021-03-02 05:39:00,67.02491295108968,57.550000000000004,9.47491295108967
2021-03-02 05:40:00,79.62085965310638,57.1,22.520859653106378
2021-03-02 05:41:00,86.50457136454708,58.620000000000005,27.88457136454707
2021-03-02 05:42:00,100.08582821157643,58.89,41.195828211576426
2021-03-02 05:43:00,108.90928155742225,55.34,53.569281557422244
2021-03-02 05:44:00,113.5956375826257,120.95,-7.354362417374304
2021-03-02 05:45:00,114.22722224375977,148.62,-34.392777756240235
2021-03-02 05:46:00,130.88791974322405,150.95999999999998,-20.072080256775934
2021-03-02 05:47:00,136.60600993725538,156.6,-19.993990062744615
2021-03-02 05:48:00,161.55538413154238,155.49,6.065384131542373
2021-03-02 05:49:00,154.92305703380987,157.14,-2.2169429661901177
2021-03-02 05:50:00,149.1130454480009,181.28,-32.16695455199911
2021-03-02 05:51:00,148.02141998429659,182.46,-34.43858001570342
2021-03-02 05:52:00,151.82995749528231,183.05,-31.220042504717696
2021-03-02 05:53:00,181.23232626818586,212.32000000000002,-31.087673731814164
2021-03-02 05:54:00,178.44304605606038,214.88,-36.43695394393961
2021-03-02 05:55:00,204.26764445081994,236.01,-31.742355549180047
2021-03-02 05:56:00,228.89427645745747,238.99,-10.095723542542544
2021-03-02 05:57:00,280.4710730052648,269.25,11.221073005264827
2021-03-02 05:58:00,300.1223703271611,298.99,1.1323703271610839
2021-03-02 05:59:00,342.69284675430356,330.66,12.032846754303534
2021-03-02 06:00:00,365.9772565517241,358.03,7.947256551724138
2021-03-02 06:01:00,413.64694357728916,360.88,52.76694357728917
2021-03-02 06:02:00,411.07408468854067,359.94,51.13408468854067
2021-03-02 06:03:00,417.74008153484635,359.63,58.11008153484636
2021-03-02 06:04:00,323.427838957008,350.30999999999995,-26.882161042991925
2021-03-02 06:05:00,311.7634424941934,348.73,-36.966557505806634
2021-03-02 06:06:00,340.3181314115845,382.76,-42.4418685884155
2021-03-02 06:07:00,374.6830063504715,409.37,-34.68699364952852
2021-03-02 06:08:00,403.0679098782854,437.91999999999996,-34.85209012171458
2021-03-02 06:09:00,421.15257733654875,463.86,-42.70742266345127
2021-03-02 06:10:00,483.7754575928831,497.70000000000005,-13.924542407116974
2021-03-02 06:11:00,540.8891769319873,559.5999999999999,-18.710823068012587
2021-03-02 06:12:00,607.649961853442,589.53,18.119961853442078
2021-03-02 06:13:00,650.5189797520133,590.4100000000001,60.10897975201317
2021-03-02 06:14:00,522.2687157587012,552.4,-30.131284241298772
2021-03-02 06:15:00,602.3170189405345,589.22,13.09701894053444
2021-03-02 06:16:00,784.7788322538398,699.8600000000001,84.9188322538397
2021-03-02 06:17:00,611.4697909023655,581.8199999999999,29.649790902365567
2021-03-02 06:18:00,807.5713723314705,707.0600000000001,100.5113723314704
2021-03-02 06:19:00,876.66081844329,784.4200000000001,92.24081844328998
2021-03-02 06:20:00,908.8574345428618,809.0099999999999,99.84743454286195
2021-03-02 06:21:00,881.0918044663147,804.47,76.62180446631464
2021-03-02 06:22:00,809.0310400987383,741.77,67.26104009873836
2021-03-02 06:23:00,663.6398912187765,660.8399999999999,2.7998912187765654
2021-03-02 06:24:00,587.5749262807426,603.35,-15.77507371925742
2021-03-02 06:25:00,634.8872804527441,661.56,-26.672719547255838
2021-03-02 06:26:00,654.2110497204359,693.38,-39.168950279564115
2021-03-02 06:27:00,696.1578658224113,722.67,-26.512134177588678
2021-03-02 06:28:00,742.2556939329102,782.18,-39.92430606708979
2021-03-02 06:29:00,774.780914707254,837.3,-62.5190852927459
2021-03-02 06:30:00,808.9275760622226,804.04,4.8875760622225926
2021-03-02 06:31:00,774.6177189975431,785.8199999999999,-11.202281002456857
2021-03-02 06:32:00,779.9353553375973,753.8799999999999,26.05535533759746
2021-03-02 06:33:00,750.2312381304461,695.37,54.861238130446054
2021-03-02 06:34:00,715.7933248898966,699.0,16.793324889896553
2021-03-02 06:35:00,801.1971119302506,732.5,68.69711193025057
2021-03-02 06:36:00,728.8844627063942,707.57,21.314462706394124
2021-03-02 06:37:00,873.6738166164909,833.96,39.71381661649082
2021-03-02 06:38:00,1088.1285157158027,1012.98,75.14851571580266
2021-03-02 06:39:00,1240.1393177991192,1101.9,138.23931779911914
2021-03-02 06:40:00,1281.5541350103215,1129.98,151.57413501032147
2021-03-02 06:41:00,1301.5544445121295,1183.24,118.31444451212951
2021-03-02 06:42:00,1301.1031038989934,1212.46,88.64310389899333
2021-03-02 06:43:00,1313.8388941522346,1212.3,101.53889415223466
2021-03-02 06:44:00,1336.0252643566973,1235.74,100.28526435669733
2021-03-02 06:45:00,1335.8594203231155,1235.1999999999998,100.65942032311568
2021-03-02 06:46:00,1339.8758079741817,1264.73,75.14580797418171
2021-03-02 06:47:00,1342.5828019545581,1262.23,80.35280195455812
2021-03-02 06:48:00,1343.7225328619684,1264.1599999999999,79.56253286196852
2021-03-02 06:49:00,1316.0560226078092,1256.46,59.59602260780912
2021-03-02 06:50:00,1344.605258458211,1283.87,60.73525845821109
2021-03-02 06:51:00,1451.5305543045467,1313.22,138.3105543045467
2021-03-02 06:52:00,1427.7154074835883,1366.84,60.87540748358833
2021-03-02 06:53:00,1416.9576046346222,1334.7199999999998,82.23760463462236
2021-03-02 06:54:00,1442.8164932447205,1330.02,112.79649324472052
2021-03-02 06:55:00,1372.5308125292634,1278.1399999999999,94.39081252926348
2021-03-02 06:56:00,1340.9255579339858,1331.02,9.905557933985847
2021-03-02 06:57:00,1220.0738800265256,1153.85,66.22388002652565
2021-03-02 06:58:00,1105.0276316430077,1093.05,11.977631643007726
2021-03-02 06:59:00,929.1002624273618,908.54,20.560262427361863
2021-03-02 07:00:00,697.6217287384479,739.77,-42.148271261552054
2021-03-02 07:01:00,871.898720832293,858.8800000000001,13.018720832292843
2021-03-02 07:02:00,1202.0476765885135,1209.5700000000002,-7.5223234114866955
2021-03-02 07:03:00,1364.9927724171823,1353.8400000000001,11.152772417182177
2021-03-02 07:04:00,1631.2629651301127,1613.9999999999998,17.26296513011289
2021-03-02 07:05:00,1533.475329691878,1489.68,43.795329691877896
2021-03-02 07:06:00,1404.789247471493,1380.7599999999998,24.029247471493136
2021-03-02 07:07:00,1632.1974009440319,1610.24,21.95740094403186
2021-03-02 07:08:00,1664.328080771738,1661.8400000000001,2.488080771737941
2021-03-02 07:09:00,1597.8585064386045,1599.5,-1.641493561395464
2021-03-02 07:10:00,1654.5088206766693,1630.3799999999999,24.12882067666942
2021-03-02 07:11:00,1800.1882209095872,1772.8000000000002,27.388220909587062
2021-03-02 07:12:00,1871.790540625094,1881.79,-9.999459374905882
2021-03-02 07:13:00,1844.36653373607,1819.7,24.66653373607005
2021-03-02 07:14:00,1986.9109439134654,1992.52,-5.609056086534565
2021-03-02 07:15:00,2036.1280591784093,2035.6,0.5280591784094213
2021-03-02 07:16:00,2000.8920355956263,2041.4,-40.50796440437375
2021-03-02 07:17:00,1981.4256690570758,2051.59,-70.16433094292438
2021-03-02 07:18:00,2107.7124928849757,2088.81,18.9024928849758
2021-03-02 07:19:00,2143.1243233198807,2109.7599999999998,33.364323319880896
2021-03-02 07:20:00,2066.375657528463,2087.97,-21.594342471536947
2021-03-02 07:21:00,2102.6151338881405,2149.7999999999997,-47.184866111859264
2021-03-02 07:22:00,2204.781526928294,2188.82,15.961526928294006
2021-03-02 07:23:00,2141.272361763487,2188.4700000000003,-47.197638236513285
2021-03-02 07:24:00,2167.3568967357974,2194.79,-27.4331032642026
2021-03-02 07:25:00,2088.632446573095,2077.51,11.122446573094749
2021-03-02 07:26:00,1493.8920647322736,1510.25,-16.35793526772636
2021-03-02 07:27:00,1949.1216702661034,1994.4,-45.278329733896726
2021-03-02 07:28:00,2063.3018639301185,2080.45,-17.148136069881275
2021-03-02 07:29:00,1746.0397920516366,1789.77,-43.730207948363386
2021-03-02 07:30:00,1430.9184742882776,1487.43,-56.51152571172247
2021-03-02 07:31:00,1305.4410521967059,1398.32,-92.87894780329407
2021-03-02 07:32:00,1310.5900524602737,1340.3400000000001,-29.749947539726463
2021-03-02 07:33:00,1139.652344934206,1225.4,-85.7476550657941
2021-03-02 07:34:00,1483.6351187534685,1544.48,-60.844881246531486
2021-03-02 07:35:00,1234.5347215929862,1318.32,-83.78527840701372
2021-03-02 07:36:00,1294.8246061596662,1408.94,-114.11539384033381
2021-03-02 07:37:00,880.4853146229434,987.48,-106.99468537705661
2021-03-02 07:38:00,1141.4915968017267,1217.04,-75.54840319827326
2021-03-02 07:39:00,1321.9469229768508,1379.5,-57.55307702314917
2021-03-02 07:40:00,1466.686765346051,1519.23,-52.54323465394896
2021-03-02 07:41:00,1467.1142309273118,1526.83,-59.71576907268809
2021-03-02 07:42:00,1521.3464442523455,1635.9,-114.55355574765463
2021-03-02 07:43:00,1549.098050533992,1669.1999999999998,-120.10194946600791
2021-03-02 07:44:00,1288.5886958301437,1380.75,-92.1613041698563
2021-03-02 07:45:00,1535.3397543208475,1578.6599999999999,-43.32024567915232
2021-03-02 07:46:00,2169.0312416219263,2202.75,-33.718758378073744
2021-03-02 07:47:00,1784.9838514615233,1830.1799999999998,-45.196148538476564
2021-03-02 07:48:00,1996.344155218337,2009.88,-13.535844781663172
2021-03-02 07:49:00,2361.4149380995505,2364.2200000000003,-2.8050619004498003
2021-03-02 07:50:00,1966.832457269433,2018.74,-51.907542730567
2021-03-02 07:51:00,2074.5462379715127,2108.24,-33.69376202848707
2021-03-02 07:52:00,1976.1112249991581,1930.6999999999998,45.41122499915832
2021-03-02 07:53:00,1712.5456298873185,1771.2,-58.65437011268159
2021-03-02 07:54:00,2898.8877096261854,2893.8500000000004,5.037709626185006
2021-03-02 07:55:00,2899.292711176924,2893.8500000000004,5.442711176923694
2021-03-02 07:56:00,1697.2006745398644,1752.0,-54.799325460135606
2021-03-02 07:57:00,3166.350473186557,3246.7700000000004,-80.41952681344355
2021-03-02 07:58:00,3159.6175453283845,3212.45,-52.832454671615324
2021-03-02 07:59:00,3066.6076097315063,3143.1,-76.49239026849364
2021-03-02 08:00:00,2981.630987884739,3062.6399999999994,-81.00901211526025
2021-03-02 08:01:00,2908.801815061198,2964.8,-55.9981849388023
2021-03-02 08:02:00,1300.4453335012768,1281.36,19.085333501276864
2021-03-02 08:03:00,889.238764079984,965.3399999999999,-76.10123592001594
2021-03-02 08:04:00,926.3431822563836,994.7,-68.35681774361649
2021-03-02 08:05:00,1676.0613967857382,1830.3600000000001,-154.2986032142619
2021-03-02 08:06:00,2270.5722478607026,2283.05,-12.477752139297536
2021-03-02 08:07:00,1627.4156262085735,1730.6100000000001,-103.19437379142664
2021-03-02 08:08:00,2240.381396964275,2244.96,-4.578603035724882
2021-03-02 08:09:00,3388.3231100603616,3547.2200000000003,-158.89688993963864
2021-03-02 08:10:00,3388.5993889891038,3498.2400000000002,-109.64061101089646
2021-03-02 08:11:00,3204.024405869573,3335.95,-131.92559413042682
2021-03-02 08:12:00,3210.8782932983927,3330.5200000000004,-119.64170670160775
2021-03-02 08:13:00,3103.8286493121345,3258.0,-154.17135068786547
2021-03-02 08:14:00,3010.5916095823286,3160.34,-149.74839041767154
2021-03-02 08:15:00,2999.9669578596286,3124.7400000000002,-124.77304214037167
2021-03-02 08:16:00,2624.5866425023046,2753.05,-128.4633574976956
2021-03-02 08:17:00,2904.7647645979464,3020.64,-115.87523540205348
2021-03-02 08:18:00,2999.979682834322,3071.7300000000005,-71.75031716567855
2021-03-02 08:19:00,3167.753086760315,3288.5099999999998,-120.75691323968476
2021-03-02 08:20:00,2192.965581855862,2250.36,-57.394418144137944
2021-03-02 08:21:00,1805.2921435457777,1858.47,-53.177856454222365
2021-03-02 08:22:00,1892.1797373839142,2023.68,-131.50026261608582
2021-03-02 08:23:00,2278.4542539352556,2357.5699999999997,-79.11574606474414
2021-03-02 08:24:00,1535.5711808425006,1649.3700000000001,-113.79881915749957
2021-03-02 08:25:00,1921.1242886418793,2006.51,-85.38571135812072
2021-03-02 08:26:00,2797.9645843936714,2885.2200000000003,-87.25541560632882
2021-03-02 08:27:00,1904.8559746370154,1981.94,-77.08402536298468
2021-03-02 08:28:00,1724.8443736768734,1823.8999999999999,-99.05562632312649
2021-03-02 08:29:00,1475.3236438263716,1578.1799999999998,-102.85635617362823
2021-03-02 08:30:00,1475.8384381255635,1525.7199999999998,-49.88156187443633
2021-03-02 08:31:00,1760.507093513211,1803.7799999999997,-43.27290648678877
2021-03-02 08:32:00,1927.8258759674557,1979.28,-51.454124032544314
2021-03-02 08:33:00,2026.6113697990966,2009.71,16.90136979909653
2021-03-02 08:34:00,1846.3139219369266,1867.28,-20.966078063073383
2021-03-02 08:35:00,1929.2877176472948,1981.8,-52.51228235270514
2021-03-02 08:36:00,1981.4213148950582,2025.38,-43.95868510494188
2021-03-02 08:37:00,2253.078914685311,2263.6099999999997,-10.53108531468888
2021-03-02 08:38:00,2224.278804489056,2251.72,-27.441195510944
2021-03-02 08:39:00,2535.9409790554178,2506.74,29.200979055417974
2021-03-02 08:40:00,2611.3619525508025,2631.3599999999997,-19.998047449197202
2021-03-02 08:41:00,3604.9271454769114,3614.82,-9.892854523088772
2021-03-02 08:42:00,3002.192131066205,3052.5599999999995,-50.3678689337944
2021-03-02 08:43:00,4075.733283721103,4239.3,-163.56671627889727
2021-03-02 08:44:00,2953.3224518323564,2868.8900000000003,84.43245183235604
2021-03-02 08:45:00,2323.066459911835,2348.54,-25.47354008816501
2021-03-02 08:46:00,2762.4634845981213,2797.6000000000004,-35.136515401879024
2021-03-02 08:47:00,3026.5030709384087,3006.6399999999994,19.863070938409237
2021-03-02 08:48:00,2444.296779848351,2419.2000000000003,25.096779848350707
2021-03-02 08:49:00,3069.11042063521,3074.01,-4.899579364790043
2021-03-02 08:50:00,4135.182520941978,4175.85,-40.667479058022764
2021-03-02 08:51:00,2663.4921937418103,2567.26,96.23219374181008
2021-03-02 08:52:00,2267.119470267632,2205.7999999999997,61.31947026763237
2021-03-02 08:53:00,2711.3764886443028,2631.7900000000004,79.58648864430234
2021-03-02 08:54:00,1598.3134330918024,1522.5,75.81343309180238
2021-03-02 08:55:00,1366.665008710542,1317.5,49.165008710542
2021-03-02 08:56:00,1200.8878554986777,1173.26,27.627855498677718
2021-03-02 08:57:00,1178.7874174437275,1152.2600000000002,26.527417443727245
2021-03-02 08:58:00,1266.9922561541348,1261.46,5.532256154134757
2021-03-02 08:59:00,1296.2771097832601,1301.76,-5.482890216739861
2021-03-02 09:00:00,1157.2994786840766,1157.15,0.14947868407648457
2021-03-02 09:01:00,978.2660738126164,1026.3799999999999,-48.11392618738353
2021-03-02 09:02:00,900.6252507898362,915.79,-15.16474921016379
2021-03-02 09:03:00,780.175498860937,823.5600000000001,-43.384501139063104
2021-03-02 09:04:00,656.0355188990094,750.9599999999999,-94.92448110099053
2021-03-02 09:05:00,625.4047053321459,703.04,-77.63529466785405
2021-03-02 09:06:00,619.1136328922719,708.63,-89.51636710772812
2021-03-02 09:07:00,611.7764964853462,713.44,-101.66350351465383
2021-03-02 09:08:00,626.8289689564962,719.94,-93.11103104350389
2021-03-02 09:09:00,662.9939859754096,748.49,-85.49601402459041
2021-03-02 09:10:00,701.9432135126698,780.22,-78.27678648733024
2021-03-02 09:11:00,724.2844490755664,808.4,-84.11555092443359
2021-03-02 09:12:00,899.0225653371364,930.22,-31.197434662863657
2021-03-02 09:13:00,1117.5658361833507,1139.1999999999998,-21.634163816649107
2021-03-02 09:14:00,1276.667640497492,1377.36,-100.692359502508
2021-03-02 09:15:00,1624.3304311500187,1700.4900000000002,-76.1595688499815
2021-03-02 09:16:00,1970.633856886596,2133.79,-163.1561431134039
2021-03-02 09:17:00,2079.0046264405682,2246.0099999999998,-167.00537355943152
2021-03-02 09:18:00,2114.0424723646843,1792.8,321.2424723646843
2021-03-02 09:19:00,2091.97013511463,2295.2,-203.2298648853698
2021-03-02 09:20:00,2099.2161474003965,2292.8,-193.5838525996037
2021-03-02 09:21:00,2229.2563768445475,2469.06,-239.80362315545244
2021-03-02 09:22:00,1791.2735132915734,1961.4,-170.12648670842668
2021-03-02 09:23:00,1334.0747944808656,1528.4700000000003,-194.3952055191346
2021-03-02 09:24:00,1118.0455958796338,1236.4,-118.35440412036633
2021-03-02 09:25:00,891.5959059732496,1007.1,-115.50409402675041
2021-03-02 09:26:00,746.5900419148933,829.6500000000001,-83.05995808510681
2021-03-02 09:27:00,642.6386867757366,723.97,-81.33131322426345
2021-03-02 09:28:00,606.830279350513,632.8800000000001,-26.049720649487085
2021-03-02 09:29:00,534.0357358630451,606.8700000000001,-72.83426413695497
2021-03-02 09:30:00,560.2264059676542,575.69,-15.463594032345895
2021-03-02 09:31:00,511.2538107032737,245.92000000000002,265.3338107032737
2021-03-02 09:32:00,515.397008177012,65.06,450.337008177012
2021-03-02 09:33:00,589.4928987146276,65.44,524.0528987146276
2021-03-02 09:34:00,677.4587602442728,309.79999999999995,367.6587602442728
2021-03-02 09:35:00,753.648380814476,774.9,-21.251619185523964
2021-03-02 09:36:00,829.1064357067858,883.2,-54.093564293214285
2021-03-02 09:37:00,936.7671035197354,974.5699999999999,-37.80289648026451
2021-03-02 09:38:00,891.9398558283509,1021.5,-129.56014417164909
2021-03-02 09:39:00,988.8034605999524,1052.82,-64.01653940004758
2021-03-02 09:40:00,1040.9645437507343,1086.99,-46.025456249265744
2021-03-02 09:41:00,1085.6961658511896,1113.22,-27.523834148810465
2021-03-02 09:42:00,1079.1860086558656,1140.2,-61.01399134413441
2021-03-02 09:43:00,1041.9839840490115,1106.75,-64.7660159509885
2021-03-02 09:44:00,1001.6578701053231,1106.77,-105.11212989467685
2021-03-02 09:45:00,953.4322433006024,1044.3,-90.86775669939755
2021-03-02 09:46:00,917.6607058622081,1014.6600000000001,-96.99929413779194
2021-03-02 09:47:00,896.3702874174045,1014.1200000000001,-117.74971258259563
2021-03-02 09:48:00,920.8690691125976,1046.2,-125.33093088740247
2021-03-02 09:49:00,1013.3785307050539,1134.6,-121.22146929494602
2021-03-02 09:50:00,1193.6638450128391,1283.6599999999999,-89.99615498716071
2021-03-02 09:51:00,1419.367224324428,1427.5,-8.13277567557202
2021-03-02 09:52:00,1460.8160413504245,1541.9700000000003,-81.15395864957577
2021-03-02 09:53:00,1565.401476880278,1663.15,-97.748523119722
2021-03-02 09:54:00,1674.9578172316535,1744.52,-69.56218276834647
2021-03-02 09:55:00,1756.176818338737,1805.5200000000002,-49.343181661263316
2021-03-02 09:56:00,1787.13665282181,1857.7999999999997,-70.66334717818972
2021-03-02 09:57:00,1792.8710241319657,1885.29,-92.4189758680343
2021-03-02 09:58:00,2052.6092058325394,2194.6699999999996,-142.06079416746024
2021-03-02 09:59:00,2461.508722824558,2674.7700000000004,-213.2612771754425
2021-03-02 10:00:00,2310.824695948785,2609.5799999999995,-298.75530405121435
2021-03-02 10:01:00,2240.2878390863616,2484.6800000000003,-244.3921609136387
2021-03-02 10:02:00,2631.261024802176,2847.8199999999997,-216.55897519782366
2021-03-02 10:03:00,2609.032974359651,2860.08,-251.04702564034915
2021-03-02 10:04:00,3019.8918644171117,3242.2,-222.3081355828881
2021-03-02 10:05:00,3671.4865063181455,3950.24,-278.75349368185425
2021-03-02 10:06:00,3499.692572568376,3775.55,-275.8574274316243
2021-03-02 10:07:00,3666.821348003217,3892.51,-225.6886519967834
2021-03-02 10:08:00,3874.4274600149383,4123.76,-249.33253998506189
2021-03-02 10:09:00,4116.951432750932,4381.29,-264.33856724906764
2021-03-02 10:10:00,3816.071425353774,4033.5,-217.42857464622602
2021-03-02 10:11:00,3811.280996221507,3945.68,-134.3990037784929
2021-03-02 10:12:00,4087.816207556097,4227.29,-139.47379244390277
2021-03-02 10:13:00,3964.5780826763976,4020.54,-55.96191732360239
2021-03-02 10:14:00,3810.098490309637,3802.32,7.778490309636709
2021-03-02 10:15:00,3568.8248153998316,3610.12,-41.29518460016834
2021-03-02 10:16:00,3593.7343955530405,3595.84,-2.10560444695966
2021-03-02 10:17:00,3671.678223448809,3603.3199999999997,68.35822344880944
2021-03-02 10:18:00,3529.039634338929,3488.7599999999998,40.2796343389291
2021-03-02 10:19:00,3525.2717657062008,3550.33,-25.05823429379916
2021-03-02 10:20:00,3430.6791020007286,3393.92,36.75910200072849
2021-03-02 10:21:00,3370.2198149555797,3381.76,-11.540185044420468
2021-03-02 10:22:00,3312.3824409058025,3276.7,35.68244090580265
2021-03-02 10:23:00,3280.497574606177,3312.04,-31.542425393823123
2021-03-02 10:24:00,3246.1369922219346,3224.46,21.676992221934597
2021-03-02 10:25:00,3225.6112286188395,3184.2000000000003,41.41122861883923
2021-03-02 10:26:00,3150.6761224276925,3090.24,60.43612242769268
2021-03-02 10:27:00,3045.8847182789377,2985.92,59.96471827893765
2021-03-02 10:28:00,2973.8530085779785,2919.95,53.90300857797865
2021-03-02 10:29:00,2902.2413950692558,2911.4700000000003,-9.228604930744496
2021-03-02 10:30:00,2945.1082497236434,2957.8999999999996,-12.791750276356197
2021-03-02 10:31:00,2942.3962438255094,2913.3,29.09624382550919
2021-03-02 10:32:00,2913.215715066283,2902.5,10.715715066282883
2021-03-02 10:33:00,2855.7608361638718,2816.5600000000004,39.20083616387137
2021-03-02 10:34:00,2839.274192325164,2796.5600000000004,42.71419232516382
2021-03-02 10:35:00,2756.9070345384284,2745.8399999999997,11.067034538428743
2021-03-02 10:36:00,2755.887274762994,2701.0,54.88727476299391
2021-03-02 10:37:00,2673.8919787594637,2646.4900000000002,27.401978759463418
2021-03-02 10:38:00,2697.3524832550356,2653.84,43.51248325503548
2021-03-02 10:39:00,2658.0504408788647,2602.08,55.97044087886479
2021-03-02 10:40:00,2632.821517498206,2552.1000000000004,80.72151749820569
2021-03-02 10:41:00,2561.410615894507,2545.9900000000002,15.420615894506682
2021-03-02 10:42:00,2546.0260295360204,2499.64,46.38602953602049
2021-03-02 10:43:00,2453.565034608772,2391.84,61.72503460877169
2021-03-02 10:44:00,2333.005924687086,2335.33,-2.3240753129139193
2021-03-02 10:45:00,2291.4237955684853,2287.32,4.103795568485111
2021-03-02 10:46:00,2236.144806998726,2207.1499999999996,28.99480699872629
2021-03-02 10:47:00,2273.303499586455,2239.83,33.47349958645509
2021-03-02 10:48:00,2189.3146638229928,2192.8,-3.4853361770074116
2021-03-02 10:49:00,2120.7298764440593,1652.82,467.90987644405936
2021-03-02 10:50:00,2078.6564276141326,2141.1,-62.443572385867355
2021-03-02 10:51:00,1954.3443207013754,2029.08,-74.73567929862452
2021-03-02 10:52:00,1758.6029085023958,1862.8600000000001,-104.25709149760428
2021-03-02 10:53:00,1586.9111117961697,1665.5099999999998,-78.59888820383003
2021-03-02 10:54:00,1672.012624893547,1702.83,-30.817375106453028
2021-03-02 10:55:00,1800.1484039196243,1873.4,-73.25159608037575
2021-03-02 10:56:00,2081.9037882119046,2076.85,5.053788211904703
2021-03-02 10:57:00,2208.0310277542053,2266.0699999999997,-58.03897224579441
2021-03-02 10:58:00,2307.689576671571,2369.3,-61.61042332842908
2021-03-02 10:59:00,2486.2126595312097,2544.72,-58.50734046879006
2021-03-02 11:00:00,2605.9696886963116,2714.1100000000006,-108.14031130368903
2021-03-02 11:01:00,2942.37779122143,3053.0699999999997,-110.6922087785697
2021-03-02 11:02:00,3099.484892705737,3149.9300000000003,-50.44510729426338
2021-03-02 11:03:00,3490.0943249699267,3536.91,-46.81567503007318
2021-03-02 11:04:00,3657.960229590019,3751.53,-93.56977040998117
2021-03-02 11:05:00,3221.0387245695483,3263.4,-42.36127543045177
2021-03-02 11:06:00,3226.07370736915,3295.22,-69.14629263084998
2021-03-02 11:07:00,3183.7534530726834,3267.6000000000004,-83.84654692731692
2021-03-02 11:08:00,4098.304018520346,4060.5,37.80401852034629
2021-03-02 11:09:00,4822.223671734903,4903.6,-81.37632826509707
2021-03-02 11:10:00,5052.053013099102,5068.5599999999995,-16.506986900897573
2021-03-02 11:11:00,5480.238452775824,5432.62,47.61845277582415
2021-03-02 11:12:00,5397.226497245512,5322.7,74.52649724551247
2021-03-02 11:13:00,5320.800681915828,5450.67,-129.86931808417194
2021-03-02 11:14:00,5237.2654510877555,5351.16,-113.89454891224432
2021-03-02 11:15:00,4952.12013384763,5162.37,-210.24986615236958
2021-03-02 11:16:00,4506.42413211147,4579.65,-73.22586788853005
2021-03-02 11:17:00,4234.632053066508,4269.52,-34.88794693349246
2021-03-02 11:18:00,4233.37946714183,4249.6,-16.220532858170372
2021-03-02 11:19:00,3441.878257870125,3407.05,34.82825787012462
2021-03-02 11:20:00,3790.8284166783037,3782.42,8.408416678303638
2021-03-02 11:21:00,3741.5433902206105,3783.64,-42.09660977938938
2021-03-02 11:22:00,4157.664189599616,4207.2,-49.535810400383525
2021-03-02 11:23:00,4682.755828498771,4850.210000000001,-167.45417150123012
2021-03-02 11:24:00,4928.102849580304,5154.360000000001,-226.2571504196967
2021-03-02 11:25:00,4938.973303284734,5161.02,-222.04669671526608
2021-03-02 11:26:00,4938.199464084193,5193.449999999999,-255.2505359158058
2021-03-02 11:27:00,5044.701591879905,5294.82,-250.1184081200945
2021-03-02 11:28:00,4810.100730049702,4957.24,-147.1392699502976
2021-03-02 11:29:00,3996.0137644710076,4026.18,-30.166235528992274
2021-03-02 11:30:00,3384.1965679876153,3414.84,-30.643432012384892
2021-03-02 11:31:00,3679.0968199099193,3698.6000000000004,-19.50318009008106
2021-03-02 11:32:00,4004.2406599788405,4042.5,-38.25934002115946
2021-03-02 11:33:00,4825.579578149624,4954.860000000001,-129.28042185037702
2021-03-02 11:34:00,5283.48718573544,5422.25,-138.7628142645599
2021-03-02 11:35:00,5245.0246989545985,5411.34,-166.3153010454016
2021-03-02 11:36:00,5168.541300649406,5285.09,-116.54869935059378
2021-03-02 11:37:00,5038.357664759726,5227.52,-189.16233524027484
2021-03-02 11:38:00,4842.508546768333,5008.620000000001,-166.11145323166784
2021-03-02 11:39:00,5148.701051341076,5271.42,-122.71894865892409
2021-03-02 11:40:00,4115.554614212271,4102.38,13.17461421227108
2021-03-02 11:41:00,4924.313188172114,5029.22,-104.90681182788649
2021-03-02 11:42:00,3806.1896603538867,3749.34,56.84966035388652
2021-03-02 11:43:00,4641.415411302374,4699.290000000001,-57.87458869762668
2021-03-02 11:44:00,4674.824125483999,4757.34,-82.51587451600153
2021-03-02 11:45:00,4980.245158426078,5136.09,-155.84484157392217
2021-03-02 11:46:00,5047.997431731312,5228.48,-180.48256826868783
2021-03-02 11:47:00,4889.304290285668,5065.48,-176.1757097143318
2021-03-02 11:48:00,3634.914575690586,3539.66,95.25457569058608
2021-03-02 11:49:00,3037.6800761410245,2941.5,96.18007614102453
2021-03-02 11:50:00,3329.2395988901576,3327.2,2.0395988901577766
2021-03-02 11:51:00,3676.072943848559,3662.1799999999994,13.892943848559753
2021-03-02 11:52:00,3472.3861990965347,3468.27,4.116199096534729
2021-03-02 11:53:00,3343.713271907783,3321.6000000000004,22.113271907782746
2021-03-02 11:54:00,3890.0759605195817,3902.17,-12.09403948041836
2021-03-02 11:55:00,4214.9117761187545,4281.9800000000005,-67.06822388124601
2021-03-02 11:56:00,4133.0135594288095,4197.42,-64.40644057119061
2021-03-02 11:57:00,3958.0990676225956,3986.1400000000003,-28.040932377404715
2021-03-02 11:58:00,3697.70766497411,3678.5699999999997,19.137664974110066
2021-03-02 11:59:00,3783.883878346353,3739.31,44.57387834635301
2021-03-02 12:00:00,3316.482441190024,3326.31,-9.827558809975926
2021-03-02 12:01:00,3679.2063057082846,3715.4299999999994,-36.223694291714764
2021-03-02 12:02:00,3798.1038295032713,3853.51,-55.40617049672892
2021-03-02 12:03:00,3420.3084430145595,3451.4700000000003,-31.16155698544071
2021-03-02 12:04:00,3353.9869722542394,3329.55,24.43697225423921
2021-03-02 12:05:00,2787.7065400490237,2821.96,-34.25345995097632
2021-03-02 12:06:00,3888.0637272622157,3808.08,79.98372726221578
2021-03-02 12:07:00,4213.015578247201,4301.75,-88.73442175279888
2021-03-02 12:08:00,3157.6638978487763,3171.5999999999995,-13.936102151223167
2021-03-02 12:09:00,4203.343162967514,4238.73,-35.386837032485346
2021-03-02 12:10:00,3740.220773461808,3789.0,-48.77922653819178
2021-03-02 12:11:00,3564.9203735638393,3481.9900000000002,82.93037356383911
2021-03-02 12:12:00,3499.737128156847,3461.7,38.0371281568473
2021-03-02 12:13:00,3357.501181023305,3292.38,65.12118102330487
2021-03-02 12:14:00,3081.9755359739265,3046.16,35.81553597392667
2021-03-02 12:15:00,3063.318904337043,2988.83,74.4889043370431
2021-03-02 12:16:00,3038.65168346077,2973.5999999999995,65.05168346077062
2021-03-02 12:17:00,2925.470621764053,2884.6800000000003,40.7906217640525
2021-03-02 12:18:00,2838.966243631224,2826.49,12.476243631224406
2021-03-02 12:19:00,2938.6644339112027,2889.54,49.124433911202686
2021-03-02 12:20:00,3359.611468483521,3270.21,89.40146848352106
2021-03-02 12:21:00,3979.38168995365,3993.19,-13.808310046350016
2021-03-02 12:22:00,3979.4166383577476,3966.75,12.666638357747615
2021-03-02 12:23:00,3483.5944325245446,3476.2199999999993,7.374432524545227
2021-03-02 12:24:00,2901.269884659545,2903.45,-2.180115340454904
2021-03-02 12:25:00,2715.214409596449,2697.8999999999996,17.314409596449423
2021-03-02 12:26:00,2709.831579300278,2714.3999999999996,-4.568420699721628
2021-03-02 12:27:00,2707.8530978439208,2659.0,48.85309784392075
2021-03-02 12:28:00,2723.4215361958054,2661.0,62.4215361958054
2021-03-02 12:29:00,2721.9399553629464,2666.0,55.93995536294642
2021-03-02 12:30:00,2685.9386145552617,2637.6099999999997,48.32861455526199
2021-03-02 12:31:00,2651.6974353987966,2609.7400000000002,41.957435398796406
2021-03-02 12:32:00,2647.724199240572,2628.8500000000004,18.87419924057167
2021-03-02 12:33:00,2657.5009164135263,2623.4600000000005,34.04091641352579
2021-03-02 12:34:00,2625.463891702189,2579.52,45.94389170218892
2021-03-02 12:35:00,2614.059208369406,2580.0,34.05920836940595
2021-03-02 12:36:00,2614.0529350898023,2565.6000000000004,48.45293508980194
2021-03-02 12:37:00,2608.8336650999427,2581.92,26.91366509994259
2021-03-02 12:38:00,2684.9000975810086,2688.5,-3.5999024189914053
2021-03-02 12:39:00,2930.7969590636535,2841.8599999999997,88.93695906365383
2021-03-02 12:40:00,3124.323857630651,3044.37,79.95385763065133
2021-03-02 12:41:00,3304.578911158805,3239.1,65.4789111588052
2021-03-02 12:42:00,3452.9017331587484,3359.16,93.7417331587485
2021-03-02 12:43:00,3353.424350869896,3302.12,51.3043508698961
2021-03-02 12:44:00,3335.9312751533453,3294.68,41.25127515334543
2021-03-02 12:45:00,2756.662594014519,2753.92,2.7425940145189998
2021-03-02 12:46:00,3026.3689594055654,2936.45,89.9189594055656
2021-03-02 12:47:00,3537.6228053191844,3471.56,66.06280531918446
2021-03-02 12:48:00,3688.0483445417067,3611.33,76.71834454170676
2021-03-02 12:49:00,3928.6527218953756,3899.06,29.59272189537569
2021-03-02 12:50:00,3603.4265622624016,3518.0,85.4265622624016
2021-03-02 12:51:00,3407.810901968493,3278.5600000000004,129.2509019684926
2021-03-02 12:52:00,3665.1874045382106,3566.6000000000004,98.5874045382102
2021-03-02 12:53:00,3822.9402213356784,3710.7000000000003,112.24022133567814
2021-03-02 12:54:00,3764.127298657018,3679.9,84.22729865701785
2021-03-02 12:55:00,3556.4081694645547,3432.65,123.75816946455461
2021-03-02 12:56:00,3484.4490194186506,3374.08,110.36901941865062
2021-03-02 12:57:00,3477.3174046950935,3355.5200000000004,121.79740469509306
2021-03-02 12:58:00,3287.6290932370557,3155.1400000000003,132.48909323705539
2021-03-02 12:59:00,3426.8214512220275,3305.2300000000005,121.59145122202699
2021-03-02 13:00:00,3471.092671360241,3336.4799999999996,134.61267136024162
2021-03-02 13:01:00,3532.3072058040134,3398.21,134.09720580401336
2021-03-02 13:02:00,3409.6718247652952,3279.1800000000003,130.49182476529495
2021-03-02 13:03:00,3544.519933748526,3441.1,103.41993374852609
2021-03-02 13:04:00,3410.0212820201864,3276.2799999999997,133.74128202018665
2021-03-02 13:05:00,3606.5063446621402,3471.8999999999996,134.6063446621406
2021-03-02 13:06:00,3200.800609908259,3059.65,141.15060990825896
2021-03-02 13:07:00,4140.521600243123,4043.5699999999997,96.95160024312372
2021-03-02 13:08:00,4085.6728507910107,4065.51,20.16285079101044
2021-03-02 13:09:00,2712.7447814366346,2629.5,83.24478143663464
2021-03-02 13:10:00,2525.2774793404533,2384.5499999999997,140.72747934045356
2021-03-02 13:11:00,3180.5684971648943,2987.74,192.82849716489454
2021-03-02 13:12:00,4059.231521940842,3943.5,115.73152194084196
2021-03-02 13:13:00,4096.152353762385,3940.42,155.73235376238517
2021-03-02 13:14:00,4018.3243270491184,3884.26,134.06432704911822
2021-03-02 13:15:00,3347.8221008044884,3156.0,191.8221008044884
2021-03-02 13:16:00,3143.8085657749025,3001.62,142.1885657749026
2021-03-02 13:17:00,2967.5741089541557,2750.8,216.7741089541555
2021-03-02 13:18:00,3471.270388683992,3281.04,190.23038868399226
2021-03-02 13:19:00,2909.3148221321585,2707.1,202.2148221321586
2021-03-02 13:20:00,2840.113905893938,2653.0,187.11390589393795
2021-03-02 13:21:00,2494.7170858969707,2366.6099999999997,128.10708589697106
2021-03-02 13:22:00,3460.3966228913155,3337.46,122.93662289131544
2021-03-02 13:23:00,4014.475940035428,3958.07,56.40594003542765
2021-03-02 13:24:00,3987.395564221389,3948.3900000000003,39.005564221388795
2021-03-02 13:25:00,3833.60867010302,3707.8999999999996,125.70867010302027
2021-03-02 13:26:00,4090.6632330646994,4012.4700000000003,78.19323306469914
2021-03-02 13:27:00,3774.7881544471593,3667.3,107.4881544471591
2021-03-02 13:28:00,4050.997661400108,4001.4,49.59766140010788
2021-03-02 13:29:00,4256.151109972595,4200.0,56.151109972594895
2021-03-02 13:30:00,4222.955028841761,4144.34,78.61502884176116
2021-03-02 13:31:00,4117.5965303601515,4014.01,103.5865303601513
2021-03-02 13:32:00,4484.405834397656,4417.14,67.26583439765545
2021-03-02 13:33:00,4851.953708254639,4943.28,-91.32629174536032
2021-03-02 13:34:00,4486.680732686653,4481.37,5.310732686652955
2021-03-02 13:35:00,4624.854834014018,4624.200000000001,0.6548340140170694
2021-03-02 13:36:00,4358.884150348247,4357.95,0.9341503482473854
2021-03-02 13:37:00,4173.652251908685,4100.1,73.55225190868441
2021-03-02 13:38:00,4351.586734975037,4304.160000000001,47.4267349750362
2021-03-02 13:39:00,4492.698912217659,4420.4,72.29891221765956
2021-03-02 13:40:00,4725.7429509544745,4690.369999999999,35.37295095447553
2021-03-02 13:41:00,4835.720739995366,4815.549999999999,20.170739995366603
2021-03-02 13:42:00,3695.878233149114,3489.08,206.7982331491139
2021-03-02 13:43:00,1885.3380750549002,1819.71,65.62807505490014
2021-03-02 13:44:00,1605.8129327593706,1607.35,-1.5370672406293124
2021-03-02 13:45:00,2667.872684368361,2580.83,87.04268436836128
2021-03-02 13:46:00,4045.9069053952035,4038.2700000000004,7.63690539520303
2021-03-02 13:47:00,3581.157195324656,3498.7400000000002,82.41719532465595
2021-03-02 13:48:00,2881.1672322937607,2778.79,102.3772322937607
2021-03-02 13:49:00,2948.4976932483387,2901.8,46.69769324833851
2021-03-02 13:50:00,3101.088543528089,3009.6000000000004,91.48854352808848
2021-03-02 13:51:00,2854.3414178506296,2803.7,50.64141785062975
2021-03-02 13:52:00,2087.6579699001104,2119.6,-31.942030099889507
2021-03-02 13:53:00,2295.9423191929723,2248.1800000000003,47.76231919297197
2021-03-02 13:54:00,3034.7651250491017,3008.95,25.81512504910188
2021-03-02 13:55:00,3246.65074205481,3203.4,43.25074205480996
2021-03-02 13:56:00,3340.509983087695,3248.25,92.25998308769522
2021-03-02 13:57:00,3989.8996977795555,4045.88,-55.98030222044463
2021-03-02 13:58:00,3984.227851394134,3942.7200000000003,41.50785139413392
2021-03-02 13:59:00,2877.7402245316057,2769.5200000000004,108.22022453160525
2021-03-02 14:00:00,2711.5004879240573,2697.8999999999996,13.600487924057688
2021-03-02 14:01:00,2699.7120541856993,2666.0,33.712054185699344
2021-03-02 14:02:00,3175.0347220149242,3216.87,-41.83527798507566
2021-03-02 14:03:00,3863.5775877531555,3903.5000000000005,-39.92241224684494
2021-03-02 14:04:00,3311.8583396528315,3281.66,30.19833965283169
2021-03-02 14:05:00,3273.766929320429,3276.08,-2.3130706795709557
2021-03-02 14:06:00,2606.43815522337,2585.2400000000007,21.198155223369213
2021-03-02 14:07:00,2372.393641025745,2381.3999999999996,-9.006358974254454
2021-03-02 14:08:00,2342.270128850817,2345.6400000000003,-3.369871149183382
2021-03-02 14:09:00,2407.972998141309,2412.9,-4.927001858691256
2021-03-02 14:10:00,2511.1296192505392,2528.13,-17.000380749460874
2021-03-02 14:11:00,2968.5627918973164,2950.0600000000004,18.502791897316
2021-03-02 14:12:00,3065.997884933618,3062.61,3.3878849336178973
2021-03-02 14:13:00,2634.528039108873,2582.2700000000004,52.25803910887271
2021-03-02 14:14:00,2769.5890850845794,2688.5,81.08908508457944
2021-03-02 14:15:00,2731.561992928798,2691.5,40.06199292879819
2021-03-02 14:16:00,2232.5384288372547,2204.16,28.378428837254887
2021-03-02 14:17:00,2504.167741223027,2496.42,7.747741223026878
2021-03-02 14:18:00,2729.799487115275,2695.5,34.29948711527504
2021-03-02 14:19:00,2731.1749465693115,2699.0,32.17494656931149
2021-03-02 14:20:00,2488.6297483531093,2482.16,6.46974835310948
2021-03-02 14:21:00,2466.676805664384,2463.1499999999996,3.526805664384483
2021-03-02 14:22:00,2477.717570398579,2476.6400000000003,1.0775703985787004
2021-03-02 14:23:00,2656.2386237831647,2604.0,52.23862378316471
2021-03-02 14:24:00,2498.568903247315,2483.54,15.028903247315156
2021-03-02 14:25:00,2506.2814168782734,2491.8199999999997,14.461416878273667
2021-03-02 14:26:00,2434.6767443291883,2376.0,58.676744329188296
2021-03-02 14:27:00,2281.646034672972,2238.0699999999997,43.57603467297213
2021-03-02 14:28:00,2316.236576242894,2281.44,34.796576242893934
2021-03-02 14:29:00,2497.981544646713,2437.2,60.78154464671297
2021-03-02 14:30:00,2734.251089091373,2727.0,7.25108909137316
2021-03-02 14:31:00,3235.1738914991274,2231.79,1003.3838914991275
2021-03-02 14:32:00,2787.6758075274083,2796.98,-9.304192472591694
2021-03-02 14:33:00,3228.873701288208,3190.7200000000003,38.153701288207685
2021-03-02 14:34:00,2731.5130883601046,2669.17,62.3430883601045
2021-03-02 14:35:00,3296.205662394295,3281.78,14.425662394294704
2021-03-02 14:36:00,2993.6925222139043,2967.8,25.892522213904158
2021-03-02 14:37:00,2654.65810076791,2618.59,36.06810076790998
2021-03-02 14:38:00,3227.511802990251,3202.5200000000004,24.991802990250562
2021-03-02 14:39:00,3411.3310305600503,3340.56,70.77103056005035
2021-03-02 14:40:00,3280.8527647262713,3200.71,80.14276472627125
2021-03-02 14:41:00,3201.0850518229604,3188.3599999999997,12.725051822960722
2021-03-02 14:42:00,2901.0118140530094,2856.17,44.84181405300933
2021-03-02 14:43:00,2659.235667438899,2645.51,13.725667438898654
2021-03-02 14:44:00,2624.903414513922,2612.49,12.413414513922362
2021-03-02 14:45:00,2769.3106926900373,2724.06,45.25069269003734
2021-03-02 14:46:00,2806.7890564673644,2748.3899999999994,58.39905646736497
2021-03-02 14:47:00,3059.0543233171834,2970.5499999999997,88.50432331718366
2021-03-02 14:48:00,2692.722563318616,2674.0,18.722563318615812
2021-03-02 14:49:00,3067.7373020435252,3112.9399999999996,-45.20269795647437
2021-03-02 14:50:00,2856.320359026888,2860.41,-4.089640973111727
2021-03-02 14:51:00,2723.8291845179397,2721.4399999999996,2.389184517940066
2021-03-02 14:52:00,3541.5182985419833,3535.67,5.84829854198324
2021-03-02 14:53:00,3814.1602388999577,3812.7,1.460238899957858
2021-03-02 14:54:00,3785.256240316301,3791.3999999999996,-6.14375968369859
2021-03-02 14:55:00,3547.4464002856203,3449.55,97.89640028562008
2021-03-02 14:56:00,3266.3832860077473,3209.4,56.98328600774721
2021-03-02 14:57:00,3363.1590350807887,3337.46,25.69903508078869
2021-03-02 14:58:00,3547.292012090757,3569.76,-22.46798790924322
2021-03-02 14:59:00,3535.805769298679,3503.1399999999994,32.665769298679606
2021-03-02 15:00:00,2195.0906656868024,3304.6000000000004,-1109.509334313198
2021-03-02 15:01:00,2804.4214083526626,2777.32,27.101408352662474
2021-03-02 15:02:00,2701.600793682929,2642.96,58.64079368292914
2021-03-02 15:03:00,2540.46643121908,2463.2999999999997,77.1664312190801
2021-03-02 15:04:00,2447.8497615100596,2369.4000000000005,78.44976151005903
2021-03-02 15:05:00,2321.9200517983822,2256.24,65.68005179838246
2021-03-02 15:06:00,2314.8995601781326,2270.1000000000004,44.7995601781322
2021-03-02 15:07:00,2376.815363504039,2349.09,27.725363504038796
2021-03-02 15:08:00,2446.3228140478805,2389.6400000000003,56.68281404788013
2021-03-02 15:09:00,2415.1534433315887,2336.62,78.53344333158884
2021-03-02 15:10:00,2522.6937780967005,2458.7999999999997,63.89377809670077
2021-03-02 15:11:00,2704.7299100082173,2674.9100000000003,29.819910008216993
2021-03-02 15:12:00,2704.8721237831,2662.17,42.70212378309998
2021-03-02 15:13:00,2659.2352033931834,2612.16,47.07520339318353
2021-03-02 15:14:00,2683.0906425540547,2605.9199999999996,77.17064255405512
2021-03-02 15:15:00,2664.4009412340392,2616.0,48.40094123403924
2021-03-02 15:16:00,2797.456577123386,2728.0,69.45657712338607
2021-03-02 15:17:00,2766.673419461646,2657.76,108.91341946164584
2021-03-02 15:18:00,2512.7763832617593,2434.0499999999997,78.72638326175957
2021-03-02 15:19:00,2534.082278534091,2508.84,25.24227853409093
2021-03-02 15:20:00,2664.852352431584,2602.08,62.772352431584295
2021-03-02 15:21:00,2490.683497064818,2433.1499999999996,57.53349706481822
2021-03-02 15:22:00,2435.9543605960985,2363.7200000000003,72.23436059609821
2021-03-02 15:23:00,2468.6663688763233,2396.2400000000002,72.42636887632307
2021-03-02 15:24:00,2363.722124510587,2276.4,87.32212451058695
2021-03-02 15:25:00,2282.7933164450837,2232.45,50.34331644508393
2021-03-02 15:26:00,2389.6041245876477,2354.68,34.92412458764784
2021-03-02 15:27:00,2433.637652680955,2402.4000000000005,31.237652680954398
2021-03-02 15:28:00,2469.3332242749607,2399.76,69.57322427496047
2021-03-02 15:29:00,2327.8384911719427,2223.0199999999995,104.81849117194315
2021-03-02 15:30:00,2140.6791908920354,2069.8599999999997,70.81919089203575
2021-03-02 15:31:00,2055.8720439024446,2006.88,48.99204390244449
2021-03-02 15:32:00,1946.0172758279898,1905.4,40.617275827989715
2021-03-02 15:33:00,1761.6520460674292,1735.6800000000003,25.97204606742889
2021-03-02 15:34:00,1625.863272165279,1578.7599999999998,47.10327216527935
2021-03-02 15:35:00,1553.527789028836,1533.28,20.247789028835996
2021-03-02 15:36:00,1535.6608908618666,1474.4699999999998,61.19089086186682
2021-03-02 15:37:00,1529.8560757303383,1533.0,-3.1439242696617384
2021-03-02 15:38:00,1601.1396463663016,1563.2999999999997,37.83964636630185
2021-03-02 15:39:00,1675.799323293561,1599.9299999999998,75.86932329356114
2021-03-02 15:40:00,1745.3905456221705,1710.58,34.810545622170594
2021-03-02 15:41:00,1738.647536467319,1704.0700000000002,34.57753646731885
2021-03-02 15:42:00,1674.3073870683613,1653.9,20.40738706836123
2021-03-02 15:43:00,1528.7628909366852,1477.17,51.59289093668508
2021-03-02 15:44:00,1368.803219410687,1360.5,8.303219410687007
2021-03-02 15:45:00,1275.6344048237652,1256.9499999999998,18.684404823765362
2021-03-02 15:46:00,1235.636616685307,1231.31,4.3266166853070445
2021-03-02 15:47:00,1210.3884278443238,1204.06,6.328427844323869
2021-03-02 15:48:00,1203.5858590642936,1205.38,-1.7941409357065368
2021-03-02 15:49:00,1160.1238993789377,1209.1200000000001,-48.996100621062396
2021-03-02 15:50:00,1150.5904762622838,1153.9499999999998,-3.3595237377160174
2021-03-02 15:51:00,1092.1022707932298,1105.6,-13.497729206770146
2021-03-02 15:52:00,1044.8576111255484,1044.24,0.6176111255483647
2021-03-02 15:53:00,990.7643735109916,1016.3999999999999,-25.635626489008246
2021-03-02 15:54:00,966.9251818006587,984.96,-18.034818199341316
2021-03-02 15:55:00,919.3143766021775,929.05,-9.735623397822451
2021-03-02 15:56:00,892.73734140921,931.5999999999999,-38.86265859078992
2021-03-02 15:57:00,873.4429182312535,901.77,-28.32708176874644
2021-03-02 15:58:00,889.6756144867733,877.1200000000001,12.555614486773152
2021-03-02 15:59:00,849.918791299243,870.8800000000001,-20.961208700757084
2021-03-02 16:00:00,854.6061514970014,881.28,-26.673848502998567
2021-03-02 16:01:00,871.3042132090358,875.2,-3.89578679096428
2021-03-02 16:02:00,880.1464966347479,899.19,-19.04350336525215
2021-03-02 16:03:00,863.8702513761651,882.5600000000001,-18.68974862383493
2021-03-02 16:04:00,813.7635180039625,881.9200000000001,-68.15648199603754
2021-03-02 16:05:00,854.7976664397611,849.5900000000001,5.207666439760942
2021-03-02 16:06:00,774.262414299458,820.05,-45.78758570054197
2021-03-02 16:07:00,737.5582408022286,772.0999999999999,-34.541759197771285
2021-03-02 16:08:00,725.6702542122208,769.02,-43.34974578777917
2021-03-02 16:09:00,689.70195349343,767.48,-77.77804650657004
2021-03-02 16:10:00,685.0256228445446,772.8,-87.77437715545534
2021-03-02 16:11:00,742.39231246453,772.9399999999998,-30.547687535469777
2021-03-02 16:12:00,720.2030293797749,771.26,-51.056970620225115
2021-03-02 16:13:00,701.6412825254919,771.26,-69.61871747450812
2021-03-02 16:14:00,710.2792112605952,733.49,-23.210788739404848
2021-03-02 16:15:00,664.8499255480511,712.01,-47.160074451948844
2021-03-02 16:16:00,673.8556529278289,714.8700000000001,-41.01434707217118
2021-03-02 16:17:00,665.5633883078873,687.3299999999999,-21.766611692112633
2021-03-02 16:18:00,628.8884780834838,659.04,-30.151521916516117
2021-03-02 16:19:00,611.2922390171831,656.76,-45.46776098281691
2021-03-02 16:20:00,582.6439171960311,656.16,-73.51608280396886
2021-03-02 16:21:00,596.4899185702272,630.54,-34.05008142977272
2021-03-02 16:22:00,596.4147828351105,656.04,-59.62521716488948
2021-03-02 16:23:00,575.8993298284583,632.6,-56.700670171541674
2021-03-02 16:24:00,575.7491575096138,605.77,-30.020842490386144
2021-03-02 16:25:00,543.7899682242005,608.08,-64.29003177579955
2021-03-02 16:26:00,524.2628292467684,577.0100000000001,-52.74717075323167
2021-03-02 16:27:00,491.09898979847384,544.0999999999999,-53.00101020152607
2021-03-02 16:28:00,484.67598793729314,543.0,-58.324012062706856
2021-03-02 16:29:00,468.7598236431744,539.4,-70.64017635682558
2021-03-02 16:30:00,478.959182327653,539.9,-60.94081767234695
2021-03-02 16:31:00,469.25693987629586,511.63,-42.373060123704136
2021-03-02 16:32:00,451.10531936589274,483.12,-32.014680634107265
2021-03-02 16:33:00,442.8881527923754,481.5,-38.61184720762458
2021-03-02 16:34:00,432.9961317232637,477.45,-44.45386827673627
2021-03-02 16:35:00,422.3677115106515,480.51,-58.142288489348516
2021-03-02 16:36:00,417.1087845397363,484.29,-67.18121546026373
2021-03-02 16:37:00,408.7942277143202,446.51,-37.715772285679805
2021-03-02 16:38:00,392.4266170710689,440.79,-48.36338292893112
2021-03-02 16:39:00,404.994763469301,419.6,-14.605236530699017
2021-03-02 16:40:00,405.12603188710983,426.32000000000005,-21.193968112890218
2021-03-02 16:41:00,344.33482484586574,426.96000000000004,-82.6251751541343
2021-03-02 16:42:00,359.506312730312,373.59,-14.083687269687971
2021-03-02 16:43:00,349.8184008179088,373.16999999999996,-23.35159918209115
2021-03-02 16:44:00,304.63407621537203,374.08,-69.44592378462795
2021-03-02 16:45:00,292.49453626179275,344.46000000000004,-51.96546373820729
2021-03-02 16:46:00,268.2055833747015,343.99,-75.78441662529849
2021-03-02 16:47:00,275.30426738135986,345.41999999999996,-70.1157326186401
2021-03-02 16:48:00,275.54851914060987,323.64,-48.09148085939012
2021-03-02 16:49:00,274.35291382181947,321.78,-47.4270861781805
2021-03-02 16:50:00,258.0293218712415,319.2,-61.17067812875848
2021-03-02 16:51:00,236.3584585158099,289.47,-53.11154148419013
2021-03-02 16:52:00,266.07603060657743,265.4,0.6760306065774557
2021-03-02 16:53:00,250.91202806667866,264.9,-13.987971933321319
2021-03-02 16:54:00,223.21760329305755,261.45000000000005,-38.232396706942495
2021-03-02 16:55:00,215.35618596251453,265.45,-50.09381403748546
2021-03-02 16:56:00,196.8975323294241,234.39000000000001,-37.492467670575905
2021-03-02 16:57:00,204.17601344042362,234.73000000000002,-30.5539865595764
2021-03-02 16:58:00,191.7707718979272,236.51,-44.739228102072786
2021-03-02 16:59:00,192.5745394454853,212.2,-19.62546055451469
2021-03-02 17:00:00,192.04581829664926,211.48000000000002,-19.43418170335076
2021-03-02 17:01:00,180.1464983570151,209.04000000000002,-28.893501642984916
2021-03-02 17:02:00,175.75405638659294,211.28,-35.525943613407065
2021-03-02 17:03:00,182.11674870222197,182.16,-0.04325129777802772
2021-03-02 17:04:00,144.37947364240603,183.93,-39.55052635759398
2021-03-02 17:05:00,161.73678289228855,158.61,3.1267828922885315
2021-03-02 17:06:00,149.57832973262464,181.72,-32.14167026737536
2021-03-02 17:07:00,184.94375308210044,157.38,27.563753082100448
2021-03-02 17:08:00,158.55589635414537,158.39999999999998,0.1558963541453977
2021-03-02 17:09:00,144.39650992798943,183.94,-39.54349007201057
2021-03-02 17:10:00,170.3583978992571,183.81,-13.451602100742889
2021-03-02 17:11:00,140.03544133797323,158.45999999999998,-18.424558662026755
2021-03-02 17:12:00,140.19137974290402,158.64,-18.448620257095968
2021-03-02 17:13:00,130.39558502405936,157.86,-27.464414975940656
2021-03-02 17:14:00,133.90270547186407,159.20999999999998,-25.307294528135913
2021-03-02 17:15:00,134.89696584829102,130.64000000000001,4.256965848291003
2021-03-02 17:16:00,114.93965022593491,130.13,-15.190349774065083
2021-03-02 17:17:00,116.64189044212458,129.83999999999997,-13.198109557875398
2021-03-02 17:18:00,106.98343476143319,128.62,-21.636565238566817
2021-03-02 17:19:00,102.14678442599367,129.73000000000002,-27.583215574006346
2021-03-02 17:20:00,99.14224764175881,105.46000000000001,-6.317752358241194
2021-03-02 17:21:00,105.37793868262503,127.67999999999999,-22.302061317374964
2021-03-02 17:22:00,96.42809722885889,101.02000000000001,-4.591902771141122
2021-03-02 17:23:00,101.27771080662978,102.12,-0.8422891933702203
2021-03-02 17:24:00,99.40196698079819,101.64000000000001,-2.238033019201822
2021-03-02 17:25:00,88.17599950580781,95.28,-7.104000494192192
2021-03-02 17:26:00,80.795287635397,86.30000000000001,-5.504712364603009
2021-03-02 17:27:00,74.80753969433772,81.28,-6.472460305662281
2021-03-02 17:28:00,65.98753598155773,55.85,10.137535981557726
2021-03-02 17:29:00,73.5635136992725,74.72000000000001,-1.156486300727508
2021-03-02 17:30:00,63.59228581828709,38.99,24.602285818287086
2021-03-02 17:31:00,45.90157729922199,31.900000000000002,14.001577299221989
2021-03-02 17:32:00,53.18401116674219,34.84,18.344011166742185
2021-03-02 17:33:00,55.6172930394777,23.700000000000003,31.9172930394777
2021-03-02 17:34:00,52.98738067482166,22.79,30.19738067482166
2021-03-02 17:35:00,41.642607634980074,23.060000000000002,18.58260763498007
2021-03-02 17:36:00,41.27272974766328,21.020000000000003,20.252729747663274
2021-03-02 17:37:00,34.1309922442432,20.41,13.720992244243202
2021-03-02 17:38:00,28.88133707582344,20.33,8.55133707582344
2021-03-02 17:39:00,28.80272459939873,21.119999999999997,7.682724599398732
2021-03-02 17:40:00,27.65786536500724,21.59,6.06786536500724
2021-03-02 17:41:00,28.339535796244384,19.660000000000004,8.67953579624438
2021-03-02 17:42:00,45.45222730211535,20.53,24.922227302115346
2021-03-02 17:43:00,33.88227413750534,22.950000000000003,10.932274137505338
2021-03-02 17:44:00,33.88227413750534,22.51,11.37227413750534
2021-03-02 17:45:00,43.40981195026697,21.78,21.62981195026697
2021-03-02 17:46:00,44.08129985935506,22.990000000000002,21.09129985935506
2021-03-02 17:47:00,36.22035764663161,24.25,11.970357646631612
2021-03-02 17:48:00,43.64975404363892,24.810000000000002,18.83975404363892
2021-03-02 17:50:00,37.30817161219457,24.96,12.34817161219457
2021-03-02 17:51:00,39.0296561708019,24.080000000000002,14.949656170801898
2021-03-03 05:18:00,58.9146404393679,12.120000000000001,46.794640439367896
2021-03-03 05:20:00,53.208158658549266,15.93,37.278158658549266
2021-03-03 05:21:00,47.10977349677212,16.9,30.209773496772122
2021-03-03 05:22:00,59.694296569167214,21.21,38.48429656916721
2021-03-03 05:23:00,60.01181524750658,22.87,37.141815247506585
2021-03-03 05:24:00,62.20727609487965,25.430000000000003,36.77727609487965
2021-03-03 05:25:00,49.96987333042696,45.21,4.759873330426956
2021-03-03 05:26:00,55.19898411118094,49.870000000000005,5.328984111180937
2021-03-03 05:27:00,55.96705627023136,50.75,5.21705627023136
2021-03-03 05:28:00,63.462714531502414,52.85000000000001,10.612714531502405
2021-03-03 05:29:00,66.14513993394473,54.190000000000005,11.955139933944729
2021-03-03 05:30:00,69.23792890397777,54.230000000000004,15.00792890397777
2021-03-03 05:31:00,34.05091963179393,55.760000000000005,-21.709080368206074
2021-03-03 05:32:00,34.012255845669785,56.489999999999995,-22.47774415433021
2021-03-03 05:33:00,34.21308818187185,56.41000000000001,-22.196911818128157
2021-03-03 05:34:00,36.72141171504042,57.36,-20.63858828495958
2021-03-03 05:35:00,43.05823940036076,56.46,-13.401760599639239
2021-03-03 05:36:00,49.81250471917538,57.76,-7.947495280824619
2021-03-03 05:37:00,59.85306150329131,57.85,2.003061503291306
2021-03-03 05:38:00,70.32006781019442,56.61000000000001,13.71006781019441
2021-03-03 05:39:00,76.18997919901366,58.09,18.09997919901366
2021-03-03 05:40:00,89.12948597270237,58.26,30.86948597270237
2021-03-03 05:41:00,94.68954459136256,55.120000000000005,39.56954459136256
2021-03-03 05:42:00,94.26811512238197,97.26000000000002,-2.991884877618048
2021-03-03 05:43:00,102.26960883392101,120.82000000000001,-18.550391166078995
2021-03-03 05:44:00,114.50444498715267,120.54,-6.03555501284734
2021-03-03 05:45:00,124.43401103810515,124.92,-0.4859889618948472
2021-03-03 05:46:00,102.68123653122339,125.25,-22.56876346877661
2021-03-03 05:47:00,114.23897882401661,154.38,-40.14102117598338
2021-03-03 05:48:00,136.87396934134358,127.0,9.873969341343582
2021-03-03 05:49:00,127.60601509577117,155.73000000000002,-28.12398490422885
2021-03-03 05:50:00,140.81173259266097,155.19,-14.378267407339024
2021-03-03 05:51:00,146.80037814399248,155.28,-8.479621856007526
2021-03-03 05:52:00,169.42343141819623,156.14999999999998,13.273431418196253
2021-03-03 05:53:00,149.03620425169646,155.31,-6.273795748303542
2021-03-03 05:54:00,202.19934967488507,157.5,44.69934967488507
2021-03-03 05:55:00,188.22882155083107,183.89,4.338821550831085
2021-03-03 05:56:00,173.3032442747736,213.04000000000002,-39.73675572522643
2021-03-03 05:57:00,225.16702777756996,212.76000000000002,12.407027777569937
2021-03-03 05:58:00,221.51909815931646,237.09,-15.570901840683547
2021-03-03 05:59:00,219.17619924197368,208.40000000000003,10.776199241973643
2021-03-03 06:00:00,188.5655791309183,207.96000000000004,-19.394420869081728
2021-03-03 06:01:00,189.83459865006785,208.92000000000002,-19.08540134993217
2021-03-03 06:02:00,189.6272716298384,209.84000000000003,-20.212728370161642
2021-03-03 06:03:00,198.3510396596962,178.32,20.031039659696205
2021-03-03 06:04:00,185.37391971870673,185.67000000000002,-0.29608028129328545
2021-03-03 06:05:00,207.14963772074844,214.84,-7.690362279251559
2021-03-03 06:06:00,244.48750312047014,239.70999999999998,4.777503120470158
2021-03-03 06:07:00,265.4288838619811,266.8,-1.3711161380189196
2021-03-03 06:08:00,255.221662706245,268.9,-13.678337293754964
2021-03-03 06:09:00,278.49611667112816,238.94,39.556116671128166
2021-03-03 06:10:00,276.3279612926887,265.65,10.677961292688735
2021-03-03 06:11:00,295.5983334219673,290.38,5.218333421967316
2021-03-03 06:12:00,336.992243091216,320.58,16.412243091216
2021-03-03 06:13:00,380.7165440506489,347.4,33.31654405064893
2021-03-03 06:14:00,307.64687248901845,313.62,-5.973127510981556
2021-03-03 06:15:00,304.0901776011569,287.69,16.400177601156884
2021-03-03 06:16:00,329.427898185402,287.90999999999997,41.51789818540203
2021-03-03 06:17:00,286.3681793006219,288.96,-2.591820699378104
2021-03-03 06:18:00,289.04291856379774,264.5,24.54291856379774
2021-03-03 06:19:00,285.05490570878305,289.95000000000005,-4.895094291216992
2021-03-03 06:20:00,280.514636845048,287.32,-6.805363154951976
2021-03-03 06:21:00,274.9229475982616,262.15,12.772947598261624
2021-03-03 06:22:00,273.7644318907243,260.35,13.414431890724302
2021-03-03 06:23:00,276.22877663206344,261.85,14.37877663206342
2021-03-03 06:24:00,273.4649860295804,262.15,11.314986029580439
2021-03-03 06:25:00,278.4208911443394,266.45,11.970891144339419
2021-03-03 06:26:00,319.97080343534896,294.87,25.10080343534895
2021-03-03 06:27:00,343.68957194585994,350.04,-6.350428054140082
2021-03-03 06:28:00,383.1185277448091,386.68,-3.5614722551908926
2021-03-03 06:29:00,469.16696822377065,466.7900000000001,2.376968223770575
2021-03-03 06:30:00,496.984561278098,524.25,-27.265438721902
2021-03-03 06:31:00,502.2132186367791,522.11,-19.896781363220896
2021-03-03 06:32:00,457.59029377241467,459.25,-1.6597062275853318
2021-03-03 06:33:00,412.5509356406821,408.97,3.580935640682071
2021-03-03 06:34:00,358.6469187921921,352.76,5.886918792192091
2021-03-03 06:35:00,354.8145128405311,348.54,6.274512840531088
2021-03-03 06:36:00,342.16905038580023,346.79999999999995,-4.6309496141997215
2021-03-03 06:37:00,406.25218553332894,346.79999999999995,59.452185533328986
2021-03-03 06:38:00,349.1351830030859,346.79999999999995,2.3351830030859446
2021-03-03 06:39:00,351.77367017380925,386.33,-34.55632982619073
2021-03-03 06:40:00,363.7734422735494,384.65,-20.876557726450585
2021-03-03 06:41:00,383.7460669103041,385.21000000000004,-1.4639330896959564
2021-03-03 06:42:00,461.0952724861399,443.28,17.815272486139918
2021-03-03 06:43:00,785.0922525128345,701.73,83.36225251283452
2021-03-03 06:44:00,636.8762054775908,619.0799999999999,17.796205477590888
2021-03-03 06:45:00,672.8309085612482,673.44,-0.6090914387518751
2021-03-03 06:46:00,717.6570773902506,726.5699999999999,-8.91292260974933
2021-03-03 06:47:00,854.1014237854162,898.4000000000001,-44.29857621458393
2021-03-03 06:48:00,724.7760726533437,811.55,-86.77392734665625
2021-03-03 06:49:00,1466.1013781380454,1373.04,93.06137813804548
2021-03-03 06:50:00,1545.3329369927949,1447.8999999999999,97.43293699279502
2021-03-03 06:51:00,1500.4219594603685,1421.48,78.94195946036848
2021-03-03 06:52:00,1090.4630959293129,968.5,121.96309592931289
2021-03-03 06:53:00,523.6785462803476,490.41,33.26854628034761
2021-03-03 06:54:00,645.6475422724565,579.81,65.83754227245652
2021-03-03 06:55:00,809.3782160560808,693.6700000000001,115.70821605608069
2021-03-03 06:56:00,599.7720034204383,519.11,80.66200342043828
2021-03-03 06:57:00,823.1434889858236,784.7,38.44348898582359
2021-03-03 06:58:00,730.4064572792321,689.5699999999999,40.83645727923215
2021-03-03 06:59:00,531.4694451681632,490.1400000000001,41.32944516816315
2021-03-03 07:00:00,531.4868930237241,489.42,42.06689302372405
2021-03-03 07:01:00,469.8585734116878,460.3,9.558573411687803
2021-03-03 07:02:00,442.90629941359447,430.56000000000006,12.346299413594409
2021-03-03 07:03:00,403.9853264488773,405.96,-1.9746735511226916
2021-03-03 07:04:00,416.76985483743795,405.64,11.12985483743796
2021-03-03 07:05:00,379.58549878687387,406.15999999999997,-26.574501213126098
2021-03-03 07:06:00,481.375755422497,436.1600000000001,45.2157554224969
2021-03-03 07:07:00,475.7220875605686,492.03,-16.30791243943139
2021-03-03 07:08:00,530.6343720347779,522.36,8.274372034777912
2021-03-03 07:09:00,529.0052416515894,551.3,-22.294758348410596
2021-03-03 07:10:00,621.3079768255108,575.8000000000001,45.507976825510696
2021-03-03 07:11:00,618.4097626664009,631.92,-13.510237333599093
2021-03-03 07:12:00,651.1876271841244,657.5999999999999,-6.412372815875528
2021-03-03 07:13:00,588.8169135879731,664.92,-76.10308641202687
2021-03-03 07:14:00,661.9872745609099,655.0799999999999,6.907274560909968
2021-03-03 07:15:00,517.1246006128389,567.3800000000001,-50.25539938716122
2021-03-03 07:16:00,474.7934665293005,552.3,-77.50653347069948
2021-03-03 07:17:00,684.3990240898356,691.8599999999999,-7.460975910164279
2021-03-03 07:18:00,1155.7221168892268,1181.88,-26.157883110773355
2021-03-03 07:19:00,2078.0631362202666,2160.23,-82.16686377973338
2021-03-03 07:20:00,1866.527882418727,1971.72,-105.19211758127312
2021-03-03 07:21:00,828.1876291890959,1006.9200000000001,-178.73237081090417
2021-03-03 07:22:00,519.8594990092492,584.76,-64.90050099075074
2021-03-03 07:23:00,704.9626787295118,683.64,21.322678729511836
2021-03-03 07:24:00,771.8884719390891,774.2,-2.311528060910973
2021-03-03 07:25:00,617.4501854140411,630.1500000000001,-12.699814585958961
2021-03-03 07:26:00,806.8823633878741,747.09,59.79236338787405
2021-03-03 07:27:00,695.8179543249161,740.9000000000001,-45.08204567508403
2021-03-03 07:28:00,502.6110875194222,512.22,-9.608912480577828
2021-03-03 07:29:00,508.5084750777533,548.3,-39.79152492224665
2021-03-03 07:30:00,760.5113888362624,742.22,18.2913888362624
2021-03-03 07:31:00,758.4823346381596,779.0999999999999,-20.617665361840295
2021-03-03 07:32:00,1549.3250403898835,1580.04,-30.714959610116466
2021-03-03 07:33:00,2626.0943293018863,2699.46,-73.36567069811372
2021-03-03 07:34:00,2699.297077191382,2743.67,-44.372922808618114
2021-03-03 07:35:00,2640.056326705641,2720.8900000000003,-80.83367329435941
2021-03-03 07:36:00,2564.2287902224057,2653.34,-89.11120977759447
2021-03-03 07:37:00,2463.877243623493,2531.47,-67.59275637650671
2021-03-03 07:38:00,627.3683587754255,657.35,-29.98164122457456
2021-03-03 07:39:00,392.6778307621011,462.96000000000004,-70.28216923789893
2021-03-03 07:40:00,337.446962310387,390.59000000000003,-53.14303768961304
2021-03-03 07:41:00,356.4231764985318,392.5,-36.0768235014682
2021-03-03 07:42:00,1129.164149356082,1115.95,13.214149356081862
2021-03-03 07:43:00,2381.1081252630074,2387.05,-5.941874736992759
2021-03-03 07:44:00,2381.038013082796,2433.73,-52.69198691720385
2021-03-03 07:45:00,1432.2906955048504,1447.5600000000002,-15.269304495149754
2021-03-03 07:46:00,540.9439264765657,556.1500000000001,-15.206073523434384
2021-03-03 07:47:00,1370.4193300733123,1315.75,54.66933007331227
2021-03-03 07:48:00,1882.0160445353051,1870.4399999999998,11.5760445353053
2021-03-03 07:49:00,1901.553268001607,1897.77,3.7832680016069844
2021-03-03 07:50:00,2558.9034412747997,2628.2300000000005,-69.32655872520081
2021-03-03 07:51:00,2577.6312935690357,2629.63,-51.998706430964376
2021-03-03 07:52:00,2403.445276183349,2454.09,-50.644723816651094
2021-03-03 07:53:00,2615.0230306171525,2666.15,-51.12696938284762
2021-03-03 07:54:00,2589.423340367865,2698.4700000000003,-109.04665963213529
2021-03-03 07:55:00,2610.008140373737,2706.32,-96.31185962626296
2021-03-03 07:56:00,2613.767202483257,2719.0,-105.23279751674318
2021-03-03 07:57:00,2615.323303806303,2738.3999999999996,-123.07669619369653
2021-03-03 07:58:00,2638.9253346824257,2727.73,-88.80466531757429
2021-03-03 07:59:00,2697.304238760959,2765.8599999999997,-68.55576123904075
2021-03-03 08:00:00,1989.773084506683,2080.26,-90.48691549331716
2021-03-03 08:01:00,691.8981095955286,784.5,-92.60189040447142
2021-03-03 08:02:00,1227.374145264475,1250.1799999999998,-22.805854735524917
2021-03-03 08:03:00,1353.7067472079261,1443.69,-89.98325279207393
2021-03-03 08:04:00,735.7349480817117,835.04,-99.30505191828831
2021-03-03 08:05:00,668.3557685568303,735.4200000000001,-67.06423144316977
2021-03-03 08:06:00,793.6914104308601,821.5400000000001,-27.848589569140017
2021-03-03 08:07:00,881.9990583171876,967.1399999999999,-85.14094168281224
2021-03-03 08:08:00,1197.5325278744078,1250.05,-52.51747212559212
2021-03-03 08:09:00,2726.607841870158,2860.0,-133.39215812984185
2021-03-03 08:10:00,1608.3242484532066,1741.7600000000002,-133.43575154679365
2021-03-03 08:11:00,1230.6860482795869,1291.44,-60.75395172041317
2021-03-03 08:12:00,1075.380136627406,1150.0,-74.61986337259395
2021-03-03 08:13:00,969.3201171723633,1072.2,-102.87988282763672
2021-03-03 08:14:00,1046.5677536548203,1104.5900000000001,-58.02224634517984
2021-03-03 08:15:00,2396.297784046875,2363.2799999999997,33.01778404687548
2021-03-03 08:16:00,3235.5413492822086,3372.29,-136.7486507177914
2021-03-03 08:17:00,2700.4400326574637,2787.1499999999996,-86.70996734253595
2021-03-03 08:18:00,3173.001531340934,3315.1000000000004,-142.09846865906638
2021-03-03 08:19:00,3338.232448055828,3486.6000000000004,-148.3675519441722
2021-03-03 08:20:00,3226.251590442463,3369.87,-143.61840955753678
2021-03-03 08:21:00,3079.7504758654086,3175.4700000000003,-95.71952413459167
2021-03-03 08:22:00,3009.687562203872,3127.4,-117.71243779612814
2021-03-03 08:23:00,3007.662937644947,3127.0,-119.33706235505315
2021-03-03 08:24:00,3024.258862015669,3087.09,-62.831137984331235
2021-03-03 08:25:00,3014.6188684619224,3165.5999999999995,-150.98113153807708
2021-03-03 08:26:00,3037.2225838122117,3132.16,-94.93741618778813
2021-03-03 08:27:00,3025.0048660042726,3125.04,-100.03513399572739
2021-03-03 08:28:00,3032.7350180687395,3122.09,-89.35498193126068
2021-03-03 08:29:00,3058.2058765919146,3144.0,-85.7941234080854
2021-03-03 08:30:00,3079.2468732609955,3149.4,-70.15312673900462
2021-03-03 08:31:00,3071.3308710785873,3169.79,-98.45912892141268
2021-03-03 08:32:00,3082.6074092872755,3170.39,-87.78259071272441
2021-03-03 08:33:00,3086.378134420237,3192.74,-106.3618655797627
2021-03-03 08:34:00,3108.599296999397,3206.8199999999997,-98.2207030006025
2021-03-03 08:35:00,3120.3037162673427,3214.84,-94.53628373265747
2021-03-03 08:36:00,3144.345209766711,3248.8,-104.45479023328926
2021-03-03 08:37:00,3156.7422008138246,3248.8,-92.05779918617554
2021-03-03 08:38:00,3152.015426596127,3259.05,-107.03457340387331
2021-03-03 08:39:00,3172.533372374056,3258.99,-86.45662762594384
2021-03-03 08:40:00,3187.36443973364,3258.44,-71.07556026635984
2021-03-03 08:41:00,3197.1314719318375,3269.7,-72.56852806816232
2021-03-03 08:42:00,3221.0505007891343,3297.2200000000003,-76.16949921086598
2021-03-03 08:43:00,3228.432127350372,3312.6400000000003,-84.20787264962837
2021-03-03 08:44:00,3249.501121443297,3310.08,-60.578878556702875
2021-03-03 08:45:00,3253.270198533214,3308.16,-54.889801466785684
2021-03-03 08:46:00,3283.6424960876184,3320.96,-37.31750391238165
2021-03-03 08:47:00,3299.079758052548,3344.7799999999997,-45.70024194745156
2021-03-03 08:48:00,3325.343704052997,3362.45,-37.106295947002764
2021-03-03 08:49:00,3307.248557494829,3367.0,-59.75144250517087
2021-03-03 08:50:00,3336.2554094417083,3394.7699999999995,-58.514590558291275
2021-03-03 08:51:00,3331.191839934674,3429.3599999999997,-98.16816006532554
2021-03-03 08:52:00,3401.5630464260134,3403.29,-1.7269535739865205
2021-03-03 08:53:00,3394.3811287926233,3449.8300000000004,-55.448871207377124
2021-03-03 08:54:00,3440.4399688469725,3463.9,-23.460031153027558
2021-03-03 08:55:00,3449.123947871477,3478.84,-29.716052128523188
2021-03-03 08:56:00,3460.5009720277485,3500.44,-39.93902797225155
2021-03-03 08:57:00,3472.4078400940775,3523.7599999999998,-51.352159905922235
2021-03-03 08:58:00,3499.464419400461,3558.3300000000004,-58.8655805995395
2021-03-03 08:59:00,3513.9841328902644,3600.7999999999997,-86.81586710973534
2021-03-03 09:00:00,3485.8377018346405,3600.1000000000004,-114.26229816535988
2021-03-03 09:01:00,3506.991660161926,3597.3,-90.30833983807406
2021-03-03 09:02:00,3517.4392932105125,3585.3999999999996,-67.96070678948718
2021-03-03 09:03:00,3522.8983789328263,3595.8999999999996,-73.00162106717335
2021-03-03 09:04:00,3533.304035680399,3588.2,-54.89596431960081
2021-03-03 09:05:00,3593.744876306942,3627.33,-33.585123693057994
2021-03-03 09:06:00,3620.7285617406524,3635.2,-14.471438259347451
2021-03-03 09:07:00,3654.379924012351,3682.08,-27.700075987649143
2021-03-03 09:08:00,3664.8062313118007,3688.5600000000004,-23.75376868819967
2021-03-03 09:09:00,3712.0422362451363,3730.3,-18.257763754863845
2021-03-03 09:10:00,3783.287486428199,3800.98,-17.6925135718011
2021-03-03 09:11:00,3720.9792111705565,3801.81,-80.83078882944346
2021-03-03 09:12:00,2869.5751095502496,2811.05,58.525109550249454
2021-03-03 09:13:00,3683.8119812383493,3764.6099999999997,-80.79801876165038
2021-03-03 09:14:00,3202.3768032421112,3149.9,52.476803242111146
2021-03-03 09:15:00,2942.9188793334038,2962.7,-19.781120666596053
2021-03-03 09:16:00,3865.931999073884,3957.7999999999997,-91.86800092611566
2021-03-03 09:17:00,3777.122382086238,3943.94,-166.8176179137622
2021-03-03 09:18:00,3824.0469093256097,3885.88,-61.833090674390405
2021-03-03 09:19:00,3790.1087655152583,3824.25,-34.141234484741744
2021-03-03 09:20:00,3753.934747630276,3822.0,-68.06525236972402
2021-03-03 09:21:00,3795.312445831802,3803.08,-7.767554168197876
2021-03-03 09:22:00,3769.2606059778072,3816.75,-47.489394022192755
2021-03-03 09:23:00,3790.7558224203035,3812.25,-21.494177579696498
2021-03-03 09:24:00,3797.680895459111,3819.0,-21.31910454088893
2021-03-03 09:25:00,3832.16429241163,3810.75,21.41429241162996
2021-03-03 09:26:00,3858.964857630533,3845.3,13.664857630532879
2021-03-03 09:27:00,3899.522170927346,3907.0199999999995,-7.497829072653531
2021-03-03 09:28:00,3912.1015888289035,3967.08,-54.97841117109647
2021-03-03 09:29:00,3973.61805356171,3991.08,-17.461946438289942
2021-03-03 09:30:00,4011.507789342723,4058.3999999999996,-46.89221065727679
2021-03-03 09:31:00,4064.903285591769,4049.6000000000004,15.3032855917686
2021-03-03 09:32:00,3432.305528762233,3401.54,30.76552876223286
2021-03-03 09:33:00,1295.4209551556985,1298.18,-2.7590448443015703
2021-03-03 09:34:00,2152.718928858831,2063.46,89.25892885883104
2021-03-03 09:35:00,3996.9654786996507,4079.5600000000004,-82.5945213003497
2021-03-03 09:36:00,4168.678223857119,4245.450000000001,-76.77177614288212
2021-03-03 09:37:00,4098.641933855219,4165.75,-67.10806614478133
2021-03-03 09:38:00,3903.328849377111,3903.91,-0.5811506228887993
2021-03-03 09:39:00,4105.375944065935,4155.16,-49.78405593406478
2021-03-03 09:40:00,4045.017581349354,4103.459999999999,-58.44241865064532
2021-03-03 09:41:00,3819.6861164639536,3885.12,-65.43388353604632
2021-03-03 09:42:00,3354.339877123612,3308.5,45.83987712361204
2021-03-03 09:43:00,3769.350128405809,3771.78,-2.4298715941913542
2021-03-03 09:44:00,3207.8377048800094,3200.48,7.357704880009351
2021-03-03 09:45:00,4152.3027014905765,4182.82,-30.5172985094232
2021-03-03 09:46:00,4112.820798853184,4168.0599999999995,-55.2392011468155
2021-03-03 09:47:00,4103.832938338974,4147.969999999999,-44.137061661025655
2021-03-03 09:48:00,4103.124652802139,4133.619999999999,-30.4953471978597
2021-03-03 09:49:00,4108.35470343986,4122.9,-14.545296560139832
2021-03-03 09:50:00,4137.633287064998,4152.48,-14.84671293500196
2021-03-03 09:51:00,4123.740539188512,4116.4,7.340539188512594
2021-03-03 09:52:00,4138.815600267552,4137.73,1.0856002675527634
2021-03-03 09:53:00,4155.450253245145,4153.32,2.130253245145468
2021-03-03 09:54:00,4213.952489245989,4180.710000000001,33.24248924598851
2021-03-03 09:55:00,4230.112498560596,4192.4400000000005,37.67249856059516
2021-03-03 09:56:00,4266.221603299304,4208.88,57.34160329930364
2021-03-03 09:57:00,4321.015247361653,4263.6,57.41524736165229
2021-03-03 09:58:00,4333.592713462415,4280.6,52.99271346241494
2021-03-03 09:59:00,4348.763180177372,4299.3099999999995,49.453180177372815
2021-03-03 10:00:00,4394.0761271612655,4370.009999999999,24.066127161266195
2021-03-03 10:01:00,4457.631833095869,4403.370000000001,54.2618330958685
2021-03-03 10:02:00,4549.795971601567,4501.8,47.99597160156645
2021-03-03 10:03:00,4508.955840080606,4486.5,22.455840080606322
2021-03-03 10:04:00,4477.716473843474,4398.38,79.33647384347387
2021-03-03 10:05:00,4442.667059078362,4412.62,30.04705907836251
2021-03-03 10:06:00,4432.631366152687,4370.96,61.67136615268737
2021-03-03 10:07:00,4421.859123608684,4345.76,76.09912360868384
2021-03-03 10:08:00,4423.709997308229,4361.28,62.42999730822885
2021-03-03 10:09:00,4426.514495350172,4332.549999999999,93.96449535017291
2021-03-03 10:10:00,4416.41655663487,4352.4800000000005,63.9365566348697
2021-03-03 10:11:00,4426.001939010042,4356.000000000001,70.0019390100415
2021-03-03 10:12:00,4427.748891095911,4342.210000000001,85.53889109591
2021-03-03 10:13:00,4431.342958688551,4370.08,61.26295868855141
2021-03-03 10:14:00,4443.346301425937,4336.64,106.70630142593654
2021-03-03 10:15:00,4393.956661819663,4354.240000000001,39.71666181966248
2021-03-03 10:16:00,4413.255902565923,4325.450000000001,87.80590256592222
2021-03-03 10:17:00,4361.887415970561,4315.2,46.68741597056123
2021-03-03 10:18:00,4337.32096633612,4266.459999999999,70.86096633612124
2021-03-03 10:19:00,4336.831609543636,4279.36,57.47160954363608
2021-03-03 10:20:00,4353.498755812812,4292.26,61.23875581281209
2021-03-03 10:21:00,4366.757439222491,4286.24,80.5174392224908
2021-03-03 10:22:00,4351.896126687988,4269.04,82.85612668798785
2021-03-03 10:23:00,4340.443685092917,4272.48,67.96368509291733
2021-03-03 10:24:00,4350.508128845965,4278.5,72.00812884596508
2021-03-03 10:25:00,4349.113701671449,4303.71,45.4037016714492
2021-03-03 10:26:00,4349.630742132704,4293.98,55.65074213270418
2021-03-03 10:27:00,4358.953224537158,4289.68,69.27322453715806
2021-03-03 10:28:00,4340.390832990173,4272.48,67.91083299017373
2021-03-03 10:29:00,4350.466491779693,4287.1,63.366491779692296
2021-03-03 10:30:00,4384.190700604308,4287.3,96.89070060430822
2021-03-03 10:31:00,4364.579659216041,4304.299999999999,60.27965921604209
2021-03-03 10:32:00,4367.663938167381,4296.79,70.87393816738131
2021-03-03 10:33:00,4375.243559731031,4284.52,90.72355973103095
2021-03-03 10:34:00,4379.486860407612,4320.42,59.066860407611784
2021-03-03 10:35:00,4389.65464063852,4350.82,38.834640638519886
2021-03-03 10:36:00,4420.914967803391,4329.99,90.92496780339116
2021-03-03 10:37:00,4395.67204686387,4331.73,63.94204686387002
2021-03-03 10:38:00,4404.937354494855,4326.51,78.42735449485463
2021-03-03 10:39:00,4402.269825245823,4317.8099999999995,84.4598252458236
2021-03-03 10:40:00,4398.725612999933,4322.79,75.93561299993326
2021-03-03 10:41:00,4408.580718907288,4324.759999999999,83.82071890728912
2021-03-03 10:42:00,4413.740219828712,4336.64,77.10021982871149
2021-03-03 10:43:00,4433.24341273533,4335.21,98.03341273532988
2021-03-03 10:44:00,4434.730522255045,4371.84,62.89052225504474
2021-03-03 10:45:00,4421.4940439448865,4344.56,76.93404394488607
2021-03-03 10:46:00,4495.980939331809,4411.4400000000005,84.54093933180866
2021-03-03 10:47:00,4484.536655504757,4419.18,65.35665550475642
2021-03-03 10:48:00,4506.054596391293,4434.87,71.18459639129287
2021-03-03 10:49:00,4521.62723267988,4497.3,24.32723267987967
2021-03-03 10:50:00,4544.106977197948,4507.200000000001,36.906977197947526
2021-03-03 10:51:00,4569.559552668227,4569.11,0.44955266822762496
2021-03-03 10:52:00,4589.438157715129,4566.969999999999,22.468157715129564
2021-03-03 10:53:00,4650.578802376508,4619.31,31.268802376507665
2021-03-03 10:54:00,4346.093039864746,4210.07,136.02303986474635
2021-03-03 10:55:00,3916.6025298870227,3732.0,184.60252988702268
2021-03-03 10:56:00,4814.846918584027,4812.17,2.67691858402668
2021-03-03 10:57:00,4730.62028288541,4727.2,3.4202828854104155
2021-03-03 10:58:00,4669.514367838359,4663.34,6.174367838359103
2021-03-03 10:59:00,4671.382119471911,4669.92,1.4621194719111372
2021-03-03 11:00:00,4430.288478098802,4371.3,58.98847809880226
2021-03-03 11:01:00,3632.321133398223,3610.98,21.341133398223064
2021-03-03 11:02:00,4761.137031216795,4768.51,-7.372968783205579
2021-03-03 11:03:00,4670.102863371119,4637.96,32.14286337111935
2021-03-03 11:04:00,4605.263822372036,4565.039999999999,40.22382237203692
2021-03-03 11:05:00,4572.57786821798,4528.68,43.89786821797952
2021-03-03 11:06:00,4553.453266380503,4470.38,83.0732663805029
2021-03-03 11:07:00,4534.8286575888715,4449.360000000001,85.46865758887088
2021-03-03 11:08:00,4522.321382371622,4442.23,80.09138237162279
2021-03-03 11:09:00,4553.572711432934,4463.1,90.47271143293347
2021-03-03 11:10:00,4594.759096533845,4532.71,62.04909653384493
2021-03-03 11:11:00,4647.840542050485,4610.01,37.83054205048484
2021-03-03 11:12:00,4661.739994817582,4615.59,46.1499948175815
2021-03-03 11:13:00,4606.173712171859,4553.08,53.0937121718589
2021-03-03 11:14:00,4577.0038180852025,4506.32,70.6838180852028
2021-03-03 11:15:00,4586.414398576076,4530.44,55.974398576076055
2021-03-03 11:16:00,3500.5959780106955,3172.67,327.9259780106954
2021-03-03 11:17:00,4659.26685401517,4634.1900000000005,25.076854015169374
2021-03-03 11:18:00,4645.45672465001,4638.84,6.616724650009928
2021-03-03 11:19:00,4689.545784156643,4664.280000000001,25.26578415664244
2021-03-03 11:20:00,4635.582741589829,4645.969999999999,-10.387258410170034
2021-03-03 11:21:00,4695.262611651543,4721.4,-26.137388348456625
2021-03-03 11:22:00,4670.603738228015,4668.040000000001,2.56373822801379
2021-03-03 11:23:00,4615.068196308492,4616.9400000000005,-1.8718036915088305
2021-03-03 11:24:00,4608.658874217082,4550.049999999999,58.6088742170823
2021-03-03 11:25:00,4583.915642294096,4512.6900000000005,71.22564229409545
2021-03-03 11:26:00,4546.507709814345,4504.5,42.00770981434471
2021-03-03 11:27:00,4551.635257047903,4514.5599999999995,37.075257047903506
2021-03-03 11:28:00,4582.216365873255,4551.82,30.39636587325549
2021-03-03 11:29:00,4527.808160049636,4512.6,15.208160049635808
2021-03-03 11:30:00,4530.787837410172,4505.339999999999,25.447837410172724
2021-03-03 11:31:00,4542.946225871621,4491.9,51.04622587162157
2021-03-03 11:32:00,4562.723523072675,4516.200000000001,46.523523072673925
2021-03-03 11:33:00,4569.438577545401,4506.610000000001,62.82857754540055
2021-03-03 11:34:00,4591.467768868501,4509.9,81.56776886850093
2021-03-03 11:35:00,4620.135050871244,4516.200000000001,103.93505087124322
2021-03-03 11:36:00,4591.499410498756,4543.2,48.299410498756515
2021-03-03 11:37:00,4601.491581955864,4578.21,23.281581955863658
2021-03-03 11:38:00,4598.476935593534,4568.2,30.27693559353429
2021-03-03 11:39:00,4586.647308452853,4548.81,37.837308452852994
2021-03-03 11:40:00,4577.220000970175,4546.9400000000005,30.280000970174115
2021-03-03 11:41:00,4578.136227416807,4554.21,23.926227416806796
2021-03-03 11:42:00,4582.45080048266,4537.26,45.19080048266005
2021-03-03 11:43:00,4558.9298323147505,4561.43,-2.500167685249835
2021-03-03 11:44:00,4584.361362836125,4553.639999999999,30.72136283612599
2021-03-03 11:45:00,4561.812769759558,4509.0,52.81276975955825
2021-03-03 11:46:00,4602.680768092959,4547.7,54.9807680929589
2021-03-03 11:47:00,4582.178547417359,4522.5,59.67854741735937
2021-03-03 11:48:00,4564.601651050666,4510.52,54.08165105066564
2021-03-03 11:49:00,4542.185342529114,4504.89,37.29534252911344
2021-03-03 11:50:00,4529.348604985041,4477.59,51.75860498504062
2021-03-03 11:51:00,4559.082811449324,4517.1,41.98281144932389
2021-03-03 11:52:00,4592.26099444577,4542.3,49.96099444576976
2021-03-03 11:53:00,4597.992495409708,4542.48,55.51249540970821
2021-03-03 11:54:00,4570.0930954054575,4533.4,36.693095405457825
2021-03-03 11:55:00,4544.984064010464,4535.44,9.544064010464353
2021-03-03 11:56:00,4566.073253241347,4492.37,73.70325324134683
2021-03-03 11:57:00,4580.81302533665,4516.42,64.39302533664977
2021-03-03 11:58:00,4543.905957687269,4488.27,55.635957687268274
2021-03-03 11:59:00,4550.3521116765605,4480.26,70.09211167656031
2021-03-03 12:00:00,4563.649266333588,4507.2,56.44926633358773
2021-03-03 12:01:00,4589.797019223283,4539.780000000001,50.01701922328266
2021-03-03 12:02:00,4564.508841948708,4516.75,47.75884194870832
2021-03-03 12:03:00,4569.510287051182,4514.4,55.11028705118224
2021-03-03 12:04:00,4544.983818658533,4427.280000000001,117.70381865853233
2021-03-03 12:05:00,4451.522287769799,4336.98,114.54228776979926
2021-03-03 12:06:00,4569.411921427271,4471.360000000001,98.05192142727083
2021-03-03 12:07:00,4548.062431210605,4463.35,84.71243121060434
2021-03-03 12:08:00,4524.810875132232,4419.12,105.69087513223167
2021-03-03 12:09:00,4561.314000357338,4477.47,83.84400035733779
2021-03-03 12:10:00,4528.950908852824,4490.9400000000005,38.01090885282338
2021-03-03 12:11:00,4533.827900722822,4472.25,61.57790072282205
2021-03-03 12:12:00,4549.329559921459,4458.08,91.24955992145897
2021-03-03 12:13:00,4515.568688385534,4427.280000000001,88.28868838553353
2021-03-03 12:14:00,4526.5656078888505,4435.75,90.81560788885054
2021-03-03 12:15:00,4527.204924268573,4419.599999999999,107.604924268574
2021-03-03 12:16:00,4510.067651054932,4416.119999999999,93.94765105493298
2021-03-03 12:17:00,4519.959868031613,4428.7,91.25986803161322
2021-03-03 12:18:00,4524.552894221019,4410.03,114.52289422101967
2021-03-03 12:19:00,4504.9971293388235,4404.17,100.8271293388234
2021-03-03 12:20:00,4483.788282167471,4371.17,112.61828216747108
2021-03-03 12:21:00,4469.177888324897,4371.969999999999,97.2078883248978
2021-03-03 12:22:00,4477.431778301665,4349.879999999999,127.55177830166576
2021-03-03 12:23:00,4489.9548814262525,4373.77,116.1848814262521
2021-03-03 12:24:00,4510.360401555656,4386.0,124.3604015556557
2021-03-03 12:25:00,4506.72934993091,4410.869999999999,95.85934993091087
2021-03-03 12:26:00,4490.627046441877,4399.759999999999,90.86704644187739
2021-03-03 12:27:00,4470.898765518497,4401.41,69.48876551849753
2021-03-03 12:28:00,4464.278522597665,4385.67,78.60852259766489
2021-03-03 12:29:00,4440.81929000068,4385.929999999999,54.889290000680376
2021-03-03 12:30:00,4452.021675757538,4367.02,85.00167575753767
2021-03-03 12:31:00,4451.109242937093,4370.32,80.78924293709315
2021-03-03 12:32:00,4460.634232330109,4382.44,78.19423233010912
2021-03-03 12:33:00,4465.886474356904,4371.209999999999,94.67647435690469
2021-03-03 12:34:00,4457.932607061568,4342.139999999999,115.79260706156856
2021-03-03 12:35:00,4423.633346859647,3366.0399999999995,1057.5933468596472
2021-03-03 12:36:00,4439.564656470778,4294.2,145.36465647077785
2021-03-03 12:37:00,4417.370338427835,4284.0,133.37033842783512
2021-03-03 12:38:00,4401.787364667823,4282.3,119.48736466782248
2021-03-03 12:39:00,4416.811610091818,4316.3,100.5116100918176
2021-03-03 12:40:00,4416.66895927919,4276.4400000000005,140.22895927918944
2021-03-03 12:41:00,4404.11446197296,4275.6,128.5144619729599
2021-03-03 12:42:00,4389.029480870934,4287.360000000001,101.66948087093351
2021-03-03 12:43:00,4399.6761090905175,4285.68,113.99610909051717
2021-03-03 12:44:00,4395.468327991309,4282.32,113.14832799130909
2021-03-03 12:45:00,4385.592307145539,4277.280000000001,108.3123071455384
2021-03-03 12:46:00,4363.103517118555,4259.71,103.39351711855488
2021-03-03 12:47:00,4342.640481104092,4242.13,100.51048110409192
2021-03-03 12:48:00,4335.712108351774,4216.400000000001,119.31210835177353
2021-03-03 12:49:00,4309.872955818169,4192.33,117.5429558181695
2021-03-03 12:50:00,4319.631958365301,4222.960000000001,96.67195836530027
2021-03-03 12:51:00,4320.414521343962,4212.25,108.1645213439624
2021-03-03 12:52:00,4309.097877607597,4210.3,98.797877607597
2021-03-03 12:53:00,4287.407780870529,4192.66,94.74778087052891
2021-03-03 12:54:00,4253.970387651262,4188.5599999999995,65.41038765126268
2021-03-03 12:55:00,4254.435520242735,4175.44,78.99552024273544
2021-03-03 12:56:00,4270.99084608195,4164.78,106.21084608194997
2021-03-03 12:57:00,4275.320803688616,4158.61,116.71080368861658
2021-03-03 12:58:00,4256.379584895531,4152.849999999999,103.52958489553112
2021-03-03 12:59:00,4258.965291993613,4144.77,114.19529199361295
2021-03-03 13:00:00,4268.145681490545,4156.9,111.2456814905454
2021-03-03 13:01:00,4266.684560272014,4145.31,121.3745602720137
2021-03-03 13:02:00,4257.336419744617,4145.58,111.75641974461723
2021-03-03 13:03:00,4268.141031188253,4152.87,115.27103118825289
2021-03-03 13:04:00,4251.318877488822,4140.72,110.59887748882193
2021-03-03 13:05:00,4212.238126664338,4139.83,72.40812666433794
2021-03-03 13:06:00,4220.254331789953,4092.8,127.45433178995245
2021-03-03 13:07:00,4208.646059518648,4094.4,114.24605951864805
2021-03-03 13:08:00,4205.547463087024,4114.09,91.45746308702383
2021-03-03 13:09:00,4204.885127848747,4089.6,115.28512784874738
2021-03-03 13:10:00,4194.86048589489,4090.3999999999996,104.46048589489055
2021-03-03 13:11:00,4172.686608387277,4038.4800000000005,134.2066083872769
2021-03-03 13:12:00,4172.218110950156,4037.6900000000005,134.52811095015568
2021-03-03 13:13:00,4173.03884505517,4048.55,124.4888450551698
2021-03-03 13:14:00,4178.765961895945,4006.09,172.67596189594497
2021-03-03 13:15:00,4114.055021217601,4035.35,78.70502121760137
2021-03-03 13:16:00,4128.089806412784,4001.62,126.46980641278424
2021-03-03 13:17:00,4096.055123886219,4011.8599999999997,84.19512388621933
2021-03-03 13:18:00,4117.565743750329,4011.8599999999997,105.70574375032902
2021-03-03 13:19:00,4138.117164253204,4009.9799999999996,128.137164253204
2021-03-03 13:20:00,4116.939679879601,4019.3399999999997,97.5996798796009
2021-03-03 13:21:00,4082.4141272969114,3992.5600000000004,89.85412729691097
2021-03-03 13:22:00,4114.337278273641,3994.8700000000003,119.4672782736402
2021-03-03 13:23:00,4089.2082654796127,3973.2000000000003,116.00826547961242
2021-03-03 13:24:00,4069.925507427004,3960.88,109.04550742700394
2021-03-03 13:25:00,4065.0474175214463,3977.82,87.22741752144611
2021-03-03 13:26:00,4046.2669600426957,3983.2100000000005,63.05696004269521
2021-03-03 13:27:00,4045.382597664073,3941.8399999999997,103.54259766407313
2021-03-03 13:28:00,4024.1223171282477,3930.38,93.74231712824758
2021-03-03 13:29:00,4036.0012542875165,3925.4,110.60125428751644
2021-03-03 13:30:00,4033.0940907995614,3901.8399999999992,131.25409079956216
2021-03-03 13:31:00,4035.005585436917,3912.4799999999996,122.52558543691748
2021-03-03 13:32:00,4029.814417066654,3905.6400000000003,124.17441706665386
2021-03-03 13:33:00,3982.2263877437667,3882.76,99.46638774376652
2021-03-03 13:34:00,3970.7548844352323,3847.5,123.25488443523227
2021-03-03 13:35:00,3999.006564104477,3876.75,122.25656410447709
2021-03-03 13:36:00,3992.045185889645,3850.87,141.17518588964504
2021-03-03 13:37:00,3991.5303877576107,3846.75,144.7803877576107
2021-03-03 13:38:00,3988.2490562855037,3863.25,124.99905628550368
2021-03-03 13:39:00,4007.0592056349797,3885.0,122.05920563497966
2021-03-03 13:40:00,4053.100230662002,3920.8399999999997,132.2602306620024
2021-03-03 13:41:00,4013.7612763681905,3902.45,111.31127636819065
2021-03-03 13:42:00,3969.6717676624417,3878.25,91.42176766244165
2021-03-03 13:43:00,3917.2455793081913,3821.36,95.88557930819115
2021-03-03 13:44:00,3926.466717353698,3822.1000000000004,104.36671735369782
2021-03-03 13:45:00,3920.8488210853952,3839.8600000000006,80.98882108539465
2021-03-03 13:46:00,3894.458403214953,3804.34,90.11840321495265
2021-03-03 13:47:00,3900.9290227103293,3783.59,117.33902271032912
2021-03-03 13:48:00,3854.1127623530083,3768.99,85.12276235300851
2021-03-03 13:49:00,3803.2263025413704,3710.88,92.34630254137028
2021-03-03 13:50:00,3811.1828102239883,3715.17,96.01281022398825
2021-03-03 13:51:00,3796.205346037608,3719.52,76.68534603760781
2021-03-03 13:52:00,3816.384146599673,3733.2000000000003,83.18414659967266
2021-03-03 13:53:00,3825.7994666085433,3721.56,104.23946660854335
2021-03-03 13:54:00,3808.5752154360907,3666.4399999999996,142.13521543609113
2021-03-03 13:55:00,3818.128589775563,3692.71,125.41858977556285
2021-03-03 13:56:00,2909.351666420989,2708.37,200.9816664209893
2021-03-03 13:57:00,3753.8447796657015,3665.2,88.64477966570166
2021-03-03 13:58:00,3776.403120025179,3717.41,58.993120025178996
2021-03-03 13:59:00,3405.3940179866795,3301.83,103.56401798667957
2021-03-03 14:00:00,1925.9821058517402,1776.84,149.14210585174033
2021-03-03 14:01:00,3757.6624284189043,3780.7200000000003,-23.057571581096
2021-03-03 14:02:00,3721.6390733052926,3684.1000000000004,37.53907330529228
2021-03-03 14:03:00,3684.694409302765,3625.9500000000007,58.744409302764325
2021-03-03 14:04:00,3669.024783277392,3596.52,72.50478327739211
2021-03-03 14:05:00,3689.1698451837506,3577.4799999999996,111.689845183751
2021-03-03 14:06:00,3659.5933833234944,3562.12,97.47338332349455
2021-03-03 14:07:00,3636.670694878302,3551.33,85.3406948783022
2021-03-03 14:08:00,3592.659343661541,3495.3900000000003,97.26934366154046
2021-03-03 14:09:00,3600.9558970290614,3510.13,90.82589702906125
2021-03-03 14:10:00,3568.7408844354895,3465.0,103.74088443548953
2021-03-03 14:11:00,3577.998002993432,3499.27,78.7280029934318
2021-03-03 14:12:00,3556.491747090362,3494.04,62.451747090362005
2021-03-03 14:13:00,3497.0711541997084,3415.41,81.66115419970856
2021-03-03 14:14:00,3494.230383781986,3365.76,128.47038378198567
2021-03-03 14:15:00,3496.734972454679,3379.84,116.89497245467874
2021-03-03 14:16:00,3457.7208037146747,3381.76,75.96080371467451
2021-03-03 14:17:00,3409.8088098373064,3323.88,85.92880983730629
2021-03-03 14:18:00,3385.1239463399497,3297.7799999999997,87.34394633994998
2021-03-03 14:19:00,3450.357243710813,3342.7799999999997,107.57724371081304
2021-03-03 14:20:00,3446.2333231655634,3388.8,57.43332316556325
2021-03-03 14:21:00,3425.0138868380477,3359.31,65.70388683804777
2021-03-03 14:22:00,3422.6765254982033,3335.2200000000003,87.45652549820306
2021-03-03 14:23:00,3389.687449618546,3327.0699999999997,62.61744961854629
2021-03-03 14:24:00,3391.6714700871116,3318.33,73.3414700871117
2021-03-03 14:25:00,3372.509971814163,3322.67,49.83997181416271
2021-03-03 14:26:00,3381.678075894546,3294.6800000000003,86.99807589454576
2021-03-03 14:27:00,3359.6271439366087,3303.36,56.26714393660859
2021-03-03 14:28:00,3337.3874932943763,3299.0200000000004,38.36749329437589
2021-03-03 14:29:00,3326.9075477505235,3268.32,58.5875477505233
2021-03-03 14:30:00,3301.8591549237876,3245.2,56.65915492378781
2021-03-03 14:31:00,3278.9903836643616,3201.9,77.09038366436153
2021-03-03 14:32:00,3274.0873171810613,3190.2,83.88731718106146
2021-03-03 14:33:00,3276.810410737611,3189.5999999999995,87.21041073761171
2021-03-03 14:34:00,3241.5625971916766,3180.0200000000004,61.54259719167612
2021-03-03 14:35:00,3232.8968162484844,3142.9300000000003,89.96681624848406
2021-03-03 14:36:00,3206.3501995838656,3148.83,57.52019958386563
2021-03-03 14:37:00,3204.960195027225,3133.07,71.89019502722476
2021-03-03 14:38:00,3174.976021924031,3124.88,50.09602192403099
2021-03-03 14:39:00,3175.893287315878,3104.16,71.73328731587799
2021-03-03 14:40:00,3166.4050676568036,3094.88,71.52506765680346
2021-03-03 14:41:00,3141.814570617357,3074.96,66.85457061735679
2021-03-03 14:42:00,3122.1712290452815,3043.2300000000005,78.94122904528103
2021-03-03 14:43:00,3132.8004196955144,3057.4800000000005,75.32041969551392
2021-03-03 14:44:00,3085.8087272864013,3045.51,40.29872728640112
2021-03-03 14:45:00,3084.8367656601245,2997.68,87.15676566012462
2021-03-03 14:46:00,3078.208951174824,3008.3199999999997,69.88895117482434
2021-03-03 14:47:00,3066.033965301454,2982.51,83.5239653014537
2021-03-03 14:48:00,3062.9043802069195,2960.1,102.80438020691963
2021-03-03 14:49:00,3012.2564044550995,2940.3,71.95640445509935
2021-03-03 14:50:00,2992.3627590037154,2919.01,73.35275900371516
2021-03-03 14:51:00,2968.756954387597,2885.76,82.99695438759682
2021-03-03 14:52:00,2951.5246803108694,2897.6400000000003,53.884680310869044
2021-03-03 14:53:00,2932.196034043969,2866.55,65.64603404396894
2021-03-03 14:54:00,2940.1167512075826,2833.38,106.73675120758253
2021-03-03 14:55:00,2929.501907097649,2837.62,91.88190709764922
2021-03-03 14:56:00,2881.354759110351,2799.16,82.19475911035124
2021-03-03 14:57:00,2848.403240963918,2805.4,43.00324096391796
2021-03-03 14:58:00,2842.3224104926603,2793.44,48.882410492660256
2021-03-03 14:59:00,2845.90823159278,2774.93,70.97823159278005
2021-03-03 15:00:00,2825.8891505501397,2749.92,75.9691505501396
2021-03-03 15:01:00,2799.531286772542,2750.4299999999994,49.10128677254261
2021-03-03 15:02:00,2797.8410517871857,2740.74,57.10105178718595
2021-03-03 15:03:00,2769.500294051547,2726.16,43.34029405154706
2021-03-03 15:04:00,2776.843376835877,2697.0,79.84337683587682
2021-03-03 15:05:00,2770.2341108836267,2653.3500000000004,116.88411088362636
2021-03-03 15:06:00,2732.868279918608,2662.17,70.69827991860802
2021-03-03 15:07:00,2733.556589525274,2632.28,101.27658952527372
2021-03-03 15:08:00,2642.4625370493,2600.6400000000003,41.822537049299626
2021-03-03 15:09:00,2641.594564823186,2551.16,90.43456482318607
2021-03-03 15:10:00,2633.0993273364907,2545.99,87.10932733649088
2021-03-03 15:11:00,2637.3356977974036,2541.29,96.04569779740359
2021-03-03 15:12:00,2619.0570212730863,2538.9400000000005,80.11702127308581
2021-03-03 15:13:00,2625.486679860864,2541.29,84.19667986086415
2021-03-03 15:14:00,2611.2976090844472,1977.7600000000002,633.537609084447
2021-03-03 15:15:00,2586.2436215595926,2492.2799999999997,93.96362155959287
2021-03-03 15:16:00,2558.9088332074243,2501.0199999999995,57.888833207424796
2021-03-03 15:17:00,2528.3089778882704,2448.0,80.30897788827042
2021-03-03 15:18:00,2539.8636097059025,2453.3999999999996,86.46360970590285
2021-03-03 15:19:00,2519.5483582717966,2453.3999999999996,66.14835827179695
2021-03-03 15:20:00,2489.8019944756243,2443.95,45.85199447562445
2021-03-03 15:21:00,2422.800947211105,2342.21,80.59094721110478
2021-03-03 15:22:00,2091.304032088758,1981.4900000000002,109.81403208875781
2021-03-03 15:23:00,2400.7237606308763,2268.15,132.57376063087622
2021-03-03 15:24:00,2508.3339678254824,2401.96,106.3739678254824
2021-03-03 15:25:00,2608.43924014565,2512.0599999999995,96.37924014565033
2021-03-03 15:26:00,2127.7119525320923,2002.81,124.90195253209231
2021-03-03 15:27:00,2660.7014164178977,2569.0200000000004,91.68141641789725
2021-03-03 15:28:00,2558.734010957341,2485.58,73.15401095734114
2021-03-03 15:29:00,2557.289540864909,2459.25,98.03954086490921
2021-03-03 15:30:00,2632.32642339455,2566.2,66.12642339455033
2021-03-03 15:31:00,2722.987093834539,2658.9700000000003,64.01709383453863
2021-03-03 15:32:00,2647.560023939847,2625.12,22.440023939846924
2021-03-03 15:33:00,2609.3147385818306,2565.73,43.58473858183061
2021-03-03 15:34:00,2586.916788687612,2566.67,20.246788687612025
2021-03-03 15:35:00,2631.830957478976,2566.2,65.63095747897614
2021-03-03 15:36:00,2601.80206201608,2562.91,38.89206201608022
2021-03-03 15:37:00,2517.1122534460646,2506.08,11.032253446064715
2021-03-03 15:38:00,2541.0762236335922,1918.7600000000002,622.316223633592
2021-03-03 15:39:00,2517.8098810671154,2460.15,57.65988106711529
2021-03-03 15:40:00,2450.3117858097016,2405.92,44.39178580970156
2021-03-03 15:41:00,2243.7940827789853,2182.0,61.794082778985285
2021-03-03 15:42:00,2283.216538891202,2246.7999999999997,36.416538891202435
2021-03-03 15:43:00,2273.248249366441,2241.8799999999997,31.368249366441432
2021-03-03 15:44:00,2352.9916444664595,2249.2599999999998,103.73164446645978
2021-03-03 15:45:00,2420.1585548390444,2312.52,107.63855483904445
2021-03-03 15:46:00,2537.3398196317603,2410.32,127.01981963176013
2021-03-03 15:47:00,2490.17185487767,2403.7200000000003,86.45185487766958
2021-03-03 15:48:00,2229.3068664972648,2132.91,96.39686649726491
2021-03-03 15:49:00,1436.6058269082512,1428.0800000000002,8.52582690825102
2021-03-03 15:50:00,893.5272951492309,876.0,17.527295149230895
2021-03-03 15:51:00,1526.0022016197859,1495.7599999999998,30.2422016197861
2021-03-03 15:52:00,763.9284512148765,793.2,-29.271548785123514
2021-03-03 15:53:00,793.8985827001144,808.8,-14.901417299885566
2021-03-03 15:54:00,1036.6422129490754,1065.5700000000002,-28.927787050924735
2021-03-03 15:55:00,1239.7681720308553,1238.3200000000002,1.4481720308551758
2021-03-03 15:56:00,2007.970999351194,1950.2,57.77099935119395
2021-03-03 15:57:00,1869.028531783553,1839.09,29.938531783553117
2021-03-03 15:58:00,1889.8832764393421,1828.53,61.35327643934215
2021-03-03 15:59:00,1843.0315790663624,1769.6,73.43157906636247
2021-03-03 16:00:00,1756.5030088974165,1665.6,90.90300889741661
2021-03-03 16:01:00,776.0563060456435,755.3,20.756306045643555
2021-03-03 16:02:00,1179.7473636964053,1114.44,65.30736369640522
2021-03-03 16:03:00,1292.9281291905652,1219.02,73.9081291905652
2021-03-03 16:04:00,771.8316560891589,729.03,42.80165608915888
2021-03-03 16:05:00,1196.12935789307,1133.44,62.68935789306988
2021-03-03 16:06:00,1659.2993199184248,1519.29,140.0093199184248
2021-03-03 16:07:00,1698.1802580838737,1573.8799999999999,124.30025808387381
2021-03-03 16:08:00,1722.1398173760779,1629.2199999999998,92.91981737607807
2021-03-03 16:09:00,1219.4706275050953,1173.27,46.200627505095326
2021-03-03 16:10:00,439.5425170004945,492.18,-52.637482999505494
2021-03-03 16:11:00,1450.4909896379625,1305.06,145.4309896379625
2021-03-03 16:12:00,1502.0093063232541,1351.92,150.08930632325405
2021-03-03 16:13:00,1476.4048241712585,1351.1999999999998,125.20482417125868
2021-03-03 16:14:00,1459.7872194786025,1321.61,138.17721947860264
2021-03-03 16:15:00,1079.6095873456413,1063.0499999999997,16.559587345641603
2021-03-03 16:16:00,769.703118731667,732.36,37.343118731667005
2021-03-03 16:17:00,771.6387137705696,705.51,66.12871377056956
2021-03-03 16:18:00,1349.4777322722978,1218.3000000000002,131.1777322722976
2021-03-03 16:19:00,1344.231835652359,1189.23,155.00183565235898
2021-03-03 16:20:00,1343.327729535589,1158.0500000000002,185.27772953558883
2021-03-03 16:21:00,1280.2847283124247,1133.8,146.48472831242475
2021-03-03 16:22:00,1265.26576545882,1102.4099999999999,162.8557654588201
2021-03-03 16:23:00,1239.1300890309253,1076.73,162.4000890309253
2021-03-03 16:24:00,1216.0221331000762,1077.87,138.1521331000763
2021-03-03 16:25:00,1204.2412676725874,1023.3,180.9412676725874
2021-03-03 16:26:00,1186.028072639805,1017.3599999999999,168.66807263980513
2021-03-03 16:27:00,921.5091554316409,773.0799999999999,148.429155431641
2021-03-03 16:28:00,1136.3699228657904,990.17,146.19992286579043
2021-03-03 16:29:00,1121.5572903459756,966.11,155.4472903459756
2021-03-03 16:30:00,1095.5916313282419,931.98,163.61163132824186
2021-03-03 16:31:00,1087.5387928201897,932.94,154.5987928201896
2021-03-03 16:32:00,1090.9638949031018,908.1600000000001,182.80389490310176
2021-03-03 16:33:00,1083.6943325045504,908.0,175.6943325045504
2021-03-03 16:34:00,1052.1030008188377,878.8699999999999,173.2330008188378
2021-03-03 16:35:00,1017.083940899833,852.75,164.333940899833
2021-03-03 16:36:00,968.3523202116436,796.7399999999999,171.6123202116437
2021-03-03 16:37:00,960.3007922677714,796.8800000000001,163.42079226777128
2021-03-03 16:38:00,922.5498134215914,766.0200000000001,156.52981342159126
2021-03-03 16:39:00,928.0027527192813,738.53,189.4727527192813
2021-03-03 16:40:00,891.0105832037344,741.1299999999999,149.88058320373455
2021-03-03 16:41:00,872.0207265578646,705.3399999999999,166.68072655786466
2021-03-03 16:42:00,858.938764333199,680.6400000000001,178.29876433319885
2021-03-03 16:43:00,832.5123086115726,681.24,151.2723086115726
2021-03-03 16:44:00,797.6759225721365,648.26,149.41592257213654
2021-03-03 16:45:00,789.6376628654921,623.5900000000001,166.04766286549193
2021-03-03 16:46:00,784.5479598035714,593.13,191.41795980357142
2021-03-03 16:47:00,764.8262892488132,566.4000000000001,198.42628924881308
2021-03-03 16:48:00,751.4567945341408,568.4000000000001,183.05679453414075
2021-03-03 16:49:00,736.6638280147058,567.5,169.1638280147058
2021-03-03 16:50:00,684.8787550734633,569.9000000000001,114.97875507346316
2021-03-03 16:51:00,686.9544780300218,566.5999999999999,120.35447803002194
2021-03-03 16:52:00,706.8434381487406,566.0,140.84343814874057
2021-03-03 16:53:00,684.8759808939816,564.8,120.07598089398164
2021-03-03 16:54:00,694.5210815806339,509.49,185.0310815806339
2021-03-03 16:55:00,596.0286807168934,475.18000000000006,120.84868071689334
2021-03-03 16:56:00,623.3415130588503,505.9800000000001,117.36151305885022
2021-03-03 16:57:00,575.038170150043,450.48,124.558170150043
2021-03-03 16:58:00,451.12459088832935,381.85,69.27459088832933
2021-03-03 16:59:00,396.99118757441323,328.08,68.91118757441325
2021-03-03 17:00:00,270.9479241528584,233.77,37.17792415285837
2021-03-03 17:01:00,305.4266970857671,260.95,44.476697085767114
2021-03-03 17:02:00,231.29163711757099,211.16000000000003,20.13163711757096
2021-03-03 17:03:00,309.9865325551279,273.15,36.83653255512792
2021-03-03 17:04:00,200.80831571497833,207.96000000000004,-7.151684285021702
2021-03-03 17:05:00,209.48958764873743,208.72000000000003,0.7695876487373994
2021-03-03 17:06:00,369.929113223023,298.49,71.43911322302301
2021-03-03 17:07:00,394.55704426773724,274.4,120.15704426773726
2021-03-03 17:08:00,349.3192845766427,274.04999999999995,75.26928457664275
2021-03-03 17:09:00,241.72388020659656,211.64000000000001,30.083880206596547
2021-03-03 17:10:00,217.18524819914114,212.04,5.14524819914115
2021-03-03 17:11:00,311.89900881799264,218.40000000000003,93.4990088179926
2021-03-03 17:12:00,294.9684917697055,217.0,77.96849176970551
2021-03-03 17:13:00,245.9120196021949,213.24,32.672019602194894
2021-03-03 17:14:00,205.74003953671888,183.45000000000002,22.290039536718865
2021-03-03 17:15:00,249.71176517427568,186.13,63.58176517427569
2021-03-03 17:16:00,166.32524362579414,154.41,11.915243625794147
2021-03-03 17:17:00,143.59475542148186,152.84999999999997,-9.255244578518102
2021-03-03 17:18:00,135.3578310013816,154.05,-18.6921689986184
2021-03-03 17:19:00,135.1208432315048,153.32999999999998,-18.209156768495177
2021-03-03 17:20:00,121.14710975568052,127.4,-6.252890244319488
2021-03-03 17:21:00,138.03198853201388,154.70999999999998,-16.678011467986096
2021-03-03 17:22:00,139.9784960509822,154.23,-14.251503949017803
2021-03-03 17:23:00,133.225837028366,126.14,7.085837028365987
2021-03-03 17:24:00,112.59022341989782,125.69,-13.099776580102173
2021-03-03 17:25:00,106.84982039924198,126.35,-19.500179600758017
2021-03-03 17:26:00,100.71007340754429,102.18,-1.469926592455721
2021-03-03 17:27:00,102.42449165918863,101.78,0.6444916591886312
2021-03-03 17:28:00,92.65691562730316,103.78,-11.123084372696837
2021-03-03 17:29:00,73.3976881063655,103.58000000000001,-30.18231189363452
2021-03-03 17:30:00,76.1869426017631,74.47,1.7169426017631082
2021-03-03 17:31:00,78.83623810495178,73.05000000000001,5.786238104951764
2021-03-03 17:32:00,61.32499791653787,69.38,-8.055002083462128
2021-03-03 17:33:00,54.35383255005199,62.92,-8.566167449948011
2021-03-03 17:34:00,53.32954555506483,59.53,-6.200454444935168
2021-03-03 17:35:00,45.01858678890178,43.45,1.5685867889017757
2021-03-03 17:36:00,38.0056330248248,51.870000000000005,-13.864366975175201
2021-03-03 17:37:00,34.043152282700575,41.88,-7.8368477172994275
2021-03-03 17:38:00,26.53843533117231,40.4,-13.86156466882769
2021-03-03 17:39:00,25.7433963487171,38.69,-12.9466036512829
2021-03-03 17:40:00,26.3216707778871,35.14,-8.8183292221129
2021-03-03 17:41:00,64.59498090067987,33.46,31.13498090067987
2021-03-03 17:42:00,63.18973251964412,30.17,33.019732519644116
2021-03-03 17:43:00,48.40478007122096,25.87,22.53478007122096
2021-03-03 17:44:00,37.51173661247998,24.990000000000002,12.521736612479977
2021-03-03 17:45:00,60.69286735508863,26.7,33.992867355088634
2021-03-03 17:46:00,35.092267154052365,24.35,10.742267154052364
2021-03-03 17:47:00,32.03553937651155,25.950000000000003,6.085539376511548
2021-03-03 17:48:00,63.438017915884565,25.29,38.148017915884566
2021-03-03 17:49:00,66.93820875955394,12.120000000000001,54.81820875955394
2021-03-03 17:50:00,35.86850675197962,30.630000000000003,5.238506751979621
2021-03-03 17:51:00,33.13740535276271,10.65,22.487405352762714
2021-03-03 17:53:00,43.39611182869789,23.990000000000002,19.406111828697888
2021-03-03 17:57:00,38.09960231849604,11.56,26.539602318496037
2021-03-03 17:58:00,42.280098849948445,11.770000000000001,30.51009884994844
2021-03-03 17:59:00,40.758608040045125,22.880000000000003,17.878608040045123
2021-03-04 05:24:00,41.2558143302086,17.91,23.3458143302086
2021-03-04 05:25:00,40.883003458320324,20.72,20.163003458320325
2021-03-04 05:26:00,43.223950302204074,23.04,20.183950302204074
2021-03-04 05:27:00,41.994504530172364,27.990000000000002,14.004504530172362
2021-03-04 05:28:00,47.80728601992802,48.650000000000006,-0.8427139800719843
2021-03-04 05:29:00,45.679275001538414,50.510000000000005,-4.830724998461591
2021-03-04 05:30:00,48.03866281899683,51.59,-3.55133718100317
2021-03-04 05:31:00,29.41654235262301,53.68,-24.26345764737699
2021-03-04 05:32:00,28.781389415663106,54.58,-25.798610584336892
2021-03-04 05:33:00,29.36384723052017,54.260000000000005,-24.896152769479833
2021-03-04 05:34:00,31.951504705793013,55.75,-23.798495294206987
2021-03-04 05:35:00,40.46708015634563,55.45,-14.982919843654372
2021-03-04 05:36:00,43.28797193000409,56.800000000000004,-13.512028069995914
2021-03-04 05:37:00,54.899190143417734,57.27,-2.3708098565822695
2021-03-04 05:38:00,63.056572886577726,56.67,6.386572886577724
2021-03-04 05:39:00,66.3216847842051,58.269999999999996,8.051684784205108
2021-03-04 05:40:00,80.11727403904759,58.69,21.42727403904759
2021-03-04 05:41:00,77.26097843307315,57.29,19.97097843307315
2021-03-04 05:42:00,86.17140208536148,97.64000000000001,-11.468597914638536
2021-03-04 05:43:00,124.8544421566348,120.53999999999999,4.3144421566348115
2021-03-04 05:44:00,126.83475766986993,148.14,-21.305242330130056
2021-03-04 05:45:00,121.3964972795107,155.33999999999997,-33.94350272048928
2021-03-04 05:46:00,153.32673281739352,183.63,-30.303267182606476
2021-03-04 05:47:00,175.13889180743772,182.96,-7.821108192562292
2021-03-04 05:48:00,177.6104650801699,211.48000000000002,-33.86953491983013
2021-03-04 05:49:00,185.50964042574756,180.93,4.579640425747556
2021-03-04 05:50:00,169.88865090234884,212.4,-42.51134909765116
2021-03-04 05:51:00,210.08947874750947,214.32,-4.230521252490519
2021-03-04 05:52:00,215.34891314034525,213.36,1.9889131403452325
2021-03-04 05:53:00,237.35761316340813,240.74,-3.382386836591877
2021-03-04 05:54:00,263.9383331217721,270.2,-6.2616668782279135
2021-03-04 05:55:00,300.30131037312236,295.51,4.791310373122371
2021-03-04 05:56:00,305.8942083949529,323.03999999999996,-17.145791605047066
2021-03-04 05:57:00,332.5335530108309,325.86,6.673553010830858
2021-03-04 05:58:00,351.92198096783085,295.8,56.12198096783084
2021-03-04 05:59:00,326.3817982371207,298.65,27.7317982371207
2021-03-04 06:00:00,362.52157772875603,299.73,62.79157772875601
2021-03-04 06:01:00,372.9753496400106,299.82,73.15534964001063
2021-03-04 06:02:00,380.57286169442125,292.81,87.76286169442125
2021-03-04 06:03:00,383.22840715185583,321.9,61.328407151855856
2021-03-04 06:04:00,388.81435954052114,319.2,69.61435954052115
2021-03-04 06:05:00,391.2299158166798,323.52,67.70991581667982
2021-03-04 06:06:00,354.0888607605592,317.94,36.14886076055922
2021-03-04 06:07:00,373.1003948962652,300.12,72.98039489626518
2021-03-04 06:08:00,421.47836904910713,355.0,66.47836904910713
2021-03-04 06:09:00,455.00729947001616,354.28999999999996,100.7172994700162
2021-03-04 06:10:00,439.5440343554338,386.26,53.28403435543379
2021-03-04 06:11:00,478.88690408485513,412.39,66.49690408485515
2021-03-04 06:12:00,496.480314631264,412.73,83.75031463126396
2021-03-04 06:13:00,488.60798971537884,413.03999999999996,75.56798971537887
2021-03-04 06:14:00,521.42166716143,413.89,107.53166716143005
2021-03-04 06:15:00,545.5574968447198,443.76,101.79749684471983
2021-03-04 06:16:00,561.190950669906,470.69,90.50095066990599
2021-03-04 06:17:00,597.8608574148254,471.68000000000006,126.18085741482537
2021-03-04 06:18:00,619.4436523948052,501.66,117.78365239480519
2021-03-04 06:19:00,627.8036506124289,525.1700000000001,102.63365061242882
2021-03-04 06:20:00,664.9121420981737,526.05,138.86214209817376
2021-03-04 06:21:00,621.202603970564,523.44,97.76260397056399
2021-03-04 06:22:00,720.4762605595967,612.37,108.10626055959665
2021-03-04 06:23:00,787.4093649865218,638.5,148.90936498652184
2021-03-04 06:24:00,774.0561047955568,696.53,77.52610479555688
2021-03-04 06:25:00,844.5170872930291,725.79,118.72708729302917
2021-03-04 06:26:00,799.0162313430642,750.89,48.126231343064205
2021-03-04 06:27:00,860.4748463539862,752.86,107.6148463539862
2021-03-04 06:28:00,933.0154637654567,809.04,123.97546376545677
2021-03-04 06:29:00,930.1107793114485,805.51,124.60077931144849
2021-03-04 06:30:00,961.5465641202934,862.0,99.5465641202934
2021-03-04 06:31:00,972.2098191421447,860.75,111.45981914214474
2021-03-04 06:32:00,880.161425259563,799.9499999999999,80.21142525956304
2021-03-04 06:33:00,598.270563910412,581.79,16.480563910412002
2021-03-04 06:34:00,868.57438375554,811.31,57.26438375554005
2021-03-04 06:35:00,898.5196521526519,864.4100000000001,34.10965215265185
2021-03-04 06:36:00,956.9877988973464,835.6500000000001,121.33779889734626
2021-03-04 06:37:00,954.5019424321791,836.6999999999999,117.8019424321792
2021-03-04 06:38:00,907.0773107856456,828.8999999999999,78.17731078564577
2021-03-04 06:39:00,952.1295708046381,913.5,38.62957080463809
2021-03-04 06:40:00,1020.3592846407848,974.53,45.82928464078486
2021-03-04 06:41:00,1047.7371276730137,974.5600000000001,73.17712767301362
2021-03-04 06:42:00,986.298199023447,946.2199999999999,40.07819902344704
2021-03-04 06:43:00,960.1015318731789,923.31,36.791531873179
2021-03-04 06:44:00,941.6813989800397,874.63,67.05139898003972
2021-03-04 06:45:00,1049.6901348597096,995.97,53.72013485970956
2021-03-04 06:46:00,1154.963305937112,1138.63,16.333305937111845
2021-03-04 06:47:00,1190.9438751067626,1136.92,54.02387510676249
2021-03-04 06:48:00,1205.8665987065513,1167.6100000000001,38.25659870655113
2021-03-04 06:49:00,1235.5616773639128,1168.77,66.79167736391287
2021-03-04 06:50:00,1242.0080442126755,1217.14,24.868044212675386
2021-03-04 06:51:00,1291.1335790068233,1213.35,77.7835790068234
2021-03-04 06:52:00,1358.1991486366478,1213.35,144.8491486366479
2021-03-04 06:53:00,1374.2409260442487,1261.77,112.4709260442487
2021-03-04 06:54:00,1331.8349691813671,1270.8899999999999,60.94496918136724
2021-03-04 06:55:00,1361.6913861838448,1289.84,71.85138618384485
2021-03-04 06:56:00,1388.4317236030756,1315.79,72.64172360307566
2021-03-04 06:57:00,1351.0980892146213,1257.06,94.03808921462132
2021-03-04 06:58:00,1456.4124704242147,1400.0,56.41247042421469
2021-03-04 06:59:00,1547.5434524626337,1491.7600000000002,55.78345246263348
2021-03-04 07:00:00,1502.0877495696088,1431.5500000000002,70.53774956960865
2021-03-04 07:01:00,1627.287987597603,1539.08,88.20798759760305
2021-03-04 07:02:00,1683.645912628349,1657.3700000000001,26.275912628348806
2021-03-04 07:03:00,1752.2566950969651,1680.3000000000002,71.95669509696495
2021-03-04 07:04:00,1646.6218230777101,1592.3999999999999,54.22182307771027
2021-03-04 07:05:00,1168.7520457260423,1132.46,36.29204572604226
2021-03-04 07:06:00,1234.1610018339356,1247.4,-13.238998166064448
2021-03-04 07:07:00,1800.191876810174,1756.9700000000003,43.22187681017385
2021-03-04 07:08:00,1806.756554088686,1805.37,1.3865540886861254
2021-03-04 07:09:00,1807.4752697587041,1804.47,3.0052697587041166
2021-03-04 07:10:00,1698.8315965751585,1723.9099999999999,-25.078403424841326
2021-03-04 07:11:00,1728.9516412804273,1691.1,37.85164128042743
2021-03-04 07:12:00,1715.1213407515627,1665.8999999999999,49.22134075156282
2021-03-04 07:13:00,1026.2984257599098,998.4,27.898425759909856
2021-03-04 07:14:00,1840.155463883982,1782.08,58.07546388398214
2021-03-04 07:15:00,1919.4143956373323,1860.7499999999998,58.66439563733252
2021-03-04 07:16:00,1960.5768505125022,1910.5299999999997,50.04685051250249
2021-03-04 07:17:00,1946.2689472659024,1876.46,69.80894726590236
2021-03-04 07:18:00,1873.2192011632992,1878.5,-5.2807988367007965
2021-03-04 07:19:00,1820.8018906911261,1764.48,56.3218906911261
2021-03-04 07:20:00,819.2006207134642,804.9,14.300620713464241
2021-03-04 07:21:00,1872.028552657435,1851.79,20.238552657435093
2021-03-04 07:22:00,1988.026995397328,1943.8999999999999,44.12699539732807
2021-03-04 07:23:00,1532.538606973809,1492.2900000000002,40.24860697380882
2021-03-04 07:24:00,706.0618899687194,721.9300000000001,-15.868110031280708
2021-03-04 07:25:00,977.6858399525586,939.5600000000001,38.12583995255852
2021-03-04 07:26:00,1971.9468864155876,1895.8400000000001,76.1068864155875
2021-03-04 07:27:00,1612.0650604614987,1568.52,43.54506046149868
2021-03-04 07:28:00,2405.135196524098,2365.0699999999997,40.065196524098155
2021-03-04 07:29:00,2400.615572377836,2352.3599999999997,48.255572377836415
2021-03-04 07:30:00,2318.825543570224,2317.98,0.8455435702239811
2021-03-04 07:31:00,2290.0776164758,2301.6,-11.522383524199995
2021-03-04 07:32:00,2227.6138656685334,2262.3799999999997,-34.76613433146622
2021-03-04 07:33:00,2214.110038667187,2246.8,-32.689961332813255
2021-03-04 07:34:00,2187.774337876492,2215.65,-27.875662123507936
2021-03-04 07:35:00,2197.6730085926342,2219.2599999999998,-21.58699140736553
2021-03-04 07:36:00,2192.3676071598647,2243.1099999999997,-50.742392840134926
2021-03-04 07:37:00,2240.382233055869,2269.11,-28.727766944130963
2021-03-04 07:38:00,2291.629360868098,2303.7,-12.070639131901771
2021-03-04 07:39:00,2332.242824093505,2359.84,-27.597175906495067
2021-03-04 07:40:00,2310.83057867653,2356.83,-45.99942132346996
2021-03-04 07:41:00,2384.1023402445544,2407.2400000000007,-23.137659755446293
2021-03-04 07:42:00,2366.2396799047046,2439.08,-72.84032009529528
2021-03-04 07:43:00,2408.9523177851975,2462.3999999999996,-53.44768221480217
2021-03-04 07:44:00,2356.695058542209,2411.2,-54.504941457790665
2021-03-04 07:45:00,702.4795440840986,769.3700000000001,-66.8904559159015
2021-03-04 07:46:00,1779.067326577136,1805.4299999999998,-26.362673422863736
2021-03-04 07:47:00,560.8545306925811,628.3199999999999,-67.46546930741886
2021-03-04 07:48:00,505.9260524770249,544.31,-38.38394752297506
2021-03-04 07:49:00,495.0384658284001,553.96,-58.921534171599944
2021-03-04 07:50:00,1027.6751067819396,1078.0,-50.324893218060424
2021-03-04 07:51:00,1376.3550269989423,1419.8600000000001,-43.504973001057806
2021-03-04 07:52:00,2465.0800216137045,2510.55,-45.46997838629568
2021-03-04 07:53:00,2635.5078091798837,2692.55,-57.0421908201165
2021-03-04 07:54:00,2629.9411760511603,2763.5,-133.55882394883974
2021-03-04 07:55:00,2776.5817515652056,2858.46,-81.87824843479439
2021-03-04 07:56:00,2771.6010864022123,2843.88,-72.27891359778778
2021-03-04 07:57:00,2764.7981671986927,2802.04,-37.24183280130728
2021-03-04 07:58:00,2827.9453085420046,2884.26,-56.31469145799565
2021-03-04 07:59:00,2846.5004194623625,2921.9400000000005,-75.439580537638
2021-03-04 08:00:00,2788.6096691323837,2862.0,-73.39033086761629
2021-03-04 08:01:00,2764.7791423877507,2832.83,-68.05085761224927
2021-03-04 08:02:00,2739.8811185336294,2800.7200000000003,-60.83888146637082
2021-03-04 08:03:00,2709.667064361765,2774.76,-65.0929356382353
2021-03-04 08:04:00,2702.161556607203,2750.43,-48.26844339279705
2021-03-04 08:05:00,2685.3428520358984,2722.34,-36.997147964101714
2021-03-04 08:06:00,2583.264060817259,2636.69,-53.425939182740876
2021-03-04 08:07:00,2675.714324974237,2716.7799999999997,-41.06567502576263
2021-03-04 08:08:00,2698.025424468481,2745.33,-47.30457553151882
2021-03-04 08:09:00,2713.9414871127983,2764.96,-51.01851288720172
2021-03-04 08:10:00,2729.236057516217,2796.5600000000004,-67.32394248378341
2021-03-04 08:11:00,2747.3737321728713,2802.8,-55.42626782712887
2021-03-04 08:12:00,2791.1327454011102,2842.39,-51.25725459888963
2021-03-04 08:13:00,2813.083992741144,2845.5699999999997,-32.48600725885581
2021-03-04 08:14:00,2819.522528517361,2868.16,-48.63747148263883
2021-03-04 08:15:00,2834.5485717540155,2888.4600000000005,-53.91142824598501
2021-03-04 08:16:00,2881.939731590944,2898.1800000000003,-16.24026840905617
2021-03-04 08:17:00,2894.4565792951585,2946.3500000000004,-51.8934207048419
2021-03-04 08:18:00,2952.735121174646,2989.8399999999997,-37.10487882535381
2021-03-04 08:19:00,2975.9558149053632,3045.51,-69.55418509463698
2021-03-04 08:20:00,3071.253502129666,3114.02,-42.766497870334206
2021-03-04 08:21:00,3130.4856677838966,3157.09,-26.604332216103558
2021-03-04 08:22:00,3056.861828683799,3101.9700000000003,-45.10817131620115
2021-03-04 08:23:00,2998.4785250022383,3061.8199999999997,-63.34147499776145
2021-03-04 08:24:00,2963.040862198595,3055.69,-92.64913780140523
2021-03-04 08:25:00,3010.1794615314643,3064.72,-54.54053846853549
2021-03-04 08:26:00,3029.4015165780925,3049.64,-20.238483421907404
2021-03-04 08:27:00,2959.225092784079,3001.05,-41.82490721592103
2021-03-04 08:28:00,3088.1760831895613,3101.2599999999998,-13.083916810438495
2021-03-04 08:29:00,2904.3022094998714,2883.1900000000005,21.112209499870914
2021-03-04 08:30:00,3257.516072812686,3247.31,10.206072812686216
2021-03-04 08:31:00,3370.0461842238715,3394.5600000000004,-24.513815776128922
2021-03-04 08:32:00,2086.4324481329595,2038.3099999999997,48.12244813295979
2021-03-04 08:33:00,2544.032717214907,2416.16,127.87271721490697
2021-03-04 08:34:00,3473.075251290238,3541.62,-68.54474870976173
2021-03-04 08:35:00,2647.4571394518002,2701.87,-54.41286054819966
2021-03-04 08:36:00,3342.9479015971187,3474.8999999999996,-131.9520984028809
2021-03-04 08:37:00,3242.164922162173,3303.7200000000003,-61.55507783782741
2021-03-04 08:38:00,3211.2978255925173,3248.18,-36.88217440748258
2021-03-04 08:39:00,3252.9977702471606,3310.4400000000005,-57.44222975283992
2021-03-04 08:40:00,2322.893801018181,2314.4,8.493801018180875
2021-03-04 08:41:00,2343.587171139627,2398.69,-55.10282886037294
2021-03-04 08:42:00,3200.8116579712773,3210.4300000000003,-9.618342028722964
2021-03-04 08:43:00,3420.6181016631294,3477.34,-56.72189833687071
2021-03-04 08:44:00,3326.683696110949,3450.8500000000004,-124.1663038890515
2021-03-04 08:45:00,3312.3975615775435,3379.84,-67.44243842245669
2021-03-04 08:46:00,3292.2924423788554,3391.36,-99.06755762114472
2021-03-04 08:47:00,3328.078311583195,3358.96,-30.88168841680499
2021-03-04 08:48:00,3328.3329711792944,3373.12,-44.78702882070547
2021-03-04 08:49:00,3324.024472384839,3386.2400000000002,-62.215527615161136
2021-03-04 08:50:00,3318.364007399394,3393.7900000000004,-75.4259926006066
2021-03-04 08:51:00,3393.9024206221957,3446.95,-53.04757937780414
2021-03-04 08:52:00,3352.640494888318,3438.05,-85.40950511168239
2021-03-04 08:53:00,3367.9693716890497,3436.55,-68.58062831095049
2021-03-04 08:54:00,3364.766867016672,3428.19,-63.42313298332783
2021-03-04 08:55:00,3417.035009755059,3443.84,-26.80499024494111
2021-03-04 08:56:00,3426.9101663338274,3439.8,-12.889833666172763
2021-03-04 08:57:00,3395.4663395051784,3439.8,-44.33366049482174
2021-03-04 08:58:00,3400.69057410626,3459.7200000000003,-59.029425893740154
2021-03-04 08:59:00,3414.026612448506,3461.7,-47.67338755149376
2021-03-04 09:00:00,3410.5606437899382,3483.4799999999996,-72.91935621006132
2021-03-04 09:01:00,3409.7411756601514,3482.58,-72.83882433984854
2021-03-04 09:02:00,3430.4118395982405,3488.6900000000005,-58.27816040176003
2021-03-04 09:03:00,3428.8690681338285,3499.41,-70.54093186617138
2021-03-04 09:04:00,3475.725258840636,3536.0,-60.27474115936411
2021-03-04 09:05:00,3481.818885322899,3531.92,-50.10111467710112
2021-03-04 09:06:00,3520.2118773279635,3558.4799999999996,-38.26812267203604
2021-03-04 09:07:00,3505.6964754392616,3557.11,-51.41352456073855
2021-03-04 09:08:00,3526.541564579928,3548.2,-21.658435420071783
2021-03-04 09:09:00,3507.8220896690646,3560.6499999999996,-52.82791033093508
2021-03-04 09:10:00,3547.461659851769,3578.34,-30.87834014823102
2021-03-04 09:11:00,3568.472844508548,2785.5,782.972844508548
2021-03-04 09:12:00,3553.954204232285,3613.2400000000002,-59.28579576771517
2021-03-04 09:13:00,3595.999403466734,3607.08,-11.080596533266089
2021-03-04 09:14:00,3603.746195690418,3615.5,-11.753804309581938
2021-03-04 09:15:00,3631.645300130978,3649.1000000000004,-17.454699869022534
2021-03-04 09:16:00,3634.016146703883,3659.6000000000004,-25.583853296117468
2021-03-04 09:17:00,3658.0546091323,3689.16,-31.105390867699953
2021-03-04 09:18:00,3660.189345064836,3689.87,-29.680654935164057
2021-03-04 09:19:00,3695.556445802405,3741.12,-45.56355419759484
2021-03-04 09:20:00,3723.548786586655,3732.48,-8.931213413345176
2021-03-04 09:21:00,3714.256777264962,3736.0800000000004,-21.8232227350386
2021-03-04 09:22:00,3712.6044983136017,3767.96,-55.355501686398384
2021-03-04 09:23:00,3705.2511241386483,3751.2,-45.94887586135155
2021-03-04 09:24:00,3724.2707359195742,3760.6800000000003,-36.409264080426055
2021-03-04 09:25:00,3717.5066054091253,3749.04,-31.53339459087465
2021-03-04 09:26:00,3723.8134491139267,3765.34,-41.52655088607344
2021-03-04 09:27:00,3745.388189767377,3771.91,-26.52181023262301
2021-03-04 09:28:00,3727.9233934322365,3792.5,-64.57660656776352
2021-03-04 09:29:00,3773.9262501726025,3806.4500000000003,-32.52374982739775
2021-03-04 09:30:00,3772.848201953597,3804.48,-31.63179804640322
2021-03-04 09:31:00,3783.648480200448,3825.8,-42.15151979955226
2021-03-04 09:32:00,3809.3043282813173,3849.6,-40.29567171868257
2021-03-04 09:33:00,3796.2141313128586,3884.25,-88.03586868714137
2021-03-04 09:34:00,3854.1729945666484,3871.5,-17.327005433351587
2021-03-04 09:35:00,3863.287921095624,3887.25,-23.962078904376085
2021-03-04 09:36:00,3847.3939851891178,3880.09,-32.69601481088239
2021-03-04 09:37:00,3853.1206032996124,3890.71,-37.589396700387624
2021-03-04 09:38:00,3873.5539745476995,3915.5199999999995,-41.96602545230007
2021-03-04 09:39:00,3890.324637743949,3907.1599999999994,-16.835362256050303
2021-03-04 09:40:00,3908.7438914148515,3923.8600000000006,-15.11610858514905
2021-03-04 09:41:00,3907.8134785908956,3955.49,-47.676521409104225
2021-03-04 09:42:00,3907.093256455539,3944.71,-37.61674354446086
2021-03-04 09:43:00,3918.1163668168283,3961.6500000000005,-43.53363318317224
2021-03-04 09:44:00,3989.3412162332124,4035.9500000000007,-46.60878376678829
2021-03-04 09:45:00,3003.4712042019896,2913.96,89.51120420198959
2021-03-04 09:46:00,4080.999766946559,4117.6,-36.60023305344157
2021-03-04 09:47:00,4034.6070406573554,4056.6500000000005,-22.04295934264519
2021-03-04 09:48:00,4039.6982657347103,4040.8500000000004,-1.151734265290088
2021-03-04 09:49:00,4043.6545228365794,4040.0600000000004,3.594522836579017
2021-03-04 09:50:00,4078.6998727309374,4086.3999999999996,-7.70012726906225
2021-03-04 09:51:00,4122.221095662624,4090.5199999999995,31.70109566262454
2021-03-04 09:52:00,4116.4099317981245,4089.6000000000004,26.809931798124126
2021-03-04 09:53:00,4137.699771394223,4112.0,25.699771394222807
2021-03-04 09:54:00,4076.310941421704,4063.5699999999997,12.740941421704065
2021-03-04 09:55:00,4121.9161103564375,4103.459999999999,18.45611035643833
2021-03-04 09:56:00,4140.481210580867,4121.28,19.201210580867155
2021-03-04 09:57:00,4165.005969890435,4133.24,31.765969890435372
2021-03-04 09:58:00,4181.154049225919,4156.58,24.574049225919225
2021-03-04 09:59:00,4172.885780968017,4115.61,57.27578096801699
2021-03-04 10:00:00,4111.733454512283,4095.42,16.313454512282988
2021-03-04 10:01:00,4229.668426184464,4193.990000000001,35.678426184463206
2021-03-04 10:02:00,4247.684699022798,4228.02,19.664699022797322
2021-03-04 10:03:00,4255.916098568868,4241.3,14.616098568867528
2021-03-04 10:04:00,4304.200681442652,4275.5,28.70068144265224
2021-03-04 10:05:00,4250.079556292297,4247.9400000000005,2.13955629229622
2021-03-04 10:06:00,4298.926853731365,4302.9800000000005,-4.053146268635828
2021-03-04 10:07:00,4406.321045464436,4420.469999999999,-14.148954535563462
2021-03-04 10:08:00,3879.2262415878986,3530.3599999999997,348.8662415878989
2021-03-04 10:09:00,4561.9375650068305,4542.33,19.607565006830555
2021-03-04 10:10:00,4705.140304646024,4631.66,73.4803046460238
2021-03-04 10:11:00,4211.553579790294,4001.5599999999995,209.99357979029446
2021-03-04 10:12:00,2416.831400920992,2230.59,186.24140092099196
2021-03-04 10:13:00,1861.5046282819346,1822.6799999999998,38.82462828193479
2021-03-04 10:14:00,939.6861540744222,997.5999999999999,-57.913845925577675
2021-03-04 10:15:00,828.583627511672,832.1700000000001,-3.5863724883280383
2021-03-04 10:16:00,802.538846431833,811.36,-8.821153568167006
2021-03-04 10:17:00,910.8210240637256,826.24,84.58102406372564
2021-03-04 10:18:00,1016.3589500450053,938.52,77.83895004500528
2021-03-04 10:19:00,1137.4791105350312,1057.6,79.87911053503126
2021-03-04 10:20:00,1280.999441103571,1199.81,81.18944110357097
2021-03-04 10:21:00,1414.9156105722084,1353.25,61.66561057220838
2021-03-04 10:22:00,1516.5949841509046,1476.63,39.964984150904456
2021-03-04 10:23:00,1660.2696229553944,1586.3,73.96962295539447
2021-03-04 10:24:00,1756.7507324111343,1726.6399999999999,30.11073241113445
2021-03-04 10:25:00,1993.5413051489588,1930.95,62.59130514895878
2021-03-04 10:26:00,2180.401801814042,2148.8999999999996,31.50180181404221
2021-03-04 10:27:00,2297.4642458621242,2292.38,5.084245862124135
2021-03-04 10:28:00,2672.9435033130853,2641.4399999999996,31.50350331308573
2021-03-04 10:29:00,3107.889549085576,3068.86,39.029549085576036
2021-03-04 10:30:00,2917.1369379397274,2872.33,44.806937939727504
2021-03-04 10:31:00,3652.8578745775208,3665.79,-12.932125422479203
2021-03-04 10:32:00,3699.198625820277,3644.83,54.368625820276975
2021-03-04 10:33:00,4122.347286415227,4167.0,-44.652713584772755
2021-03-04 10:34:00,3987.2395149089302,4211.77,-224.5304850910702
2021-03-04 10:35:00,3934.676582614667,4156.49,-221.81341738533274
2021-03-04 10:36:00,4870.633041751389,4639.65,230.98304175138946
2021-03-04 10:37:00,4486.249587791631,4440.15,46.099587791631166
2021-03-04 10:38:00,4223.459046724223,4226.15,-2.6909532757763373
2021-03-04 10:39:00,4456.716769698086,4509.48,-52.76323030191361
2021-03-04 10:40:00,4612.301214147725,4634.929999999999,-22.628785852274632
2021-03-04 10:41:00,4548.466888581693,4606.200000000001,-57.733111418308
2021-03-04 10:42:00,4525.729435800042,3551.2800000000007,974.4494358000411
2021-03-04 10:43:00,4466.702468561855,4489.93,-23.22753143814498
2021-03-04 10:44:00,4477.531265191397,4475.68,1.851265191397033
2021-03-04 10:45:00,4463.627017603819,4439.17,24.457017603818713
2021-03-04 10:46:00,4430.060416022865,4429.169999999999,0.8904160228657929
2021-03-04 10:47:00,4431.9493131389245,4416.99,14.9593131389247
2021-03-04 10:48:00,4434.259365473625,4406.549999999999,27.70936547362544
2021-03-04 10:49:00,4423.898846287126,4410.9,12.99884628712607
2021-03-04 10:50:00,4430.6625407263855,4390.299999999999,40.362540726386214
2021-03-04 10:51:00,4423.3502447044575,4392.629999999999,30.72024470445831
2021-03-04 10:52:00,4414.321615969659,4371.15,43.1716159696598
2021-03-04 10:53:00,4408.970866204666,4368.54,40.43086620466602
2021-03-04 10:54:00,4416.599909446453,4372.62,43.97990944645335
2021-03-04 10:55:00,4445.862958400267,4387.619999999999,58.242958400268435
2021-03-04 10:56:00,3427.203754693317,3236.59,190.61375469331688
2021-03-04 10:57:00,3829.705011047535,3687.8,141.90501104753503
2021-03-04 10:58:00,4533.687605884621,4500.73,32.957605884621444
2021-03-04 10:59:00,4515.716993445383,4480.139999999999,35.57699344538378
2021-03-04 11:00:00,4551.389689499217,4487.84,63.54968949921658
2021-03-04 11:01:00,4530.154869450175,4446.4400000000005,83.71486945017477
2021-03-04 11:02:00,4562.950175350564,4519.8,43.150175350563586
2021-03-04 11:03:00,4594.231615614558,4532.46,61.77161561455796
2021-03-04 11:04:00,3980.716866216905,3738.4799999999996,242.23686621690558
2021-03-04 11:05:00,4120.738672818676,3887.88,232.8586728186756
2021-03-04 11:06:00,2935.680372977704,2666.96,268.72037297770385
2021-03-04 11:07:00,4289.502166884101,4126.24,163.26216688410113
2021-03-04 11:08:00,4307.880099857673,4181.509999999999,126.37009985767327
2021-03-04 11:09:00,2653.595816000508,2430.8900000000003,222.70581600050764
2021-03-04 11:10:00,4557.378464005786,4536.9,20.47846400578601
2021-03-04 11:11:00,4509.637810440359,4447.52,62.11781044035888
2021-03-04 11:12:00,4504.340220420829,3441.0099999999993,1063.3302204208294
2021-03-04 11:13:00,4517.512679525741,4433.4400000000005,84.07267952574057
2021-03-04 11:14:00,4515.668142743171,4438.72,76.94814274317105
2021-03-04 11:15:00,4534.329400294847,4381.32,153.00940029484718
2021-03-04 11:16:00,4515.9474043831415,4399.589999999999,116.35740438314224
2021-03-04 11:17:00,4515.519855403615,4382.19,133.3298554036155
2021-03-04 11:18:00,4507.11564564738,4378.709999999999,128.40564564738088
2021-03-04 11:19:00,4507.616148173416,4382.19,125.42614817341655
2021-03-04 11:20:00,4500.509297448056,4377.84,122.66929744805566
2021-03-04 11:21:00,4497.769306652053,4372.619999999999,125.14930665205429
2021-03-04 11:22:00,4487.334824859309,4368.2699999999995,119.06482485930974
2021-03-04 11:23:00,4472.406765717726,4347.79,124.61676571772568
2021-03-04 11:24:00,4473.871980531435,4351.74,122.13198053143515
2021-03-04 11:25:00,4452.323014060856,4326.66,125.66301406085586
2021-03-04 11:26:00,4513.3805403405295,4454.450000000001,58.93054034052875
2021-03-04 11:27:00,4482.256512913412,4369.139999999999,113.11651291341241
2021-03-04 11:28:00,4466.524721017534,4359.57,106.95472101753421
2021-03-04 11:29:00,4483.993979882477,4358.699999999999,125.2939798824782
2021-03-04 11:30:00,4483.316092910076,4386.539999999999,96.77609291007684
2021-03-04 11:31:00,4511.517697161746,4383.0599999999995,128.45769716174618
2021-03-04 11:32:00,4501.0841811731325,4362.110000000001,138.9741811731319
2021-03-04 11:33:00,4512.206544751523,4379.58,132.6265447515234
2021-03-04 11:34:00,4499.356264381962,4387.51,111.8462643819621
2021-03-04 11:35:00,4489.17698317339,4387.55,101.62698317338982
2021-03-04 11:36:00,4523.263818536845,4371.75,151.51381853684506
2021-03-04 11:37:00,4526.535395758186,4385.669999999999,140.86539575818642
2021-03-04 11:38:00,4517.11531704404,4414.379999999999,102.73531704404104
2021-03-04 11:39:00,4516.180620841829,4416.99,99.19062084182951
2021-03-04 11:40:00,4526.333131083926,4384.799999999999,141.5331310839265
2021-03-04 11:41:00,4526.305439729259,4379.58,146.72543972925905
2021-03-04 11:42:00,4521.162476644902,4416.72,104.44247664490194
2021-03-04 11:43:00,4521.237761738436,4392.790000000001,128.44776173843547
2021-03-04 11:44:00,4522.969441922266,4412.9,110.06944192226638
2021-03-04 11:45:00,4510.774735741353,4410.03,100.744735741353
2021-03-04 11:46:00,4495.717224656765,4409.16,86.55722465676536
2021-03-04 11:47:00,4476.864153893982,4343.039999999999,133.82415389398284
2021-03-04 11:48:00,4505.913922699313,4366.45,139.46392269931312
2021-03-04 11:49:00,4501.671938939216,4381.43,120.24193893921529
2021-03-04 11:50:00,4409.698823500421,4264.33,145.36882350042106
2021-03-04 11:51:00,4520.134822589994,4394.72,125.41482258999349
2021-03-04 11:52:00,4518.133310019162,4382.400000000001,135.73331001916176
2021-03-04 11:53:00,4506.478835711961,4390.320000000001,116.15883571196082
2021-03-04 11:54:00,4396.899668409625,4282.98,113.91966840962505
2021-03-04 11:55:00,4508.307089279483,4368.320000000001,139.98708927948246
2021-03-04 11:56:00,4512.651162030162,4361.89,150.76116203016136
2021-03-04 11:57:00,4563.8269169379,4485.389999999999,78.4369169379006
2021-03-04 11:58:00,3542.3467511604586,3271.62,270.72675116045866
2021-03-04 11:59:00,4606.176212963391,4513.48,92.69621296339119
2021-03-04 12:00:00,4547.753623204633,4445.55,102.203623204633
2021-03-04 12:01:00,4539.074142571136,4444.66,94.41414257113593
2021-03-04 12:02:00,4549.805749306304,4428.75,121.05574930630428
2021-03-04 12:03:00,4546.312876732527,4415.84,130.47287673252686
2021-03-04 12:04:00,4528.259826765499,4426.400000000001,101.85982676549884
2021-03-04 12:05:00,4509.520203665745,4412.32,97.200203665745
2021-03-04 12:06:00,4531.59951144319,4388.43,143.16951144318955
2021-03-04 12:07:00,4495.985493799512,4392.960000000001,103.02549379951142
2021-03-04 12:08:00,4532.429366002592,4375.22,157.2093660025921
2021-03-04 12:09:00,4502.915992732935,4364.8,138.1159927329345
2021-03-04 12:10:00,4534.463084926564,4389.299999999999,145.1630849265648
2021-03-04 12:11:00,4525.450312541418,4411.96,113.49031254141755
2021-03-04 12:12:00,4500.4287521739525,4372.62,127.8087521739526
2021-03-04 12:13:00,4490.307134089,4368.320000000001,121.98713408899948
2021-03-04 12:14:00,4481.459163188479,4367.39,114.06916318847834
2021-03-04 12:15:00,4501.023461850995,4354.349999999999,146.6734618509954
2021-03-04 12:16:00,4503.395740443848,4390.96,112.43574044384786
2021-03-04 12:17:00,4500.248714921944,4387.41,112.8387149219443
2021-03-04 12:18:00,4497.133723889626,4375.28,121.85372388962605
2021-03-04 12:19:00,4462.951521461696,4329.99,132.96152146169607
2021-03-04 12:20:00,4467.070253399338,4343.04,124.03025339933811
2021-03-04 12:21:00,4503.819022325675,4336.119999999999,167.6990223256762
2021-03-04 12:22:00,4486.053902065075,4339.07,146.9839020650752
2021-03-04 12:23:00,4482.398934827902,4373.7,108.69893482790212
2021-03-04 12:24:00,4492.2661943144385,4363.92,128.34619431443843
2021-03-04 12:25:00,4469.819347348493,4322.16,147.6593473484927
2021-03-04 12:26:00,4461.0471352494105,4306.969999999999,154.07713524941119
2021-03-04 12:27:00,4384.186441553105,4220.72,163.46644155310514
2021-03-04 12:28:00,4507.338602271549,4378.74,128.59860227154877
2021-03-04 12:29:00,4546.134891601721,4363.049999999999,183.08489160172212
2021-03-04 12:30:00,4559.225584032964,4391.200000000001,168.0255840329637
2021-03-04 12:31:00,4672.840761411853,4516.2,156.64076141185342
2021-03-04 12:32:00,4108.443379196255,3770.96,337.48337919625465
2021-03-04 12:33:00,4441.234125773155,4198.96,242.274125773155
2021-03-04 12:34:00,3171.7953292853726,2858.7700000000004,313.0253292853722
2021-03-04 12:35:00,4473.020421478595,4366.67,106.35042147859531
2021-03-04 12:36:00,4702.117714630284,4640.48,61.63771463028479
2021-03-04 12:37:00,4114.485367664096,3894.1099999999997,220.3753676640963
2021-03-04 12:38:00,4653.959796371493,4551.299999999999,102.65979637149394
2021-03-04 12:39:00,4350.533328089847,4125.87,224.6633280898468
2021-03-04 12:40:00,4619.954253172908,4522.5,97.45425317290756
2021-03-04 12:41:00,4636.677439760728,4522.5,114.1774397607278
2021-03-04 12:42:00,4652.638179127564,4510.799999999999,141.83817912756513
2021-03-04 12:43:00,4685.162016242268,4537.889999999999,147.27201624226836
2021-03-04 12:44:00,4793.76713776488,4615.639999999999,178.1271377648809
2021-03-04 12:45:00,4850.063411213736,4622.6,227.46341121373553
2021-03-04 12:46:00,4921.950239284088,4557.72,364.2302392840875
2021-03-04 12:47:00,4363.491766147439,3971.25,392.2417661474392
2021-03-04 12:48:00,2100.966486119243,1886.3600000000001,214.60648611924307
2021-03-04 12:49:00,2047.23023127548,1885.15,162.08023127547995
2021-03-04 12:50:00,2404.9186241743373,2201.07,203.84862417433715
2021-03-04 12:51:00,3580.53727837053,3082.9399999999996,497.5972783705306
2021-03-04 12:52:00,4899.0447140943,4707.2,191.8447140942999
2021-03-04 12:53:00,2763.5911620375336,2621.46,142.1311620375336
2021-03-04 12:54:00,3240.1449067153835,3002.0699999999997,238.0749067153838
2021-03-04 12:55:00,2265.618046303304,2173.92,91.69804630330373
2021-03-04 12:56:00,2589.7184142946285,2469.8500000000004,119.86841429462811
2021-03-04 12:57:00,3726.6337643719257,3539.39,187.24376437192586
2021-03-04 12:58:00,5061.623474956062,4710.78,350.843474956062
2021-03-04 12:59:00,3029.012752560231,2801.8499999999995,227.16275256023164
2021-03-04 13:00:00,3487.961029350408,3031.2599999999998,456.70102935040813
2021-03-04 13:01:00,5014.351057535269,4762.76,251.5910575352691
2021-03-04 13:02:00,4747.978895200947,4546.09,201.88889520094654
2021-03-04 13:03:00,3444.852557648802,3134.94,309.9125576488018
2021-03-04 13:04:00,3841.2731634986235,3676.3799999999997,164.89316349862384
2021-03-04 13:05:00,4567.529853540821,4297.49,270.03985354082124
2021-03-04 13:06:00,4370.338325654279,4011.78,358.5583256542791
2021-03-04 13:07:00,4374.851739630854,3923.49,451.3617396308546
2021-03-04 13:08:00,2418.189356748543,2278.76,139.4293567485429
2021-03-04 13:09:00,3765.352911641315,3622.6499999999996,142.7029116413155
2021-03-04 13:10:00,4671.916099164873,4680.83,-8.913900835126697
2021-03-04 13:11:00,4633.912845714861,4584.389999999999,49.52284571486143
2021-03-04 13:12:00,4495.611550572082,4399.76,95.85155057208158
2021-03-04 13:13:00,3212.562915719858,2957.84,254.72291571985807
2021-03-04 13:14:00,2934.6932440349156,2702.4400000000005,232.25324403491504
2021-03-04 13:15:00,3019.314120212934,2778.2599999999998,241.05412021293432
2021-03-04 13:16:00,3678.824707773966,3375.96,302.8647077739661
2021-03-04 13:17:00,2582.0725022620754,2419.5999999999995,162.47250226207598
2021-03-04 13:18:00,2498.269114850307,2375.55,122.7191148503066
2021-03-04 13:19:00,2606.553061163511,2503.2200000000003,103.33306116351059
2021-03-04 13:20:00,4202.165076451286,3599.7799999999997,602.3850764512863
2021-03-04 13:21:00,4954.896500575987,4678.73,276.1665005759878
2021-03-04 13:22:00,4243.931967085223,4046.9300000000003,197.00196708522253
2021-03-04 13:23:00,3972.540936938612,3805.38,167.16093693861194
2021-03-04 13:24:00,4333.327777748746,4064.49,268.8377777487458
2021-03-04 13:25:00,3811.3743112555553,3668.71,142.66431125555528
2021-03-04 13:26:00,2785.3389249452302,2625.48,159.85892494523023
2021-03-04 13:27:00,2222.912163244211,2080.8,142.11216324421093
2021-03-04 13:28:00,2566.2930150662455,2413.62,152.67301506624563
2021-03-04 13:29:00,2317.060007573372,2127.6,189.46000757337197
2021-03-04 13:30:00,1968.044737632641,1842.0500000000002,125.99473763264086
2021-03-04 13:31:00,1958.3592773311789,1809.1399999999999,149.219277331179
2021-03-04 13:32:00,1950.8838375664138,1816.62,134.26383756641394
2021-03-04 13:33:00,2609.347026840717,2490.66,118.68702684071695
2021-03-04 13:34:00,2474.410954383761,2361.04,113.37095438376082
2021-03-04 13:35:00,4744.90872417366,4751.49,-6.581275826340061
2021-03-04 13:36:00,4940.229772672742,4751.49,188.73977267274222
2021-03-04 13:37:00,4762.774738645391,4633.889999999999,128.88473864539174
2021-03-04 13:38:00,4969.841369386181,4773.12,196.72136938618132
2021-03-04 13:39:00,4816.742173220686,4539.21,277.53217322068576
2021-03-04 13:40:00,4486.274070094678,4250.58,235.69407009467795
2021-03-04 13:41:00,3819.4306297990465,3524.96,294.4706297990465
2021-03-04 13:42:00,2396.9582912122464,2265.5600000000004,131.39829121224602
2021-03-04 13:43:00,2357.1567475181873,2228.5699999999997,128.58674751818762
2021-03-04 13:44:00,2661.094907246681,2508.48,152.614907246681
2021-03-04 13:45:00,2769.385301347497,2603.3700000000003,166.01530134749646
2021-03-04 13:46:00,4370.555677426633,4056.0699999999997,314.48567742663363
2021-03-04 13:47:00,4237.2470716923835,4014.52,222.72707169238356
2021-03-04 13:48:00,2994.456409009684,2836.56,157.89640900968425
2021-03-04 13:49:00,2772.2060505652953,2591.61,180.59605056529517
2021-03-04 13:50:00,2724.2749127411894,2545.92,178.3549127411893
2021-03-04 13:51:00,3141.6403130895947,2979.7599999999998,161.8803130895949
2021-03-04 13:52:00,2709.8623747042375,2588.7200000000003,121.14237470423723
2021-03-04 13:53:00,2820.2082399739843,2739.73,80.47823997398427
2021-03-04 13:54:00,2356.46175173728,2280.29,76.17175173727992
2021-03-04 13:55:00,2200.165879478127,2120.4,79.76587947812686
2021-03-04 13:56:00,2111.0667820988238,2040.6,70.46678209882384
2021-03-04 13:57:00,2494.755321107424,2388.5,106.25532110742415
2021-03-04 13:58:00,3458.80468302624,3341.42,117.38468302624005
2021-03-04 13:59:00,2388.5095215749293,2315.12,73.3895215749294
2021-03-04 14:00:00,2097.4014813107106,2021.6,75.80148131071064
2021-03-04 14:01:00,1997.519479147187,1971.73,25.789479147186967
2021-03-04 14:02:00,2072.5048239115877,1986.16,86.34482391158758
2021-03-04 14:03:00,2155.469971078146,2078.38,77.08997107814594
2021-03-04 14:04:00,2595.3039488058403,2439.0,156.30394880584026
2021-03-04 14:05:00,2404.124704368091,2297.08,107.04470436809106
2021-03-04 14:06:00,2631.365717404394,2550.69,80.67571740439416
2021-03-04 14:07:00,2293.4579853347223,2202.93,90.52798533472242
2021-03-04 14:08:00,3247.2899601322074,3058.7200000000003,188.56996013220714
2021-03-04 14:09:00,4051.219091400144,4059.43,-8.210908599855884
2021-03-04 14:10:00,3988.475701416847,3939.0200000000004,49.45570141684675
2021-03-04 14:11:00,2720.7411473056736,2588.67,132.07114730567355
2021-03-04 14:12:00,2578.218866071113,2352.4700000000003,225.74886607111284
2021-03-04 14:13:00,4028.779002682792,3933.74,95.03900268279222
2021-03-04 14:14:00,3008.946992427585,2866.5,142.44699242758497
2021-03-04 14:15:00,3491.384374414408,3339.63,151.75437441440772
2021-03-04 14:16:00,2209.82556468778,2015.9099999999999,193.91556468778026
2021-03-04 14:17:00,2794.4280174160917,2612.2400000000002,182.1880174160915
2021-03-04 14:18:00,1907.4973572146966,1772.8600000000001,134.63735721469652
2021-03-04 14:19:00,1724.3401863067513,1597.5,126.84018630675132
2021-03-04 14:20:00,2138.5966497032955,2054.66,83.93664970329564
2021-03-04 14:21:00,2213.578626160848,2160.4,53.178626160848125
2021-03-04 14:22:00,2834.057020969216,2738.45,95.60702096921614
2021-03-04 14:23:00,2328.481820200656,2290.3,38.18182020065569
2021-03-04 14:24:00,1319.8475478927505,1377.7400000000002,-57.89245210724971
2021-03-04 14:25:00,1102.6174769107868,1130.47,-27.852523089213264
2021-03-04 14:26:00,1072.6982294673774,1073.6,-0.9017705326225496
2021-03-04 14:27:00,1077.2370847630084,1077.4,-0.16291523699169375
2021-03-04 14:28:00,1123.509576724398,1105.3899999999999,18.11957672439803
2021-03-04 14:29:00,1130.0093045278434,1090.0,40.00930452784337
2021-03-04 14:30:00,1173.005030604632,1120.62,52.38503060463222
2021-03-04 14:31:00,1308.831635084994,1264.77,44.06163508499412
2021-03-04 14:32:00,1388.3728649148206,1319.28,69.09286491482067
2021-03-04 14:33:00,1499.7911678902708,1438.8400000000001,60.95116789027065
2021-03-04 14:34:00,1524.0358172517974,1496.3400000000001,27.69581725179728
2021-03-04 14:35:00,1570.0259577952872,1518.2799999999997,51.745957795287495
2021-03-04 14:36:00,1618.3772682695267,1595.29,23.087268269526703
2021-03-04 14:37:00,1503.557095159398,1494.45,9.107095159397886
2021-03-04 14:38:00,1491.949334120534,1519.3600000000001,-27.410665879466023
2021-03-04 14:39:00,1433.1642316389175,1490.67,-57.50576836108257
2021-03-04 14:40:00,1280.264590618565,1362.25,-81.98540938143492
2021-03-04 14:41:00,1050.6792914458208,1167.97,-117.29070855417922
2021-03-04 14:42:00,893.7667878407475,984.24,-90.47321215925251
2021-03-04 14:43:00,759.4083727612792,884.01,-124.60162723872077
2021-03-04 14:44:00,681.7504766269179,761.18,-79.42952337308202
2021-03-04 14:45:00,577.8048588069809,660.72,-82.91514119301917
2021-03-04 14:46:00,553.4150761122069,665.76,-112.34492388779313
2021-03-04 14:47:00,604.3072337391685,693.86,-89.5527662608315
2021-03-04 14:48:00,575.187997298949,723.71,-148.52200270105106
2021-03-04 14:49:00,604.0714473902456,672.5999999999999,-68.52855260975434
2021-03-04 14:50:00,409.732773925811,609.73,-199.99722607418903
2021-03-04 14:51:00,441.1558148896523,511.07000000000005,-69.91418511034777
2021-03-04 14:52:00,424.4783826785093,124.98,299.4983826785093
2021-03-04 14:53:00,389.82067220954775,64.18,325.64067220954774
2021-03-04 14:54:00,361.41118518689706,64.13,297.28118518689706
2021-03-04 14:55:00,444.3457394517363,295.4,148.9457394517363
2021-03-04 14:56:00,413.83543476440934,510.92,-97.08456523559067
2021-03-04 14:57:00,397.47787511801084,511.77,-114.29212488198914
2021-03-04 14:58:00,496.4749971748452,520.3299999999999,-23.855002825154713
2021-03-04 14:59:00,369.1921518550882,523.0400000000001,-153.8478481449119
2021-03-04 15:00:00,355.79927682713185,497.25,-141.45072317286815
2021-03-04 15:01:00,379.38602269850014,498.78,-119.39397730149983
2021-03-04 15:02:00,413.595508214641,497.25,-83.65449178535903
2021-03-04 15:03:00,470.47119688157903,527.49,-57.018803118420976
2021-03-04 15:04:00,653.6467743085665,586.6600000000001,66.9867743085664
2021-03-04 15:05:00,612.7163311200445,645.18,-32.463668879955435
2021-03-04 15:06:00,683.126648068197,731.3800000000001,-48.25335193180308
2021-03-04 15:07:00,690.9083531869784,818.46,-127.55164681302165
2021-03-04 15:08:00,721.5327802094183,849.1499999999999,-127.61721979058154
2021-03-04 15:09:00,811.9171331904631,904.32,-92.40286680953693
2021-03-04 15:10:00,872.4501644729804,928.56,-56.10983552701953
2021-03-04 15:11:00,868.758974728713,952.6800000000001,-83.92102527128702
2021-03-04 15:12:00,903.6280731155039,956.4199999999998,-52.79192688449598
2021-03-04 15:13:00,1023.6267998225966,1042.39,-18.76320017740352
2021-03-04 15:14:00,1095.2577519759413,1132.8,-37.54224802405861
2021-03-04 15:15:00,1228.0867201589645,1251.1400000000003,-23.053279841035874
2021-03-04 15:16:00,1293.8249905344328,1337.04,-43.215009465567164
2021-03-04 15:17:00,1319.3587045453355,1332.35,-12.991295454664396
2021-03-04 15:18:00,1188.7836578127651,1273.77,-84.98634218723487
2021-03-04 15:19:00,1132.1971062542798,1232.88,-100.68289374572032
2021-03-04 15:20:00,1112.8002498336457,1122.6,-9.799750166354215
2021-03-04 15:21:00,1008.1658039161285,1067.9899999999998,-59.82419608387124
2021-03-04 15:22:00,925.8054041818084,970.28,-44.474595818191574
2021-03-04 15:23:00,819.2331345227566,611.8399999999999,207.39313452275667
2021-03-04 15:24:00,725.3497149409542,746.62,-21.27028505904582
2021-03-04 15:25:00,662.8753608365251,659.52,3.355360836525165
2021-03-04 15:26:00,561.5132271899736,598.62,-37.10677281002643
2021-03-04 15:27:00,543.8213839435673,573.78,-29.958616056432675
2021-03-04 15:28:00,519.4704329847566,551.2,-31.729567015243447
2021-03-04 15:29:00,479.6523075536114,523.16,-43.507692446388546
2021-03-04 15:30:00,398.488596760084,495.45,-96.96140323991597
2021-03-04 15:31:00,446.18760521382615,465.35,-19.162394786173877
2021-03-04 15:32:00,384.12555199448,440.72,-56.59444800552001
2021-03-04 15:33:00,372.44854024236287,439.6,-67.15145975763716
2021-03-04 15:34:00,340.4151856678728,410.75,-70.33481433212722
2021-03-04 15:35:00,329.2341530422062,386.18999999999994,-56.95584695779377
2021-03-04 15:36:00,342.83943777854824,388.5,-45.660562221451755
2021-03-04 15:37:00,323.57727623373484,413.49,-89.91272376626517
2021-03-04 15:38:00,300.4932614396561,413.61,-113.11673856034389
2021-03-04 15:39:00,402.30053936924077,440.56,-38.259460630759236
2021-03-04 15:40:00,360.9015902411905,440.80000000000007,-79.89840975880958
2021-03-04 15:41:00,359.39579931145965,440.88,-81.48420068854034
2021-03-04 15:42:00,367.22085581077704,464.9200000000001,-97.69914418922303
2021-03-04 15:43:00,378.56041061466414,466.19000000000005,-87.62958938533592
2021-03-04 15:44:00,391.999021408156,467.63,-75.63097859184398
2021-03-04 15:45:00,368.03232240651187,467.33000000000004,-99.29767759348817
2021-03-04 15:46:00,321.5097934225546,442.4,-120.89020657744538
2021-03-04 15:47:00,407.8334134368309,465.14,-57.306586563169105
2021-03-04 15:48:00,475.3250086760009,396.9,78.42500867600091
2021-03-04 15:49:00,439.05785718100645,64.43,374.62785718100645
2021-03-04 15:50:00,471.3778687024754,29.85,441.52786870247536
2021-03-04 15:51:00,512.6216044255747,64.6,448.02160442557465
2021-03-04 15:52:00,536.6686532642672,504.81,31.85865326426716
2021-03-04 15:53:00,555.0246439614835,598.6200000000001,-43.59535603851657
2021-03-04 15:54:00,661.8424893534991,654.0,7.842489353499104
2021-03-04 15:55:00,724.8197006996044,664.3199999999999,60.49970069960443
2021-03-04 15:56:00,619.4223957868002,726.44,-107.01760421319989
2021-03-04 15:57:00,733.6702118448344,753.78,-20.109788155165575
2021-03-04 15:58:00,701.0593592769771,779.0999999999999,-78.04064072302276
2021-03-04 15:59:00,890.7756246693449,838.2,52.57562466934485
2021-03-04 16:00:00,1018.1393693775772,1014.8399999999999,3.29936937757725
2021-03-04 16:01:00,1307.0567849097351,1304.79,2.266784909735179
2021-03-04 16:02:00,1169.6342924167222,1091.8799999999999,77.75429241672236
2021-03-04 16:03:00,1402.02088515531,1348.8,53.22088515531004
2021-03-04 16:04:00,1089.9242266233862,1002.5999999999999,87.32422662338627
2021-03-04 16:05:00,950.2410043958864,941.29,8.951004395886457
2021-03-04 16:06:00,931.3829652543692,879.3600000000001,52.02296525436907
2021-03-04 16:07:00,860.0976968595344,828.3,31.797696859534426
2021-03-04 16:08:00,784.1063823837233,827.55,-43.4436176162767
2021-03-04 16:09:00,824.993503064636,829.8,-4.806496935363953
2021-03-04 16:10:00,807.2457262467276,826.05,-18.804273753272355
2021-03-04 16:11:00,825.3142862214158,825.0,0.3142862214158413
2021-03-04 16:12:00,803.4015784371089,826.5,-23.098421562891076
2021-03-04 16:13:00,817.2616991287583,826.6500000000001,-9.388300871241768
2021-03-04 16:14:00,849.3125546046793,830.4,18.91255460467937
2021-03-04 16:15:00,878.2419779001037,850.36,27.88197790010372
2021-03-04 16:16:00,870.287398406613,827.4000000000001,42.887398406612874
2021-03-04 16:17:00,895.4750683922852,889.1200000000001,6.355068392285034
2021-03-04 16:18:00,1327.0455385783555,1252.4699999999998,74.57553857835569
2021-03-04 16:19:00,1400.7394511499656,1346.1599999999999,54.579451149965735
2021-03-04 16:20:00,927.6361415163963,937.72,-10.083858483603763
2021-03-04 16:21:00,858.1043349556974,880.8000000000001,-22.6956650443027
2021-03-04 16:22:00,898.0661205424898,884.1600000000001,13.906120542489703
2021-03-04 16:23:00,1387.7881584753547,1297.6599999999999,90.1281584753549
2021-03-04 16:24:00,883.3981745607714,885.12,-1.7218254392286099
2021-03-04 16:25:00,717.7660446241929,767.76,-49.993955375807104
2021-03-04 16:26:00,673.8711056118445,712.6600000000001,-38.78889438815554
2021-03-04 16:27:00,622.7155900247557,653.04,-30.324409975244293
2021-03-04 16:28:00,547.9988593930015,618.73,-70.73114060699857
2021-03-04 16:29:00,577.3518060693848,594.33,-16.978193930615248
2021-03-04 16:30:00,538.2182340610316,565.45,-27.231765938968465
2021-03-04 16:31:00,527.540381273827,566.99,-39.44961872617296
2021-03-04 16:32:00,547.6536115795421,542.2,5.453611579542098
2021-03-04 16:33:00,476.64740315103836,569.3199999999999,-92.67259684896158
2021-03-04 16:34:00,506.21307077014774,541.9,-35.68692922985224
2021-03-04 16:35:00,486.25324506005165,539.2,-52.94675493994839
2021-03-04 16:36:00,449.63234615661895,512.26,-62.62765384338104
2021-03-04 16:37:00,434.5972404170543,489.15000000000003,-54.552759582945725
2021-03-04 16:38:00,419.5072963925285,458.61,-39.10270360747154
2021-03-04 16:39:00,405.655871602709,459.04,-53.38412839729102
2021-03-04 16:40:00,374.73609433477884,432.88,-58.143905665221155
2021-03-04 16:41:00,354.8437532816984,434.88,-80.03624671830158
2021-03-04 16:42:00,390.11343620512065,434.64000000000004,-44.526563794879394
2021-03-04 16:43:00,351.24924017549904,405.18,-53.93075982450097
2021-03-04 16:44:00,390.9290309883025,403.98,-13.050969011697532
2021-03-04 16:45:00,350.8234139570927,404.56,-53.73658604290728
2021-03-04 16:46:00,416.1539727207492,435.44000000000005,-19.286027279250845
2021-03-04 16:47:00,353.4595856485457,434.24,-80.78041435145428
2021-03-04 16:48:00,458.51086468795427,435.84000000000003,22.670864687954236
2021-03-04 16:49:00,481.5834761429674,494.54999999999995,-12.966523857032541
2021-03-04 16:50:00,485.68414207944693,434.8,50.88414207944692
2021-03-04 16:51:00,438.94536475082987,461.26,-22.314635249170124
2021-03-04 16:52:00,705.4377629194368,615.23,90.20776291943673
2021-03-04 16:53:00,742.542456660789,646.4200000000001,96.12245666078888
2021-03-04 16:54:00,861.0040188429598,681.36,179.64401884295978
2021-03-04 16:55:00,754.5845486086429,623.59,130.99454860864284
2021-03-04 16:56:00,723.1836892230496,592.94,130.2436892230495
2021-03-04 16:57:00,593.5545852791548,503.73,89.8245852791548
2021-03-04 16:58:00,645.5315541853734,506.07000000000005,139.4615541853733
2021-03-04 16:59:00,575.936853848409,504.9,71.03685384840901
2021-03-04 17:00:00,601.9484271247436,504.27,97.67842712474362
2021-03-04 17:01:00,654.4173327686347,506.43000000000006,147.9873327686346
2021-03-04 17:02:00,593.5076973382443,506.7,86.80769733824428
2021-03-04 17:03:00,605.6801110052228,473.66,132.02011100522276
2021-03-04 17:04:00,614.2801455403925,474.80000000000007,139.4801455403924
2021-03-04 17:05:00,524.8211668482666,446.08,78.74116684826657
2021-03-04 17:06:00,386.0811046809456,378.90999999999997,7.171104680945632
2021-03-04 17:07:00,314.7694294650889,318.0,-3.2305705349111236
2021-03-04 17:08:00,251.7055709775558,274.62,-22.91442902244421
2021-03-04 17:09:00,199.17567690261018,260.1,-60.924323097389845
2021-03-04 17:10:00,192.41058501976488,260.75,-68.33941498023512
2021-03-04 17:11:00,182.8039404259349,230.37,-47.56605957406509
2021-03-04 17:12:00,175.21963004012457,203.2,-27.980369959875418
2021-03-04 17:13:00,146.7159314932398,209.04,-62.3240685067602
2021-03-04 17:14:00,148.9124579679932,181.74,-32.82754203200682
2021-03-04 17:15:00,143.00197644427016,157.32,-14.318023555729837
2021-03-04 17:16:00,125.06755202612547,153.75,-28.68244797387453
2021-03-04 17:17:00,108.77855678178493,126.62,-17.841443218215076
2021-03-04 17:18:00,107.83544716353298,101.70000000000002,6.135447163532959
2021-03-04 17:19:00,79.43162957929052,102.47999999999999,-23.048370420709475
2021-03-04 17:20:00,67.0106260970937,72.87,-5.859373902906299
2021-03-04 17:21:00,66.90808525602723,71.53999999999999,-4.631914743972757
2021-03-04 17:22:00,48.83635873724159,67.09,-18.253641262758414
2021-03-04 17:23:00,72.80894489044569,44.21000000000001,28.59894489044568
2021-03-04 17:24:00,52.37333348974939,41.8,10.573333489749395
2021-03-04 17:25:00,48.826882052610536,39.769999999999996,9.05688205261054
2021-03-04 17:26:00,50.270414401719705,38.52,11.750414401719702
2021-03-04 17:27:00,66.99204714611817,36.88,30.112047146118165
2021-03-04 17:28:00,35.186682332457664,39.27,-4.083317667542339
2021-03-04 17:29:00,65.96698601639447,40.99000000000001,24.976986016394463
2021-03-04 17:30:00,53.07759181842354,41.120000000000005,11.957591818423538
2021-03-04 17:31:00,35.252657483622116,38.25000000000001,-2.9973425163778913
2021-03-04 17:32:00,46.13233576237383,36.07,10.062335762373827
2021-03-04 17:33:00,49.44212613753386,38.81,10.63212613753386
2021-03-04 17:34:00,37.63494082395612,39.190000000000005,-1.5550591760438834
2021-03-04 17:35:00,51.29182108541883,36.56,14.73182108541883
2021-03-04 17:36:00,42.38462119633969,33.1,9.284621196339685
2021-03-04 17:37:00,29.145525857798077,31.21,-2.0644741422019237
2021-03-04 17:38:00,27.349683905591988,27.75,-0.4003160944080122
2021-03-04 17:39:00,27.386444532364962,25.279999999999998,2.1064445323649643
2021-03-04 17:40:00,27.489127509836464,28.2,-0.7108724901635348
2021-03-04 17:41:00,50.86985436308738,27.570000000000004,23.299854363087373
2021-03-04 17:42:00,34.016802470836666,24.880000000000003,9.136802470836663
2021-03-04 17:43:00,36.99368488895452,22.5,14.493684888954519
2021-03-04 17:44:00,44.0809549613315,22.47,21.6109549613315
2021-03-04 17:45:00,30.890471729361664,11.170000000000002,19.720471729361662
2021-03-04 17:46:00,36.77602845889744,28.220000000000006,8.556028458897437
2021-03-04 17:47:00,53.50099651289171,10.38,43.12099651289171
2021-03-04 17:48:00,49.59280002476833,11.920000000000002,37.67280002476833
2021-03-04 17:49:00,44.30956404546301,11.93,32.37956404546301
2021-03-04 17:50:00,28.45439886152102,11.71,16.74439886152102
2021-03-04 17:51:00,30.666652689639875,10.15,20.516652689639876
2021-03-04 17:56:00,33.30802813189975,11.32,21.988028131899753
2021-03-04 17:57:00,41.4134901957368,11.3,30.113490195736798
2021-03-04 17:58:00,42.739161580395795,10.39,32.349161580395794
2021-03-05 05:20:00,39.29962848729684,11.32,27.979628487296843
2021-03-05 05:23:00,55.20051594892903,19.060000000000002,36.14051594892903
2021-03-05 05:24:00,52.92209892258629,21.44,31.482098922586285
2021-03-05 05:25:00,46.15623011793758,22.91,23.246230117937582
2021-03-05 05:26:00,56.415871641810746,27.810000000000002,28.605871641810744
2021-03-05 05:27:00,51.21595221907037,49.71,1.505952219070366
2021-03-05 05:28:00,52.69068681426419,52.24000000000001,0.45068681426418067
2021-03-05 05:29:00,49.78974285056918,53.19,-3.4002571494308143
2021-03-05 05:30:00,60.9431990976274,54.870000000000005,6.073199097627395
2021-03-05 05:31:00,32.673831585693705,55.86000000000001,-23.1861684143063
2021-03-05 05:32:00,32.76048192966534,26.04,6.72048192966534
2021-03-05 05:33:00,31.78799922854506,57.080000000000005,-25.292000771454944
2021-03-05 05:34:00,38.233333237216684,56.17,-17.936666762783318
2021-03-05 05:35:00,44.08615983124403,57.95,-13.86384016875597
2021-03-05 05:36:00,51.18257350613504,58.41000000000001,-7.227426493864968
2021-03-05 05:37:00,58.17492892249224,57.3,0.874928922492245
2021-03-05 05:38:00,68.14387301399631,58.99,9.15387301399631
2021-03-05 05:39:00,80.88906559563227,59.27,21.61906559563227
2021-03-05 05:40:00,91.2856164440419,58.58,32.70561644404191
2021-03-05 05:41:00,96.25412677753798,122.03,-25.775873222462025
2021-03-05 05:42:00,90.13228455186629,122.59,-32.45771544813371
2021-03-05 05:43:00,122.02323956334014,149.67000000000002,-27.646760436659875
2021-03-05 05:44:00,123.48704062677663,155.16,-31.672959373223364
2021-03-05 05:45:00,124.61667208833506,157.29,-32.67332791166493
2021-03-05 05:46:00,141.5489583880618,156.36,-14.811041611938208
2021-03-05 05:47:00,135.31680582951378,157.26,-21.94319417048621
2021-03-05 05:48:00,162.68143163004277,183.14,-20.45856836995722
2021-03-05 05:49:00,177.7311494509674,214.28,-36.54885054903261
2021-03-05 05:50:00,179.76924442678114,215.12,-35.35075557321886
2021-03-05 05:51:00,204.35260461411968,238.13,-33.77739538588031
2021-03-05 05:52:00,213.2620668091867,235.7,-22.437933190813283
2021-03-05 05:53:00,211.20025922596335,265.7,-54.49974077403664
2021-03-05 05:54:00,214.08058970089388,265.9,-51.819410299106096
2021-03-05 05:55:00,231.00262514889522,264.6,-33.5973748511048
2021-03-05 05:56:00,239.75607845487406,265.15,-25.39392154512592
2021-03-05 05:57:00,237.25696111425225,263.45,-26.19303888574774
2021-03-05 05:58:00,229.07141666931693,287.88,-58.808583330683064
2021-03-05 05:59:00,286.95537893082707,290.09000000000003,-3.1346210691729652
2021-03-05 06:00:00,282.1000873004811,316.73999999999995,-34.639912699518845
2021-03-05 06:01:00,273.9245584097173,290.25,-16.325441590282708
2021-03-05 06:02:00,230.28248218331004,289.74,-59.45751781668997
2021-03-05 06:03:00,255.2383118410699,286.15999999999997,-30.921688158930067
2021-03-05 06:04:00,216.77474859506577,287.53999999999996,-70.76525140493419
2021-03-05 06:05:00,217.2751316128826,287.88,-70.60486838711739
2021-03-05 06:06:00,246.60037190840825,318.59999999999997,-71.99962809159172
2021-03-05 06:07:00,265.53640532979483,314.52,-48.98359467020515
2021-03-05 06:08:00,238.89574403188675,341.61,-102.71425596811326
2021-03-05 06:09:00,371.31892178504427,342.38,28.938921785044272
2021-03-05 06:10:00,283.03612452943946,348.11,-65.07387547056055
2021-03-05 06:11:00,312.9758572144715,379.46999999999997,-66.49414278552848
2021-03-05 06:12:00,339.41520842333216,380.52,-41.10479157666782
2021-03-05 06:13:00,364.3065050672549,406.71000000000004,-42.40349493274516
2021-03-05 06:14:00,393.9140935209549,405.91999999999996,-12.005906479045052
2021-03-05 06:15:00,409.7785056361111,436.4,-26.62149436388887
2021-03-05 06:16:00,412.04719114209075,436.32000000000005,-24.272808857909297
2021-03-05 06:17:00,399.50366991176185,435.6,-36.096330088238176
2021-03-05 06:18:00,402.2588907437189,434.72,-32.461109256281134
2021-03-05 06:19:00,399.17736997118703,407.93999999999994,-8.762630028812907
2021-03-05 06:20:00,375.8142223204604,406.4,-30.585777679539603
2021-03-05 06:21:00,395.50783799298546,437.84000000000003,-42.332162007014574
2021-03-05 06:22:00,402.1441279775224,404.8,-2.655872022477638
2021-03-05 06:23:00,380.6128257396559,379.96,0.6528257396558956
2021-03-05 06:24:00,372.50273941700533,382.54999999999995,-10.047260582994625
2021-03-05 06:25:00,362.83672844521635,382.19999999999993,-19.36327155478358
2021-03-05 06:26:00,329.8360555358059,381.42999999999995,-51.59394446419407
2021-03-05 06:27:00,409.6117090694268,381.28999999999996,28.321709069426845
2021-03-05 06:28:00,356.5471703393839,404.01,-47.46282966061608
2021-03-05 06:29:00,360.82684914717396,378.63,-17.803150852826036
2021-03-05 06:30:00,346.1395657048402,381.36,-35.220434295159805
2021-03-05 06:31:00,382.5098020456376,404.30999999999995,-21.800197954362318
2021-03-05 06:32:00,403.4013950433247,433.44000000000005,-30.03860495667533
2021-03-05 06:33:00,446.5407356993215,434.80000000000007,11.74073569932142
2021-03-05 06:34:00,404.3082726684619,435.36,-31.05172733153813
2021-03-05 06:35:00,364.55549597265224,405.02,-40.46450402734774
2021-03-05 06:36:00,358.54733875904185,405.31000000000006,-46.76266124095821
2021-03-05 06:37:00,425.1857553031414,434.8,-9.614244696858634
2021-03-05 06:38:00,534.1379446469144,552.1,-17.96205535308559
2021-03-05 06:39:00,744.0265594155974,727.0899999999999,16.936559415597458
2021-03-05 06:40:00,744.3475862113338,840.75,-96.4024137886662
2021-03-05 06:41:00,850.9672983432414,809.06,41.90729834324145
2021-03-05 06:42:00,829.4073344486795,775.04,54.36733444867957
2021-03-05 06:43:00,988.6367823748022,925.07,63.56678237480219
2021-03-05 06:44:00,1161.1919240170585,1104.4,56.79192401705836
2021-03-05 06:45:00,1313.5614376566332,1250.5499999999997,63.01143765663346
2021-03-05 06:46:00,1248.035733397133,1153.98,94.05573339713305
2021-03-05 06:47:00,859.4880232547023,911.5699999999999,-52.08197674529765
2021-03-05 06:48:00,875.4004201977563,909.9100000000001,-34.50957980224382
2021-03-05 06:49:00,942.2903120830957,901.6400000000001,40.65031208309563
2021-03-05 06:50:00,926.6034062255594,909.24,17.3634062255594
2021-03-05 06:51:00,953.308141204966,935.85,17.458141204965955
2021-03-05 06:52:00,899.745784855144,907.0699999999999,-7.324215144855884
2021-03-05 06:53:00,939.4015578663341,907.35,32.051557866334065
2021-03-05 06:54:00,941.2343018033113,907.03,34.204301803311296
2021-03-05 06:55:00,901.6801996776379,938.5699999999999,-36.88980032236202
2021-03-05 06:56:00,932.012365912937,938.74,-6.727634087063052
2021-03-05 06:57:00,881.6828266303212,938.74,-57.05717336967882
2021-03-05 06:58:00,915.219724006132,1002.2400000000001,-87.02027599386815
2021-03-05 06:59:00,1116.4875541807112,1142.1599999999999,-25.67244581928867
2021-03-05 07:00:00,1032.6238064938452,994.3199999999999,38.303806493845286
2021-03-05 07:01:00,951.7726247590191,967.78,-16.007375240980878
2021-03-05 07:02:00,1172.3687500202752,1144.17,28.198750020275156
2021-03-05 07:03:00,1219.8173549711591,1226.2800000000002,-6.462645028841052
2021-03-05 07:04:00,1186.7799607064946,1228.92,-42.140039293505424
2021-03-05 07:05:00,1227.7880764587583,1251.08,-23.29192354124166
2021-03-05 07:06:00,1109.3281161716016,1158.5700000000002,-49.24188382839861
2021-03-05 07:07:00,1024.3272482868576,1052.98,-28.65275171314238
2021-03-05 07:08:00,974.1247302238628,991.6200000000001,-17.49526977613732
2021-03-05 07:09:00,970.8472519125958,992.8800000000001,-22.032748087404343
2021-03-05 07:10:00,1021.1366186089193,1049.75,-28.61338139108068
2021-03-05 07:11:00,1123.500533866561,1165.08,-41.57946613343893
2021-03-05 07:12:00,1233.3444690778197,1248.3600000000001,-15.01553092218046
2021-03-05 07:13:00,1306.5291201988375,1332.24,-25.71087980116249
2021-03-05 07:14:00,1376.7668674338727,1391.25,-14.483132566127324
2021-03-05 07:15:00,1335.9528309664356,1385.0,-49.04716903356439
2021-03-05 07:16:00,1712.204031263416,1729.8000000000002,-17.595968736584155
2021-03-05 07:17:00,1642.5867800652588,1641.3799999999999,1.206780065258954
2021-03-05 07:18:00,1351.3792262388067,1427.92,-76.54077376119335
2021-03-05 07:19:00,1062.8323925582197,1145.3400000000001,-82.50760744178046
2021-03-05 07:20:00,970.4977874836984,1039.68,-69.18221251630166
2021-03-05 07:21:00,952.9117393631067,1006.6899999999999,-53.778260636893265
2021-03-05 07:22:00,967.1427376166566,1043.1,-75.95726238334328
2021-03-05 07:23:00,1122.1498280153626,1097.4,24.749828015362482
2021-03-05 07:24:00,1107.581008889407,1188.93,-81.34899111059303
2021-03-05 07:25:00,1345.0859110039798,1388.25,-43.164088996020155
2021-03-05 07:26:00,1709.2509112313135,1679.7000000000003,29.550911231313194
2021-03-05 07:27:00,2043.5519874644058,2018.5200000000004,25.031987464405347
2021-03-05 07:28:00,2536.3413889954136,2565.4199999999996,-29.078611004586037
2021-03-05 07:29:00,2306.660322334729,2245.1499999999996,61.51032233472915
2021-03-05 07:30:00,1789.061240386752,1821.6,-32.538759613247976
2021-03-05 07:31:00,1794.5144423262698,1823.9099999999999,-29.39555767373008
2021-03-05 07:32:00,1748.7473576597654,1768.3200000000002,-19.57264234023478
2021-03-05 07:33:00,1597.4458804907927,1594.42,3.025880490792588
2021-03-05 07:34:00,1422.9050947260223,1419.8600000000001,3.045094726022171
2021-03-05 07:35:00,1408.784540678751,1429.2199999999998,-20.4354593212488
2021-03-05 07:36:00,1555.7095004931573,1571.29,-15.58049950684267
2021-03-05 07:37:00,1846.1092117000078,1823.9099999999999,22.199211700007936
2021-03-05 07:38:00,2040.251767591012,2045.3600000000001,-5.108232408988215
2021-03-05 07:39:00,2040.9633605223719,2009.2800000000002,31.683360522371686
2021-03-05 07:40:00,1872.1582761922325,1862.8600000000001,9.298276192232379
2021-03-05 07:41:00,1818.060183500144,1787.21,30.850183500143885
2021-03-05 07:42:00,1876.683893573013,1925.7,-49.01610642698711
2021-03-05 07:43:00,2116.001587751013,2110.14,5.861587751013303
2021-03-05 07:44:00,2505.5590665318614,2597.69,-92.13093346813866
2021-03-05 07:45:00,2536.1298252121537,2576.54,-40.410174787846245
2021-03-05 07:46:00,2126.111838445217,2134.08,-7.96816155478291
2021-03-05 07:47:00,1953.563049598126,1966.68,-13.116950401873964
2021-03-05 07:48:00,1836.5041655719056,1857.7599999999998,-21.255834428094204
2021-03-05 07:49:00,1821.5893799165337,1805.76,15.829379916533753
2021-03-05 07:50:00,1925.0126321840396,1977.1200000000001,-52.107367815960515
2021-03-05 07:51:00,1972.8022759470152,2026.1200000000001,-53.317724052984886
2021-03-05 07:52:00,2040.5353670811362,2057.3,-16.76463291886398
2021-03-05 07:53:00,1657.634681555227,1745.6,-87.96531844477295
2021-03-05 07:54:00,1554.6236510578021,1636.5,-81.87634894219786
2021-03-05 07:55:00,1789.5339932977204,1812.0299999999997,-22.496006702279374
2021-03-05 07:56:00,1833.3943556306494,1919.75,-86.35564436935056
2021-03-05 07:57:00,1679.6516193504922,1694.77,-15.118380649507799
2021-03-05 07:58:00,2074.280538593187,2083.54,-9.259461406812989
2021-03-05 07:59:00,2032.9770925117423,2078.22,-45.242907488257515
2021-03-05 08:00:00,1446.0153606415956,1515.9199999999998,-69.90463935840421
2021-03-05 08:01:00,1072.8738125007817,1131.9,-59.026187499218395
2021-03-05 08:02:00,1134.6391124922714,939.72,194.91911249227132
2021-03-05 08:03:00,1230.5304057995272,1279.02,-48.489594200472766
2021-03-05 08:04:00,1355.2703028700505,1365.25,-9.9796971299495
2021-03-05 08:05:00,1357.2796375810162,1452.0300000000002,-94.75036241898397
2021-03-05 08:06:00,1436.4808895323422,1477.44,-40.959110467657865
2021-03-05 08:07:00,1530.824043849929,1560.9499999999998,-30.125956150070806
2021-03-05 08:08:00,1550.7254010645631,1566.5,-15.77459893543687
2021-03-05 08:09:00,1967.6431095422429,1955.6,12.043109542242973
2021-03-05 08:10:00,2195.8023701627208,2183.42,12.38237016272069
2021-03-05 08:11:00,2096.1441069941925,2185.0,-88.8558930058075
2021-03-05 08:12:00,2269.7706362428817,2325.39,-55.61936375711821
2021-03-05 08:13:00,3027.7108960062696,3181.3,-153.58910399373053
2021-03-05 08:14:00,2134.740984734622,2198.4,-63.659015265378
2021-03-05 08:15:00,2213.4593765007507,2251.31,-37.850623499249195
2021-03-05 08:16:00,2414.7345112624166,2461.95,-47.2154887375832
2021-03-05 08:17:00,2566.7876180872786,2582.1800000000003,-15.392381912721703
2021-03-05 08:18:00,2498.880848566075,2519.42,-20.53915143392487
2021-03-05 08:19:00,2608.6580357617177,2621.2799999999997,-12.62196423828209
2021-03-05 08:20:00,2707.570204639427,2728.5,-20.929795360572825
2021-03-05 08:21:00,3317.824764789323,3421.5299999999997,-103.70523521067662
2021-03-05 08:22:00,3181.713883763688,3310.47,-128.75611623631175
2021-03-05 08:23:00,3344.831737992841,3426.1899999999996,-81.35826200715837
2021-03-05 08:24:00,3093.7124550677217,3085.04,8.672455067721785
2021-03-05 08:25:00,2887.3498445653445,2892.78,-5.430155434655717
2021-03-05 08:26:00,2269.960212414112,2245.32,24.64021241411183
2021-03-05 08:27:00,1623.769739847534,1615.85,7.919739847534174
2021-03-05 08:28:00,1594.4706607787286,1613.7,-19.229339221271402
2021-03-05 08:29:00,2179.9526032943318,2179.58,0.3726032943318387
2021-03-05 08:30:00,2460.2341355064264,2537.0600000000004,-76.82586449357404
2021-03-05 08:31:00,2082.267104190287,2104.44,-22.172895809713282
2021-03-05 08:32:00,1999.5317802095258,2007.6200000000001,-8.08821979047434
2021-03-05 08:33:00,2275.7247913869746,2342.21,-66.4852086130254
2021-03-05 08:34:00,2166.4621246518873,2216.87,-50.40787534811261
2021-03-05 08:35:00,2387.753966869842,2431.3500000000004,-43.5960331301585
2021-03-05 08:36:00,2186.600607998001,2160.36,26.240607998000996
2021-03-05 08:37:00,2731.825309748719,2801.9900000000002,-70.16469025128117
2021-03-05 08:38:00,3068.2150866510424,3150.56,-82.34491334895756
2021-03-05 08:39:00,3327.614868265508,3421.17,-93.55513173449208
2021-03-05 08:40:00,3292.4270106167533,3385.62,-93.19298938324664
2021-03-05 08:41:00,3391.134770957144,3485.95,-94.81522904285566
2021-03-05 08:42:00,3407.8495287353603,3482.7,-74.85047126463951
2021-03-05 08:43:00,3460.6479841343075,3543.01,-82.36201586569268
2021-03-05 08:44:00,3460.613567942588,3573.7800000000007,-113.16643205741275
2021-03-05 08:45:00,3476.9299474307995,3575.1200000000003,-98.19005256920082
2021-03-05 08:46:00,3484.6215661501847,3555.69,-71.06843384981539
2021-03-05 08:47:00,3522.1252084334174,3554.3500000000004,-32.22479156658301
2021-03-05 08:48:00,3561.1031527258,3607.7799999999997,-46.676847274199645
2021-03-05 08:49:00,3599.516160464589,3631.4700000000003,-31.953839535411134
2021-03-05 08:50:00,3642.2298619327967,3673.1000000000004,-30.870138067203698
2021-03-05 08:51:00,3642.6724591014595,3668.0,-25.32754089854052
2021-03-05 08:52:00,3452.676406378317,3449.8199999999997,2.856406378317388
2021-03-05 08:53:00,2575.9402787062527,2497.6800000000003,78.2602787062524
2021-03-05 08:54:00,3011.3489173728585,2981.09,30.258917372858377
2021-03-05 08:55:00,3190.1485073031467,3189.0,1.1485073031467437
2021-03-05 08:56:00,3426.0692520227294,3457.5699999999997,-31.500747977270294
2021-03-05 08:57:00,3437.313197067561,3449.68,-12.366802932438986
2021-03-05 08:58:00,3498.705405888968,3524.87,-26.164594111031874
2021-03-05 08:59:00,3512.3174367309994,3522.8599999999997,-10.542563269000311
2021-03-05 09:00:00,3387.6242922776955,3456.1099999999997,-68.48570772230414
2021-03-05 09:01:00,3523.6694963970176,3516.83,6.839496397017683
2021-03-05 09:02:00,3563.4113686826063,3565.92,-2.5086313173937924
2021-03-05 09:03:00,3564.2062224300057,3612.84,-48.633777569994436
2021-03-05 09:04:00,3606.9436855187855,3642.1,-35.156314481214395
2021-03-05 09:05:00,3658.3783819358932,3679.9299999999994,-21.55161806410615
2021-03-05 09:06:00,3670.1820848875473,3674.4400000000005,-4.257915112453247
2021-03-05 09:07:00,3650.1874130923698,3718.98,-68.79258690763027
2021-03-05 09:08:00,3590.2859474926063,3692.66,-102.37405250739357
2021-03-05 09:09:00,3710.41243386182,3696.2599999999998,14.1524338618201
2021-03-05 09:10:00,3630.4778826056518,3629.38,1.0978826056516482
2021-03-05 09:11:00,3647.579389543461,3745.44,-97.86061045653923
2021-03-05 09:12:00,3476.7942815004203,3532.6000000000004,-55.80571849958005
2021-03-05 09:13:00,3568.9929996381647,3601.42,-32.427000361835326
2021-03-05 09:14:00,3652.2995228141403,3702.6499999999996,-50.35047718585929
2021-03-05 09:15:00,3732.0223239625143,3797.46,-65.43767603748574
2021-03-05 09:16:00,3846.1935647086807,3897.42,-51.226435291319376
2021-03-05 09:17:00,3646.908887582418,3721.6800000000003,-74.77111241758212
2021-03-05 09:18:00,3457.9829539521584,3426.6299999999997,31.352953952158714
2021-03-05 09:19:00,2199.803125015714,2052.68,147.12312501571432
2021-03-05 09:20:00,2241.4063154815444,2071.08,170.3263154815445
2021-03-05 09:21:00,1355.1959002233832,1319.79,35.40590022338324
2021-03-05 09:22:00,1539.178148629227,1494.1999999999998,44.978148629227235
2021-03-05 09:23:00,2099.8765742444775,2171.06,-71.18342575552242
2021-03-05 09:24:00,2818.293770127963,2897.21,-78.91622987203709
2021-03-05 09:25:00,2322.620198273918,2257.6000000000004,65.02019827391769
2021-03-05 09:26:00,3575.3685356900355,3485.16,90.20853569003566
2021-03-05 09:27:00,3914.8850553932325,4145.09,-230.20494460676764
2021-03-05 09:28:00,4307.8209264506595,4414.87,-107.04907354934039
2021-03-05 09:29:00,3404.405287291514,3363.2,41.205287291514196
2021-03-05 09:30:00,3752.2287318668,3731.7599999999998,20.468731866800226
2021-03-05 09:31:00,3878.390855313821,3815.58,62.810855313820866
2021-03-05 09:32:00,2634.271284151904,2538.3100000000004,95.96128415190378
2021-03-05 09:33:00,2421.275794277391,2362.5,58.775794277391014
2021-03-05 09:34:00,2203.6534428223217,2182.42,21.23344282232165
2021-03-05 09:35:00,2476.526790799753,2410.65,65.87679079975305
2021-03-05 09:36:00,3303.374556448807,3353.12,-49.74544355119269
2021-03-05 09:37:00,3518.925413422623,3352.99,165.93541342262324
2021-03-05 09:38:00,3658.5911024639327,3691.26,-32.66889753606756
2021-03-05 09:39:00,2566.4415164425236,2634.0,-67.55848355747639
2021-03-05 09:40:00,2435.1482269300027,2481.13,-45.981773069997416
2021-03-05 09:41:00,2281.3651956588487,2327.1600000000003,-45.794804341151575
2021-03-05 09:42:00,2154.286245339456,2174.2299999999996,-19.94375466054362
2021-03-05 09:43:00,2046.188856843233,2072.85,-26.66114315676691
2021-03-05 09:44:00,1944.9414567256329,1994.45,-49.508543274367184
2021-03-05 09:45:00,1897.6977150327482,1972.47,-74.77228496725184
2021-03-05 09:46:00,1987.864828989952,2031.4799999999998,-43.61517101004779
2021-03-05 09:47:00,2329.8152400262343,2359.7200000000003,-29.904759973765977
2021-03-05 09:48:00,3299.8881122162297,3207.44,92.44811221622967
2021-03-05 09:49:00,3941.489727722225,4163.639999999999,-222.15027227777455
2021-03-05 09:50:00,4130.931634868861,4356.09,-225.15836513113936
2021-03-05 09:51:00,3959.984505531373,4096.45,-136.46549446862673
2021-03-05 09:52:00,3665.385948437444,3693.9,-28.514051562556233
2021-03-05 09:53:00,3124.918583223705,3148.2,-23.28141677629492
2021-03-05 09:54:00,2496.431923655585,2506.39,-9.958076344415076
2021-03-05 09:55:00,3027.896981931016,2949.7699999999995,78.12698193101642
2021-03-05 09:56:00,3450.8159180777534,3369.94,80.87591807775334
2021-03-05 09:57:00,4360.260444475757,4464.369999999999,-104.10955552424184
2021-03-05 09:58:00,3723.8230000872654,3793.81,-69.98699991273452
2021-03-05 09:59:00,3460.7438583639546,3424.08,36.66385836395466
2021-03-05 10:00:00,4117.608992764996,4102.24,15.36899276499662
2021-03-05 10:01:00,4174.474369492663,4305.0,-130.52563050733715
2021-03-05 10:02:00,3596.9152156393834,3685.13,-88.2147843606167
2021-03-05 10:03:00,3930.659674630316,3988.6,-57.940325369683706
2021-03-05 10:04:00,3385.9804318383344,3442.7599999999998,-56.77956816166534
2021-03-05 10:05:00,3404.337086373841,3378.7,25.637086373841157
2021-03-05 10:06:00,4057.5381455768143,4145.6,-88.0618544231861
2021-03-05 10:07:00,4277.67211119712,4333.380000000001,-55.707888802880916
2021-03-05 10:08:00,2639.559995126248,2652.6400000000003,-13.080004873752387
2021-03-05 10:09:00,1505.17682066479,1569.58,-64.40317933520987
2021-03-05 10:10:00,1410.7607699425628,1471.88,-61.119230057437335
2021-03-05 10:11:00,1430.8953627215953,1513.2199999999998,-82.32463727840445
2021-03-05 10:12:00,1608.8394369214159,1640.52,-31.6805630785841
2021-03-05 10:13:00,1913.423791783893,1939.96,-26.53620821610707
2021-03-05 10:14:00,2449.4165256299552,2413.35,36.06652562995532
2021-03-05 10:15:00,2981.0476325649606,2943.6,37.44763256496071
2021-03-05 10:16:00,2569.0304747177593,2549.0299999999997,20.000474717759516
2021-03-05 10:17:00,3214.7089912882607,3204.75,9.958991288260677
2021-03-05 10:18:00,3214.7191442919284,4483.73,-1269.0108557080712
2021-03-05 10:19:00,5119.696244204996,5368.24,-248.54375579500356
2021-03-05 10:20:00,3972.4318674422393,4058.34,-85.90813255776084
2021-03-05 10:21:00,2695.4177329039717,2718.56,-23.142267096028263
2021-03-05 10:22:00,2553.3240487766348,2618.5,-65.17595122336525
2021-03-05 10:23:00,2324.113425977348,2369.25,-45.136574022651985
2021-03-05 10:24:00,3549.8916215248573,3681.4400000000005,-131.54837847514318
2021-03-05 10:25:00,4687.372096786788,4842.96,-155.58790321321248
2021-03-05 10:26:00,4537.638366285053,4815.139999999999,-277.50163371494637
2021-03-05 10:27:00,4545.986016925675,4781.69,-235.70398307432424
2021-03-05 10:28:00,4667.706195206287,4876.09,-208.38380479371335
2021-03-05 10:29:00,4780.186554120662,4975.460000000001,-195.2734458793393
2021-03-05 10:30:00,4510.89878440151,4504.5599999999995,6.338784401510566
2021-03-05 10:31:00,4673.13676686448,3246.01,1427.1267668644796
2021-03-05 10:32:00,3856.48122134821,184.21,3672.27122134821
2021-03-05 10:33:00,4159.2515139612515,30.25,4129.0015139612515
2021-03-05 10:34:00,4472.555504077942,65.2,4407.355504077942
2021-03-05 10:35:00,4439.405715920169,65.04,4374.365715920169
2021-03-05 10:36:00,4431.893222360522,3459.96,971.9332223605215
2021-03-05 10:37:00,4432.765113434762,4494.5,-61.73488656523841
2021-03-05 10:38:00,4476.873629011946,4542.3,-65.42637098805426
2021-03-05 10:39:00,4496.097639168615,4542.299999999999,-46.202360831383885
2021-03-05 10:40:00,4517.3058275044605,4533.3,-15.994172495539715
2021-03-05 10:41:00,4503.699795798011,4547.7,-44.00020420198871
2021-03-05 10:42:00,4510.440093584893,4533.3,-22.859906415107616
2021-03-05 10:43:00,4512.2070125408545,4564.969999999999,-52.762987459144824
2021-03-05 10:44:00,4480.169916985098,4551.3,-71.13008301490208
2021-03-05 10:45:00,4473.929081855269,4527.1,-53.17091814473133
2021-03-05 10:46:00,4465.556215961553,4514.08,-48.52378403844705
2021-03-05 10:47:00,4472.19472049203,4502.3,-30.10527950797041
2021-03-05 10:48:00,4506.7471626666575,4529.210000000001,-22.462837333343487
2021-03-05 10:49:00,4454.219777518513,4490.05,-35.830222481487
2021-03-05 10:50:00,4450.771411420855,4493.29,-42.51858857914522
2021-03-05 10:51:00,4453.410793804569,4516.16,-62.749206195430816
2021-03-05 10:52:00,4434.480619820519,4476.56,-42.07938017948163
2021-03-05 10:53:00,4428.119648410863,4491.52,-63.400351589137244
2021-03-05 10:54:00,4441.171466810341,4482.720000000001,-41.54853318965979
2021-03-05 10:55:00,4401.707631464944,4455.6900000000005,-53.982368535056594
2021-03-05 10:56:00,4195.5939377131135,4190.670000000001,4.923937713112537
2021-03-05 10:57:00,4498.58098540447,4559.469999999999,-60.88901459552926
2021-03-05 10:58:00,4502.437704040945,4536.0,-33.56229595905461
2021-03-05 10:59:00,4489.563520441996,4547.7,-58.136479558003884
2021-03-05 11:00:00,4490.265996943995,4533.299999999999,-43.03400305600462
2021-03-05 11:01:00,4492.381958856077,4527.99,-35.60804114392249
2021-03-05 11:02:00,4471.247843997131,4534.55,-63.3021560028692
2021-03-05 11:03:00,4513.077468665595,4532.4,-19.32253133440463
2021-03-05 11:04:00,4537.26443786021,4525.650000000001,11.614437860209364
2021-03-05 11:05:00,4520.49176582107,4548.49,-27.998234178930034
2021-03-05 11:06:00,4569.359972966874,4575.48,-6.120027033125552
2021-03-05 11:07:00,4552.493446129059,3494.1400000000003,1058.3534461290583
2021-03-05 11:08:00,4582.154780987935,4606.42,-24.265219012065245
2021-03-05 11:09:00,4563.580068319325,4594.59,-31.009931680675436
2021-03-05 11:10:00,4587.356148918048,4610.719999999999,-23.363851081950997
2021-03-05 11:11:00,4582.198915534993,4610.0599999999995,-27.86108446500657
2021-03-05 11:12:00,4592.33405492136,4625.33,-32.995945078640034
2021-03-05 11:13:00,4592.213131127904,4641.4,-49.186868872096056
2021-03-05 11:14:00,4451.63856015287,4470.47,-18.83143984713024
2021-03-05 11:15:00,2854.323253579382,2692.96,161.36325357938176
2021-03-05 11:16:00,4767.2600473217135,4885.889999999999,-118.62995267828592
2021-03-05 11:17:00,4117.0552374858735,4017.7400000000002,99.31523748587324
2021-03-05 11:18:00,2443.8697757284804,2341.2599999999998,102.6097757284806
2021-03-05 11:19:00,4631.235881397429,4736.16,-104.92411860257107
2021-03-05 11:20:00,4774.362486440054,4864.73,-90.36751355994511
2021-03-05 11:21:00,4739.041154608333,4805.57,-66.52884539166644
2021-03-05 11:22:00,4666.316615924374,4785.539999999999,-119.22338407562529
2021-03-05 11:23:00,4655.0987303431775,4718.9800000000005,-63.88126965682295
2021-03-05 11:24:00,4634.328962822859,4662.5599999999995,-28.231037177140934
2021-03-05 11:25:00,4588.651678454881,4601.87,-13.21832154511867
2021-03-05 11:26:00,4577.531973624845,4598.23,-20.698026375154768
2021-03-05 11:27:00,4564.587440732658,4577.299999999999,-12.712559267341021
2021-03-05 11:28:00,4555.104418005957,4569.42,-14.315581994042986
2021-03-05 11:29:00,4541.602032452418,4549.46,-7.8579675475821205
2021-03-05 11:30:00,4539.104244316594,4514.45,24.654244316594486
2021-03-05 11:31:00,4550.138170988294,4549.5,0.6381709882944051
2021-03-05 11:32:00,4533.446727058144,4547.700000000001,-14.253272941857176
2021-03-05 11:33:00,4558.195212767979,4570.0,-11.804787232021226
2021-03-05 11:34:00,4542.71755812039,4599.34,-56.62244187961005
2021-03-05 11:35:00,4543.678529566342,4600.87,-57.19147043365774
2021-03-05 11:36:00,4565.0896992602275,4600.959999999999,-35.870300739771665
2021-03-05 11:37:00,4532.917182653418,4568.35,-35.43281734658194
2021-03-05 11:38:00,4554.986489984286,4553.1,1.8864899842856175
2021-03-05 11:39:00,4523.265589401951,4551.33,-28.064410598049108
2021-03-05 11:40:00,4541.742691209859,4545.92,-4.177308790141069
2021-03-05 11:41:00,4533.160398202046,4570.2,-37.039601797953765
2021-03-05 11:42:00,4542.092016743061,4544.98,-2.8879832569382415
2021-03-05 11:43:00,4551.944534618281,4530.6,21.344534618280704
2021-03-05 11:44:00,4526.678931022698,4496.4,30.27893102269809
2021-03-05 11:45:00,4505.492843831706,4455.34,50.15284383170547
2021-03-05 11:46:00,4518.93067629415,4480.26,38.670676294149416
2021-03-05 11:47:00,4544.220561552192,4490.05,54.17056155219143
2021-03-05 11:48:00,4534.9558321193745,4507.27,27.685832119374027
2021-03-05 11:49:00,4530.140431580738,4522.5,7.640431580737641
2021-03-05 11:50:00,4551.5987302747635,4526.540000000001,25.058730274762638
2021-03-05 11:51:00,4556.012984356646,4545.2300000000005,10.782984356645102
2021-03-05 11:52:00,4582.23617676429,4550.4,31.83617676429003
2021-03-05 11:53:00,4556.378642021824,4522.52,33.85864202182347
2021-03-05 11:54:00,4546.686019939458,4489.2,57.48601993945795
2021-03-05 11:55:00,4542.906002974738,4524.3,18.60600297473775
2021-03-05 11:56:00,4559.845279715749,4489.45,70.39527971574898
2021-03-05 11:57:00,4561.213336167515,4509.9,51.313336167515445
2021-03-05 11:58:00,4606.822478529092,4559.1,47.72247852909186
2021-03-05 11:59:00,3509.740465251371,3311.25,198.490465251371
2021-03-05 12:00:00,4358.542222462803,4321.98,36.56222246280322
2021-03-05 12:01:00,4511.194427663507,4454.12,57.07442766350687
2021-03-05 12:02:00,4635.1255910745695,4662.09,-26.96440892543069
2021-03-05 12:03:00,4554.000721765306,4580.94,-26.93927823469403
2021-03-05 12:04:00,4538.322023249369,4533.3,5.022023249368431
2021-03-05 12:05:00,4548.673696283971,4524.299999999999,24.373696283972095
2021-03-05 12:06:00,4543.798107811496,4502.8,40.998107811496084
2021-03-05 12:07:00,4544.1585260969805,4483.82,60.338526096980786
2021-03-05 12:08:00,4533.762837581595,4504.5,29.262837581594795
2021-03-05 12:09:00,4546.9038229547095,4481.15,65.7538229547099
2021-03-05 12:10:00,4518.346431810743,4456.23,62.11643181074305
2021-03-05 12:11:00,4502.0339774874965,4484.98,17.053977487496923
2021-03-05 12:12:00,4508.002231788045,4448.12,59.88223178804492
2021-03-05 12:13:00,4537.418857388129,4459.790000000001,77.62885738812838
2021-03-05 12:14:00,4507.285712218299,4461.380000000001,45.905712218297595
2021-03-05 12:15:00,4503.0511177988,4450.0,53.05111779880008
2021-03-05 12:16:00,4486.250420736784,4393.84,92.41042073678364
2021-03-05 12:17:00,4473.636588838741,4395.259999999999,78.37658883874155
2021-03-05 12:18:00,4404.574733034306,4337.299999999999,67.27473303430634
2021-03-05 12:19:00,4460.974960510376,4394.37,66.60496051037626
2021-03-05 12:20:00,4503.074616657472,4430.8,72.2746166574716
2021-03-05 12:21:00,4530.933913893972,4489.76,41.173913893971985
2021-03-05 12:22:00,4527.739234391482,4467.76,59.97923439148144
2021-03-05 12:23:00,4464.032879054951,4404.74,59.2928790549513
2021-03-05 12:24:00,4460.102434418136,4412.639999999999,47.46243441813658
2021-03-05 12:25:00,4440.007688196273,4364.969999999999,75.03768819627385
2021-03-05 12:26:00,4362.138989766089,4252.92,109.21898976608918
2021-03-05 12:27:00,4323.769888160766,4240.32,83.44988816076602
2021-03-05 12:28:00,4428.236354263444,4351.599999999999,76.63635426344445
2021-03-05 12:29:00,4459.113328079867,4380.57,78.54332807986702
2021-03-05 12:30:00,4449.767951514189,4390.969999999999,58.79795151418966
2021-03-05 12:31:00,4409.939171693368,4328.2,81.73917169336801
2021-03-05 12:32:00,4382.853066499996,4320.51,62.343066499995984
2021-03-05 12:33:00,4312.253677244951,4242.880000000001,69.37367724495016
2021-03-05 12:34:00,4339.650041462979,4237.9800000000005,101.67004146297859
2021-03-05 12:35:00,4406.211892489091,4333.56,72.65189248909064
2021-03-05 12:36:00,4416.130307389297,4386.0,30.13030738929683
2021-03-05 12:37:00,4446.103255984636,4421.15,24.9532559846366
2021-03-05 12:38:00,4452.546941802167,4435.5,17.046941802166657
2021-03-05 12:39:00,4462.300426820109,4396.039999999999,66.2604268201103
2021-03-05 12:40:00,4466.173891777631,3415.92,1050.253891777631
2021-03-05 12:41:00,4200.131169834363,4107.360000000001,92.77116983436281
2021-03-05 12:42:00,4342.297352284947,4242.960000000001,99.33735228494606
2021-03-05 12:43:00,4390.975433331997,4360.5,30.47543333199701
2021-03-05 12:44:00,4401.957682124445,4338.4,63.55768212444491
2021-03-05 12:45:00,4352.066937818772,4298.28,53.78693781877246
2021-03-05 12:46:00,4360.7052533131655,4262.05,98.6552533131653
2021-03-05 12:47:00,4309.516686076575,4260.39,49.126686076574515
2021-03-05 12:48:00,4358.662053652347,4292.4,66.26205365234728
2021-03-05 12:49:00,4388.56447215338,4331.6,56.964472153379575
2021-03-05 12:50:00,4388.193675828975,4316.42,71.77367582897477
2021-03-05 12:51:00,4359.412038405732,4267.900000000001,91.5120384057318
2021-03-05 12:52:00,4300.355455774083,4224.639999999999,75.71545577408324
2021-03-05 12:53:00,4283.874971488035,4194.299999999999,89.57497148803577
2021-03-05 12:54:00,4250.407454258866,4178.66,71.74745425886613
2021-03-05 12:55:00,4225.069432088716,4151.66,73.40943208871613
2021-03-05 12:56:00,4282.745348637059,4200.04,82.7053486370587
2021-03-05 12:57:00,4256.667082434568,4124.26,132.4070824345681
2021-03-05 12:58:00,4190.655159257891,4182.03,8.625159257891028
2021-03-05 12:59:00,4262.384464700162,4200.34,62.04446470016228
2021-03-05 13:00:00,4291.570022191685,4186.92,104.65002219168491
2021-03-05 13:01:00,4266.894561767158,4174.74,92.15456176715816
2021-03-05 13:02:00,4196.3570355790935,4088.0,108.35703557909346
2021-03-05 13:03:00,4106.699559188001,3953.8199999999997,152.87955918800162
2021-03-05 13:04:00,4183.014456523053,4080.26,102.7544565230528
2021-03-05 13:05:00,4191.2966754453455,4088.0,103.2966754453455
2021-03-05 13:06:00,4149.389059231455,4070.69,78.69905923145461
2021-03-05 13:07:00,4088.5437294079316,4024.02,64.52372940793157
2021-03-05 13:08:00,4122.804961157315,4010.7599999999998,112.04496115731536
2021-03-05 13:09:00,4088.857365872972,3973.9700000000003,114.88736587297171
2021-03-05 13:10:00,3854.9265030571037,3713.04,141.8865030571037
2021-03-05 13:11:00,3770.4964929442017,3630.8999999999996,139.59649294420205
2021-03-05 13:12:00,3939.142918040263,3877.5,61.642918040262884
2021-03-05 13:13:00,3785.6194329336317,3684.1899999999996,101.42943293363214
2021-03-05 13:14:00,3676.0144767500806,3579.7200000000003,96.29447675008032
2021-03-05 13:15:00,3578.2164471367364,3493.38,84.8364471367363
2021-03-05 13:16:00,3497.539793214971,3376.1000000000004,121.43979321497045
2021-03-05 13:17:00,3570.729459370973,3465.66,105.06945937097316
2021-03-05 13:18:00,3505.0593314791813,3358.7200000000003,146.33933147918106
2021-03-05 13:19:00,4001.1173402264653,3893.76,107.35734022646511
2021-03-05 13:20:00,4162.553928785344,4109.83,52.72392878534447
2021-03-05 13:21:00,4106.1136619525205,4044.3500000000004,61.763661952520124
2021-03-05 13:22:00,4106.055321948633,3837.6400000000003,268.4153219486325
2021-03-05 13:23:00,3889.659170082073,3777.77,111.88917008207318
2021-03-05 13:24:00,3889.2836774500574,3786.4800000000005,102.80367745005697
2021-03-05 13:25:00,4005.166915086265,3915.75,89.41691508626491
2021-03-05 13:26:00,3953.443592195121,3888.0,65.4435921951208
2021-03-05 13:27:00,3992.319345429093,3905.25,87.06934542909312
2021-03-05 13:28:00,4038.5720772630043,3978.59,59.98207726300416
2021-03-05 13:29:00,4033.230735022469,3956.5600000000004,76.67073502246876
2021-03-05 13:30:00,4040.2542070501336,3966.97,73.28420705013377
2021-03-05 13:31:00,3948.4338930670992,3888.75,59.683893067099234
2021-03-05 13:32:00,3903.6873780963647,3823.03,80.65737809636448
2021-03-05 13:33:00,3555.600169969368,3422.0999999999995,133.50016996936847
2021-03-05 13:34:00,3390.7993107126244,3289.2299999999996,101.56931071262488
2021-03-05 13:35:00,3110.8644411357873,2986.23,124.63444113578726
2021-03-05 13:36:00,3185.200811852343,3087.2200000000003,97.98081185234287
2021-03-05 13:37:00,3537.552190943448,3465.0,72.55219094344784
2021-03-05 13:38:00,3514.2346413786927,3408.6,105.63464137869278
2021-03-05 13:39:00,3757.1102776308485,3670.7999999999997,86.31027763084876
2021-03-05 13:40:00,3588.6630128613383,3459.0599999999995,129.6030128613388
2021-03-05 13:41:00,3448.9113772203673,3321.3599999999997,127.55137722036761
2021-03-05 13:42:00,3635.326530947812,3546.3100000000004,89.01653094781159
2021-03-05 13:43:00,3820.1325814467546,3740.2799999999997,79.85258144675481
2021-03-05 13:44:00,3874.0728727502647,3808.17,65.90287275026458
2021-03-05 13:45:00,3547.82608355139,3424.85,122.97608355139027
2021-03-05 13:46:00,3475.8493581725243,3379.7700000000004,96.07935817252383
2021-03-05 13:47:00,3559.851464740276,3488.7599999999998,71.09146474027602
2021-03-05 13:48:00,3745.1137612205757,3675.0,70.11376122057573
2021-03-05 13:49:00,3564.0758607894977,3475.84,88.23586078949756
2021-03-05 13:50:00,3362.8840875138785,3270.5,92.38408751387851
2021-03-05 13:51:00,3487.0797113574286,3421.6000000000004,65.47971135742819
2021-03-05 13:52:00,3660.741775913638,3595.84,64.90177591363772
2021-03-05 13:53:00,3523.608909005471,3440.66,82.94890900547125
2021-03-05 13:54:00,3539.1430536622684,3467.6399999999994,71.50305366226894
2021-03-05 13:55:00,3793.204092859869,3727.5,65.70409285986898
2021-03-05 13:56:00,3808.47442613872,3716.1400000000003,92.33442613871966
2021-03-05 13:57:00,3765.7908712220355,3723.24,42.55087122203577
2021-03-05 13:58:00,3754.478748201231,3666.5999999999995,87.8787482012317
2021-03-05 13:59:00,3729.4433829581785,3634.92,94.52338295817844
2021-03-05 14:00:00,3636.9953514974422,3551.6400000000003,85.35535149744192
2021-03-05 14:01:00,3589.6436305411503,3508.79,80.85363054115032
2021-03-05 14:02:00,3638.124327609344,3535.54,102.5843276093442
2021-03-05 14:03:00,3515.97708365524,3431.3500000000004,84.62708365523986
2021-03-05 14:04:00,3618.930221123186,3530.85,88.08022112318622
2021-03-05 14:05:00,3583.5580380694514,3532.9,50.65803806945132
2021-03-05 14:06:00,3620.7567061576906,3554.3599999999997,66.39670615769091
2021-03-05 14:07:00,3606.110804942049,3539.0299999999997,67.08080494204933
2021-03-05 14:08:00,3576.156772867029,3511.4700000000003,64.6867728670286
2021-03-05 14:09:00,3570.9159925641543,3506.78,64.1359925641541
2021-03-05 14:10:00,3558.0013799188637,3466.3199999999997,91.68137991886397
2021-03-05 14:11:00,3527.9843625596372,3441.99,85.99436255963747
2021-03-05 14:12:00,3462.1231481494287,2583.34,878.7831481494286
2021-03-05 14:13:00,3372.045369327061,3260.58,111.46536932706113
2021-03-05 14:14:00,3267.063798644625,3188.47,78.59379864462517
2021-03-05 14:15:00,3253.666748919031,3175.2,78.46674891903103
2021-03-05 14:16:00,3446.0521714559213,3363.0299999999997,83.02217145592158
2021-03-05 14:17:00,3407.824906720686,3325.14,82.68490672068629
2021-03-05 14:18:00,3465.1987511382254,3376.6400000000003,88.55875113822503
2021-03-05 14:19:00,3282.2498855372,3229.95,52.299885537200225
2021-03-05 14:20:00,3080.7810185038534,3007.8900000000003,72.89101850385305
2021-03-05 14:21:00,3116.5509278661657,3072.2599999999998,44.29092786616593
2021-03-05 14:22:00,2986.33187553247,2911.1499999999996,75.18187553247026
2021-03-05 14:23:00,3182.52869188349,3151.1899999999996,31.338691883490355
2021-03-05 14:24:00,3403.4357055226333,3377.0,26.43570552263327
2021-03-05 14:25:00,3322.2090578260327,3294.6800000000003,27.529057826032385
2021-03-05 14:26:00,3313.9928792260002,3266.41,47.58287922600039
2021-03-05 14:27:00,3291.3528254218436,3235.4399999999996,55.91282542184399
2021-03-05 14:28:00,3318.799067702418,3256.18,62.619067702418306
2021-03-05 14:29:00,3341.729729385493,3256.79,84.93972938549314
2021-03-05 14:30:00,3278.7968925146156,3178.2,100.59689251461577
2021-03-05 14:31:00,3338.9687243809135,3242.3899999999994,96.57872438091408
2021-03-05 14:32:00,3259.14454642934,3158.4399999999996,100.70454642934055
2021-03-05 14:33:00,3218.0852370621183,3191.3999999999996,26.68523706211863
2021-03-05 14:34:00,3254.50696924059,3201.0,53.506969240590024
2021-03-05 14:35:00,3253.0619754379654,3201.0,52.06197543796543
2021-03-05 14:36:00,3225.389712315042,3182.26,43.129712315041616
2021-03-05 14:37:00,3247.3746454096135,3144.7,102.67464540961373
2021-03-05 14:38:00,3188.6154874006384,3158.86,29.75548740063823
2021-03-05 14:39:00,3187.451355288093,3142.26,45.191355288092836
2021-03-05 14:40:00,3181.8971344909987,3123.2999999999997,58.597134490999
2021-03-05 14:41:00,3161.8140409379766,3093.7200000000003,68.09404093797639
2021-03-05 14:42:00,3073.582632582646,3038.1000000000004,35.48263258264569
2021-03-05 14:43:00,3019.0540389594134,2963.4,55.654038959413356
2021-03-05 14:44:00,3119.228955377274,3055.2,64.02895537727409
2021-03-05 14:45:00,3129.6171800722805,3080.28,49.33718007228026
2021-03-05 14:46:00,3083.4863147959604,3004.5,78.98631479596042
2021-03-05 14:47:00,3030.3746589645552,3009.4399999999996,20.934658964555638
2021-03-05 14:48:00,3043.639199169141,3018.9599999999996,24.67919916914161
2021-03-05 14:49:00,2962.716313878636,2970.0,-7.283686121364099
2021-03-05 14:50:00,3024.9719315259995,2956.25,68.72193152599948
2021-03-05 14:51:00,3011.1167188133663,2929.76,81.35671881336611
2021-03-05 14:52:00,3026.7331817979616,2947.67,79.06318179796153
2021-03-05 14:53:00,2822.2301430566185,2794.48,27.750143056618526
2021-03-05 14:54:00,2616.751769490411,2505.48,111.27176949041086
2021-03-05 14:55:00,2571.062892020378,2470.66,100.4028920203782
2021-03-05 14:56:00,2719.2289105137556,2660.87,58.358910513755745
2021-03-05 14:57:00,2614.2242441717717,2516.38,97.8442441717716
2021-03-05 14:58:00,2262.2629259970404,2176.4,85.86292599704029
2021-03-05 14:59:00,2208.200500479416,2129.79,78.41050047941599
2021-03-05 15:00:00,2412.4870617287706,2346.08,66.40706172877071
2021-03-05 15:01:00,2106.0909780881993,2051.24,54.850978088199554
2021-03-05 15:02:00,2025.827185893783,2012.06,13.767185893783108
2021-03-05 15:03:00,2015.9654232924806,1916.25,99.71542329248064
2021-03-05 15:04:00,2014.9550917016438,1970.6399999999999,44.31509170164395
2021-03-05 15:05:00,2219.4124005212307,2178.0,41.412400521230666
2021-03-05 15:06:00,2241.5294224766117,2136.81,104.71942247661173
2021-03-05 15:07:00,2236.259265424169,2136.0299999999997,100.22926542416917
2021-03-05 15:08:00,2288.5235335926086,2219.35,69.17353359260869
2021-03-05 15:09:00,2015.2216694026788,1979.6399999999999,35.581669402678926
2021-03-05 15:10:00,2054.3108194639744,2025.75,28.56081946397444
2021-03-05 15:11:00,1712.0484957776978,1700.35,11.698495777697872
2021-03-05 15:12:00,1634.199571211522,1583.69,50.509571211521916
2021-03-05 15:13:00,1656.0807066620605,1609.24,46.840706662060484
2021-03-05 15:14:00,1676.0526508821397,1599.9299999999998,76.12265088213985
2021-03-05 15:15:00,1569.390773540753,1537.48,31.91077354075287
2021-03-05 15:16:00,1478.1116704969074,1420.64,57.471670496907336
2021-03-05 15:17:00,1526.1717556156243,1546.44,-20.26824438437575
2021-03-05 15:18:00,1594.8023344413205,1602.83,-8.027665558679473
2021-03-05 15:19:00,1452.3658786435265,1422.2000000000003,30.165878643526185
2021-03-05 15:20:00,1443.2699350319224,1370.0,73.26993503192239
2021-03-05 15:21:00,1327.898833378475,1318.32,9.57883337847511
2021-03-05 15:22:00,1248.5282023432208,1258.56,-10.03179765677919
2021-03-05 15:23:00,1213.4989494183303,1210.0,3.4989494183303123
2021-03-05 15:24:00,1237.460228381505,1200.98,36.48022838150496
2021-03-05 15:25:00,1161.4281483182278,1105.0,56.42814831822784
2021-03-05 15:26:00,1213.2364955879837,1161.3000000000002,51.93649558798347
2021-03-05 15:27:00,1083.8980476400181,1105.4,-21.501952359981942
2021-03-05 15:28:00,1023.079161066044,1024.41,-1.3308389339561018
2021-03-05 15:29:00,1117.8759199868098,1115.4,2.4759199868096857
2021-03-05 15:30:00,1407.6520391286651,1422.08,-14.42796087133479
2021-03-05 15:31:00,1522.7394709448101,1503.9,18.839470944810046
2021-03-05 15:32:00,1511.3212322085146,1503.3600000000001,7.961232208514502
2021-03-05 15:33:00,1398.430864053975,1384.75,13.680864053975029
2021-03-05 15:34:00,1392.7692010204191,1336.3200000000002,56.44920102041897
2021-03-05 15:35:00,1368.392795241277,1336.3200000000002,32.072795241276935
2021-03-05 15:36:00,1345.880688374869,1324.32,21.56068837486896
2021-03-05 15:37:00,1345.7751715498507,1321.1999999999998,24.575171549850893
2021-03-05 15:38:00,1262.9493904544938,1238.13,24.819390454493714
2021-03-05 15:39:00,1217.4732996883488,1217.04,0.43329968834882493
2021-03-05 15:40:00,1243.996721294611,1222.54,21.456721294611043
2021-03-05 15:41:00,1172.6141561480204,1159.83,12.784156148020429
2021-03-05 15:42:00,1064.0108627230707,1053.36,10.650862723070759
2021-03-05 15:43:00,1050.7647826476086,1052.79,-2.025217352391337
2021-03-05 15:44:00,1028.2966413398608,1051.08,-22.78335866013913
2021-03-05 15:45:00,971.6778159015291,941.1199999999999,30.55781590152924
2021-03-05 15:46:00,945.5761709122808,932.28,13.296170912280786
2021-03-05 15:47:00,842.1780181840718,875.2,-33.02198181592826
2021-03-05 15:48:00,729.1689696905171,734.77,-5.601030309482894
2021-03-05 15:49:00,811.9330548553772,799.5699999999999,12.3630548553773
2021-03-05 15:50:00,887.0391162954292,883.2,3.8391162954291076
2021-03-05 15:51:00,878.1592717056238,876.8000000000001,1.3592717056237689
2021-03-05 15:52:00,832.2240955740563,849.13,-16.90590442594373
2021-03-05 15:53:00,804.1286734155742,827.85,-23.72132658442581
2021-03-05 15:54:00,753.2624499068397,762.5799999999999,-9.317550093160207
2021-03-05 15:55:00,717.6267984639402,769.8599999999999,-52.23320153605971
2021-03-05 15:56:00,714.0746046654534,773.9200000000001,-59.84539533454665
2021-03-05 15:57:00,767.6796709820256,771.8199999999999,-4.140329017974295
2021-03-05 15:58:00,661.6631126991037,738.05,-76.3868873008962
2021-03-05 15:59:00,617.7161284508592,684.74,-67.02387154914084
2021-03-05 16:00:00,670.75889874709,662.52,8.238898747090047
2021-03-05 16:01:00,675.35932999248,685.5799999999999,-10.22067000751997
2021-03-05 16:02:00,746.7832223239465,778.12,-31.336777676053543
2021-03-05 16:03:00,787.1195277515609,773.22,13.899527751560868
2021-03-05 16:04:00,811.4805675313231,839.0999999999999,-27.61943246867679
2021-03-05 16:05:00,786.4840669269914,822.9000000000001,-36.41593307300866
2021-03-05 16:06:00,756.41581818253,772.24,-15.824181817470048
2021-03-05 16:07:00,732.6175798641045,778.8199999999999,-46.20242013589541
2021-03-05 16:08:00,717.1387238560361,772.66,-55.52127614396386
2021-03-05 16:09:00,715.5536066601784,774.76,-59.2063933398216
2021-03-05 16:10:00,747.8936788705142,779.24,-31.346321129485773
2021-03-05 16:11:00,775.1598908820628,777.14,-1.9801091179372179
2021-03-05 16:12:00,908.4617675746556,891.8400000000001,16.62176757465545
2021-03-05 16:13:00,1020.9373676250729,1012.1400000000001,8.797367625072752
2021-03-05 16:14:00,1068.100903890262,1064.76,3.3409038902620978
2021-03-05 16:15:00,1036.804067984223,1065.52,-28.71593201577707
2021-03-05 16:16:00,1203.8105941772824,1185.0300000000002,18.780594177282182
2021-03-05 16:17:00,1179.2676905831502,1181.25,-1.98230941684983
2021-03-05 16:18:00,1223.9404140805675,1238.16,-14.219585919432575
2021-03-05 16:19:00,1224.6431497043354,1230.6800000000003,-6.036850295664863
2021-03-05 16:20:00,1220.0270799633206,1232.6600000000003,-12.632920036679707
2021-03-05 16:21:00,1212.287328409391,1203.27,9.017328409390984
2021-03-05 16:22:00,1140.9940312213944,1145.38,-4.385968778605729
2021-03-05 16:23:00,1155.6908737578574,1145.17,10.520873757857316
2021-03-05 16:24:00,1086.442408224863,1056.5900000000001,29.852408224862756
2021-03-05 16:25:00,979.1426103116653,997.92,-18.777389688334665
2021-03-05 16:26:00,881.5847033103654,900.4300000000001,-18.845296689634665
2021-03-05 16:27:00,900.2659263383472,881.9200000000001,18.345926338347113
2021-03-05 16:28:00,776.6544215559516,792.28,-15.625578444048415
2021-03-05 16:29:00,823.7766775665694,831.1500000000001,-7.373322433430644
2021-03-05 16:30:00,851.6733441516358,887.3600000000001,-35.68665584836435
2021-03-05 16:31:00,880.7014831049677,887.2,-6.498516895032367
2021-03-05 16:32:00,881.4677377497201,887.52,-6.0522622502799095
2021-03-05 16:33:00,888.2150075823164,885.9200000000001,2.295007582316316
2021-03-05 16:34:00,860.7035782600702,851.31,9.393578260070285
2021-03-05 16:35:00,742.2236282668762,772.8,-30.57637173312378
2021-03-05 16:36:00,693.1905153750007,714.8700000000001,-21.679484624999418
2021-03-05 16:37:00,739.2594998255901,775.7399999999999,-36.480500174409826
2021-03-05 16:38:00,774.2223465393366,777.28,-3.057653460663346
2021-03-05 16:39:00,798.6245308026733,780.92,17.70453080267339
2021-03-05 16:40:00,771.910620808608,775.18,-3.2693791913919767
2021-03-05 16:41:00,753.708243353676,752.41,1.298243353676071
2021-03-05 16:42:00,799.6236055694671,783.5799999999999,16.043605569467218
2021-03-05 16:43:00,782.8030006206437,725.4000000000001,57.40300062064364
2021-03-05 16:44:00,708.449452833866,668.76,39.68945283386597
2021-03-05 16:45:00,669.4087071883661,637.44,31.96870718836601
2021-03-05 16:46:00,693.0354219802246,670.6800000000001,22.35542198022449
2021-03-05 16:47:00,762.6229586205098,675.8399999999999,86.78295862050993
2021-03-05 16:48:00,766.3980004291715,678.5999999999999,87.79800042917157
2021-03-05 16:49:00,716.6651977944668,678.7199999999999,37.945197794466935
2021-03-05 16:50:00,691.2821070345685,646.8599999999999,44.422107034568626
2021-03-05 16:51:00,633.5031489264223,615.6700000000001,17.83314892642227
2021-03-05 16:52:00,573.4169829872156,550.7,22.7169829872156
2021-03-05 16:53:00,530.7923410123043,510.06,20.73234101230429
2021-03-05 16:54:00,529.9560024857464,489.15000000000003,40.80600248574632
2021-03-05 16:55:00,520.1639587234753,489.23999999999995,30.923958723475323
2021-03-05 16:56:00,449.46404405822227,428.64,20.824044058222285
2021-03-05 16:57:00,531.0213143485263,467.69,63.33131434852629
2021-03-05 16:58:00,529.7695024526414,527.11,2.659502452641391
2021-03-05 16:59:00,584.2989524568443,530.95,53.348952456844245
2021-03-05 17:00:00,604.9374081286957,527.26,77.67740812869567
2021-03-05 17:01:00,551.0038774440236,530.51,20.49387744402361
2021-03-05 17:02:00,551.3048366664776,497.52000000000004,53.78483666647759
2021-03-05 17:03:00,496.99918798287393,497.88,-0.8808120171260612
2021-03-05 17:04:00,477.4512021536371,464.33000000000004,13.121202153637057
2021-03-05 17:05:00,439.1949456728482,438.1600000000001,1.034945672848096
2021-03-05 17:06:00,426.99651808967695,405.70000000000005,21.29651808967691
2021-03-05 17:07:00,375.83577583958817,381.0799999999999,-5.244224160411761
2021-03-05 17:08:00,348.7190832905,378.63,-29.910916709499986
2021-03-05 17:09:00,329.3272480376736,374.84999999999997,-45.52275196232637
2021-03-05 17:10:00,327.3563073135973,350.38,-23.023692686402683
2021-03-05 17:11:00,341.5032699770713,328.74,12.763269977071275
2021-03-05 17:12:00,331.3008642801266,328.08,3.220864280126591
2021-03-05 17:13:00,319.1066060305136,326.52,-7.413393969486378
2021-03-05 17:14:00,309.56423373791955,324.78,-15.215766262080422
2021-03-05 17:15:00,306.19010887379403,325.86,-19.669891126205982
2021-03-05 17:16:00,307.35900173795983,325.5,-18.14099826204017
2021-03-05 17:17:00,273.41649653504646,294.80999999999995,-21.393503464953483
2021-03-05 17:18:00,258.7158391445278,269.6,-10.884160855472203
2021-03-05 17:19:00,242.76927466259565,267.85,-25.080725337404374
2021-03-05 17:20:00,231.78279414863954,264.29999999999995,-32.517205851360416
2021-03-05 17:21:00,211.55610294893205,236.53,-24.97389705106795
2021-03-05 17:22:00,195.37618166896607,211.92000000000002,-16.543818331033947
2021-03-05 17:23:00,186.56790229579582,213.0,-26.432097704204182
2021-03-05 17:24:00,159.9070012842027,211.84000000000003,-51.93299871579734
2021-03-05 17:25:00,147.88587083151174,181.76999999999998,-33.88412916848824
2021-03-05 17:26:00,142.39754755846104,158.07,-15.672452441538951
2021-03-05 17:27:00,125.08834837383779,158.76,-33.6716516261622
2021-03-05 17:28:00,110.00332755960471,158.27999999999997,-48.27667244039526
2021-03-05 17:29:00,114.91900017481306,130.07,-15.15099982518693
2021-03-05 17:30:00,97.34172959714408,127.14,-29.79827040285592
2021-03-05 17:31:00,69.98745188891915,101.24000000000001,-31.252548111080856
2021-03-05 17:32:00,73.02329551504877,95.52000000000001,-22.496704484951238
2021-03-05 17:33:00,54.382691553623026,88.86000000000001,-34.47730844637699
2021-03-05 17:34:00,49.1069369804556,83.88,-34.773063019544395
2021-03-05 17:35:00,44.88221326311481,73.76,-28.8777867368852
2021-03-05 17:36:00,36.31075964769651,42.89,-6.5792403523034935
2021-03-05 17:37:00,28.31016160762924,38.44,-10.129838392370758
2021-03-05 17:38:00,26.47325342017082,41.800000000000004,-15.326746579829184
2021-03-05 17:39:00,26.66407645133357,27.6,-0.9359235486664303
2021-03-05 17:40:00,51.955778971509204,24.700000000000003,27.2557789715092
2021-03-05 17:41:00,56.5301711671432,22.5,34.0301711671432
2021-03-05 17:42:00,59.223904984491114,23.340000000000003,35.88390498449111
2021-03-05 17:43:00,52.90859974106343,22.8,30.108599741063433
2021-03-05 17:44:00,51.20111515628867,24.470000000000002,26.73111515628867
2021-03-05 17:45:00,51.63678459484045,26.660000000000004,24.976784594840446
2021-03-05 17:46:00,56.59674659935429,27.270000000000003,29.326746599354287
2021-03-05 17:47:00,55.63112843487978,27.0,28.631128434879777
2021-03-05 17:48:00,65.88332064063887,25.820000000000004,40.063320640638864
2021-03-05 17:49:00,60.41306169424427,24.35,36.06306169424427
2021-03-05 17:50:00,40.770207698590994,23.72,17.050207698590995
2021-03-05 17:51:00,31.44228742258869,21.14,10.302287422588691
2021-03-05 17:52:00,32.43293285790831,20.330000000000005,12.102932857908307
2021-03-05 17:53:00,49.52219698216436,18.619999999999997,30.902196982164362
2021-03-05 17:55:00,46.2244932399117,21.060000000000002,25.1644932399117
2021-03-05 17:59:00,30.293474007297412,11.73,18.563474007297412
2021-03-06 05:26:00,46.502003382417186,22.73,23.772003382417186
2021-03-06 05:27:00,44.131670549408426,24.69,19.441670549408425
2021-03-06 05:28:00,48.659892646449364,47.44,1.2198926464493667
2021-03-06 05:29:00,48.69266346630242,50.74000000000001,-2.047336533697589
2021-03-06 05:30:00,70.50167314437627,51.53,18.97167314437627
2021-03-06 05:31:00,35.792053278272405,53.34,-17.547946721727598
2021-03-06 05:32:00,35.75544347778403,54.08,-18.32455652221597
2021-03-06 05:33:00,35.55981891765543,53.66,-18.10018108234457
2021-03-06 05:34:00,39.877296428258646,54.44,-14.562703571741352
2021-03-06 05:35:00,45.00150239526519,54.79,-9.788497604734808
2021-03-06 05:36:00,50.973455941521095,54.400000000000006,-3.4265440584789104
2021-03-06 05:37:00,59.41465884495406,55.56,3.8546588449540593
2021-03-06 05:38:00,64.30606554466146,54.97,9.336065544661466
2021-03-06 05:39:00,65.64896450608286,56.160000000000004,9.488964506082858
2021-03-06 05:40:00,70.90411069700744,26.110000000000003,44.79411069700744
2021-03-06 05:41:00,74.54442798334756,55.85,18.69442798334756
2021-03-06 05:42:00,74.51630050990462,56.82,17.696300509904624
2021-03-06 05:43:00,77.71700543483581,56.870000000000005,20.847005434835808
2021-03-06 05:44:00,82.94533453945067,55.97,26.97533453945067
2021-03-06 05:45:00,76.9541686781585,57.31,19.644168678158493
2021-03-06 05:46:00,82.20375378728306,56.48,25.723753787283066
2021-03-06 05:47:00,79.51750864736712,57.55,21.967508647367126
2021-03-06 05:48:00,72.58383327968683,57.760000000000005,14.823833279686824
2021-03-06 05:49:00,87.61093419601634,56.67,30.940934196016343
2021-03-06 05:50:00,94.53455136233207,57.95,36.584551362332064
2021-03-06 05:51:00,95.78705453058424,58.10000000000001,37.687054530584234
2021-03-06 05:52:00,97.56734686600797,56.7,40.86734686600796
2021-03-06 05:53:00,99.21037882439032,58.34,40.870378824390315
2021-03-06 05:54:00,99.0165621634149,56.94,42.076562163414906
2021-03-06 05:55:00,110.78550553461292,58.93,51.855505534612924
2021-03-06 05:56:00,117.99870578287371,59.010000000000005,58.98870578287371
2021-03-06 05:57:00,113.58313804928355,57.870000000000005,55.71313804928354
2021-03-06 05:58:00,105.87899383974874,102.62,3.25899383974874
2021-03-06 05:59:00,125.88067104050235,97.44,28.44067104050235
2021-03-06 06:00:00,123.08121054295145,120.44,2.6412105429514554
2021-03-06 06:01:00,108.50651678260701,124.4,-15.893483217392998
2021-03-06 06:02:00,118.38699115340236,124.49,-6.103008846597632
2021-03-06 06:03:00,120.28938547067003,126.22999999999999,-5.940614529329963
2021-03-06 06:04:00,143.9162065461859,127.02000000000001,16.89620654618588
2021-03-06 06:05:00,133.76749429510173,127.53,6.237494295101726
2021-03-06 06:06:00,151.74752510001275,127.63,24.117525100012756
2021-03-06 06:07:00,122.86944277597948,157.41,-34.54055722402052
2021-03-06 06:08:00,135.96040103569064,156.36,-20.399598964309376
2021-03-06 06:09:00,192.16999625587766,184.43,7.7399962558776565
2021-03-06 06:10:00,196.0259595532907,183.23,12.795959553290714
2021-03-06 06:11:00,222.60787581309256,185.89,36.717875813092576
2021-03-06 06:12:00,234.58389608252708,217.52,17.063896082527066
2021-03-06 06:13:00,268.2658775241153,242.99,25.275877524115288
2021-03-06 06:14:00,251.8227533599955,246.97000000000003,4.852753359995461
2021-03-06 06:15:00,268.8986176186752,246.03,22.868617618675188
2021-03-06 06:16:00,267.621758114148,245.55,22.071758114147997
2021-03-06 06:17:00,259.0991128321591,298.07,-38.970887167840885
2021-03-06 06:18:00,296.4165902026401,289.09,7.326590202640148
2021-03-06 06:19:00,379.1465451863172,322.26,56.88654518631722
2021-03-06 06:20:00,403.57511816834216,383.53,20.045118168342185
2021-03-06 06:21:00,489.59289371053256,410.89,78.70289371053258
2021-03-06 06:22:00,459.6090507213732,441.28000000000003,18.329050721373164
2021-03-06 06:23:00,475.8041501381897,470.91,4.894150138189673
2021-03-06 06:24:00,526.4219221747949,524.51,1.9119221747948814
2021-03-06 06:25:00,600.9188038033375,555.5999999999999,45.31880380333757
2021-03-06 06:26:00,605.4653638821925,583.61,21.855363882192478
2021-03-06 06:27:00,567.9987653652499,584.25,-16.251234634750062
2021-03-06 06:28:00,654.3751946245646,640.1,14.27519462456462
2021-03-06 06:29:00,717.6117679751164,639.1700000000001,78.44176797511636
2021-03-06 06:30:00,789.6698223867776,637.69,151.97982238677753
2021-03-06 06:31:00,736.4262652480497,696.45,39.976265248049685
2021-03-06 06:32:00,770.8086045256205,695.94,74.86860452562041
2021-03-06 06:33:00,750.6546795090388,697.12,53.534679509038824
2021-03-06 06:34:00,825.6792306142808,752.8499999999999,72.82923061428085
2021-03-06 06:35:00,797.7903411446099,750.0799999999999,47.71034114460997
2021-03-06 06:36:00,895.8552493971267,778.9599999999999,116.8952493971268
2021-03-06 06:37:00,899.7278763325352,808.8199999999999,90.90787633253524
2021-03-06 06:38:00,890.5515877836618,803.34,87.2115877836618
2021-03-06 06:39:00,872.6175613944473,836.7,35.91756139444726
2021-03-06 06:40:00,846.5005192487944,863.3399999999999,-16.839480751205542
2021-03-06 06:41:00,910.0732900017923,859.87,50.20329000179231
2021-03-06 06:42:00,895.4793518628632,915.76,-20.280648137136836
2021-03-06 06:43:00,1060.4930261032962,919.1800000000001,141.31302610329612
2021-03-06 06:44:00,971.0221393552433,914.25,56.772139355243326
2021-03-06 06:45:00,901.1222384533431,968.3,-67.17776154665682
2021-03-06 06:46:00,1024.1276799126424,968.9300000000001,55.19767991264234
2021-03-06 06:47:00,1015.605672658967,972.54,43.06567265896706
2021-03-06 06:48:00,1035.5230430389258,1022.8599999999999,12.663043038925935
2021-03-06 06:49:00,967.8931735449112,1056.81,-88.91682645508877
2021-03-06 06:50:00,1076.425387435727,1048.33,28.09538743572716
2021-03-06 06:51:00,1107.5215039832729,1074.56,32.961503983272905
2021-03-06 06:52:00,1074.9467624952963,1104.15,-29.203237504703793
2021-03-06 06:53:00,1174.1019335711328,1126.21,47.89193357113277
2021-03-06 06:54:00,1188.142167786914,1159.52,28.622167786913906
2021-03-06 06:55:00,1203.5505959521527,1153.8000000000002,49.75059595215248
2021-03-06 06:56:00,1221.9736647696113,1205.9900000000002,15.983664769611096
2021-03-06 06:57:00,1274.2638131712424,1212.3300000000002,61.933813171242264
2021-03-06 06:58:00,1281.4641874471877,1270.56,10.904187447187724
2021-03-06 06:59:00,1319.228098408779,979.96,339.268098408779
2021-03-06 07:00:00,1207.4021558239274,1287.54,-80.13784417607258
2021-03-06 07:01:00,1243.0523183992166,1309.83,-66.77768160078335
2021-03-06 07:02:00,1316.4356722936657,1315.21,1.2256722936656388
2021-03-06 07:03:00,1355.216232769182,1335.44,19.776232769181888
2021-03-06 07:04:00,1368.5547219492798,1370.38,-1.8252780507202715
2021-03-06 07:05:00,1347.6098187978769,1374.29,-26.680181202123094
2021-03-06 07:06:00,1402.9274341773682,1427.23,-24.302565822631777
2021-03-06 07:07:00,1395.8316150260644,1425.43,-29.59838497393571
2021-03-06 07:08:00,1416.9595871996194,1451.3200000000002,-34.3604128003808
2021-03-06 07:09:00,1478.257215767626,1478.22,0.03721576762586665
2021-03-06 07:10:00,1444.7813291501593,1475.56,-30.778670849840637
2021-03-06 07:11:00,1489.8124816836478,1531.56,-41.74751831635217
2021-03-06 07:12:00,1535.9130624720533,1585.35,-49.43693752794661
2021-03-06 07:13:00,1570.0810314678956,1613.56,-43.47896853210432
2021-03-06 07:14:00,1578.7351460612842,1638.17,-59.43485393871583
2021-03-06 07:15:00,1662.83338001254,1691.4,-28.56661998746017
2021-03-06 07:16:00,1730.2248403933402,1777.2800000000002,-47.05515960666003
2021-03-06 07:17:00,1759.0596347275193,1795.28,-36.22036527248065
2021-03-06 07:18:00,1739.1343012308334,1788.75,-49.615698769166556
2021-03-06 07:19:00,1662.2448565742166,1737.3899999999999,-75.14514342578332
2021-03-06 07:20:00,1700.3035101344456,1734.29,-33.986489865554404
2021-03-06 07:21:00,1740.4371181311958,1789.4499999999998,-49.012881868804016
2021-03-06 07:22:00,1745.7252437896293,1790.19,-44.46475621037075
2021-03-06 07:23:00,1716.6695343823374,1790.6100000000001,-73.94046561766277
2021-03-06 07:24:00,1578.4717417200864,1818.96,-240.48825827991368
2021-03-06 07:25:00,1772.0892421767012,1846.9299999999998,-74.84075782329865
2021-03-06 07:26:00,1772.6438113749648,1840.63,-67.98618862503531
2021-03-06 07:27:00,1780.889338404397,1889.4099999999999,-108.52066159560286
2021-03-06 07:28:00,1796.2851106927599,1890.0900000000001,-93.80488930724027
2021-03-06 07:29:00,1735.2948398922508,1885.67,-150.37516010774925
2021-03-06 07:30:00,1813.3693530914363,1897.56,-84.19064690856362
2021-03-06 07:31:00,1778.0196363199782,1885.67,-107.65036368002188
2021-03-06 07:32:00,1851.9665998613727,1941.3900000000003,-89.42340013862758
2021-03-06 07:33:00,1830.7079719426345,1936.07,-105.36202805736548
2021-03-06 07:34:00,1830.1807902873425,1929.6299999999999,-99.44920971265742
2021-03-06 07:35:00,1811.8084221495685,1932.19,-120.38157785043154
2021-03-06 07:36:00,1896.5983395939327,1989.9699999999998,-93.37166040606712
2021-03-06 07:37:00,1914.9361338792892,2044.92,-129.9838661207109
2021-03-06 07:38:00,1905.8798321582303,1987.8300000000004,-81.95016784177005
2021-03-06 07:39:00,1897.3913373179819,2040.8,-143.40866268201808
2021-03-06 07:40:00,1866.412928099689,1985.52,-119.10707190031098
2021-03-06 07:41:00,1845.1580909943284,1961.6399999999999,-116.48190900567147
2021-03-06 07:42:00,1953.0396721536872,2071.38,-118.3403278463129
2021-03-06 07:43:00,2056.236993483997,2177.2,-120.96300651600268
2021-03-06 07:44:00,2105.134422414003,2234.0899999999997,-128.9555775859967
2021-03-06 07:45:00,2148.746397040517,2256.5699999999997,-107.82360295948274
2021-03-06 07:46:00,2182.031090008755,2311.85,-129.8189099912447
2021-03-06 07:47:00,2209.7281544553666,2340.49,-130.76184554463316
2021-03-06 07:48:00,2234.4161738371745,2359.83,-125.41382616282544
2021-03-06 07:49:00,2288.4931039322355,2407.5,-119.0068960677645
2021-03-06 07:50:00,2377.8635565822474,2484.92,-107.05644341775269
2021-03-06 07:51:00,2367.1509511842305,2499.9,-132.74904881576958
2021-03-06 07:52:00,2258.821497806236,2370.7200000000003,-111.89850219376422
2021-03-06 07:53:00,2286.2808559504438,2401.23,-114.94914404955625
2021-03-06 07:54:00,2343.01884338646,2450.2,-107.18115661353977
2021-03-06 07:55:00,2356.668998520208,2471.58,-114.91100147979205
2021-03-06 07:56:00,2349.19828881511,2465.1400000000003,-115.94171118489021
2021-03-06 07:57:00,2355.1708338020285,2500.38,-145.20916619797163
2021-03-06 07:58:00,2438.9682893838917,2532.36,-93.39171061610841
2021-03-06 07:59:00,2420.107270909318,2530.4799999999996,-110.37272909068179
2021-03-06 08:00:00,2450.1390157863243,2530.4799999999996,-80.34098421367526
2021-03-06 08:01:00,2409.3134238688262,2537.06,-127.7465761311737
2021-03-06 08:02:00,2360.559812058445,2506.21,-145.65018794155503
2021-03-06 08:03:00,2353.5461197448058,2418.73,-65.18388025519425
2021-03-06 08:04:00,2242.0035730180475,2340.8,-98.79642698195266
2021-03-06 08:05:00,2089.3818586648804,2194.7299999999996,-105.34814133511918
2021-03-06 08:06:00,2255.583529423073,2332.7700000000004,-77.1864705769276
2021-03-06 08:07:00,2380.6766803889423,2539.4100000000003,-158.73331961105805
2021-03-06 08:08:00,2505.7309255230894,2588.64,-82.90907447691052
2021-03-06 08:09:00,2566.889484448354,2615.08,-48.19051555164606
2021-03-06 08:10:00,2554.3640359174315,2612.66,-58.29596408256839
2021-03-06 08:11:00,2545.897621277002,2654.31,-108.4123787229978
2021-03-06 08:12:00,2569.0563060900326,2692.83,-123.77369390996728
2021-03-06 08:13:00,2568.258125788239,2696.31,-128.05187421176106
2021-03-06 08:14:00,2586.492830486332,2695.42,-108.9271695136681
2021-03-06 08:15:00,2652.9135521205467,2739.21,-86.29644787945335
2021-03-06 08:16:00,2674.428953251926,2759.59,-85.16104674807411
2021-03-06 08:17:00,2651.763111459546,2746.1499999999996,-94.38688854045358
2021-03-06 08:18:00,2665.0050200134515,2782.52,-117.5149799865485
2021-03-06 08:19:00,2669.6381423716384,2749.73,-80.0918576283616
2021-03-06 08:20:00,2653.7661628169208,2753.45,-99.68383718307905
2021-03-06 08:21:00,2676.768642095322,2749.83,-73.06135790467806
2021-03-06 08:22:00,2604.3113227793187,2739.41,-135.0986772206811
2021-03-06 08:23:00,2598.5554753437045,2699.9300000000003,-101.37452465629576
2021-03-06 08:24:00,2616.7076215969178,2674.67,-57.96237840308231
2021-03-06 08:25:00,2607.0834333437624,2720.34,-113.25656665623774
2021-03-06 08:26:00,2721.2450816422584,2827.02,-105.77491835774163
2021-03-06 08:27:00,2784.520776992914,2922.1900000000005,-137.66922300708666
2021-03-06 08:28:00,2835.966771693663,2938.1000000000004,-102.13322830633751
2021-03-06 08:29:00,2806.097900226002,2916.6900000000005,-110.5920997739986
2021-03-06 08:30:00,2790.5446627389006,2858.31,-67.76533726109938
2021-03-06 08:31:00,2862.110318658687,2933.7000000000003,-71.58968134131328
2021-03-06 08:32:00,2872.8658485889264,2988.16,-115.29415141107347
2021-03-06 08:33:00,2952.20995588583,3017.52,-65.31004411417007
2021-03-06 08:34:00,2950.8463959103597,3060.6899999999996,-109.84360408963994
2021-03-06 08:35:00,2966.6907315122658,3064.72,-98.02926848773404
2021-03-06 08:36:00,2940.8859467826264,3094.3,-153.41405321737375
2021-03-06 08:37:00,2988.802676778851,3057.1799999999994,-68.37732322114834
2021-03-06 08:38:00,3001.938261050299,3089.66,-87.72173894970092
2021-03-06 08:39:00,3025.7844230317046,3113.24,-87.45557696829519
2021-03-06 08:40:00,3024.0458034690914,3090.5299999999997,-66.48419653090832
2021-03-06 08:41:00,3012.85480367531,3114.54,-101.68519632468997
2021-03-06 08:42:00,3059.5181453981236,3143.9500000000003,-84.4318546018767
2021-03-06 08:43:00,3063.968676420846,3165.9900000000002,-102.02132357915434
2021-03-06 08:44:00,3023.2038340466,3118.7400000000002,-95.53616595340009
2021-03-06 08:45:00,3094.9247167762996,3171.0,-76.07528322370035
2021-03-06 08:46:00,3049.930261958175,3144.6000000000004,-94.66973804182544
2021-03-06 08:47:00,3056.497897931266,3160.16,-103.66210206873393
2021-03-06 08:48:00,3050.7208419876974,3162.6000000000004,-111.87915801230292
2021-03-06 08:49:00,3074.8370025891036,3169.7999999999997,-94.96299741089615
2021-03-06 08:50:00,3079.0022499278734,3173.4000000000005,-94.39775007212711
2021-03-06 08:51:00,3075.825851252388,3183.5899999999997,-107.76414874761167
2021-03-06 08:52:00,3149.2256425169494,3226.8999999999996,-77.67435748305024
2021-03-06 08:53:00,3224.818873389277,3298.9,-74.081126610723
2021-03-06 08:54:00,3251.089016860339,3351.0600000000004,-99.97098313966126
2021-03-06 08:55:00,3243.2975645350966,3347.92,-104.62243546490345
2021-03-06 08:56:00,3233.007173702078,3304.54,-71.53282629792193
2021-03-06 08:57:00,3202.5951719975646,3308.26,-105.66482800243557
2021-03-06 08:58:00,3250.9693756007864,3349.73,-98.76062439921361
2021-03-06 08:59:00,3212.7116918138777,3271.12,-58.40830818612221
2021-03-06 09:00:00,3230.2055801521997,3302.67,-72.4644198478004
2021-03-06 09:01:00,3205.656797001277,3293.3999999999996,-87.74320299872261
2021-03-06 09:02:00,3308.94252200302,3374.9300000000003,-65.98747799698049
2021-03-06 09:03:00,3321.744729990162,3411.2,-89.45527000983793
2021-03-06 09:04:00,3323.6908601465407,3422.25,-98.55913985345933
2021-03-06 09:05:00,3333.99738991707,3411.8500000000004,-77.85261008293037
2021-03-06 09:06:00,3328.1969018731547,3413.49,-85.29309812684505
2021-03-06 09:07:00,3345.8298321858238,3395.6000000000004,-49.7701678141766
2021-03-06 09:08:00,3303.81377825958,3376.75,-72.93622174042002
2021-03-06 09:09:00,3369.8575525467936,3420.71,-50.85244745320642
2021-03-06 09:10:00,3357.749146057824,3422.5699999999997,-64.82085394217575
2021-03-06 09:11:00,3385.057476713456,3473.95,-88.89252328654402
2021-03-06 09:12:00,3399.80160879516,3475.29,-75.4883912048399
2021-03-06 09:13:00,3460.168869167491,3514.92,-54.75113083250926
2021-03-06 09:14:00,3500.5357473342924,3561.0,-60.46425266570759
2021-03-06 09:15:00,3550.928811568537,3616.9800000000005,-66.05118843146329
2021-03-06 09:16:00,3568.5055676423135,2826.6,741.9055676423136
2021-03-06 09:17:00,3590.7879411878353,3673.54,-82.7520588121647
2021-03-06 09:18:00,3611.2171783998774,3718.2699999999995,-107.05282160012212
2021-03-06 09:19:00,3566.762721801098,3692.0,-125.237278198902
2021-03-06 09:20:00,3572.4655144435073,3645.4300000000003,-72.96448555649295
2021-03-06 09:21:00,3554.340883686016,3609.2,-54.85911631398403
2021-03-06 09:22:00,3513.640141518781,3572.82,-59.17985848121907
2021-03-06 09:23:00,3509.637422635723,3567.9900000000002,-58.352577364277295
2021-03-06 09:24:00,3515.1281896552123,3576.2700000000004,-61.141810344788155
2021-03-06 09:25:00,3527.328766052666,3601.8,-74.47123394733399
2021-03-06 09:26:00,3511.7387249751396,3558.44,-46.70127502486048
2021-03-06 09:27:00,3540.4495732232594,3605.9400000000005,-65.49042677674106
2021-03-06 09:28:00,3552.169784621402,3611.46,-59.29021537859808
2021-03-06 09:29:00,3609.852791680821,3657.5,-47.647208319178844
2021-03-06 09:30:00,3661.9068770554873,3701.9399999999996,-40.03312294451234
2021-03-06 09:31:00,3681.206303123037,3733.2,-51.993696876962986
2021-03-06 09:32:00,3697.5388625303863,3765.6000000000004,-68.0611374696141
2021-03-06 09:33:00,3707.9998826768187,3772.08,-64.08011732318118
2021-03-06 09:34:00,3756.283396400391,3772.64,-16.35660359960866
2021-03-06 09:35:00,3709.0089760293026,3712.32,-3.3110239706975335
2021-03-06 09:36:00,3679.4124594358423,3714.0099999999998,-34.5975405641575
2021-03-06 09:37:00,3741.520042102822,3748.32,-6.7999578971780466
2021-03-06 09:38:00,3736.081749493697,3772.64,-36.55825050630301
2021-03-06 09:39:00,3779.6524968496824,3798.42,-18.76750315031768
2021-03-06 09:40:00,3742.0127884599983,3774.0999999999995,-32.087211540001135
2021-03-06 09:41:00,3730.4764692401045,3776.29,-45.81353075989546
2021-03-06 09:42:00,3843.9892293216913,3850.5,-6.510770678308745
2021-03-06 09:43:00,3835.7445379089427,3842.25,-6.505462091057325
2021-03-06 09:44:00,3812.87857101125,3805.35,7.528571011250278
2021-03-06 09:45:00,3807.8811615403893,3802.12,5.761161540389367
2021-03-06 09:46:00,3789.4747049515504,3806.5600000000004,-17.085295048450007
2021-03-06 09:47:00,3801.092171091934,3765.34,35.75217109193363
2021-03-06 09:48:00,3918.0328862900187,3937.56,-19.527113709981222
2021-03-06 09:49:00,3919.686437949643,3948.37,-28.683562050357068
2021-03-06 09:50:00,3919.7291396839164,3932.24,-12.510860316083381
2021-03-06 09:51:00,3785.5197943489247,3788.1800000000003,-2.6602056510755574
2021-03-06 09:52:00,3672.1954022127716,3655.0799999999995,17.115402212772096
2021-03-06 09:53:00,3723.739137149013,3708.62,15.119137149013113
2021-03-06 09:54:00,3743.8503175901046,3722.3999999999996,21.450317590104987
2021-03-06 09:55:00,3785.209958367975,3783.5899999999997,1.6199583679754141
2021-03-06 09:56:00,3905.0794970286456,3938.3199999999997,-33.24050297135409
2021-03-06 09:57:00,3916.4246985718573,3915.5199999999995,0.9046985718578071
2021-03-06 09:58:00,3885.8796667712722,3886.73,-0.8503332287277772
2021-03-06 09:59:00,3795.9185382336523,3811.0,-15.08146176634773
2021-03-06 10:00:00,3777.381203832065,3753.25,24.131203832064784
2021-03-06 10:01:00,3944.009043188523,3925.3999999999996,18.609043188523174
2021-03-06 10:02:00,3985.6528917113287,3980.13,5.522891711328612
2021-03-06 10:03:00,4029.7601272203487,4046.64,-16.879872779651123
2021-03-06 10:04:00,4033.9661235274048,4072.45,-38.48387647259506
2021-03-06 10:05:00,4050.235329802012,4070.87,-20.634670197987816
2021-03-06 10:06:00,4064.211758414052,4104.44,-40.22824158594767
2021-03-06 10:07:00,4087.624954461942,4117.6,-29.975045538058566
2021-03-06 10:08:00,4085.5283079429623,4105.6,-20.071692057038035
2021-03-06 10:09:00,4095.105283306805,4114.4,-19.29471669319446
2021-03-06 10:10:00,4088.2520000211557,4100.8,-12.547999978844473
2021-03-06 10:11:00,4064.42593842401,4059.0200000000004,5.405938424009491
2021-03-06 10:12:00,4034.707161337697,4007.6400000000003,27.06716133769669
2021-03-06 10:13:00,4022.0950712989156,3990.4799999999996,31.615071298916064
2021-03-06 10:14:00,4025.500168111643,4066.13,-40.62983188835733
2021-03-06 10:15:00,4064.8004401545218,4061.3900000000003,3.4104401545214387
2021-03-06 10:16:00,4080.160672359605,4027.1400000000003,53.02067235960476
2021-03-06 10:17:00,4084.6050810274423,4053.4900000000002,31.115081027442102
2021-03-06 10:18:00,4076.424855269817,4088.3600000000006,-11.935144730183765
2021-03-06 10:19:00,4076.7635815358094,4041.64,35.123581535809535
2021-03-06 10:20:00,4071.4442685878853,4071.66,-0.2157314121145646
2021-03-06 10:21:00,4071.639064506476,4045.5900000000006,26.049064506475588
2021-03-06 10:22:00,4098.222956073213,4096.8,1.4229560732128448
2021-03-06 10:23:00,4112.388007128874,4085.09,27.298007128873905
2021-03-06 10:24:00,4138.908727109814,4162.4,-23.491272890185428
2021-03-06 10:25:00,4095.354448215358,4113.18,-17.825551784642357
2021-03-06 10:26:00,4089.8881411104826,4099.200000000001,-9.311858889518135
2021-03-06 10:27:00,4134.590957792674,4109.6,24.990957792673726
2021-03-06 10:28:00,4169.6363854509955,4142.34,27.29638545099533
2021-03-06 10:29:00,4139.416016738973,4150.4400000000005,-11.023983261027752
2021-03-06 10:30:00,4209.594941896243,4176.36,33.23494189624307
2021-03-06 10:31:00,4218.964748892186,4205.78,13.18474889218669
2021-03-06 10:32:00,4212.197209880666,4215.570000000001,-3.3727901193342404
2021-03-06 10:33:00,4222.921462919946,4212.339999999999,10.581462919946716
2021-03-06 10:34:00,4205.570314667363,4183.64,21.930314667362836
2021-03-06 10:35:00,4187.284095451242,4174.619999999999,12.664095451243156
2021-03-06 10:36:00,4178.078974954933,4181.19,-3.111025045066526
2021-03-06 10:37:00,4212.916194473911,4199.219999999999,13.696194473911419
2021-03-06 10:38:00,4202.012950109848,4207.42,-5.407049890151939
2021-03-06 10:39:00,4213.204236247301,4207.42,5.7842362473011235
2021-03-06 10:40:00,4225.2161364391595,4250.43,-25.213863560840764
2021-03-06 10:41:00,4243.24634506437,4250.43,-7.183654935630329
2021-03-06 10:42:00,4214.830280078169,4247.110000000001,-32.2797199218312
2021-03-06 10:43:00,4237.2276733729495,4220.55,16.677673372949357
2021-03-06 10:44:00,4218.1598889836,4252.92,-34.760111016400515
2021-03-06 10:45:00,4198.238986543141,4242.13,-43.89101345685867
2021-03-06 10:46:00,4205.997155363904,4198.65,7.347155363904676
2021-03-06 10:47:00,4205.034504111862,4193.48,11.554504111862116
2021-03-06 10:48:00,4212.333903465217,4243.79,-31.456096534782773
2021-03-06 10:49:00,4205.430183168355,4228.85,-23.41981683164522
2021-03-06 10:50:00,4191.667091373561,4193.48,-1.8129086264389116
2021-03-06 10:51:00,4167.238072104873,4168.26,-1.0219278951271917
2021-03-06 10:52:00,4112.229848376417,4125.33,-13.10015162358286
2021-03-06 10:53:00,4069.7548339720697,4055.8600000000006,13.894833972069137
2021-03-06 10:54:00,4081.854097909602,4077.1899999999996,4.664097909602333
2021-03-06 10:55:00,4065.48889188295,4038.48,27.008891882950138
2021-03-06 10:56:00,3971.2772422792837,3973.26,-1.9827577207165632
2021-03-06 10:57:00,3928.0191409134795,3861.75,66.26914091347953
2021-03-06 10:58:00,3890.1971286306402,3825.0600000000004,65.13712863063984
2021-03-06 10:59:00,4002.2342430436065,4020.94,-18.705756956393543
2021-03-06 11:00:00,4272.6256497921995,4316.76,-44.13435020780071
2021-03-06 11:01:00,4314.910935170956,4321.8,-6.8890648290444005
2021-03-06 11:02:00,4482.348405470605,4533.76,-51.41159452939519
2021-03-06 11:03:00,4589.843853664344,4682.77,-92.92614633565609
2021-03-06 11:04:00,4503.328511550318,4563.92,-60.5914884496824
2021-03-06 11:05:00,4331.743146156081,4319.92,11.823146156080838
2021-03-06 11:06:00,4268.823754253702,4229.68,39.143754253701445
2021-03-06 11:07:00,4294.309102423002,4295.76,-1.4508975769986137
2021-03-06 11:08:00,4315.105235600948,4298.280000000001,16.825235600947053
2021-03-06 11:09:00,4239.133237619909,4221.38,17.75323761990876
2021-03-06 11:10:00,4287.045371482569,4259.08,27.965371482569026
2021-03-06 11:11:00,4247.835664356817,4283.16,-35.324335643183076
2021-03-06 11:12:00,3978.013199321246,3914.6800000000003,63.3331993212455
2021-03-06 11:13:00,4240.394459453842,4191.0199999999995,49.374459453842064
2021-03-06 11:14:00,4182.802238579339,4146.39,36.41223857933892
2021-03-06 11:15:00,4156.0214918803695,4152.59,3.4314918803693217
2021-03-06 11:16:00,4315.862129030034,4276.990000000001,38.87212903003365
2021-03-06 11:17:00,4385.816918303341,4394.45,-8.633081696659247
2021-03-06 11:18:00,4426.157182816903,4418.68,7.477182816902314
2021-03-06 11:19:00,4433.29686799078,4463.969999999999,-30.673132009219444
2021-03-06 11:20:00,4403.211168311178,4407.5,-4.288831688822029
2021-03-06 11:21:00,4313.5366756826015,4291.5599999999995,21.976675682602036
2021-03-06 11:22:00,4255.284933859863,4215.619999999999,39.664933859863595
2021-03-06 11:23:00,4219.687627851807,4157.73,61.95762785180705
2021-03-06 11:24:00,4334.5313130861305,4292.4,42.13131308613083
2021-03-06 11:25:00,4339.073826349654,4286.52,52.55382634965372
2021-03-06 11:26:00,4343.490755139502,4294.08,49.410755139501816
2021-03-06 11:27:00,4322.217173051829,4293.24,28.977173051829595
2021-03-06 11:28:00,4036.8291240633957,3503.74,533.089124063396
2021-03-06 11:29:00,4400.88175909812,4400.619999999999,0.26175909812081954
2021-03-06 11:30:00,4245.75881626294,4198.4,47.35881626294031
2021-03-06 11:31:00,4137.817865889176,4085.9700000000003,51.84786588917541
2021-03-06 11:32:00,4328.314228426751,4290.599999999999,37.714228426751106
2021-03-06 11:33:00,4495.758247735842,4474.98,20.778247735842342
2021-03-06 11:34:00,4372.22806652383,4317.6,54.62806652383006
2021-03-06 11:35:00,4272.786983885892,3229.39,1043.3969838858925
2021-03-06 11:36:00,4039.200046158129,3975.3799999999997,63.82004615812957
2021-03-06 11:37:00,4129.448392289173,4043.5199999999995,85.92839228917364
2021-03-06 11:38:00,3984.984275079436,3858.46,126.52427507943594
2021-03-06 11:39:00,3257.637888825881,3013.3,244.33788882588078
2021-03-06 11:40:00,3785.249771625267,3630.26,154.9897716252667
2021-03-06 11:41:00,4308.312688589987,4298.990000000001,9.322688589986683
2021-03-06 11:42:00,3975.703532446207,3867.36,108.34353244620706
2021-03-06 11:43:00,4468.627386822517,4520.5599999999995,-51.93261317748238
2021-03-06 11:44:00,4274.6166381374,4234.32,40.296638137399896
2021-03-06 11:45:00,4093.3102996768753,4058.88,34.430299676875165
2021-03-06 11:46:00,3957.0243591655503,3931.77,25.25435916555034
2021-03-06 11:47:00,4356.102473321477,4364.75,-8.647526678522809
2021-03-06 11:48:00,4212.788822309798,4159.299999999999,53.48882230979871
2021-03-06 11:49:00,4103.8186805294345,4055.07,48.748680529434296
2021-03-06 11:50:00,4063.5438946567774,4006.08,57.463894656777484
2021-03-06 11:51:00,4105.706364543294,4033.38,72.3263645432935
2021-03-06 11:52:00,4162.886098214485,4123.2,39.686098214485355
2021-03-06 11:53:00,4193.265116840276,4159.349999999999,33.91511684027682
2021-03-06 11:54:00,4291.460998817011,4281.970000000001,9.490998817010222
2021-03-06 11:55:00,4328.252520920279,4325.16,3.09252092027873
2021-03-06 11:56:00,4359.6503627458615,4299.120000000001,60.53036274586066
2021-03-06 11:57:00,4147.161101327171,4067.71,79.45110132717127
2021-03-06 11:58:00,3931.3477296703004,3845.25,86.0977296703004
2021-03-06 11:59:00,3971.9766596106983,3884.26,87.71665961069812
2021-03-06 12:00:00,4071.7959446583172,3987.83,83.96594465831731
2021-03-06 12:01:00,4165.223983632176,4097.6,67.62398363217562
2021-03-06 12:02:00,4195.841951571311,4162.589999999999,33.25195157131202
2021-03-06 12:03:00,4227.531541241244,4205.869999999999,21.661541241244777
2021-03-06 12:04:00,4324.270414152172,4278.650000000001,45.62041415217118
2021-03-06 12:05:00,4323.52373020656,4280.31,43.213730206559376
2021-03-06 12:06:00,4290.716083882009,4213.16,77.55608388200926
2021-03-06 12:07:00,4268.0165626963035,4184.46,83.55656269630344
2021-03-06 12:08:00,4267.186973205725,4217.96,49.22697320572479
2021-03-06 12:09:00,4133.31279907749,4058.2300000000005,75.08279907748965
2021-03-06 12:10:00,4246.247567496173,4197.42,48.82756749617329
2021-03-06 12:11:00,4231.7611195677355,4163.4,68.36111956773584
2021-03-06 12:12:00,4178.026224872494,4100.1,77.92622487249355
2021-03-06 12:13:00,4234.299967189003,4167.16,67.13996718900307
2021-03-06 12:14:00,4158.338324123176,4071.6600000000003,86.67832412317557
2021-03-06 12:15:00,4099.735405719396,3994.76,104.9754057193959
2021-03-06 12:16:00,4132.623954967377,4052.6200000000003,80.00395496737701
2021-03-06 12:17:00,4142.705605181824,4054.4399999999996,88.26560518182396
2021-03-06 12:18:00,4040.748507140003,3954.2799999999997,86.46850714000311
2021-03-06 12:19:00,4006.869851149482,3918.75,88.1198511494822
2021-03-06 12:20:00,4020.5512105573525,3926.25,94.30121055735253
2021-03-06 12:21:00,3953.519756498393,3839.12,114.39975649839289
2021-03-06 12:22:00,3899.4531799418764,3808.41,91.04317994187659
2021-03-06 12:23:00,4013.7573554804435,3914.25,99.5073554804435
2021-03-06 12:24:00,4128.592786376574,4116.6900000000005,11.902786376573204
2021-03-06 12:25:00,4098.640750034769,4013.2400000000002,85.40075003476841
2021-03-06 12:26:00,4113.936010805895,4068.48,45.4560108058954
2021-03-06 12:27:00,4194.921648477415,4148.05,46.871648477414965
2021-03-06 12:28:00,4252.066006240877,4226.099999999999,25.966006240877505
2021-03-06 12:29:00,4282.196909087649,4270.5199999999995,11.67690908764962
2021-03-06 12:30:00,4243.654739073277,4223.82,19.834739073276978
2021-03-06 12:31:00,4246.61333929438,4213.09,33.523339294380094
2021-03-06 12:32:00,4154.250832411302,4102.700000000001,51.5508324113016
2021-03-06 12:33:00,3955.3609564266135,3885.0,70.36095642661348
2021-03-06 12:34:00,3962.7029423801555,3838.38,124.32294238015538
2021-03-06 12:35:00,4049.809566092653,3984.75,65.05956609265286
2021-03-06 12:36:00,4069.5581105187925,3988.6000000000004,80.95811051879218
2021-03-06 12:37:00,4154.676883478125,4089.83,64.84688347812516
2021-03-06 12:38:00,3886.770908424753,3788.7,98.07090842475327
2021-03-06 12:39:00,3876.3495411063354,3773.58,102.76954110633551
2021-03-06 12:40:00,3828.1858147369753,3752.64,75.54581473697544
2021-03-06 12:41:00,3985.318173054602,3909.75,75.56817305460208
2021-03-06 12:42:00,3838.3276360063105,3719.6899999999996,118.63763600631091
2021-03-06 12:43:00,3835.493982455192,3760.56,74.93398245519211
2021-03-06 12:44:00,3864.3896279044657,3776.4,87.98962790446558
2021-03-06 12:45:00,3969.4329410097707,3905.2,64.23294100977091
2021-03-06 12:46:00,4007.2935076948615,3902.25,105.04350769486155
2021-03-06 12:47:00,3828.416978747277,3759.84,68.57697874727683
2021-03-06 12:48:00,3935.078870299796,3861.5699999999997,73.5088702997964
2021-03-06 12:49:00,3937.5819750549704,3858.3600000000006,79.22197505496979
2021-03-06 12:50:00,3932.0120120117567,3839.51,92.5020120117565
2021-03-06 12:51:00,3880.728102226845,3805.49,75.23810222684506
2021-03-06 12:52:00,3738.3841391412575,3597.66,140.72413914125764
2021-03-06 12:53:00,3801.0322371677767,3726.79,74.2422371677767
2021-03-06 12:54:00,3632.276070684093,3528.8900000000003,103.38607068409283
2021-03-06 12:55:00,3894.8077226700975,3834.6899999999996,60.11772267009792
2021-03-06 12:56:00,4081.9024145578587,4026.33,55.57241455785879
2021-03-06 12:57:00,4174.928714609871,4121.43,53.49871460987106
2021-03-06 12:58:00,4084.13039845063,4030.95,53.18039845063004
2021-03-06 12:59:00,3877.436560092387,3766.32,111.11656009238686
2021-03-06 13:00:00,3872.9036203333485,3775.91,96.99362033334864
2021-03-06 13:01:00,3243.2543228620875,3143.3999999999996,99.85432286208788
2021-03-06 13:02:00,2994.396146656877,2887.92,106.47614665687706
2021-03-06 13:03:00,3352.932520160072,3268.3399999999997,84.59252016007213
2021-03-06 13:04:00,4008.680584947541,3996.0,12.680584947540865
2021-03-06 13:05:00,4248.939672408697,4241.969999999999,6.969672408697988
2021-03-06 13:06:00,4013.413244364854,3961.5,51.91324436485411
2021-03-06 13:07:00,4079.8250009083617,4061.75,18.075000908361744
2021-03-06 13:08:00,4081.8495814528337,4042.5,39.34958145283372
2021-03-06 13:09:00,3794.3955200503506,3723.95,70.44552005035075
2021-03-06 13:10:00,3521.816300196318,3416.4,105.41630019631793
2021-03-06 13:11:00,3482.8388320030576,3417.6000000000004,65.23883200305727
2021-03-06 13:12:00,3602.3371425503447,3579.52,22.81714255034467
2021-03-06 13:13:00,3544.572153718668,3480.1800000000003,64.39215371866749
2021-03-06 13:14:00,3468.473617660113,3411.8500000000004,56.623617660112814
2021-03-06 13:15:00,3288.8567723072233,3234.2199999999993,54.636772307223964
2021-03-06 13:16:00,3255.0522378305936,3198.2299999999996,56.82223783059408
2021-03-06 13:17:00,2910.2684627826175,2795.22,115.04846278261766
2021-03-06 13:18:00,2661.690845968095,2593.08,68.61084596809496
2021-03-06 13:19:00,2742.7549238605625,2689.25,53.504923860562485
2021-03-06 13:20:00,2758.967435721687,2707.16,51.80743572168694
2021-03-06 13:21:00,2707.37948373779,2665.5,41.87948373779
2021-03-06 13:22:00,2808.700943656908,2788.76,19.94094365690762
2021-03-06 13:23:00,2328.0832340909,2212.3599999999997,115.7232340909004
2021-03-06 13:24:00,2729.989355787701,2694.0,35.98935578770079
2021-03-06 13:25:00,2903.9501567022417,2864.65,39.300156702241566
2021-03-06 13:26:00,3138.064831352243,3088.26,49.80483135224267
2021-03-06 13:27:00,3376.731961851023,3343.04,33.691961851022825
2021-03-06 13:28:00,3422.353264568021,3420.8999999999996,1.4532645680214955
2021-03-06 13:29:00,3280.504006734649,3277.5299999999997,2.974006734649265
2021-03-06 13:30:00,3195.2519350121793,3200.75,-5.498064987820726
2021-03-06 13:31:00,2975.8347977026456,2911.1400000000003,64.69479770264525
2021-03-06 13:32:00,2934.9648912247226,2908.9800000000005,25.984891224722105
2021-03-06 13:33:00,2934.9477431787986,2975.5,-40.552256821201354
2021-03-06 13:34:00,2948.9522048117246,2843.9799999999996,104.97220481172508
2021-03-06 13:35:00,2610.0278954547293,2534.71,75.3178954547293
2021-03-06 13:36:00,2482.651766734992,2420.1,62.55176673499227
2021-03-06 13:37:00,2767.7187535866615,2771.34,-3.6212464133386675
2021-03-06 13:38:00,3022.453954354358,2985.4,37.05395435435776
2021-03-06 13:39:00,3260.3852793793762,3245.3999999999996,14.985279379376607
2021-03-06 13:40:00,3555.6742736789665,3515.85,39.82427367896662
2021-03-06 13:41:00,3147.789696318943,3120.4,27.389696318942697
2021-03-06 13:42:00,2900.9699028625537,2851.3999999999996,49.569902862554045
2021-03-06 13:43:00,2695.5949143869243,2644.5300000000007,51.06491438692365
2021-03-06 13:44:00,2723.901435139902,2682.5,41.40143513990188
2021-03-06 13:45:00,2663.1980677258175,2637.1800000000003,26.018067725817218
2021-03-06 13:46:00,2812.1864753286936,2749.92,62.26647532869356
2021-03-06 13:47:00,2815.6083847289897,2754.51,61.09838472898946
2021-03-06 13:48:00,2572.8157209242113,2534.71,38.105720924211255
2021-03-06 13:49:00,2560.4054145793198,2491.3599999999997,69.0454145793201
2021-03-06 13:50:00,2323.733457589213,2323.7200000000003,0.01345758921252127
2021-03-06 13:51:00,2270.4273863039944,2209.08,61.347386303994426
2021-03-06 13:52:00,2502.296540886417,2503.3199999999997,-1.0234591135827031
2021-03-06 13:53:00,2649.709594313744,2613.5999999999995,36.109594313744765
2021-03-06 13:54:00,2604.29137169622,2553.98,50.311371696219794
2021-03-06 13:55:00,2526.2845257484246,2503.3199999999997,22.964525748424876
2021-03-06 13:56:00,2645.0408988522445,2618.88,26.160898852244372
2021-03-06 13:57:00,2830.621159494646,2834.0,-3.378840505354219
2021-03-06 13:58:00,3002.7567479511276,2952.7200000000003,50.03674795112738
2021-03-06 13:59:00,3097.8787581034503,3079.34,18.538758103450164
2021-03-06 14:00:00,3012.417321690686,2988.7,23.717321690686276
2021-03-06 14:01:00,2871.5546897837235,2848.07,23.484689783723297
2021-03-06 14:02:00,2843.6310089072967,2801.76,41.87100890729653
2021-03-06 14:03:00,2548.383255019007,2503.7799999999997,44.603255019007065
2021-03-06 14:04:00,3112.7978159335435,3133.74,-20.94218406645632
2021-03-06 14:05:00,3060.696714243123,3061.59,-0.8932857568770487
2021-03-06 14:06:00,2622.2910667030337,2592.4799999999996,29.811066703034157
2021-03-06 14:07:00,2379.3384039070856,2376.4400000000005,2.8984039070851395
2021-03-06 14:08:00,2367.520214871647,2310.8199999999997,56.700214871647404
2021-03-06 14:09:00,2133.0939449707253,2169.81,-36.716055029274685
2021-03-06 14:10:00,1976.1456209825644,1963.0800000000002,13.065620982564269
2021-03-06 14:11:00,2430.3810196089753,2433.8500000000004,-3.4689803910250703
2021-03-06 14:12:00,2369.61622383035,2346.94,22.676223830349954
2021-03-06 14:13:00,2556.758598785388,2560.56,-3.801401214611815
2021-03-06 14:14:00,2234.8871656252654,2242.29,-7.402834374734539
2021-03-06 14:15:00,2638.66236680708,2665.6000000000004,-26.937633192920202
2021-03-06 14:16:00,2761.3116013846516,2739.0,22.311601384651567
2021-03-06 14:17:00,2963.5198241293283,2971.08,-7.560175870671628
2021-03-06 14:18:00,2874.034210609723,2886.38,-12.345789390277332
2021-03-06 14:19:00,2982.035213837725,2994.75,-12.714786162274777
2021-03-06 14:20:00,2710.8540629974586,2734.5,-23.64593700254136
2021-03-06 14:21:00,2483.5908884800224,2479.8599999999997,3.7308884800227133
2021-03-06 14:22:00,2722.4723573030865,2770.3199999999997,-47.847642696913226
2021-03-06 14:23:00,2659.2734121836893,2702.6000000000004,-43.326587816311076
2021-03-06 14:24:00,2398.718207322175,2382.6000000000004,16.11820732217484
2021-03-06 14:25:00,2267.761885589062,2277.66,-9.898114410937978
2021-03-06 14:26:00,1807.7535402228102,1844.5,-36.746459777189784
2021-03-06 14:27:00,1846.9246623447975,1872.62,-25.695337655202366
2021-03-06 14:28:00,1810.862932163355,1832.7599999999998,-21.897067836644737
2021-03-06 14:29:00,2069.528778937377,2078.6,-9.071221062622953
2021-03-06 14:30:00,2042.9371578286734,2049.56,-6.622842171326511
2021-03-06 14:31:00,1896.5331831393157,1918.6999999999998,-22.166816860684094
2021-03-06 14:32:00,2191.502593665237,2259.29,-67.78740633476309
2021-03-06 14:33:00,2243.730487189996,2251.7200000000003,-7.989512810004271
2021-03-06 14:34:00,2291.0352287852993,2315.46,-24.42477121470074
2021-03-06 14:35:00,2219.2222308748783,2258.6899999999996,-39.46776912512132
2021-03-06 14:36:00,2235.904744317447,2231.63,4.274744317446675
2021-03-06 14:37:00,2223.7310860907114,2196.8,26.931086090711233
2021-03-06 14:38:00,2088.8953903119923,2111.15,-22.254609688007804
2021-03-06 14:39:00,2026.0024176031563,2031.3000000000002,-5.297582396843836
2021-03-06 14:40:00,2068.325877019207,2060.9300000000003,7.395877019206637
2021-03-06 14:41:00,1841.6960243616509,1924.65,-82.95397563834922
2021-03-06 14:42:00,2314.8428661411563,2336.04,-21.1971338588437
2021-03-06 14:43:00,2207.329327816382,2246.7999999999997,-39.47067218361781
2021-03-06 14:44:00,1840.2833076463323,1866.2599999999998,-25.97669235366743
2021-03-06 14:45:00,2312.5787757654302,2362.42,-49.841224234569836
2021-03-06 14:46:00,2072.680464114658,2113.2799999999997,-40.59953588534154
2021-03-06 14:47:00,1670.5836073921698,1699.73,-29.146392607830194
2021-03-06 14:48:00,1564.2873899739893,1587.17,-22.882610026010752
2021-03-06 14:49:00,1584.4165177985055,1659.0,-74.58348220149446
2021-03-06 14:50:00,2566.9303017579136,2603.8,-36.86969824208654
2021-03-06 14:51:00,2379.8592169666663,2360.7,19.159216966666463
2021-03-06 14:52:00,2168.013166308945,2210.0,-41.986833691054926
2021-03-06 14:53:00,1801.8434429032704,1801.7999999999997,0.04344290327071576
2021-03-06 14:54:00,1595.1853282817776,1616.27,-21.084671718222353
2021-03-06 14:55:00,1846.5909328772009,1912.4199999999998,-65.82906712279896
2021-03-06 14:56:00,1962.0379710750478,1997.2800000000002,-35.242028924952365
2021-03-06 14:57:00,2352.5720153455904,2424.84,-72.2679846544097
2021-03-06 14:58:00,2385.2907504125965,2429.24,-43.9492495874033
2021-03-06 14:59:00,2187.9007773267463,2268.12,-80.21922267325363
2021-03-06 15:00:00,2008.5311711696536,2039.44,-30.908828830346465
2021-03-06 15:01:00,2236.8947630893504,2239.25,-2.355236910649637
2021-03-06 15:02:00,2350.205514019401,2332.26,17.94551401940089
2021-03-06 15:03:00,2391.8578161963474,2369.2999999999997,22.55781619634763
2021-03-06 15:04:00,2561.1709595262178,2633.19,-72.0190404737823
2021-03-06 15:05:00,2692.913539342752,2754.5,-61.58646065724815
2021-03-06 15:06:00,2481.385187234638,2525.3999999999996,-44.01481276536151
2021-03-06 15:07:00,1622.217385662804,2525.3999999999996,-903.1826143371957
2021-03-06 15:08:00,1634.981399756993,1642.7999999999997,-7.818600243006813
2021-03-06 15:09:00,1951.151838229978,1992.9600000000003,-41.80816177002225
2021-03-06 15:10:00,1771.6363794730578,1817.97,-46.33362052694224
2021-03-06 15:11:00,2020.1938680267428,2067.35,-47.15613197325706
2021-03-06 15:12:00,2110.4776192190993,2156.7,-46.222380780900494
2021-03-06 15:13:00,1949.1291143306526,1984.68,-35.55088566934751
2021-03-06 15:14:00,1833.0739894848361,1896.47,-63.39601051516388
2021-03-06 15:15:00,1861.9480568653637,1927.8000000000002,-65.85194313463649
2021-03-06 15:16:00,1707.078757268606,1768.0,-60.92124273139393
2021-03-06 15:17:00,1630.918242136107,1659.9,-28.981757863893108
2021-03-06 15:18:00,1536.6094708951955,1590.94,-54.330529104804555
2021-03-06 15:19:00,1737.6145811560157,1772.8000000000002,-35.18541884398451
2021-03-06 15:20:00,1741.6997527610913,1776.96,-35.26024723890873
2021-03-06 15:21:00,1535.3593134650575,1621.3200000000002,-85.96068653494262
2021-03-06 15:22:00,1484.7268279314108,1545.04,-60.31317206858921
2021-03-06 15:23:00,1416.0802423760476,1538.8799999999999,-122.79975762395225
2021-03-06 15:24:00,1408.020293963999,1520.29,-112.26970603600103
2021-03-06 15:25:00,1290.8032367986136,1383.25,-92.44676320138637
2021-03-06 15:26:00,1228.0706164911994,1322.1599999999999,-94.08938350880044
2021-03-06 15:27:00,1193.5964605694292,1206.92,-13.323539430570918
2021-03-06 15:28:00,1267.3057620440898,1300.3700000000001,-33.06423795591036
2021-03-06 15:29:00,1259.6596674888788,1387.25,-127.59033251112123
2021-03-06 15:30:00,1005.8042292653132,1124.01,-118.20577073468678
2021-03-06 15:31:00,994.9483679378017,1046.8999999999999,-51.9516320621982
2021-03-06 15:32:00,934.4456487236954,1048.99,-114.54435127630461
2021-03-06 15:33:00,1004.8549553583325,1047.6599999999999,-42.80504464166734
2021-03-06 15:34:00,920.1141033091393,1017.39,-97.27589669086069
2021-03-06 15:35:00,948.0939893039131,995.4000000000001,-47.306010696087014
2021-03-06 15:36:00,943.2524806065682,1053.55,-110.2975193934318
2021-03-06 15:37:00,1005.6779758995914,1057.16,-51.482024100408694
2021-03-06 15:38:00,1017.9476990310537,1051.84,-33.89230096894619
2021-03-06 15:39:00,1017.9115559824876,1051.08,-33.16844401751234
2021-03-06 15:40:00,1017.8733756501373,969.0799999999999,48.793375650137364
2021-03-06 15:41:00,922.4436774206137,966.9399999999999,-44.49632257938629
2021-03-06 15:42:00,904.5423517927522,996.66,-92.11764820724773
2021-03-06 15:43:00,927.782872784588,999.0,-71.217127215412
2021-03-06 15:44:00,934.5098665758373,997.92,-63.41013342416261
2021-03-06 15:45:00,981.7866928856723,1023.9300000000001,-42.14330711432774
2021-03-06 15:46:00,1038.5843213775022,1114.1999999999998,-75.61567862249763
2021-03-06 15:47:00,1157.5460564173702,1170.1200000000003,-12.573943582630136
2021-03-06 15:48:00,1196.6699742495703,1224.3000000000002,-27.630025750429922
2021-03-06 15:49:00,1014.4948645876594,1054.88,-40.385135412340674
2021-03-06 15:50:00,902.7027472462095,997.5600000000002,-94.8572527537907
2021-03-06 15:51:00,893.7314055363249,996.84,-103.1085944636751
2021-03-06 15:52:00,946.681155175551,999.72,-53.03884482444903
2021-03-06 15:53:00,914.7794157577492,1000.8000000000001,-86.02058424225083
2021-03-06 15:54:00,950.5218249619068,999.1800000000001,-48.658175038093304
2021-03-06 15:55:00,993.9123325310228,1062.4799999999998,-68.56766746897699
2021-03-06 15:56:00,1011.9037822370069,1087.06,-75.15621776299304
2021-03-06 15:57:00,984.6017987103835,1056.9699999999998,-72.36820128961631
2021-03-06 15:58:00,952.0786386685287,998.64,-46.56136133147129
2021-03-06 15:59:00,1051.4551594761224,1082.6,-31.14484052387752
2021-03-06 16:00:00,1229.4613173961188,1250.69,-21.228682603881225
2021-03-06 16:01:00,1015.2647323195703,1053.36,-38.09526768042963
2021-03-06 16:02:00,1015.1341208592024,996.48,18.654120859202408
2021-03-06 16:03:00,943.9109205631053,1000.6200000000001,-56.709079436894854
2021-03-06 16:04:00,966.3125715406293,1000.44,-34.127428459370776
2021-03-06 16:05:00,985.0389204745379,1061.9099999999999,-76.87107952546194
2021-03-06 16:06:00,887.2022129726606,941.9699999999999,-54.767787027339295
2021-03-06 16:07:00,832.946035834353,941.8,-108.85396416564697
2021-03-06 16:08:00,893.7212015936534,997.74,-104.0187984063466
2021-03-06 16:09:00,841.6360360399326,910.71,-69.07396396006743
2021-03-06 16:10:00,760.8805098842721,825.9,-65.01949011572788
2021-03-06 16:11:00,696.6544265758029,772.2399999999999,-75.58557342419704
2021-03-06 16:12:00,717.5515068780336,798.3199999999999,-80.76849312196634
2021-03-06 16:13:00,751.3739067340254,830.85,-79.47609326597467
2021-03-06 16:14:00,708.204612927737,772.9399999999999,-64.73538707226294
2021-03-06 16:15:00,711.1281524032329,773.5,-62.37184759676711
2021-03-06 16:16:00,756.221128523208,831.5999999999999,-75.37887147679191
2021-03-06 16:17:00,698.6923577964507,772.24,-73.54764220354934
2021-03-06 16:18:00,707.828106046584,774.48,-66.65189395341599
2021-03-06 16:19:00,712.8185151229203,798.0699999999999,-85.25148487707963
2021-03-06 16:20:00,664.7424053385737,719.1600000000001,-54.41759466142639
2021-03-06 16:21:00,648.9821027408346,719.6800000000001,-70.69789725916542
2021-03-06 16:22:00,678.3316796355302,720.2,-41.86832036446981
2021-03-06 16:23:00,621.5178913996693,718.7700000000001,-97.25210860033076
2021-03-06 16:24:00,630.0195819537366,688.78,-58.76041804626334
2021-03-06 16:25:00,602.7855933439915,662.04,-59.25440665600843
2021-03-06 16:26:00,593.4864855417807,663.96,-70.47351445821937
2021-03-06 16:27:00,580.0469172295396,660.24,-80.19308277046036
2021-03-06 16:28:00,521.4826049118219,597.08,-75.59739508817813
2021-03-06 16:29:00,492.6364065521146,568.9100000000001,-76.2735934478855
2021-03-06 16:30:00,493.60663532662693,598.0699999999999,-104.46336467337301
2021-03-06 16:31:00,498.8815536650961,600.0500000000001,-101.16844633490399
2021-03-06 16:32:00,506.2543973509836,598.1800000000001,-91.92560264901647
2021-03-06 16:33:00,501.7570108374682,565.1800000000001,-63.42298916253185
2021-03-06 16:34:00,493.39997977121976,572.1800000000001,-78.7800202287803
2021-03-06 16:35:00,490.62436235352413,569.11,-78.48563764647588
2021-03-06 16:36:00,463.24562155082816,542.5,-79.25437844917184
2021-03-06 16:37:00,458.48149512199456,545.6,-87.11850487800547
2021-03-06 16:38:00,452.16889766892933,542.4000000000001,-90.23110233107076
2021-03-06 16:39:00,451.05244930062116,512.31,-61.25755069937878
2021-03-06 16:40:00,425.89773180335266,489.33000000000004,-63.432268196647385
2021-03-06 16:41:00,432.49277014535767,491.31000000000006,-58.81722985464239
2021-03-06 16:42:00,386.2896686110736,459.81000000000006,-73.52033138892648
2021-03-06 16:43:00,368.71955647388376,459.96,-91.24044352611622
2021-03-06 16:44:00,341.47670759354094,433.12,-91.64329240645907
2021-03-06 16:45:00,349.96254730476676,405.99,-56.02745269523325
2021-03-06 16:46:00,387.66149974338254,433.52000000000004,-45.8585002566175
2021-03-06 16:47:00,425.4846196001074,462.07000000000005,-36.58538039989264
2021-03-06 16:48:00,370.0527245106556,435.84000000000003,-65.78727548934444
2021-03-06 16:49:00,329.7050598355177,406.93,-77.22494016448229
2021-03-06 16:50:00,332.9076576987763,405.76,-72.8523423012237
2021-03-06 16:51:00,359.4930220446075,404.9,-45.40697795539245
2021-03-06 16:52:00,356.3590257395022,405.04999999999995,-48.69097426049774
2021-03-06 16:53:00,413.4965824458934,437.20000000000005,-23.703417554106636
2021-03-06 16:54:00,486.26926273371754,499.05,-12.780737266282472
2021-03-06 16:55:00,589.9801188202672,557.5,32.480118820267194
2021-03-06 16:56:00,615.3974769560626,560.8,54.59747695606268
2021-03-06 16:57:00,638.6714155629468,586.98,51.69141556294676
2021-03-06 16:58:00,578.7787223747314,585.74,-6.961277625268622
2021-03-06 16:59:00,510.0268307383244,520.54,-10.513169261675557
2021-03-06 17:00:00,523.2149326785653,555.8,-32.58506732143462
2021-03-06 17:01:00,538.9334927275112,525.96,12.973492727511143
2021-03-06 17:02:00,478.5850388222163,519.61,-41.02496117778372
2021-03-06 17:03:00,441.42841666252235,490.05000000000007,-48.621583337477716
2021-03-06 17:04:00,497.3805349960127,553.3,-55.91946500398723
2021-03-06 17:05:00,551.0335963230721,550.8,0.23359632307210632
2021-03-06 17:06:00,445.9715990364905,494.01000000000005,-48.03840096350956
2021-03-06 17:07:00,393.739225587678,407.99,-14.250774412322016
2021-03-06 17:08:00,324.06675384584975,381.78,-57.71324615415023
2021-03-06 17:09:00,240.61326427344505,344.74,-104.12673572655495
2021-03-06 17:10:00,289.47083786904534,322.38,-32.909162130954655
2021-03-06 17:11:00,269.15222929899005,345.34000000000003,-76.18777070100998
2021-03-06 17:12:00,275.59237993003745,317.15999999999997,-41.567620069962516
2021-03-06 17:13:00,244.95316464629445,312.12,-67.16683535370555
2021-03-06 17:14:00,199.95066973319194,285.01,-85.05933026680805
2021-03-06 17:15:00,247.01423889709451,261.3,-14.285761102905497
2021-03-06 17:16:00,209.01328066273572,263.85,-54.8367193372643
2021-03-06 17:17:00,209.83759587837767,261.05,-51.21240412162234
2021-03-06 17:18:00,188.09854836747363,259.6,-71.5014516325264
2021-03-06 17:19:00,198.2446011128116,264.5,-66.25539888718839
2021-03-06 17:20:00,179.53480684919998,234.07,-54.53519315080001
2021-03-06 17:21:00,171.27229523437398,225.01,-53.737704765626006
2021-03-06 17:22:00,150.76289986213112,205.60000000000002,-54.8371001378689
2021-03-06 17:23:00,144.8878438789177,210.08,-65.19215612108232
2021-03-06 17:24:00,130.94669194425427,181.78,-50.83330805574573
2021-03-06 17:25:00,126.67193787185074,181.45000000000002,-54.77806212814927
2021-03-06 17:26:00,118.89946725870688,155.97,-37.07053274129312
2021-03-06 17:27:00,109.14580896673083,154.5,-45.354191033269174
2021-03-06 17:28:00,105.04154787492915,153.54,-48.49845212507084
2021-03-06 17:29:00,86.66751966398472,128.58999999999997,-41.922480336015255
2021-03-06 17:30:00,84.69924812119591,126.04,-41.3407518788041
2021-03-06 17:31:00,75.00615802204119,102.92000000000002,-27.913841977958825
2021-03-06 17:32:00,74.22984150117439,103.04,-28.810158498825615
2021-03-06 17:33:00,53.08083000577709,102.26,-49.17916999422292
2021-03-06 17:34:00,43.15438473070968,102.30000000000001,-59.14561526929033
2021-03-06 17:35:00,41.316129396135494,75.29,-33.97387060386451
2021-03-06 17:36:00,32.70307378952124,75.45,-42.74692621047876
2021-03-06 17:37:00,26.10617874956,73.9,-47.793821250440004
2021-03-06 17:38:00,24.376314031235587,74.64000000000001,-50.26368596876443
2021-03-06 17:39:00,24.987835397396417,74.29,-49.30216460260359
2021-03-06 17:40:00,58.96998281393365,72.93,-13.96001718606636
2021-03-06 17:41:00,60.13550029644933,71.65,-11.514499703550676
2021-03-06 17:42:00,59.95741670219817,70.11,-10.152583297801833
2021-03-06 17:43:00,55.743580023214804,67.09,-11.3464199767852
2021-03-06 17:44:00,58.19575211398435,62.92,-4.724247886015654
2021-03-06 17:45:00,51.976861715806926,43.910000000000004,8.066861715806922
2021-03-06 17:46:00,47.2549956761975,37.0,10.254995676197503
2021-03-06 17:47:00,50.706545587849114,34.62,16.086545587849116
2021-03-06 17:48:00,42.47328997755834,32.690000000000005,9.783289977558333
2021-03-06 17:49:00,43.622731360564956,30.120000000000005,13.502731360564951
2021-03-06 17:50:00,46.2244932399117,28.870000000000005,17.354493239911697
2021-03-06 17:51:00,36.59170978549948,24.270000000000003,12.321709785499479
2021-03-06 17:52:00,37.748035141738384,20.660000000000004,17.08803514173838
2021-03-06 17:56:00,37.43610713784763,11.11,26.32610713784763
2021-03-06 17:57:00,37.99083879579943,11.21,26.780838795799426
2021-03-07 05:21:00,50.63989530624822,18.15,32.48989530624822
2021-03-07 05:22:00,42.1187978265544,20.270000000000003,21.848797826554396
2021-03-07 05:23:00,56.68261453010785,22.650000000000002,34.03261453010785
2021-03-07 05:24:00,63.84301563125356,23.86,39.98301563125356
2021-03-07 05:25:00,44.37418514023848,33.58,10.794185140238483
2021-03-07 05:26:00,68.37536644787687,49.980000000000004,18.395366447876867
2021-03-07 05:27:00,54.62800047722825,51.230000000000004,3.398000477228244
2021-03-07 05:28:00,74.2757924360864,51.64,22.635792436086405
2021-03-07 05:29:00,71.36947618819694,53.58,17.789476188196943
2021-03-07 05:30:00,49.741341787362856,53.97,-4.228658212637143
2021-03-07 05:31:00,35.37365474231648,55.34,-19.96634525768352
2021-03-07 05:32:00,35.01566727604747,56.14000000000001,-21.124332723952534
2021-03-07 05:33:00,34.48050828860015,55.45,-20.969491711399854
2021-03-07 05:34:00,41.68602343291572,57.14,-15.453976567084283
2021-03-07 05:35:00,43.58534274624867,57.53,-13.94465725375133
2021-03-07 05:36:00,53.10614574055291,56.88,-3.7738542594470914
2021-03-07 05:37:00,58.125362010943256,58.19,-0.06463798905674167
2021-03-07 05:38:00,75.90490983601897,57.59,18.31490983601897
2021-03-07 05:39:00,79.3824047538036,57.56,21.822404753803596
2021-03-07 05:40:00,100.11999646050793,58.629999999999995,41.48999646050794
2021-03-07 05:41:00,106.69054276350047,57.440000000000005,49.25054276350047
2021-03-07 05:42:00,67.72383596061502,76.44,-8.716164039384978
2021-03-07 05:43:00,110.24214802164404,98.82000000000002,11.42214802164402
2021-03-07 05:44:00,148.22031619951724,120.9,27.320316199517237
2021-03-07 05:45:00,96.92677855618689,124.07,-27.143221443813104
2021-03-07 05:46:00,78.09307484432594,128.89,-50.796925155674046
2021-03-07 05:47:00,126.94670133590711,128.13,-1.183298664092888
2021-03-07 05:48:00,147.55328041606876,158.85,-11.296719583931235
2021-03-07 05:49:00,196.52942510995314,158.61,37.919425109953124
2021-03-07 05:50:00,87.22597965435261,159.12,-71.89402034564739
2021-03-07 05:51:00,176.26770578924175,159.72000000000003,16.547705789241718
2021-03-07 05:52:00,188.3774601300373,184.07,4.307460130037299
2021-03-07 05:53:00,262.576813327257,186.4,76.17681332725701
2021-03-07 05:54:00,192.83779683886735,187.74,5.097796838867339
2021-03-07 05:55:00,193.44155476536673,186.99,6.451554765366723
2021-03-07 05:56:00,284.5972832570109,187.38,97.21728325701088
2021-03-07 05:57:00,299.16525959519504,216.04000000000002,83.12525959519502
2021-03-07 05:58:00,229.5842045582125,217.8,11.78420455821248
2021-03-07 05:59:00,301.40408042513894,221.16000000000003,80.24408042513892
2021-03-07 06:00:00,270.8849646227656,244.8,26.084964622765597
2021-03-07 06:01:00,301.4817576439394,246.47000000000003,55.01175764393935
2021-03-07 06:02:00,342.7567841422006,271.65,71.10678414220064
2021-03-07 06:03:00,311.24210310803943,271.05,40.19210310803942
2021-03-07 06:04:00,341.7594368123383,295.27,46.48943681233834
2021-03-07 06:05:00,355.46673480310835,296.69,58.776734803108354
2021-03-07 06:06:00,350.1779909759377,296.77,53.40799097593771
2021-03-07 06:07:00,339.29833659497564,328.26,11.038336594975647
2021-03-07 06:08:00,390.8388894989317,326.03999999999996,64.79888949893171
2021-03-07 06:09:00,418.5747383956546,355.08,63.49473839565462
2021-03-07 06:10:00,432.7770116326507,355.39,77.38701163265074
2021-03-07 06:11:00,424.18375667150764,356.78999999999996,67.39375667150767
2021-03-07 06:12:00,462.6072942260317,389.27,73.3372942260317
2021-03-07 06:13:00,475.4970406884137,389.62,85.87704068841367
2021-03-07 06:14:00,476.2967423663522,416.48,59.81674236635217
2021-03-07 06:15:00,474.3144901810772,417.69000000000005,56.624490181077135
2021-03-07 06:16:00,576.0554715152114,446.0,130.05547151521137
2021-03-07 06:17:00,512.2406196428063,446.96000000000004,65.2806196428063
2021-03-07 06:18:00,553.2682304063532,474.39,78.87823040635317
2021-03-07 06:19:00,593.8055088394746,473.14,120.66550883947457
2021-03-07 06:20:00,632.6291442158,504.81000000000006,127.81914421579995
2021-03-07 06:21:00,586.0131098570665,528.7,57.31310985706648
2021-03-07 06:22:00,616.5339370477981,528.56,87.97393704779813
2021-03-07 06:23:00,647.8366254329632,527.88,119.95662543296316
2021-03-07 06:24:00,710.9603837007623,583.1,127.86038370076233
2021-03-07 06:25:00,659.584699948484,586.49,73.09469994848394
2021-03-07 06:26:00,665.5450574398452,587.0699999999999,78.47505743984527
2021-03-07 06:27:00,708.7259064888148,638.3,70.4259064888148
2021-03-07 06:28:00,740.3896177148954,642.78,97.60961771489542
2021-03-07 06:29:00,728.479505040503,642.46,86.01950504050296
2021-03-07 06:30:00,679.839778400387,670.9199999999998,8.919778400387145
2021-03-07 06:31:00,757.8574362458374,698.6600000000001,59.197436245837366
2021-03-07 06:32:00,781.1669040942096,702.5,78.6669040942096
2021-03-07 06:33:00,736.1552078598254,758.85,-22.694792140174627
2021-03-07 06:34:00,859.5049534852836,754.5699999999999,104.9349534852837
2021-03-07 06:35:00,886.1521156471639,755.24,130.9121156471639
2021-03-07 06:36:00,801.9591443575981,785.4,16.559144357598143
2021-03-07 06:37:00,885.292040270474,806.81,78.48204027047404
2021-03-07 06:38:00,852.4152610072707,809.22,43.19526100727069
2021-03-07 06:39:00,947.6485765378226,864.1700000000001,83.4785765378225
2021-03-07 06:40:00,922.1735086690345,864.75,57.423508669034504
2021-03-07 06:41:00,957.6148772992827,865.42,92.19487729928278
2021-03-07 06:42:00,971.9896109964842,918.74,53.24961099648419
2021-03-07 06:43:00,969.8731649271659,918.4300000000001,51.44316492716587
2021-03-07 06:44:00,1000.8879289857283,948.0899999999999,52.79792898572839
2021-03-07 06:45:00,1026.1543704129497,976.07,50.084370412949625
2021-03-07 06:46:00,1024.8089166090754,977.98,46.82891660907535
2021-03-07 06:47:00,1043.3211952308131,974.5,68.82119523081315
2021-03-07 06:48:00,1053.0708180220731,1043.57,9.50081802207319
2021-03-07 06:49:00,1087.564026836134,1054.54,33.024026836134
2021-03-07 06:50:00,1072.7894488652582,1053.42,19.369448865258164
2021-03-07 06:51:00,1026.410178463285,1079.1399999999999,-52.72982153671478
2021-03-07 06:52:00,1071.063445419046,1105.1599999999999,-34.09655458095381
2021-03-07 06:53:00,1099.6941073082328,1129.71,-30.01589269176725
2021-03-07 06:54:00,1122.3878045784302,1157.6100000000001,-35.22219542156995
2021-03-07 06:55:00,1181.4981848556279,1155.1799999999998,26.318184855628033
2021-03-07 06:56:00,1199.5965701274692,1210.81,-11.213429872530696
2021-03-07 06:57:00,1243.761676770008,1210.3700000000001,33.39167677000796
2021-03-07 06:58:00,1249.63475895045,1267.24,-17.60524104954993
2021-03-07 06:59:00,1265.4695781847136,1268.42,-2.950421815286518
2021-03-07 07:00:00,1324.2088321636415,1287.96,36.24883216364151
2021-03-07 07:01:00,1252.6707713903882,1313.74,-61.069228609611855
2021-03-07 07:02:00,1252.2905052998476,1317.3899999999999,-65.09949470015226
2021-03-07 07:03:00,1281.0392442379232,1339.6799999999998,-58.64075576207665
2021-03-07 07:04:00,1328.7385131347162,1370.61,-41.871486865283714
2021-03-07 07:05:00,1315.7303456430877,1373.11,-57.37965435691217
2021-03-07 07:06:00,1440.7948259968346,1405.75,35.04482599683456
2021-03-07 07:07:00,1422.7649167640582,1430.0100000000002,-7.245083235942047
2021-03-07 07:08:00,1472.5528722134914,1430.27,42.28287221349137
2021-03-07 07:09:00,1420.1096722043749,1481.6200000000001,-61.510327795625244
2021-03-07 07:10:00,1492.3200308551213,1471.95,20.370030855121286
2021-03-07 07:11:00,1499.6350814901114,1532.04,-32.4049185098886
2021-03-07 07:12:00,1474.8397751516848,1538.79,-63.9502248483152
2021-03-07 07:13:00,1536.441498511336,1568.28,-31.83850148866395
2021-03-07 07:14:00,1535.557762403703,1592.81,-57.252237596296936
2021-03-07 07:15:00,1574.8810835933134,1592.1799999999998,-17.29891640668643
2021-03-07 07:16:00,1640.3186480578859,1648.4,-8.081351942114225
2021-03-07 07:17:00,1547.852970759158,1639.97,-92.11702924084193
2021-03-07 07:18:00,1607.662364512873,1644.72,-37.05763548712707
2021-03-07 07:19:00,1642.3818169242218,1674.9,-32.518183075778325
2021-03-07 07:20:00,1654.1002718312773,1699.51,-45.40972816872272
2021-03-07 07:21:00,1677.3529796700957,1697.74,-20.387020329904317
2021-03-07 07:22:00,1685.5195268129394,1753.4700000000003,-67.95047318706088
2021-03-07 07:23:00,1696.9342208606024,1752.22,-55.28577913939762
2021-03-07 07:24:00,1768.2703449837338,1817.8600000000001,-49.589655016266306
2021-03-07 07:25:00,1756.5514216015902,1819.8200000000002,-63.26857839841
2021-03-07 07:26:00,1791.2040192382012,1853.6099999999997,-62.405980761798446
2021-03-07 07:27:00,1737.5255592406359,1868.5,-130.97444075936414
2021-03-07 07:28:00,1788.426308514087,1871.87,-83.44369148591295
2021-03-07 07:29:00,1824.0063975893493,1923.6599999999999,-99.65360241065059
2021-03-07 07:30:00,1895.2724897786436,1926.0200000000002,-30.747510221356606
2021-03-07 07:31:00,1901.2721325644804,1949.15,-47.87786743551965
2021-03-07 07:32:00,1913.9561637414045,1973.45,-59.49383625859559
2021-03-07 07:33:00,1931.8737553859007,1970.28,-38.40624461409925
2021-03-07 07:34:00,1942.7150204706202,1971.67,-28.954979529379898
2021-03-07 07:35:00,1931.6110754269403,2027.9499999999998,-96.33892457305956
2021-03-07 07:36:00,1909.030731818587,2019.27,-110.23926818141308
2021-03-07 07:37:00,1987.1759977870024,2076.44,-89.26400221299764
2021-03-07 07:38:00,2005.0745246251097,2083.62,-78.5454753748902
2021-03-07 07:39:00,2022.2708417743127,2136.85,-114.57915822568725
2021-03-07 07:40:00,2004.0091009702057,2133.38,-129.37089902979437
2021-03-07 07:41:00,2046.6305286417287,2131.14,-84.50947135827118
2021-03-07 07:42:00,2039.558883587222,2178.6400000000003,-139.08111641277833
2021-03-07 07:43:00,2075.1757129223042,2188.5,-113.32428707769577
2021-03-07 07:44:00,2059.845235774107,2214.8,-154.9547642258931
2021-03-07 07:45:00,2135.121944069859,2233.08,-97.95805593014074
2021-03-07 07:46:00,2126.770365827656,2239.1499999999996,-112.37963417234369
2021-03-07 07:47:00,2117.8058951304524,2291.59,-173.78410486954772
2021-03-07 07:48:00,2118.0105281169945,2295.64,-177.6294718830054
2021-03-07 07:49:00,2197.8952126036706,2345.91,-148.0147873963292
2021-03-07 07:50:00,2228.361422989447,2348.05,-119.68857701055322
2021-03-07 07:51:00,2243.230482426471,2381.7200000000003,-138.48951757352916
2021-03-07 07:52:00,2205.8564084746517,2404.2,-198.34359152534807
2021-03-07 07:53:00,2275.9985728532433,2408.08,-132.0814271467566
2021-03-07 07:54:00,2318.7615678752654,2426.2,-107.43843212473439
2021-03-07 07:55:00,2306.312294018197,2460.45,-154.1377059818028
2021-03-07 07:56:00,2304.5012613333342,2492.65,-188.14873866666585
2021-03-07 07:57:00,2320.488159663919,2496.23,-175.74184033608117
2021-03-07 07:58:00,2440.4936311150527,2571.54,-131.04636888494724
2021-03-07 07:59:00,2482.2436785477594,2594.87,-112.62632145224052
2021-03-07 08:00:00,2467.628649010487,2612.2200000000003,-144.5913509895131
2021-03-07 08:01:00,2485.2767155032693,2668.7,-183.4232844967305
2021-03-07 08:02:00,2578.804885362495,2661.92,-83.11511463750503
2021-03-07 08:03:00,2492.135717083664,2679.7799999999997,-187.64428291633567
2021-03-07 08:04:00,2523.1375513393855,2743.4700000000003,-220.33244866061477
2021-03-07 08:05:00,2517.835364099929,2731.1400000000003,-213.3046359000714
2021-03-07 08:06:00,2578.444863155149,2717.31,-138.8651368448509
2021-03-07 08:07:00,2585.5479162386814,2765.7699999999995,-180.22208376131812
2021-03-07 08:08:00,2603.6662477413747,2781.0299999999997,-177.36375225862503
2021-03-07 08:09:00,2640.092155374575,2798.88,-158.7878446254249
2021-03-07 08:10:00,2702.2037755747983,2826.17,-123.96622442520174
2021-03-07 08:11:00,2688.4989480081113,2823.6499999999996,-135.15105199188838
2021-03-07 08:12:00,2692.3363418904128,2848.5600000000004,-156.22365810958763
2021-03-07 08:13:00,2645.336409797811,2878.98,-233.643590202189
2021-03-07 08:14:00,2667.0152990342276,2881.6499999999996,-214.63470096577203
2021-03-07 08:15:00,2719.654493198803,2918.38,-198.7255068011973
2021-03-07 08:16:00,2742.274596783996,2922.13,-179.8554032160041
2021-03-07 08:17:00,2768.209925012095,2950.0200000000004,-181.8100749879054
2021-03-07 08:18:00,2780.9837332822713,2976.78,-195.79626671772894
2021-03-07 08:19:00,2799.6351870661174,2970.23,-170.59481293388262
2021-03-07 08:20:00,2825.012969916553,3003.0,-177.98703008344683
2021-03-07 08:21:00,2831.4553546757547,3023.08,-191.6246453242452
2021-03-07 08:22:00,2831.0200323363038,3027.51,-196.48996766369646
2021-03-07 08:23:00,2842.831844013538,3021.9800000000005,-179.14815598646237
2021-03-07 08:24:00,2860.7394707589365,3046.4,-185.6605292410636
2021-03-07 08:25:00,2889.369651215664,3060.16,-170.79034878433595
2021-03-07 08:26:00,2894.9535924698166,3091.6800000000003,-196.72640753018368
2021-03-07 08:27:00,2899.965089672617,3095.1,-195.13491032738284
2021-03-07 08:28:00,2929.779974139148,3097.9500000000003,-168.1700258608521
2021-03-07 08:29:00,2926.0776895029367,3099.66,-173.5823104970632
2021-03-07 08:30:00,2947.004846820136,3123.51,-176.505153179864
2021-03-07 08:31:00,2926.926226199893,3123.4799999999996,-196.55377380010668
2021-03-07 08:32:00,2981.1478501831716,3132.0,-150.8521498168284
2021-03-07 08:33:00,2998.77494352111,3164.4799999999996,-165.70505647888967
2021-03-07 08:34:00,2985.0145014094182,3146.5,-161.48549859058176
2021-03-07 08:35:00,2969.582019718271,3173.21,-203.62798028172892
2021-03-07 08:36:00,2987.33533952884,3198.9800000000005,-211.64466047116048
2021-03-07 08:37:00,3014.5132204461033,3200.16,-185.64677955389652
2021-03-07 08:38:00,3013.7213865145527,3210.2200000000003,-196.49861348544755
2021-03-07 08:39:00,3027.2189775247502,3208.4700000000003,-181.25102247525
2021-03-07 08:40:00,3055.1397282208504,3240.6,-185.46027177914948
2021-03-07 08:41:00,3077.6378895206835,3274.4300000000003,-196.79211047931676
2021-03-07 08:42:00,3102.065517747976,3267.7799999999997,-165.71448225202357
2021-03-07 08:43:00,3123.016372797244,3298.27,-175.25362720275598
2021-03-07 08:44:00,3138.2911615021176,3300.71,-162.41883849788246
2021-03-07 08:45:00,3142.7611922766623,3333.1200000000003,-190.35880772333803
2021-03-07 08:46:00,3147.9585569002365,3338.08,-190.12144309976338
2021-03-07 08:47:00,3187.397787847899,3351.1000000000004,-163.7022121521013
2021-03-07 08:48:00,3208.3577882162745,3391.29,-182.9322117837255
2021-03-07 08:49:00,3200.347126567092,3377.43,-177.08287343290795
2021-03-07 08:50:00,3221.280770576228,3384.99,-163.70922942377183
2021-03-07 08:51:00,3170.2703882961196,3414.4,-244.12961170388053
2021-03-07 08:52:00,3232.0149891939077,3441.28,-209.2650108060925
2021-03-07 08:53:00,3242.6990361957137,3441.92,-199.22096380428638
2021-03-07 08:54:00,3255.4342264429847,3434.41,-178.97577355701515
2021-03-07 08:55:00,3292.4693937683123,3436.31,-143.84060623168762
2021-03-07 08:56:00,3285.7846836541307,3446.3,-160.51531634586945
2021-03-07 08:57:00,3301.3684523124616,3460.6,-159.2315476875383
2021-03-07 08:58:00,3305.063679772685,3479.45,-174.38632022731463
2021-03-07 08:59:00,3327.1680420156085,3478.8,-151.63195798439165
2021-03-07 09:00:00,3366.2387540058035,3501.2999999999997,-135.06124599419627
2021-03-07 09:01:00,3347.743676617588,3512.64,-164.896323382412
2021-03-07 09:02:00,3373.499664211123,3544.25,-170.75033578887678
2021-03-07 09:03:00,3397.421577227934,3546.8599999999997,-149.43842277206568
2021-03-07 09:04:00,3418.7627961574212,3563.06,-144.2972038425787
2021-03-07 09:05:00,3424.3116804994406,3582.06,-157.74831950055932
2021-03-07 09:06:00,3402.637403288262,3561.7200000000003,-159.08259671173846
2021-03-07 09:07:00,3433.291787008683,3608.76,-175.46821299131716
2021-03-07 09:08:00,3475.3177295283035,3621.6800000000003,-146.36227047169677
2021-03-07 09:09:00,3506.903109508485,3615.26,-108.35689049151506
2021-03-07 09:10:00,3473.9500646139572,3641.9900000000002,-168.039935386043
2021-03-07 09:11:00,3508.828610734947,3643.41,-134.58138926505308
2021-03-07 09:12:00,3501.17478668203,3659.07,-157.89521331797005
2021-03-07 09:13:00,3505.303805403933,3673.5600000000004,-168.25619459606742
2021-03-07 09:14:00,3556.064266213427,3661.83,-105.76573378657304
2021-03-07 09:15:00,3549.772495511382,3729.6000000000004,-179.82750448861816
2021-03-07 09:16:00,3556.266643471597,3719.8,-163.53335652840315
2021-03-07 09:17:00,3582.8827550640294,3721.2000000000003,-138.31724493597085
2021-03-07 09:18:00,3573.5249576810884,3724.7,-151.17504231891144
2021-03-07 09:19:00,3567.84657072513,3711.4,-143.55342927487027
2021-03-07 09:20:00,3590.5603594390623,3741.2599999999993,-150.69964056093704
2021-03-07 09:21:00,3607.7371904055294,3770.81,-163.07280959447053
2021-03-07 09:22:00,3606.5184467438585,3767.26,-160.74155325614174
2021-03-07 09:23:00,3622.2319372548145,3765.1299999999997,-142.89806274518514
2021-03-07 09:24:00,3624.983650794169,3767.98,-142.99634920583094
2021-03-07 09:25:00,3651.042965199938,3787.92,-136.87703480006212
2021-03-07 09:26:00,3647.8394885214475,3793.6800000000003,-145.8405114785528
2021-03-07 09:27:00,3651.484653014478,3801.6,-150.11534698552168
2021-03-07 09:28:00,3676.2985389727232,3823.55,-147.25146102727695
2021-03-07 09:29:00,3675.320433984493,3814.1900000000005,-138.86956601550764
2021-03-07 09:30:00,3681.1062471745076,3845.64,-164.53375282549223
2021-03-07 09:31:00,3707.3137775333344,3833.96,-126.64622246666568
2021-03-07 09:32:00,3723.560603206824,3855.1,-131.5393967931759
2021-03-07 09:33:00,3729.0736968880965,3892.4,-163.3263031119036
2021-03-07 09:34:00,3724.6318563844166,3877.0600000000004,-152.42814361558385
2021-03-07 09:35:00,3749.172275302328,3887.9600000000005,-138.78772469767227
2021-03-07 09:36:00,3800.9972809991064,3879.8200000000006,-78.82271900089427
2021-03-07 09:37:00,3793.9464548175265,3919.53,-125.5835451824737
2021-03-07 09:38:00,3764.4482387034336,3948.0,-183.55176129656638
2021-03-07 09:39:00,3720.468358857741,3950.25,-229.7816411422591
2021-03-07 09:40:00,3807.691996691794,3964.5,-156.80800330820603
2021-03-07 09:41:00,3801.4469234192916,3959.29,-157.84307658070838
2021-03-07 09:42:00,3861.8166908191765,3971.3,-109.48330918082365
2021-03-07 09:43:00,3849.0681499330963,3984.95,-135.88185006690355
2021-03-07 09:44:00,3893.280809132763,3987.72,-94.4391908672369
2021-03-07 09:45:00,3877.8714506955844,4009.0,-131.12854930441563
2021-03-07 09:46:00,3912.067878897915,4027.1000000000004,-115.03212110208551
2021-03-07 09:47:00,3908.203632595082,4024.7900000000004,-116.58636740491829
2021-03-07 09:48:00,3892.7004070313446,4039.42,-146.71959296865543
2021-03-07 09:49:00,3890.1122465346457,4045.58,-155.46775346535424
2021-03-07 09:50:00,3904.8008158325442,4007.8500000000004,-103.04918416745613
2021-03-07 09:51:00,3875.252749808083,4061.94,-186.68725019191697
2021-03-07 09:52:00,3929.4463973866305,4034.0299999999997,-104.5836026133693
2021-03-07 09:53:00,3965.087084670576,4052.88,-87.79291532942398
2021-03-07 09:54:00,3955.712008133352,4092.66,-136.94799186664795
2021-03-07 09:55:00,3954.2827400439674,4083.3,-129.01725995603283
2021-03-07 09:56:00,3956.3995849478633,4086.4199999999996,-130.0204150521363
2021-03-07 09:57:00,3976.487361992275,4076.2799999999997,-99.79263800772469
2021-03-07 09:58:00,3958.7036546213,4094.76,-136.05634537870037
2021-03-07 09:59:00,3980.527401129501,4087.2,-106.67259887049886
2021-03-07 10:00:00,4002.403207391635,4101.24,-98.8367926083647
2021-03-07 10:01:00,4027.7361219059235,4157.77,-130.03387809407695
2021-03-07 10:02:00,4018.2384832032617,4151.45,-133.21151679673812
2021-03-07 10:03:00,4021.113898672408,4138.02,-116.9061013275923
2021-03-07 10:04:00,4037.936404353001,4149.870000000001,-111.93359564699995
2021-03-07 10:05:00,4045.8595287384737,4149.870000000001,-104.01047126152707
2021-03-07 10:06:00,4070.3850660193243,4204.0,-133.6149339806757
2021-03-07 10:07:00,4056.0456814959157,4203.2,-147.15431850408413
2021-03-07 10:08:00,4079.080535502532,4192.0,-112.9194644974682
2021-03-07 10:09:00,4078.904042169373,4188.8,-109.89595783062714
2021-03-07 10:10:00,4081.4621102629826,4203.51,-122.04788973701761
2021-03-07 10:11:00,4102.08083358809,4195.2,-93.11916641190965
2021-03-07 10:12:00,4108.527845360771,4241.969999999999,-133.44215463922865
2021-03-07 10:13:00,4127.423722302461,4241.969999999999,-114.54627769753824
2021-03-07 10:14:00,4129.040216780877,4259.79,-130.74978321912295
2021-03-07 10:15:00,4149.340745911204,4244.4,-95.05925408879557
2021-03-07 10:16:00,4146.917116879959,4256.25,-109.3328831200406
2021-03-07 10:17:00,4150.42598206174,4229.82,-79.39401793825982
2021-03-07 10:18:00,4152.782965567658,4246.0199999999995,-93.23703443234172
2021-03-07 10:19:00,4174.937251329643,4244.4,-69.46274867035663
2021-03-07 10:20:00,4196.203695200014,4287.78,-91.57630479998534
2021-03-07 10:21:00,4171.893361840545,4289.419999999999,-117.5266381594538
2021-03-07 10:22:00,4179.264663305573,4277.94,-98.67533669442673
2021-03-07 10:23:00,4184.738313065668,4268.099999999999,-83.36168693433137
2021-03-07 10:24:00,4172.7548674114405,4286.139999999999,-113.38513258855892
2021-03-07 10:25:00,4187.01731932457,4277.119999999999,-90.10268067542893
2021-03-07 10:26:00,4206.918439970466,4270.5599999999995,-63.64156002953314
2021-03-07 10:27:00,4205.148408608195,4315.17,-110.02159139180549
2021-03-07 10:28:00,4217.554865469075,4319.32,-101.76513453092502
2021-03-07 10:29:00,4240.665359962338,4319.320000000001,-78.65464003766283
2021-03-07 10:30:00,4235.667606777001,4318.61,-82.94239322299836
2021-03-07 10:31:00,4242.933533917651,4333.43,-90.49646608234889
2021-03-07 10:32:00,4243.5851074655075,4337.580000000001,-93.99489253449337
2021-03-07 10:33:00,4253.928946227684,4350.860000000001,-96.93105377231677
2021-03-07 10:34:00,4258.2713838328855,4349.200000000001,-90.92861616711525
2021-03-07 10:35:00,4255.643485518782,4355.01,-99.36651448121847
2021-03-07 10:36:00,4272.615896300596,4362.4800000000005,-89.86410369940404
2021-03-07 10:37:00,4273.307949779584,4342.56,-69.2520502204161
2021-03-07 10:38:00,4290.3696644034135,4388.3,-97.9303355965867
2021-03-07 10:39:00,4293.652043926586,4399.240000000001,-105.58795607341472
2021-03-07 10:40:00,4292.557386810971,4418.400000000001,-125.84261318902918
2021-03-07 10:41:00,4321.725965196119,4416.72,-94.99403480388082
2021-03-07 10:42:00,4316.518703191647,4404.120000000001,-87.60129680835416
2021-03-07 10:43:00,4321.336421367294,4398.24,-76.90357863270583
2021-03-07 10:44:00,4317.509341318187,4375.56,-58.05065868181373
2021-03-07 10:45:00,4321.44320079436,4414.05,-92.60679920564053
2021-03-07 10:46:00,4340.984152707688,4405.8,-64.81584729231236
2021-03-07 10:47:00,4309.482058241072,4400.76,-91.27794175892814
2021-03-07 10:48:00,4321.688442886452,4406.64,-84.951557113548
2021-03-07 10:49:00,4324.084152670829,4443.799999999999,-119.71584732917017
2021-03-07 10:50:00,4328.916342323957,4418.780000000001,-89.86365767604366
2021-03-07 10:51:00,4333.419218423466,4421.32,-87.90078157653352
2021-03-07 10:52:00,4337.648349953625,4443.8,-106.15165004637493
2021-03-07 10:53:00,4338.62057268845,4427.32,-88.6994273115497
2021-03-07 10:54:00,4349.400750390826,4442.950000000001,-93.5492496091747
2021-03-07 10:55:00,4348.30577017563,4421.7,-73.39422982437009
2021-03-07 10:56:00,4345.55328942948,4426.799999999999,-81.2467105705191
2021-03-07 10:57:00,4359.371260558551,4445.5,-86.1287394414494
2021-03-07 10:58:00,4352.103776308363,4421.700000000001,-69.59622369163753
2021-03-07 10:59:00,4352.3189089355055,4433.6,-81.28109106449483
2021-03-07 11:00:00,4368.182114144862,4484.04,-115.85788585513819
2021-03-07 11:01:00,4380.009967034597,4440.4,-60.3900329654025
2021-03-07 11:02:00,4385.107244069383,4469.4400000000005,-84.33275593061717
2021-03-07 11:03:00,4385.890380780008,4465.12,-79.22961921999195
2021-03-07 11:04:00,4388.277771675243,4441.25,-52.97222832475745
2021-03-07 11:05:00,4402.278325394669,4463.4,-61.121674605330554
2021-03-07 11:06:00,4383.631292140767,4454.2,-70.56870785923275
2021-03-07 11:07:00,4392.539423547669,4461.68,-69.14057645233152
2021-03-07 11:08:00,4389.714143229775,4454.94,-65.22585677022471
2021-03-07 11:09:00,4378.3410414291775,4435.879999999999,-57.538958570821706
2021-03-07 11:10:00,4393.2519908663735,4455.07,-61.81800913362622
2021-03-07 11:11:00,4391.080043364368,4467.700000000001,-76.61995663563266
2021-03-07 11:12:00,4401.034884717427,4478.879999999999,-77.8451152825719
2021-03-07 11:13:00,4389.31400585024,4444.73,-55.41599414975917
2021-03-07 11:14:00,4392.578716571415,4464.26,-71.68128342858563
2021-03-07 11:15:00,4407.131729413867,4472.0,-64.8682705861329
2021-03-07 11:16:00,4411.188715923301,4485.76,-74.57128407669916
2021-03-07 11:17:00,4415.608453041221,4473.719999999999,-58.11154695877849
2021-03-07 11:18:00,4397.2827157689735,4475.44,-78.1572842310261
2021-03-07 11:19:00,4406.966642431371,4470.28,-63.31335756862882
2021-03-07 11:20:00,4413.466588539812,4469.42,-55.95341146018836
2021-03-07 11:21:00,4406.144074455676,4466.839999999999,-60.69592554432347
2021-03-07 11:22:00,4406.6155156044515,4457.38,-50.76448439554861
2021-03-07 11:23:00,4417.444617238211,4471.139999999999,-53.695382761788096
2021-03-07 11:24:00,4421.412295234268,4484.9,-63.487704765731905
2021-03-07 11:25:00,4420.4215711304,4488.34,-67.91842886960058
2021-03-07 11:26:00,4416.998982751016,4491.78,-74.78101724898352
2021-03-07 11:27:00,4423.400436992437,4488.34,-64.93956300756327
2021-03-07 11:28:00,4431.217619023807,4486.62,-55.402380976192944
2021-03-07 11:29:00,4440.19157204101,4496.94,-56.74842795898985
2021-03-07 11:30:00,4437.950972101757,4503.82,-65.86902789824308
2021-03-07 11:31:00,4434.779778191105,4500.379999999999,-65.60022180889428
2021-03-07 11:32:00,4435.646831668608,4502.1,-66.45316833139259
2021-03-07 11:33:00,4435.647367658275,4496.08,-60.432632341725366
2021-03-07 11:34:00,4434.562905885426,4486.62,-52.057094114574284
2021-03-07 11:35:00,4430.80598282124,4489.2,-58.394017178759896
2021-03-07 11:36:00,4429.975076598322,4490.92,-60.94492340167835
2021-03-07 11:37:00,4416.815352129911,4485.76,-68.94464787008928
2021-03-07 11:38:00,4413.5657546003395,4488.34,-74.77424539966069
2021-03-07 11:39:00,4417.458874353885,4484.9,-67.44112564611441
2021-03-07 11:40:00,4429.4377715551645,4487.48,-58.04222844483502
2021-03-07 11:41:00,4439.830620521051,4494.36,-54.52937947894861
2021-03-07 11:42:00,4439.468403432325,4496.08,-56.611596567674496
2021-03-07 11:43:00,4436.684093006459,4493.5,-56.81590699354092
2021-03-07 11:44:00,4435.386945360859,4501.24,-65.85305463914119
2021-03-07 11:45:00,4429.603193163589,4501.24,-71.63680683641087
2021-03-07 11:46:00,4428.706464554633,4496.9400000000005,-68.23353544536712
2021-03-07 11:47:00,4435.360879162036,4504.68,-69.31912083796396
2021-03-07 11:48:00,4434.506545047309,4494.359999999999,-59.85345495268939
2021-03-07 11:49:00,4422.208128543607,4489.2,-66.9918714563928
2021-03-07 11:50:00,4432.6945702475105,4514.139999999999,-81.44542975248896
2021-03-07 11:51:00,4412.524231444319,4481.5,-68.97576855568059
2021-03-07 11:52:00,4448.86137815376,4484.91,-36.04862184624017
2021-03-07 11:53:00,4437.6322886842945,4513.280000000001,-75.64771131570615
2021-03-07 11:54:00,4443.655259788795,4483.280000000001,-39.62474021120579
2021-03-07 11:55:00,4423.158969550419,4511.5599999999995,-88.4010304495805
2021-03-07 11:56:00,4429.924751094083,4458.25,-28.32524890591685
2021-03-07 11:57:00,4412.724040750357,4485.76,-73.03595924964338
2021-03-07 11:58:00,4418.56115743478,4447.2,-28.63884256521942
2021-03-07 11:59:00,4414.415177128571,4476.950000000001,-62.53482287143015
2021-03-07 12:00:00,4416.472635533492,4484.599999999999,-68.12736446650706
2021-03-07 12:01:00,4428.083645581261,4496.08,-67.99635441873852
2021-03-07 12:02:00,4431.2946133918595,4489.7,-58.40538660814036
2021-03-07 12:03:00,4419.674866247741,4488.46,-68.78513375225884
2021-03-07 12:04:00,4410.2540899500045,4436.15,-25.89591004999511
2021-03-07 12:05:00,4375.621431689901,4443.8,-68.17856831009885
2021-03-07 12:06:00,4399.683662003419,4435.3,-35.616337996581024
2021-03-07 12:07:00,4421.842624708832,4438.7,-16.857375291167955
2021-03-07 12:08:00,4405.936502910825,4468.45,-62.51349708917496
2021-03-07 12:09:00,4381.7120959386775,4479.74,-98.02790406132226
2021-03-07 12:10:00,4413.165028122791,4435.299999999999,-22.134971877208045
2021-03-07 12:11:00,4411.169480469046,4449.64,-38.470519530954334
2021-03-07 12:12:00,4381.321766550276,4415.75,-34.42823344972385
2021-03-07 12:13:00,4343.630769669326,4425.099999999999,-81.46923033067378
2021-03-07 12:14:00,4348.505740638707,4405.55,-57.04425936129337
2021-03-07 12:15:00,4371.88343444677,4426.8,-54.91656555323061
2021-03-07 12:16:00,4371.8731704719585,4389.5,-17.626829528041526
2021-03-07 12:17:00,4376.351583857831,4402.15,-25.798416142168207
2021-03-07 12:18:00,4357.128199011133,4404.7,-47.571800988866926
2021-03-07 12:19:00,4370.780425727038,4415.75,-44.969574272961836
2021-03-07 12:20:00,4359.912079147627,4372.2,-12.287920852372736
2021-03-07 12:21:00,4371.429275253019,4419.24,-47.81072474698067
2021-03-07 12:22:00,4364.799418971491,4412.52,-47.720581028509514
2021-03-07 12:23:00,4393.218310891277,4432.51,-39.2916891087234
2021-03-07 12:24:00,4375.593999963873,4417.56,-41.9660000361273
2021-03-07 12:25:00,4350.561152783496,4417.56,-66.99884721650415
2021-03-07 12:26:00,4341.918415604717,4401.6,-59.68158439528361
2021-03-07 12:27:00,4333.415988349982,4399.92,-66.50401165001767
2021-03-07 12:28:00,4334.63600385152,4385.639999999999,-51.00399614847902
2021-03-07 12:29:00,4333.969843812628,4353.35,-19.38015618737245
2021-03-07 12:30:00,4344.034843980017,4389.26,-45.22515601998293
2021-03-07 12:31:00,4347.556555878117,4369.95,-22.393444121882567
2021-03-07 12:32:00,4346.889795275157,4395.99,-49.100204724843024
2021-03-07 12:33:00,4351.358080218183,4385.72,-34.36191978181705
2021-03-07 12:34:00,4319.97806636727,4369.950000000001,-49.971933632730725
2021-03-07 12:35:00,4322.501605528516,4362.4800000000005,-39.978394471484535
2021-03-07 12:36:00,4307.9942821108725,4339.15,-31.155717889127118
2021-03-07 12:37:00,4313.938103072864,4339.44,-25.50189692713593
2021-03-07 12:38:00,4308.145416703765,4330.419999999999,-22.274583296234596
2021-03-07 12:39:00,4293.534499985159,4332.37,-38.83550001484127
2021-03-07 12:40:00,4296.598064144712,4341.65,-45.05193585528741
2021-03-07 12:41:00,4296.473573703533,4327.66,-31.18642629646729
2021-03-07 12:42:00,4285.229862582064,4307.459999999999,-22.23013741793511
2021-03-07 12:43:00,4276.119775302303,4293.17,-17.05022469769665
2021-03-07 12:44:00,4271.445013619612,4317.299999999999,-45.854986380387345
2021-03-07 12:45:00,4251.948388064128,4275.99,-24.041611935871515
2021-03-07 12:46:00,4285.817791893304,4300.9,-15.082208106695361
2021-03-07 12:47:00,4259.412001226385,4254.93,4.482001226384455
2021-03-07 12:48:00,4271.155824181115,4292.32,-21.16417581888436
2021-03-07 12:49:00,4265.603030186395,4276.799999999999,-11.196969813604483
2021-03-07 12:50:00,4229.992209158214,4264.65,-34.657790841785754
2021-03-07 12:51:00,4221.451563962489,4269.51,-48.058436037511456
2021-03-07 12:52:00,4215.571244514024,4254.12,-38.54875548597556
2021-03-07 12:53:00,4199.627106042856,4242.85,-43.22289395714415
2021-03-07 12:54:00,4205.913901633295,4250.15,-44.23609836670494
2021-03-07 12:55:00,4204.609668401562,4234.04,-29.430331598437988
2021-03-07 12:56:00,4198.161936941095,4202.4,-4.238063058905027
2021-03-07 12:57:00,4186.228612095712,4197.6,-11.371387904287985
2021-03-07 12:58:00,4171.4981089408,4208.0,-36.50189105919981
2021-03-07 12:59:00,4178.587592830719,4209.6,-31.012407169281687
2021-03-07 13:00:00,4163.903605802611,4208.8,-44.89639419738887
2021-03-07 13:01:00,4156.703986712711,4187.05,-30.34601328728877
2021-03-07 13:02:00,4145.078097446791,4195.2,-50.12190255320911
2021-03-07 13:03:00,4189.652773296798,4172.780000000001,16.872773296797277
2021-03-07 13:04:00,4156.608673443411,4178.31,-21.701326556589265
2021-03-07 13:05:00,4155.360447057674,3283.37,871.9904470576739
2021-03-07 13:06:00,4129.8615591855105,4142.76,-12.898440814489732
2021-03-07 13:07:00,4156.318989448115,4171.280000000001,-14.96101055188592
2021-03-07 13:08:00,4098.143292365722,4149.27,-51.12670763427832
2021-03-07 13:09:00,4092.3337982087887,4145.370000000001,-53.03620179121208
2021-03-07 13:10:00,4104.709546029277,4125.42,-20.710453970723393
2021-03-07 13:11:00,4111.440093119854,4106.7,4.740093119854464
2021-03-07 13:12:00,4087.894935983699,4117.46,-29.56506401630122
2021-03-07 13:13:00,4076.8347220777387,4103.5,-26.66527792226134
2021-03-07 13:14:00,4040.751465424217,4084.85,-44.098534575783106
2021-03-07 13:15:00,4051.2761034884634,4077.92,-26.643896511536695
2021-03-07 13:16:00,4021.3781669320383,4060.98,-39.60183306796171
2021-03-07 13:17:00,4034.7498316645365,4070.2200000000003,-35.47016833546377
2021-03-07 13:18:00,4031.3450043943403,4038.3099999999995,-6.964995605659169
2021-03-07 13:19:00,4012.556251121453,4046.01,-33.45374887854723
2021-03-07 13:20:00,4013.927479372113,4028.0,-14.072520627887116
2021-03-07 13:21:00,4000.590919440288,4033.3199999999997,-32.72908055971175
2021-03-07 13:22:00,3997.434798527693,4029.52,-32.085201472306835
2021-03-07 13:23:00,3999.84989696639,4039.3999999999996,-39.5501030336095
2021-03-07 13:24:00,3993.746205419542,4013.45,-19.703794580457725
2021-03-07 13:25:00,3972.2059730018696,3982.5,-10.294026998130448
2021-03-07 13:26:00,3966.0719450063207,3984.0,-17.928054993679325
2021-03-07 13:27:00,3965.173264857262,3980.25,-15.076735142738016
2021-03-07 13:28:00,3930.1343083329552,3987.75,-57.61569166704476
2021-03-07 13:29:00,3943.562784866989,3937.54,6.022784866989241
2021-03-07 13:30:00,3904.6125511922355,3935.32,-30.70744880776465
2021-03-07 13:31:00,3894.694399339365,3940.5000000000005,-45.805600660635264
2021-03-07 13:32:00,3931.500344893008,3907.69,23.810344893007823
2021-03-07 13:33:00,3944.033695569705,3930.88,13.153695569704723
2021-03-07 13:34:00,3867.168750167054,3923.36,-56.19124983294614
2021-03-07 13:35:00,3892.6192602733663,3888.71,3.9092602733662716
2021-03-07 13:36:00,3856.0845435468095,3887.25,-31.165456453190473
2021-03-07 13:37:00,3855.787571049132,3881.62,-25.83242895086778
2021-03-07 13:38:00,3852.051399817099,3866.3500000000004,-14.298600182901282
2021-03-07 13:39:00,3821.509762487773,3840.96,-19.450237512226977
2021-03-07 13:40:00,3820.0977257186482,3828.96,-8.862274281351802
2021-03-07 13:41:00,3825.2964475818994,3847.6800000000003,-22.383552418100862
2021-03-07 13:42:00,3815.279403005818,3819.6000000000004,-4.320596994182324
2021-03-07 13:43:00,3802.6691457277047,3789.52,13.149145727704763
2021-03-07 13:44:00,3748.800450157243,3748.7999999999993,0.00045015724390395917
2021-03-07 13:45:00,3759.3137320929523,3759.45,-0.13626790704756786
2021-03-07 13:46:00,3777.9862817341996,3764.72,13.266281734199765
2021-03-07 13:47:00,3740.962318617418,3762.7,-21.73768138258174
2021-03-07 13:48:00,3716.6656589813733,3752.0,-35.334341018626674
2021-03-07 13:49:00,3715.2186324940094,3721.2000000000003,-5.981367505990875
2021-03-07 13:50:00,3729.5298929755672,3723.1900000000005,6.339892975566727
2021-03-07 13:51:00,3725.326371891566,3723.16,2.1663718915660866
2021-03-07 13:52:00,3676.6557985006343,3716.3,-39.64420149936586
2021-03-07 13:53:00,3687.809743016815,3674.59,13.219743016814846
2021-03-07 13:54:00,3667.112619600304,3687.3600000000006,-20.247380399696794
2021-03-07 13:55:00,3656.418615502492,3642.76,13.658615502491557
2021-03-07 13:56:00,3644.735482258779,3618.2799999999997,26.455482258779284
2021-03-07 13:57:00,3631.5691216798227,3633.24,-1.670878320177053
2021-03-07 13:58:00,3591.4462610050473,3626.95,-35.50373899495253
2021-03-07 13:59:00,3586.241066538713,3620.14,-33.898933461287015
2021-03-07 14:00:00,3597.6776353856244,3606.64,-8.962364614375474
2021-03-07 14:01:00,3589.191641325279,3588.5200000000004,0.671641325278415
2021-03-07 14:02:00,3574.0830462216863,3596.56,-22.4769537783136
2021-03-07 14:03:00,3574.4662895149186,3597.9,-23.43371048508152
2021-03-07 14:04:00,3559.668417283552,3546.84,12.828417283551971
2021-03-07 14:05:00,3540.9586581555955,3546.18,-5.221341844404378
2021-03-07 14:06:00,3521.2961432167517,3532.3199999999997,-11.023856783247993
2021-03-07 14:07:00,3516.3317404486716,3517.56,-1.2282595513283923
2021-03-07 14:08:00,3473.8769137374293,3483.35,-9.473086262570632
2021-03-07 14:09:00,3453.428523517033,3493.1000000000004,-39.67147648296714
2021-03-07 14:10:00,3466.2470730068585,3489.85,-23.60292699314141
2021-03-07 14:11:00,3442.293784602302,3457.28,-14.986215397698288
2021-03-07 14:12:00,3424.8303286490027,3477.76,-52.92967135099752
2021-03-07 14:13:00,3419.640989003109,3443.84,-24.199010996891047
2021-03-07 14:14:00,3419.909581346271,3454.7200000000003,-34.81041865372936
2021-03-07 14:15:00,3394.2132959920427,3442.04,-47.82670400795723
2021-03-07 14:16:00,3412.905647749447,3407.67,5.235647749446798
2021-03-07 14:17:00,3330.411386031334,3401.6400000000003,-71.2286139686662
2021-03-07 14:18:00,3359.7000166524617,3384.71,-25.00998334753831
2021-03-07 14:19:00,3326.427802722657,3364.7400000000002,-38.31219727734333
2021-03-07 14:20:00,3342.588798650508,3355.4400000000005,-12.851201349492385
2021-03-07 14:21:00,3342.1956209594214,3372.8,-30.604379040578806
2021-03-07 14:22:00,3295.9807690929388,3334.8900000000003,-38.909230907061556
2021-03-07 14:23:00,3281.3823618638617,3303.1499999999996,-21.767638136137975
2021-03-07 14:24:00,3262.8272357434953,3312.3,-49.47276425650489
2021-03-07 14:25:00,3261.2008864396985,3294.0,-32.79911356030152
2021-03-07 14:26:00,3246.7261183271744,3259.2000000000003,-12.473881672825883
2021-03-07 14:27:00,3210.599750137961,3261.6000000000004,-51.000249862039254
2021-03-07 14:28:00,3223.204539001617,3249.6000000000004,-26.39546099838344
2021-03-07 14:29:00,3201.6793611669677,3252.6,-50.92063883303217
2021-03-07 14:30:00,3177.37325343432,3206.65,-29.27674656568024
2021-03-07 14:31:00,3162.4230495726456,3211.37,-48.946950427354295
2021-03-07 14:32:00,3162.310825848514,3177.2200000000003,-14.90917415148624
2021-03-07 14:33:00,3124.483615383791,3154.04,-29.556384616209016
2021-03-07 14:34:00,3129.6785350763053,3158.1,-28.421464923694657
2021-03-07 14:35:00,3129.559740535876,3160.42,-30.860259464124283
2021-03-07 14:36:00,3105.7753402653975,3136.05,-30.274659734602665
2021-03-07 14:37:00,3104.152884422498,3113.91,-9.757115577501736
2021-03-07 14:38:00,3080.2797553472365,3089.29,-9.010244652763504
2021-03-07 14:39:00,3046.2220199858816,3081.41,-35.18798001411824
2021-03-07 14:40:00,3045.977903319371,3067.68,-21.702096680628983
2021-03-07 14:41:00,3007.413651135862,3067.68,-60.26634886413785
2021-03-07 14:42:00,3007.2826835835895,3067.68,-60.397316416410376
2021-03-07 14:43:00,3003.4067043180366,1002.88,2000.5267043180365
2021-03-07 14:44:00,2973.2481640087626,3004.65,-31.401835991237476
2021-03-07 14:45:00,2964.5299150954756,2949.4800000000005,15.049915095475171
2021-03-07 14:46:00,2949.507140396236,2946.78,2.727140396235882
2021-03-07 14:47:00,2914.414846054639,2953.26,-38.84515394536129
2021-03-07 14:48:00,2901.294302211806,2955.42,-54.125697788193975
2021-03-07 14:49:00,2856.064524699823,2894.33,-38.26547530017706
2021-03-07 14:50:00,2831.270318561655,2882.8599999999997,-51.58968143834454
2021-03-07 14:51:00,2837.8855181803838,2856.3599999999997,-18.474481819615903
2021-03-07 14:52:00,2856.6241027906385,2856.36,0.2641027906383897
2021-03-07 14:53:00,2851.641123448629,2868.84,-17.198876551371086
2021-03-07 14:54:00,2798.1784864671,2809.5899999999997,-11.41151353289979
2021-03-07 14:55:00,2816.4293470536327,2800.92,15.50934705363261
2021-03-07 14:56:00,2780.315144986788,2793.2699999999995,-12.954855013211727
2021-03-07 14:57:00,2762.5842717519045,2808.0599999999995,-45.47572824809504
2021-03-07 14:58:00,2728.7798158227015,2753.5,-24.720184177298506
2021-03-07 14:59:00,2710.988631804518,2750.5,-39.51136819548219
2021-03-07 15:00:00,2715.682022238773,2697.9400000000005,17.74202223877228
2021-03-07 15:01:00,2678.8933208093617,2704.8,-25.906679190638442
2021-03-07 15:02:00,2707.379345857987,2683.2400000000007,24.139345857986427
2021-03-07 15:03:00,2643.642220582737,2643.36,0.2822205827369544
2021-03-07 15:04:00,2655.7858392078197,2638.56,17.225839207819718
2021-03-07 15:05:00,2630.5998643330604,2651.04,-20.440135666939568
2021-03-07 15:06:00,2618.0599503126705,2599.57,18.489950312670317
2021-03-07 15:07:00,2582.9439572695774,2588.29,-5.346042730422596
2021-03-07 15:08:00,2539.158557671298,2585.0,-45.841442328702215
2021-03-07 15:09:00,2542.5894952461126,2557.13,-14.54050475388749
2021-03-07 15:10:00,2582.681589486302,2557.6,25.081589486302164
2021-03-07 15:11:00,2582.465668461886,2544.7200000000003,37.74566846188554
2021-03-07 15:12:00,2548.8499391812884,2532.01,16.839939181288173
2021-03-07 15:13:00,2496.868724750202,2499.3,-2.431275249798091
2021-03-07 15:14:00,2469.687564176987,2481.75,-12.062435823012947
2021-03-07 15:15:00,2469.465802937027,2429.6800000000003,39.7858029370268
2021-03-07 15:16:00,2398.9401209643524,2435.84,-36.8998790356477
2021-03-07 15:17:00,2461.0356930574562,2436.7200000000003,24.315693057455974
2021-03-07 15:18:00,2422.5347609365344,2391.2299999999996,31.304760936534876
2021-03-07 15:19:00,2409.581326130536,2381.77,27.811326130536145
2021-03-07 15:20:00,2374.330168020376,2380.05,-5.7198319796243595
2021-03-07 15:21:00,2370.2969297378577,2374.89,-4.5930702621421915
2021-03-07 15:22:00,2359.7988550239197,2338.1400000000003,21.658855023919386
2021-03-07 15:23:00,2340.387317967457,2293.95,46.43731796745715
2021-03-07 15:24:00,2321.6846129528753,2285.75,35.93461295287534
2021-03-07 15:25:00,2265.272406515561,2280.42,-15.147593484438858
2021-03-07 15:26:00,2287.8992826415424,2225.6,62.299282641542504
2021-03-07 15:27:00,2217.7026498807386,2227.2,-9.497350119261228
2021-03-07 15:28:00,2239.3422496493968,2203.55,35.79224964939658
2021-03-07 15:29:00,2172.040777304569,2178.1499999999996,-6.109222695430617
2021-03-07 15:30:00,2147.0542148086047,2180.49,-33.4357851913951
2021-03-07 15:31:00,2158.6363389300764,2120.7799999999997,37.85633893007662
2021-03-07 15:32:00,2129.6547211205,2128.0,1.6547211205001986
2021-03-07 15:33:00,2105.41866660427,2123.4399999999996,-18.02133339572947
2021-03-07 15:34:00,2097.536235274725,2064.6000000000004,32.93623527472482
2021-03-07 15:35:00,2090.2492785939944,2058.3100000000004,31.939278593994004
2021-03-07 15:36:00,2012.9824337295418,2010.6000000000001,2.382433729541617
2021-03-07 15:37:00,1995.8597618903946,1999.0800000000002,-3.2202381096055888
2021-03-07 15:38:00,2068.1297480711055,2006.6399999999999,61.48974807110562
2021-03-07 15:39:00,2066.467818860298,2003.76,62.70781886029795
2021-03-07 15:40:00,2006.235448759933,1957.5499999999997,48.68544875993325
2021-03-07 15:41:00,1946.724231832644,1952.6499999999999,-5.925768167355955
2021-03-07 15:42:00,1989.0829693842054,1902.98,86.10296938420538
2021-03-07 15:43:00,1936.517043533743,1911.48,25.037043533742917
2021-03-07 15:44:00,1913.1354739870449,1877.7399999999998,35.39547398704508
2021-03-07 15:45:00,1882.9703909329378,1848.33,34.64039093293786
2021-03-07 15:46:00,1844.4345303504824,1856.25,-11.815469649517581
2021-03-07 15:47:00,1888.2016598690864,1802.5600000000002,85.6416598690862
2021-03-07 15:48:00,1839.315381447867,1793.92,45.39538144786684
2021-03-07 15:49:00,1803.7998219757749,1766.08,37.71982197577495
2021-03-07 15:50:00,1785.387224099833,1731.9699999999998,53.41722409983322
2021-03-07 15:51:00,1766.7067466631843,1738.7900000000002,27.916746663184085
2021-03-07 15:52:00,1757.532231388628,1719.8000000000002,37.732231388627724
2021-03-07 15:53:00,1711.8706482756327,1685.1,26.770648275632766
2021-03-07 15:54:00,1734.3267557017543,1657.3599999999997,76.96675570175466
2021-03-07 15:55:00,1675.5141288605294,1628.64,46.874128860529254
2021-03-07 15:56:00,1710.9920970189935,1630.96,80.03209701899345
2021-03-07 15:57:00,1707.8222843305355,1574.7199999999998,133.10228433053567
2021-03-07 15:58:00,1620.2444650674645,1578.36,41.88446506746459
2021-03-07 15:59:00,1620.2246167897895,1526.58,93.64461678978955
2021-03-07 16:00:00,1593.0928626355683,1531.17,61.92286263556821
2021-03-07 16:01:00,1545.0572451586404,1495.98,49.07724515864038
2021-03-07 16:02:00,1565.3802560257213,1498.8600000000001,66.52025602572121
2021-03-07 16:03:00,1527.3411655803188,1471.34,56.00116558031891
2021-03-07 16:04:00,1503.6932697716804,1441.71,61.9832697716804
2021-03-07 16:05:00,1487.9005482853374,1417.75,70.15054828533744
2021-03-07 16:06:00,1475.959264539944,1419.0,56.95926453994389
2021-03-07 16:07:00,1444.4058933896306,1385.61,58.79589338963069
2021-03-07 16:08:00,1443.398456511436,1359.8400000000001,83.5584565114359
2021-03-07 16:09:00,1416.2568887146715,1330.84,85.41688871467159
2021-03-07 16:10:00,1399.2685995978493,1304.1,95.16859959784938
2021-03-07 16:11:00,1370.607066217204,1304.79,65.817066217204
2021-03-07 16:12:00,1351.8116591873265,1274.53,77.28165918732657
2021-03-07 16:13:00,1332.5233689934848,1247.6200000000003,84.90336899348449
2021-03-07 16:14:00,1312.571168918645,1218.21,94.36116891864503
2021-03-07 16:15:00,1294.3500250011243,1193.85,100.50002500112441
2021-03-07 16:16:00,1277.1353791992835,1192.38,84.75537919928342
2021-03-07 16:17:00,1248.0920511803097,1162.7,85.39205118030964
2021-03-07 16:18:00,1215.905987212004,1135.8,80.10598721200404
2021-03-07 16:19:00,1192.6315856139759,1105.67,86.96158561397579
2021-03-07 16:20:00,1168.330456820254,1077.6799999999998,90.65045682025425
2021-03-07 16:21:00,1123.8474571205552,1082.24,41.60745712055518
2021-03-07 16:22:00,1122.8765710946898,1051.39,71.48657109468968
2021-03-07 16:23:00,1127.2785799792919,1023.48,103.79857997929184
2021-03-07 16:24:00,1062.3575545665076,1027.8000000000002,34.557554566507406
2021-03-07 16:25:00,1090.559291457009,997.1099999999999,93.44929145700917
2021-03-07 16:26:00,1058.6237101736535,970.7,87.92371017365349
2021-03-07 16:27:00,1038.4132805319114,937.3299999999999,101.08328053191144
2021-03-07 16:28:00,983.8767560222772,912.8000000000001,71.0767560222771
2021-03-07 16:29:00,1014.9596707392903,882.7,132.2596707392903
2021-03-07 16:30:00,1016.1560076337586,884.05,132.10600763375862
2021-03-07 16:31:00,987.5489866204424,857.7,129.84898662044236
2021-03-07 16:32:00,927.0684265718298,858.45,68.61842657182979
2021-03-07 16:33:00,920.1612559959855,827.5999999999999,92.56125599598556
2021-03-07 16:34:00,902.2640766464108,799.8199999999999,102.44407664641085
2021-03-07 16:35:00,888.9480195957491,769.4300000000001,119.51801959574902
2021-03-07 16:36:00,862.8385710735014,770.13,92.70857107350139
2021-03-07 16:37:00,847.4754424513712,743.3399999999999,104.13544245137132
2021-03-07 16:38:00,822.2937731689242,712.3000000000001,109.99377316892412
2021-03-07 16:39:00,809.146703510991,710.9300000000001,98.2167035109909
2021-03-07 16:40:00,778.8601740053095,684.72,94.14017400530952
2021-03-07 16:41:00,747.2605529172837,683.28,63.98055291728372
2021-03-07 16:42:00,770.4910476454975,653.78,116.7110476454975
2021-03-07 16:43:00,725.9997958562483,626.6700000000001,99.32979585624821
2021-03-07 16:44:00,704.5369055267028,627.44,77.0969055267027
2021-03-07 16:45:00,693.4189383479292,570.3,123.1189383479292
2021-03-07 16:46:00,675.447436467078,569.8,105.64743646707802
2021-03-07 16:47:00,649.2132201742262,569.6,79.61322017422617
2021-03-07 16:48:00,630.434897618331,537.72,92.71489761833095
2021-03-07 16:49:00,614.0973148394729,511.91999999999996,102.17731483947296
2021-03-07 16:50:00,583.9053278756321,510.65999999999997,73.24532787563214
2021-03-07 16:51:00,582.5621013777279,480.04,102.52210137772789
2021-03-07 16:52:00,558.8048596984411,453.76,105.04485969844109
2021-03-07 16:53:00,541.7200857214882,453.68,88.0400857214882
2021-03-07 16:54:00,523.2936761953179,422.96,100.33367619531788
2021-03-07 16:55:00,499.5172170916768,421.78,77.73721709167683
2021-03-07 16:56:00,492.1267187855958,395.71,96.41671878559583
2021-03-07 16:57:00,474.4531314063459,395.56999999999994,78.88313140634597
2021-03-07 16:58:00,461.13816451621875,362.96,98.17816451621877
2021-03-07 16:59:00,428.09191423366855,358.88,69.21191423366855
2021-03-07 17:00:00,400.8054464881271,330.72,70.08544648812705
2021-03-07 17:01:00,414.476932370622,330.06,84.41693237062202
2021-03-07 17:02:00,373.3030162492316,316.5,56.803016249231575
2021-03-07 17:03:00,358.20366742817924,289.03,69.17366742817927
2021-03-07 17:04:00,346.8372642524148,262.65,84.18726425241482
2021-03-07 17:05:00,339.5553338512207,234.3,105.25533385122071
2021-03-07 17:06:00,328.4517837007716,250.89999999999998,77.55178370077164
2021-03-07 17:07:00,315.66128893401446,272.95,42.711288934014476
2021-03-07 17:08:00,299.6953424015168,205.21,94.48534240151682
2021-03-07 17:09:00,254.79590207847616,217.88,36.915902078476165
2021-03-07 17:10:00,299.50142675501803,207.07999999999998,92.42142675501805
2021-03-07 17:11:00,256.6595375343663,208.44,48.21953753436628
2021-03-07 17:12:00,238.18313300576972,211.60000000000002,26.583133005769696
2021-03-07 17:13:00,232.46527908868825,215.48000000000002,16.98527908868823
2021-03-07 17:14:00,245.99204503865298,184.29000000000002,61.702045038652955
2021-03-07 17:15:00,207.40201445961503,184.17000000000002,23.232014459615016
2021-03-07 17:16:00,202.90703841141521,158.85,44.05703841141522
2021-03-07 17:17:00,184.4400950659052,158.85,25.590095065905217
2021-03-07 17:18:00,173.49986143472432,157.29000000000002,16.209861434724303
2021-03-07 17:19:00,163.6818312453472,156.60000000000002,7.081831245347189
2021-03-07 17:20:00,147.0137041555583,155.76,-8.746295844441704
2021-03-07 17:21:00,146.27661888090262,126.92,19.356618880902616
2021-03-07 17:22:00,126.33706700595536,127.53,-1.1929329940446394
2021-03-07 17:23:00,128.87215416831543,127.37,1.5021541683154283
2021-03-07 17:24:00,107.05528506212563,103.62,3.4352850621256295
2021-03-07 17:25:00,104.50128047932628,102.02000000000001,2.481280479326273
2021-03-07 17:26:00,89.76499414834016,101.62,-11.85500585165984
2021-03-07 17:27:00,82.28801925297182,103.68,-21.391980747028185
2021-03-07 17:28:00,79.56883070384194,103.18,-23.611169296158067
2021-03-07 17:29:00,77.58904237771863,102.58000000000001,-24.990957622281385
2021-03-07 17:30:00,70.55834364827699,74.69,-4.131656351723009
2021-03-07 17:31:00,61.85962274285248,75.17,-13.310377257147522
2021-03-07 17:32:00,55.30310248133056,73.43,-18.126897518669445
2021-03-07 17:33:00,47.91983715061539,72.58,-24.660162849384605
2021-03-07 17:34:00,38.59714117896998,48.43000000000001,-9.83285882103003
2021-03-07 17:35:00,31.61748769647106,64.59,-32.972512303528944
2021-03-07 17:36:00,27.140388465489927,58.09,-30.949611534510076
2021-03-07 17:37:00,26.457915368449058,42.18,-15.722084631550942
2021-03-07 17:38:00,26.67407092131021,40.1,-13.42592907868979
2021-03-07 17:39:00,39.13414393265289,39.190000000000005,-0.0558560673471149
2021-03-07 17:40:00,28.754472510415134,38.44,-9.685527489584864
2021-03-07 17:41:00,29.461559280532278,35.47,-6.008440719467721
2021-03-07 17:42:00,52.47577071209908,31.39,21.085770712099077
2021-03-07 17:43:00,50.249733630564435,30.480000000000004,19.76973363056443
2021-03-07 17:44:00,40.07171462192386,28.13,11.941714621923861
2021-03-07 17:45:00,38.793269463067716,27.360000000000003,11.433269463067713
2021-03-07 17:46:00,47.974501534863585,10.780000000000001,37.19450153486358
2021-03-07 17:47:00,43.394054475323415,11.14,32.254054475323414
2021-03-07 17:48:00,31.03725666836914,28.45,2.5872566683691396
2021-03-07 17:49:00,40.27527098363253,10.520000000000001,29.755270983632528
2021-03-07 17:53:00,42.95154191686294,11.65,31.301541916862945
2021-03-07 17:54:00,35.310713109216636,11.990000000000002,23.320713109216634
2021-03-08 05:18:00,39.08383669168808,10.46,28.623836691688076
2021-03-08 05:20:00,47.51825270606163,21.55,25.96825270606163
2021-03-08 05:21:00,49.51776285670795,23.75,25.767762856707947
2021-03-08 05:22:00,43.99706490337584,23.730000000000004,20.26706490337584
2021-03-08 05:23:00,47.51307830884987,24.540000000000003,22.973078308849868
2021-03-08 05:24:00,49.742738154794885,45.56,4.182738154794883
2021-03-08 05:25:00,56.281696315726066,50.6,5.6816963157260645
2021-03-08 05:26:00,50.189209459925266,50.870000000000005,-0.6807905400747387
2021-03-08 05:27:00,45.62130018396394,51.97,-6.34869981603606
2021-03-08 05:28:00,72.00740122361276,53.08,18.927401223612762
2021-03-08 05:29:00,41.40100930575532,53.32000000000001,-11.918990694244684
2021-03-08 05:30:00,78.17626364540389,41.93000000000001,36.246263645403886
2021-03-08 05:31:00,34.70571221679817,55.41000000000001,-20.704287783201842
2021-03-08 05:32:00,34.5264494948191,55.06,-20.533550505180905
2021-03-08 05:33:00,33.23683184638668,56.57000000000001,-23.33316815361333
2021-03-08 05:34:00,41.16881512168818,56.28,-15.111184878311818
2021-03-08 05:35:00,43.36060837285306,57.7,-14.339391627146945
2021-03-08 05:36:00,49.37097471223164,58.11,-8.739025287768357
2021-03-08 05:37:00,61.076434887583645,57.07,4.006434887583644
2021-03-08 05:38:00,71.7548489172128,58.81,12.944848917212795
2021-03-08 05:39:00,78.15250857607894,59.13000000000001,19.022508576078934
2021-03-08 05:40:00,81.79697713723897,57.95,23.846977137238966
2021-03-08 05:41:00,107.33509324591489,59.95,47.38509324591489
2021-03-08 05:42:00,98.91353221666026,60.31000000000001,38.60353221666025
2021-03-08 05:43:00,93.77910090573165,81.58000000000001,12.19910090573164
2021-03-08 05:44:00,147.97331498572373,123.45,24.52331498572373
2021-03-08 05:45:00,176.75075552016216,124.14000000000001,52.610755520162144
2021-03-08 05:46:00,189.27406012220547,125.57999999999998,63.694060122205485
2021-03-08 05:47:00,133.11480532278,131.16,1.954805322780004
2021-03-08 05:48:00,136.59726071057156,129.53,7.06726071057156
2021-03-08 05:49:00,115.24439397609103,158.4,-43.15560602390897
2021-03-08 05:50:00,137.48140249464024,155.67,-18.188597505359752
2021-03-08 05:51:00,179.29768068295368,160.5,18.797680682953683
2021-03-08 05:52:00,174.40899463487162,189.07999999999998,-14.671005365128366
2021-03-08 05:53:00,249.56829819162022,188.97,60.598298191620216
2021-03-08 05:54:00,165.88773117422926,188.74,-22.85226882577075
2021-03-08 05:55:00,189.6159406405103,189.93,-0.3140593594897041
2021-03-08 05:56:00,290.69538096614536,193.17,97.52538096614538
2021-03-08 05:57:00,313.2232314245318,221.16000000000003,92.06323142453175
2021-03-08 05:58:00,262.85230562101486,224.68,38.17230562101486
2021-03-08 05:59:00,305.19929813574157,249.43,55.769298135741565
2021-03-08 06:00:00,306.9468854949314,249.3,57.64688549493138
2021-03-08 06:01:00,286.4076200392548,251.51,34.89762003925483
2021-03-08 06:02:00,341.572182739562,248.96,92.61218273956197
2021-03-08 06:03:00,339.0155681717294,273.6,65.41556817172938
2021-03-08 06:04:00,268.8866433393188,269.5,-0.6133566606811769
2021-03-08 06:05:00,325.30692650718964,300.85,24.45692650718962
2021-03-08 06:06:00,340.0634777468466,298.6,41.46347774684659
2021-03-08 06:07:00,370.25192476235856,329.15999999999997,41.09192476235859
2021-03-08 06:08:00,383.04796895114765,327.96,55.08796895114767
2021-03-08 06:09:00,381.840606429135,359.34,22.50060642913502
2021-03-08 06:10:00,432.98994527921514,359.55999999999995,73.42994527921519
2021-03-08 06:11:00,389.41205110334516,357.78999999999996,31.6220511033452
2021-03-08 06:12:00,277.5607968161483,301.87,-24.309203183851707
2021-03-08 06:13:00,463.67539984000314,403.2,60.47539984000315
2021-03-08 06:14:00,483.36513309458275,420.23,63.13513309458273
2021-03-08 06:15:00,490.219682460482,450.0,40.21968246048198
2021-03-08 06:16:00,510.59715021804806,449.91999999999996,60.6771502180481
2021-03-08 06:17:00,530.4516710550142,477.52000000000004,52.93167105501419
2021-03-08 06:18:00,557.3004137497684,475.36,81.94041374976837
2021-03-08 06:19:00,577.9692917006946,475.64,102.32929170069463
2021-03-08 06:20:00,611.3037373582947,507.15,104.15373735829473
2021-03-08 06:21:00,713.3041071402703,533.5,179.80410714027028
2021-03-08 06:22:00,586.6223320128132,534.9,51.72233201281324
2021-03-08 06:23:00,633.6725730303291,591.44,42.232573030329036
2021-03-08 06:24:00,708.8715100780686,592.54,116.33151007806862
2021-03-08 06:25:00,724.6585753078981,593.57,131.08857530789805
2021-03-08 06:26:00,695.3305988387177,649.89,45.44059883871773
2021-03-08 06:27:00,779.3328080553639,646.6800000000001,132.65280805536383
2021-03-08 06:28:00,641.3173588708789,650.4300000000001,-9.11264112912113
2021-03-08 06:29:00,825.3016287481686,704.3499999999999,120.95162874816867
2021-03-08 06:30:00,773.2408506571845,706.73,66.5108506571845
2021-03-08 06:31:00,782.4258891467074,705.3,77.12588914670744
2021-03-08 06:32:00,732.701626524296,736.5800000000002,-3.8783734757041657
2021-03-08 06:33:00,808.9181255863382,762.3399999999999,46.578125586338274
2021-03-08 06:34:00,822.2138770282183,763.47,58.74387702821832
2021-03-08 06:35:00,844.7035879800629,792.9599999999999,51.74358798006301
2021-03-08 06:36:00,826.747551640637,817.27,9.477551640636989
2021-03-08 06:37:00,923.4294413130644,817.11,106.31944131306443
2021-03-08 06:38:00,928.4308881405681,850.05,78.38088814056812
2021-03-08 06:39:00,933.0862995738781,874.5,58.58629957387814
2021-03-08 06:40:00,876.1922550199874,876.34,-0.14774498001258962
2021-03-08 06:41:00,957.292530911164,931.67,25.622530911164063
2021-03-08 06:42:00,938.0538504429485,929.2,8.853850442948442
2021-03-08 06:43:00,974.8572000836433,929.96,44.89720008364327
2021-03-08 06:44:00,1017.7924283736526,985.79,32.002428373652606
2021-03-08 06:45:00,972.5293691928931,986.1700000000001,-13.640630807106959
2021-03-08 06:46:00,1061.877122728994,1041.36,20.51712272899408
2021-03-08 06:47:00,1098.7105041071625,1042.2,56.51050410716243
2021-03-08 06:48:00,1077.7461410828162,1056.27,21.476141082816184
2021-03-08 06:49:00,1039.6557408835474,1094.68,-55.02425911645264
2021-03-08 06:50:00,1083.9174009028613,1124.31,-40.3925990971386
2021-03-08 06:51:00,1130.1880793178798,1122.61,7.578079317879883
2021-03-08 06:52:00,1153.0072885428556,1176.25,-23.242711457144424
2021-03-08 06:53:00,1236.139702495412,1177.29,58.849702495411975
2021-03-08 06:54:00,1155.3613097943833,1224.5300000000002,-69.16869020561694
2021-03-08 06:55:00,1200.7980864461672,1223.72,-22.921913553832837
2021-03-08 06:56:00,1242.0435479440514,1225.16,16.883547944051315
2021-03-08 06:57:00,1212.3306167320843,1283.8600000000001,-71.52938326791582
2021-03-08 06:58:00,1284.7523656850744,1279.5900000000001,5.162365685074292
2021-03-08 06:59:00,1182.256906312036,1340.99,-158.7330936879639
2021-03-08 07:00:00,1257.9750768029264,1340.75,-82.77492319707358
2021-03-08 07:01:00,1318.459740036064,1334.73,-16.27025996393604
2021-03-08 07:02:00,1311.618782921038,1367.04,-55.421217078961945
2021-03-08 07:03:00,1322.2299485818605,1390.92,-68.69005141813955
2021-03-08 07:04:00,1368.5342749609133,1391.5900000000001,-23.055725039086838
2021-03-08 07:05:00,1399.6241194998381,1447.77,-48.145880500161866
2021-03-08 07:06:00,1419.5851480236154,1446.44,-26.85485197638468
2021-03-08 07:07:00,1454.8544039919175,1499.51,-44.65559600808251
2021-03-08 07:08:00,1423.5123509539535,1497.64,-74.1276490460466
2021-03-08 07:09:00,1462.989599443532,1494.98,-31.990400556468103
2021-03-08 07:10:00,1459.6137387154608,1554.81,-95.1962612845391
2021-03-08 07:11:00,1523.4358330465752,1544.3999999999999,-20.964166953424638
2021-03-08 07:12:00,1584.0621787189964,1604.06,-19.997821281003553
2021-03-08 07:13:00,1562.6799550178873,1603.75,-41.07004498211268
2021-03-08 07:14:00,1543.8692179472205,1632.12,-88.25078205277941
2021-03-08 07:15:00,1589.5549107377633,1658.0500000000002,-68.49508926223689
2021-03-08 07:16:00,1559.8444250265695,1656.62,-96.77557497343037
2021-03-08 07:17:00,1612.8279137602187,1713.73,-100.90208623978128
2021-03-08 07:18:00,1638.952857697114,1711.94,-72.98714230288601
2021-03-08 07:19:00,1652.1574575334128,1704.85,-52.692542466587156
2021-03-08 07:20:00,1666.6791152697526,1762.7199999999998,-96.04088473024717
2021-03-08 07:21:00,1666.9524644036471,1758.9700000000003,-92.01753559635313
2021-03-08 07:22:00,1751.1217969515176,1808.73,-57.60820304848244
2021-03-08 07:23:00,1768.1706469600254,1812.2999999999997,-44.129353039974376
2021-03-08 07:24:00,1743.3831076324186,1811.6399999999999,-68.25689236758126
2021-03-08 07:25:00,1700.0759485146775,1870.78,-170.70405148532245
2021-03-08 07:26:00,1755.566075926499,1872.46,-116.89392407350101
2021-03-08 07:27:00,1852.1256512745795,1921.8600000000001,-69.73434872542066
2021-03-08 07:28:00,1894.5682152014444,1953.0,-58.431784798555555
2021-03-08 07:29:00,1961.8681071482354,1983.69,-21.821892851764687
2021-03-08 07:30:00,1933.0678732364352,1979.4100000000003,-46.34212676356515
2021-03-08 07:31:00,1761.6933707685153,1855.48,-93.78662923148477
2021-03-08 07:32:00,2067.5421815333243,2096.63,-29.0878184666758
2021-03-08 07:33:00,2032.504287027247,2081.69,-49.18571297275298
2021-03-08 07:34:00,1923.3345312508507,2031.42,-108.08546874914941
2021-03-08 07:35:00,2139.666078661378,2286.98,-147.3139213386221
2021-03-08 07:36:00,2181.1246037903684,2310.2300000000005,-129.1053962096321
2021-03-08 07:37:00,1240.291656450286,1292.52,-52.228343549714054
2021-03-08 07:38:00,1564.058934322096,1707.79,-143.73106567790387
2021-03-08 07:39:00,2086.9525799179723,2268.15,-181.19742008202775
2021-03-08 07:40:00,2189.476967959924,2334.36,-144.88303204007616
2021-03-08 07:41:00,2126.8870932536506,2327.2200000000003,-200.33290674634964
2021-03-08 07:42:00,2467.0561132219054,2639.7799999999997,-172.7238867780943
2021-03-08 07:43:00,2147.9031731634036,2355.67,-207.76682683659647
2021-03-08 07:44:00,2334.0117726711896,2533.0499999999997,-199.03822732881008
2021-03-08 07:45:00,2430.451724678718,2620.77,-190.31827532128182
2021-03-08 07:46:00,2355.017169419835,2505.31,-150.29283058016472
2021-03-08 07:47:00,2309.7962733261147,2455.6000000000004,-145.80372667388565
2021-03-08 07:48:00,2278.5708638430606,2400.76,-122.18913615693964
2021-03-08 07:49:00,2272.4394860436632,2456.0400000000004,-183.60051395633718
2021-03-08 07:50:00,2303.8016863603525,2456.8700000000003,-153.06831363964784
2021-03-08 07:51:00,2320.6724316371824,2456.0299999999997,-135.35756836281735
2021-03-08 07:52:00,2317.8634419969712,2452.4400000000005,-134.57655800302928
2021-03-08 07:53:00,2334.86034851486,2509.85,-174.9896514851398
2021-03-08 07:54:00,2359.1982717932424,2507.53,-148.33172820675782
2021-03-08 07:55:00,2371.9987102829814,2527.01,-155.01128971701883
2021-03-08 07:56:00,2406.8770195194707,2553.88,-147.00298048052946
2021-03-08 07:57:00,2440.3063598763665,2557.63,-117.3236401236336
2021-03-08 07:58:00,2425.2393629094336,2591.11,-165.87063709056656
2021-03-08 07:59:00,2441.055202201895,2617.46,-176.40479779810494
2021-03-08 08:00:00,2477.4178698025903,2615.1000000000004,-137.68213019741006
2021-03-08 08:01:00,2513.1751123484432,2669.71,-156.5348876515568
2021-03-08 08:02:00,2515.988178121891,2671.6400000000003,-155.65182187810933
2021-03-08 08:03:00,2517.072767052451,2719.7700000000004,-202.6972329475493
2021-03-08 08:04:00,2556.8626647396995,2722.29,-165.42733526030042
2021-03-08 08:05:00,2578.042123298428,2748.5,-170.45787670157188
2021-03-08 08:06:00,2596.964463543563,2765.25,-168.28553645643706
2021-03-08 08:07:00,2629.9825700805677,2778.4799999999996,-148.49742991943185
2021-03-08 08:08:00,2594.779484901939,2818.01,-223.230515098061
2021-03-08 08:09:00,2641.329628056675,2808.1800000000003,-166.85037194332517
2021-03-08 08:10:00,2608.0405328665097,2812.25,-204.2094671334903
2021-03-08 08:11:00,2630.3587938283163,2830.36,-200.00120617168386
2021-03-08 08:12:00,2661.386644947537,2859.6099999999997,-198.22335505246247
2021-03-08 08:13:00,2695.826635001441,2883.7299999999996,-187.90336499855857
2021-03-08 08:14:00,2709.4100185268917,2898.04,-188.62998147310827
2021-03-08 08:15:00,2729.59691303317,2921.09,-191.4930869668301
2021-03-08 08:16:00,2740.095114352588,2913.62,-173.5248856474118
2021-03-08 08:17:00,2747.059198264649,2947.32,-200.26080173535138
2021-03-08 08:18:00,2768.5735601167657,2953.92,-185.34643988323432
2021-03-08 08:19:00,2792.480124432347,2957.71,-165.22987556765293
2021-03-08 08:20:00,2778.5469179444176,2957.7,-179.15308205558222
2021-03-08 08:21:00,2845.0910669772697,3008.13,-163.03893302273036
2021-03-08 08:22:00,2837.940202473811,3009.16,-171.2197975261888
2021-03-08 08:23:00,2866.68007432286,3041.9199999999996,-175.23992567713958
2021-03-08 08:24:00,2844.9451978483285,3039.68,-194.73480215167137
2021-03-08 08:25:00,2900.526490662466,3064.5699999999997,-164.04350933753358
2021-03-08 08:26:00,2939.7806081534454,3078.1499999999996,-138.3693918465542
2021-03-08 08:27:00,2830.530155168905,3093.62,-263.089844831095
2021-03-08 08:28:00,2945.6427877991646,3118.3900000000003,-172.74721220083575
2021-03-08 08:29:00,2986.5451346851514,3142.4399999999996,-155.89486531484818
2021-03-08 08:30:00,2885.6476228208026,3169.7,-284.05237717919726
2021-03-08 08:31:00,3025.0109906485272,3158.0,-132.98900935147276
2021-03-08 08:32:00,3044.5549327116228,3192.4900000000002,-147.93506728837747
2021-03-08 08:33:00,2983.6934902149897,3220.34,-236.6465097850105
2021-03-08 08:34:00,3028.917994684201,3223.3700000000003,-194.4520053157994
2021-03-08 08:35:00,3064.1656135363446,3213.73,-149.5643864636554
2021-03-08 08:36:00,3048.318650069755,3214.9300000000003,-166.61134993024507
2021-03-08 08:37:00,3046.8300015726145,3210.8199999999997,-163.98999842738522
2021-03-08 08:38:00,3087.852662048325,3249.6400000000003,-161.78733795167545
2021-03-08 08:39:00,3086.8773609683362,3268.9900000000002,-182.112639031664
2021-03-08 08:40:00,3067.06269275839,3294.0,-226.93730724161014
2021-03-08 08:41:00,3126.138926130656,3300.2599999999998,-174.12107386934395
2021-03-08 08:42:00,3143.0894409310454,3310.21,-167.12055906895466
2021-03-08 08:43:00,3108.04660217025,3337.46,-229.41339782975
2021-03-08 08:44:00,3146.8161149344833,3334.36,-187.54388506551686
2021-03-08 08:45:00,3138.631566711398,3351.51,-212.87843328860208
2021-03-08 08:46:00,3224.6312193029503,3383.73,-159.09878069704973
2021-03-08 08:47:00,3194.328480754741,3385.62,-191.29151924525877
2021-03-08 08:48:00,3238.092838157186,3405.87,-167.7771618428137
2021-03-08 08:49:00,3236.128517644893,3400.12,-163.9914823551071
2021-03-08 08:50:00,3233.4396105727214,3427.2,-193.76038942727837
2021-03-08 08:51:00,3204.646273078804,3434.88,-230.2337269211962
2021-03-08 08:52:00,3234.3021283916564,3464.01,-229.7078716083438
2021-03-08 08:53:00,3281.212389824453,3429.21,-147.99761017554692
2021-03-08 08:54:00,3251.8743955883733,3454.1,-202.2256044116266
2021-03-08 08:55:00,3350.355272331258,3484.0,-133.64472766874178
2021-03-08 08:56:00,3345.9424134272904,3494.85,-148.90758657270953
2021-03-08 08:57:00,3305.169843645923,3524.3999999999996,-219.23015635407683
2021-03-08 08:58:00,3324.44347722608,3531.66,-207.21652277391968
2021-03-08 08:59:00,3359.3598848991833,3554.96,-195.60011510081677
2021-03-08 09:00:00,3354.9392384363855,3552.3,-197.3607615636147
2021-03-08 09:01:00,3361.9386602517393,3584.5,-222.5613397482607
2021-03-08 09:02:00,3414.593679811971,3591.2,-176.6063201880288
2021-03-08 09:03:00,3432.6590818166555,3600.25,-167.59091818334446
2021-03-08 09:04:00,3459.6045497438836,3625.7599999999998,-166.15545025611618
2021-03-08 09:05:00,3427.568513110358,3633.82,-206.25148688964236
2021-03-08 09:06:00,3476.0317779821485,3633.25,-157.21822201785153
2021-03-08 09:07:00,3503.6272911022074,3628.3599999999997,-124.73270889779224
2021-03-08 09:08:00,3426.012669612893,3635.1900000000005,-209.1773303871073
2021-03-08 09:09:00,3478.0284622594645,3661.1400000000003,-183.11153774053582
2021-03-08 09:10:00,3484.4583591252635,3665.9700000000003,-181.5116408747367
2021-03-08 09:11:00,3460.3033143792004,3684.81,-224.50668562079954
2021-03-08 09:12:00,3493.3712395807456,3686.9000000000005,-193.52876041925492
2021-03-08 09:13:00,3507.9823323246187,3710.0,-202.0176676753813
2021-03-08 09:14:00,3538.3745495772578,3718.3999999999996,-180.02545042274187
2021-03-08 09:15:00,3533.6864635887946,3730.8900000000003,-197.20353641120573
2021-03-08 09:16:00,3499.3771552633743,3713.9399999999996,-214.56284473662527
2021-03-08 09:17:00,3592.8833923046236,2893.57,699.3133923046234
2021-03-08 09:18:00,3612.1717903105864,3746.99,-134.81820968941338
2021-03-08 09:19:00,3637.6223034642344,3760.87,-123.2476965357655
2021-03-08 09:20:00,3595.043142228888,3784.52,-189.476857771112
2021-03-08 09:21:00,3599.710263262262,3781.4599999999996,-181.74973673773775
2021-03-08 09:22:00,3653.335203181938,3813.12,-159.78479681806175
2021-03-08 09:23:00,3635.70601624555,3822.48,-186.77398375445
2021-03-08 09:24:00,3675.429043783809,3824.64,-149.21095621619088
2021-03-08 09:25:00,3665.145330641731,3826.08,-160.93466935826882
2021-03-08 09:26:00,3742.0602283302665,3874.1099999999997,-132.04977166973322
2021-03-08 09:27:00,3669.5878948741197,3879.95,-210.36210512588013
2021-03-08 09:28:00,3723.6585988528254,3873.38,-149.72140114717467
2021-03-08 09:29:00,3710.611655163109,3891.6600000000003,-181.04834483689137
2021-03-08 09:30:00,3692.35513064351,3883.04,-190.6848693564898
2021-03-08 09:31:00,3682.2938737779737,3913.12,-230.82612622202623
2021-03-08 09:32:00,3773.476275749178,3932.13,-158.65372425082205
2021-03-08 09:33:00,3786.805655102148,3950.86,-164.05434489785193
2021-03-08 09:34:00,3745.3633925195495,3943.46,-198.09660748045053
2021-03-08 09:35:00,3764.5778652841095,3955.5,-190.92213471589048
2021-03-08 09:36:00,3841.0062534011986,3962.25,-121.24374659880141
2021-03-08 09:37:00,3841.471847231065,3952.5,-111.02815276893489
2021-03-08 09:38:00,3807.6006595175836,3992.44,-184.83934048241645
2021-03-08 09:39:00,3799.041472637706,3984.92,-185.87852736229388
2021-03-08 09:40:00,3825.529227518994,4012.04,-186.51077248100592
2021-03-08 09:41:00,3823.525930053808,4012.04,-188.51406994619174
2021-03-08 09:42:00,3868.8495803276087,4015.8399999999997,-146.990419672391
2021-03-08 09:43:00,3869.6991378705557,3998.36,-128.66086212944447
2021-03-08 09:44:00,3879.1753603378697,4027.87,-148.69463966213016
2021-03-08 09:45:00,3877.9357673911063,4037.11,-159.17423260889382
2021-03-08 09:46:00,3877.1300512368443,4039.42,-162.28994876315573
2021-03-08 09:47:00,3895.9229173626068,4050.9700000000003,-155.0470826373935
2021-03-08 09:48:00,3904.117379757711,4057.13,-153.0126202422889
2021-03-08 09:49:00,3909.07351513992,4064.06,-154.98648486008005
2021-03-08 09:50:00,3919.8000708264335,4069.5699999999997,-149.7699291735662
2021-03-08 09:51:00,3942.896231665946,4075.88,-132.98376833405428
2021-03-08 09:52:00,3929.9460197338108,4101.860000000001,-171.9139802661898
2021-03-08 09:53:00,3953.4507241130077,4086.42,-132.96927588699236
2021-03-08 09:54:00,3922.0625655515846,4080.67,-158.60743444841546
2021-03-08 09:55:00,3972.4310118006906,4130.120000000001,-157.6889881993102
2021-03-08 09:56:00,3956.732194151362,4128.540000000001,-171.80780584863896
2021-03-08 09:57:00,3998.1370825123718,4126.18,-128.04291748762853
2021-03-08 09:58:00,4058.106586431033,4139.85,-81.7434135689673
2021-03-08 09:59:00,4005.42120854592,4139.47,-134.0487914540804
2021-03-08 10:00:00,4015.689930852263,4134.860000000001,-119.17006914773765
2021-03-08 10:01:00,4013.6527666912266,4135.650000000001,-121.99723330877396
2021-03-08 10:02:00,4032.9073306163414,4162.88,-129.97266938365874
2021-03-08 10:03:00,4040.1427851676913,4184.8,-144.6572148323089
2021-03-08 10:04:00,4030.5260794761193,4179.2,-148.6739205238805
2021-03-08 10:05:00,4067.5064151550237,4186.4,-118.89358484497598
2021-03-08 10:06:00,4063.378859432268,4192.0,-128.6211405677318
2021-03-08 10:07:00,4084.91070428333,4206.36,-121.4492957166699
2021-03-08 10:08:00,4087.600313664882,4241.16,-153.55968633511793
2021-03-08 10:09:00,4096.123717549866,4214.44,-118.31628245013326
2021-03-08 10:10:00,4103.60402103054,4236.3,-132.69597896946016
2021-03-08 10:11:00,4117.363501436501,4234.679999999999,-117.3164985634985
2021-03-08 10:12:00,4120.757705641789,4238.73,-117.972294358211
2021-03-08 10:13:00,4121.021307859169,4251.7,-130.67869214083112
2021-03-08 10:14:00,4110.681005599529,4229.299999999999,-118.61899440047
2021-03-08 10:15:00,4108.238156508049,4258.719999999999,-150.4818434919507
2021-03-08 10:16:00,4143.074602548144,4240.999999999999,-97.92539745185513
2021-03-08 10:17:00,4141.771188290593,4247.6,-105.82881170940709
2021-03-08 10:18:00,4130.015850589784,4267.279999999999,-137.2641494102145
2021-03-08 10:19:00,4193.058100677745,4254.98,-61.92189932225483
2021-03-08 10:20:00,4192.716464629206,4264.950000000001,-72.23353537079493
2021-03-08 10:21:00,4212.223420053636,4270.54,-58.31657994636407
2021-03-08 10:22:00,4244.344123020693,4279.8,-35.455876979307504
2021-03-08 10:23:00,4195.120083035987,4296.91,-101.78991696401317
2021-03-08 10:24:00,4246.821087768847,4329.360000000001,-82.53891223115352
2021-03-08 10:25:00,4229.96975490994,4335.92,-105.95024509005998
2021-03-08 10:26:00,4210.091441381158,4317.660000000001,-107.56855861884287
2021-03-08 10:27:00,4260.7298491209085,4389.84,-129.11015087909163
2021-03-08 10:28:00,4316.836561732385,4469.42,-152.58343826761484
2021-03-08 10:29:00,4338.804124656696,4452.219999999999,-113.41587534330301
2021-03-08 10:30:00,4283.731715214454,4402.82,-119.08828478554551
2021-03-08 10:31:00,4295.147074103256,4392.799999999999,-97.652925896743
2021-03-08 10:32:00,4295.940763865205,4441.04,-145.09923613479532
2021-03-08 10:33:00,4324.815554489423,4437.529999999999,-112.71444551057539
2021-03-08 10:34:00,4324.829477295399,3330.69,994.1394772953986
2021-03-08 10:35:00,4518.698175078819,4614.65,-95.95182492118056
2021-03-08 10:36:00,4463.165917025234,4592.700000000001,-129.53408297476653
2021-03-08 10:37:00,4521.520260490081,4628.7,-107.17973950991927
2021-03-08 10:38:00,4485.91276508241,4533.76,-47.84723491758996
2021-03-08 10:39:00,4561.935067259735,4761.92,-199.98493274026532
2021-03-08 10:40:00,4632.247410560488,4837.24,-204.9925894395119
2021-03-08 10:41:00,4571.608966349044,4683.7699999999995,-112.16103365095569
2021-03-08 10:42:00,4328.307492160003,4340.85,-12.542507839997597
2021-03-08 10:43:00,3538.497256031542,3394.8599999999997,143.63725603154217
2021-03-08 10:44:00,4417.948548689122,4395.38,22.5685486891216
2021-03-08 10:45:00,4376.70321126268,4453.94,-77.23678873731933
2021-03-08 10:46:00,4351.136534681022,4429.349999999999,-78.2134653189778
2021-03-08 10:47:00,4381.336068447316,4472.86,-91.52393155268328
2021-03-08 10:48:00,4391.866606490977,4494.360000000001,-102.49339350902392
2021-03-08 10:49:00,4394.68038984774,4479.74,-85.05961015225967
2021-03-08 10:50:00,4384.368003853661,4446.2,-61.8319961463385
2021-03-08 10:51:00,4382.360162690713,4476.3,-93.93983730928721
2021-03-08 10:52:00,4406.53633781943,4453.08,-46.54366218057021
2021-03-08 10:53:00,4409.787615675127,4471.139999999999,-61.35238432487222
2021-03-08 10:54:00,4422.709199911021,4498.7699999999995,-76.0608000889788
2021-03-08 10:55:00,4462.79273436105,4538.789999999999,-75.9972656389491
2021-03-08 10:56:00,4418.129525155848,4517.91,-99.7804748441522
2021-03-08 10:57:00,4402.123680098128,4481.11,-78.98631990187187
2021-03-08 10:58:00,4403.651911000117,4509.209999999999,-105.55808899988187
2021-03-08 10:59:00,4416.890888294367,4475.28,-58.389111705632786
2021-03-08 11:00:00,4396.819695687641,4499.99,-103.1703043123589
2021-03-08 11:01:00,4438.54523667529,4463.969999999999,-25.424763324709602
2021-03-08 11:02:00,4460.832294383897,4503.12,-42.28770561610327
2021-03-08 11:03:00,4450.611749886872,4497.6,-46.98825011312874
2021-03-08 11:04:00,4418.063894871115,4414.900000000001,3.1638948711142802
2021-03-08 11:05:00,4382.653201103443,4419.1,-36.446798896557084
2021-03-08 11:06:00,4475.715420839828,4520.889999999999,-45.17457916017156
2021-03-08 11:07:00,4436.6635142404875,4531.83,-95.1664857595124
2021-03-08 11:08:00,4445.531682464093,4519.65,-74.1183175359065
2021-03-08 11:09:00,3906.4316057030137,3963.75,-57.3183942969863
2021-03-08 11:10:00,4325.941455347635,4349.49,-23.5485446523644
2021-03-08 11:11:00,4472.105380686614,4522.26,-50.15461931338632
2021-03-08 11:12:00,4470.136450314693,4551.839999999999,-81.70354968530592
2021-03-08 11:13:00,4489.717507402343,4536.179999999999,-46.46249259765682
2021-03-08 11:14:00,4490.29312182648,4544.879999999999,-54.586878173518926
2021-03-08 11:15:00,4487.7003276283385,4576.000000000001,-88.29967237166238
2021-03-08 11:16:00,4531.543592068028,4607.77,-76.22640793197206
2021-03-08 11:17:00,4583.087244015897,4648.5,-65.41275598410266
2021-03-08 11:18:00,4648.632906461932,4702.879999999999,-54.24709353806702
2021-03-08 11:19:00,4535.49506794597,4612.870000000001,-77.37493205403098
2021-03-08 11:20:00,4477.651625921086,4552.24,-74.58837407891406
2021-03-08 11:21:00,4468.997787373654,4527.48,-58.482212626345245
2021-03-08 11:22:00,4447.326084738131,4499.639999999999,-52.313915261868715
2021-03-08 11:23:00,4429.425178188538,4501.379999999999,-71.95482181146144
2021-03-08 11:24:00,4462.909885114909,4529.360000000001,-66.45011488509135
2021-03-08 11:25:00,4479.065288554381,4542.56,-63.49471144561903
2021-03-08 11:26:00,4457.689381360854,4497.42,-39.73061863914609
2021-03-08 11:27:00,4470.609145036159,4515.280000000001,-44.67085496384152
2021-03-08 11:28:00,4470.9624385165125,4554.88,-83.91756148348759
2021-03-08 11:29:00,4470.963663001511,4558.400000000001,-87.43633699848942
2021-03-08 11:30:00,4557.358698677319,4580.83,-23.47130132268103
2021-03-08 11:31:00,4475.726255252313,4483.66,-7.933744747686433
2021-03-08 11:32:00,4511.537973331539,4567.93,-56.39202666846086
2021-03-08 11:33:00,4513.804339842363,4588.32,-74.51566015763638
2021-03-08 11:34:00,4497.766640510118,4556.64,-58.873359489882205
2021-03-08 11:35:00,4488.079168417141,4544.320000000001,-56.240831582859755
2021-03-08 11:36:00,4489.1697111788635,4509.79,-20.620288821136455
2021-03-08 11:37:00,4458.861728774711,4521.389999999999,-62.528271225288336
2021-03-08 11:38:00,4456.417642839323,4545.200000000001,-88.78235716067775
2021-03-08 11:39:00,4468.269056488826,4507.13,-38.8609435111739
2021-03-08 11:40:00,4497.843957137935,4528.35,-30.506042862065442
2021-03-08 11:41:00,4499.490098386056,4579.52,-80.02990161394428
2021-03-08 11:42:00,4505.934394464277,4547.0199999999995,-41.08560553572261
2021-03-08 11:43:00,4507.264254645144,4558.4,-51.13574535485532
2021-03-08 11:44:00,4505.581063960522,4546.08,-40.498936039477485
2021-03-08 11:45:00,4484.963638005203,4527.85,-42.88636199479697
2021-03-08 11:46:00,4492.99864086202,4523.129999999999,-30.131359137979416
2021-03-08 11:47:00,4492.996135403916,4568.960000000001,-75.96386459608493
2021-03-08 11:48:00,4343.014924706147,4350.3099999999995,-7.295075293852278
2021-03-08 11:49:00,4520.466380059474,4583.040000000001,-62.57361994052644
2021-03-08 11:50:00,4398.0087763398415,4415.75,-17.74122366015854
2021-03-08 11:51:00,4278.298422018778,4250.639999999999,27.658422018778765
2021-03-08 11:52:00,4446.23154051391,4468.65,-22.418459486089887
2021-03-08 11:53:00,4467.9054169904675,4501.24,-33.33458300953225
2021-03-08 11:54:00,4500.941869559908,4545.24,-44.29813044009188
2021-03-08 11:55:00,4572.860463490087,4609.52,-36.65953650991378
2021-03-08 11:56:00,4314.362298313105,4307.459999999999,6.902298313106257
2021-03-08 11:57:00,4451.447226709784,4480.67,-29.222773290215628
2021-03-08 11:58:00,4495.276794105004,4468.32,26.95679410500452
2021-03-08 11:59:00,4450.611983596345,4506.599999999999,-55.988016403654
2021-03-08 12:00:00,4451.377956108833,4472.86,-21.48204389116654
2021-03-08 12:01:00,4468.119209484678,4517.91,-49.79079051532153
2021-03-08 12:02:00,4447.2589043617245,4468.5599999999995,-21.301095638275
2021-03-08 12:03:00,4418.795638859318,4463.35,-44.554361140681976
2021-03-08 12:04:00,4435.647974474661,4445.58,-9.932025525338759
2021-03-08 12:05:00,4440.874364335116,4475.44,-34.5656356648833
2021-03-08 12:06:00,4421.458728954599,4425.5599999999995,-4.101271045400608
2021-03-08 12:07:00,4397.616635948628,4440.41,-42.79336405137201
2021-03-08 12:08:00,4410.879397735467,4453.08,-42.20060226453279
2021-03-08 12:09:00,4448.376912974633,4452.53,-4.153087025366403
2021-03-08 12:10:00,4395.011689461416,4456.5199999999995,-61.50831053858383
2021-03-08 12:11:00,4408.352402765723,4455.19,-46.83759723427647
2021-03-08 12:12:00,4396.173663850531,4477.889999999999,-81.71633614946859
2021-03-08 12:13:00,4532.792552258886,4615.889999999999,-83.09744774111368
2021-03-08 12:14:00,4035.7340346261294,3933.7599999999998,101.97403462612965
2021-03-08 12:15:00,4565.259764592107,4687.41,-122.15023540789298
2021-03-08 12:16:00,4538.021290492651,4597.74,-59.71870950734865
2021-03-08 12:17:00,4469.357480888979,4473.54,-4.182519111021065
2021-03-08 12:18:00,4203.793488975069,4182.84,20.953488975068467
2021-03-08 12:19:00,4127.751208199714,4072.16,55.59120819971395
2021-03-08 12:20:00,3336.2371603640486,3175.0499999999997,161.18716036404885
2021-03-08 12:21:00,4317.109512658432,4299.5,17.609512658432322
2021-03-08 12:22:00,4553.939958881909,4631.56,-77.62004111809165
2021-03-08 12:23:00,4557.043911588328,4644.91,-87.86608841167163
2021-03-08 12:24:00,4587.039053877753,4637.79,-50.750946122247115
2021-03-08 12:25:00,4075.724930770675,3879.54,196.18493077067524
2021-03-08 12:26:00,2055.740987979148,1989.4,66.34098797914794
2021-03-08 12:27:00,4475.826534899985,4508.98,-33.15346510001473
2021-03-08 12:28:00,4431.937504433795,4470.15,-38.21249556620478
2021-03-08 12:29:00,4471.4152912821655,4502.05,-30.634708717834656
2021-03-08 12:30:00,4454.1051554337855,4521.8099999999995,-67.70484456621398
2021-03-08 12:31:00,4423.9596291201,4429.349999999999,-5.39037087989982
2021-03-08 12:32:00,4373.276558072337,4425.96,-52.6834419276629
2021-03-08 12:33:00,4386.894015593763,4419.79,-32.8959844062374
2021-03-08 12:34:00,4393.807652278109,4422.549999999999,-28.742347721889928
2021-03-08 12:35:00,4420.318502696307,4458.25,-37.931497303692595
2021-03-08 12:36:00,4404.49736245548,4408.84,-4.342637544520585
2021-03-08 12:37:00,4399.5910136600705,4394.88,4.711013660070421
2021-03-08 12:38:00,4332.342802771526,4368.84,-36.49719722847385
2021-03-08 12:39:00,4330.526023076395,4335.24,-4.713976923604605
2021-03-08 12:40:00,3679.270496823186,3602.49,76.78049682318624
2021-03-08 12:41:00,4408.126287395392,4444.48,-36.35371260460761
2021-03-08 12:42:00,4273.040328959879,4115.2,157.84032895987912
2021-03-08 12:43:00,3880.909468560504,3874.6400000000003,6.26946856050381
2021-03-08 12:44:00,4189.9262581812545,4149.87,40.056258181254634
2021-03-08 12:45:00,4193.989013440339,4152.240000000001,41.749013440337876
2021-03-08 12:46:00,4218.80194498276,4216.0,2.801944982759778
2021-03-08 12:47:00,4196.54161140275,4230.4,-33.85838859724936
2021-03-08 12:48:00,4224.192389578716,4229.25,-5.057610421284153
2021-03-08 12:49:00,4283.253034766922,4313.2,-29.946965233078117
2021-03-08 12:50:00,4279.290494886209,4300.9,-21.609505113790874
2021-03-08 12:51:00,4284.45839114635,4316.48,-32.02160885364992
2021-03-08 12:52:00,4273.167223670766,4275.99,-2.8227763292334203
2021-03-08 12:53:00,4277.543168288018,4283.68,-6.136831711982268
2021-03-08 12:54:00,4271.127778129456,4285.89,-14.762221870544636
2021-03-08 12:55:00,4290.635534454734,4296.799999999999,-6.164465545265557
2021-03-08 12:56:00,4260.02305539296,4259.719999999999,0.303055392960232
2021-03-08 12:57:00,4253.566891053005,4264.0,-10.433108946995162
2021-03-08 12:58:00,4233.583907881729,4228.199999999999,5.383907881730011
2021-03-08 12:59:00,4252.654050949558,4196.01,56.64405094955782
2021-03-08 13:00:00,3859.038820295082,3735.09,123.94882029508199
2021-03-08 13:01:00,4285.7852320378515,4267.28,18.505232037851783
2021-03-08 13:02:00,4201.028598293425,4227.389999999999,-26.361401706574725
2021-03-08 13:03:00,4219.330107060717,4199.4,19.93010706071709
2021-03-08 13:04:00,4234.8167372507805,4233.87,0.9467372507806431
2021-03-08 13:05:00,4011.9082370715296,3940.78,71.12823707152938
2021-03-08 13:06:00,4229.766431439114,4227.389999999999,2.37643143911464
2021-03-08 13:07:00,4292.752482467099,4287.78,4.972482467099326
2021-03-08 13:08:00,3989.2384774234692,3945.0,44.23847742346925
2021-03-08 13:09:00,3889.7493136273533,3673.7700000000004,215.9793136273529
2021-03-08 13:10:00,4225.530825821193,4222.509999999999,3.0208258211932844
2021-03-08 13:11:00,4182.409320582495,4258.78,-76.37067941750502
2021-03-08 13:12:00,2180.2769584424436,1990.71,189.5669584424436
2021-03-08 13:13:00,4297.031922392687,4382.63,-85.59807760731292
2021-03-08 13:14:00,4245.870176465211,4287.51,-41.639823534788775
2021-03-08 13:15:00,4130.461615827794,4160.29,-29.828384172205915
2021-03-08 13:16:00,4156.065170218868,4187.0,-30.934829781132066
2021-03-08 13:17:00,4143.613709381811,4159.35,-15.736290618189742
2021-03-08 13:18:00,4096.3335529897595,4113.29,-16.95644701024048
2021-03-08 13:19:00,4074.0109780058197,4097.34,-23.329021994180493
2021-03-08 13:20:00,4091.5576120565624,4110.599999999999,-19.042387943437006
2021-03-08 13:21:00,4159.379917316792,4138.68,20.69991731679147
2021-03-08 13:22:00,4068.73417528577,4138.02,-69.28582471423033
2021-03-08 13:23:00,2343.1699780852455,2131.93,211.23997808524564
2021-03-08 13:24:00,4035.877003473444,3994.5599999999995,41.3170034734444
2021-03-08 13:25:00,4000.003515155333,3988.4399999999996,11.563515155333334
2021-03-08 13:26:00,4016.383449496944,4001.4,14.983449496944104
2021-03-08 13:27:00,4005.161396103416,4024.2,-19.038603896583936
2021-03-08 13:28:00,4020.716074822227,4016.6000000000004,4.116074822226437
2021-03-08 13:29:00,4013.9945233146395,4017.36,-3.3654766853605906
2021-03-08 13:30:00,3953.735141472976,3966.75,-13.01485852702399
2021-03-08 13:31:00,2424.464841365772,2375.87,48.59484136577203
2021-03-08 13:32:00,3521.0741000579073,3255.56,265.5141000579074
2021-03-08 13:33:00,3642.0656045865944,3331.9399999999996,310.1256045865948
2021-03-08 13:34:00,3593.21652560662,66.39,3526.82652560662
2021-03-08 13:35:00,3972.6058181789163,66.69,3905.915818178916
2021-03-08 13:36:00,4013.49200399217,66.62,3946.87200399217
2021-03-08 13:37:00,3962.686933587193,3152.7999999999997,809.8869335871932
2021-03-08 13:38:00,3902.9252545145628,3902.76,0.16525451456254814
2021-03-08 13:39:00,3877.055896986067,3866.13,10.925896986067073
2021-03-08 13:40:00,3833.4234296889035,3828.7299999999996,4.6934296889039615
2021-03-08 13:41:00,3881.9100924395148,3882.1399999999994,-0.2299075604846621
2021-03-08 13:42:00,3887.965431367744,3876.2999999999997,11.665431367744077
2021-03-08 13:43:00,3825.8263009890957,3811.63,14.196300989095562
2021-03-08 13:44:00,3847.92489878405,3828.24,19.684898784050347
2021-03-08 13:45:00,3816.155819146623,3810.9600000000005,5.195819146622398
2021-03-08 13:46:00,3833.9227620547463,3821.76,12.162762054746054
2021-03-08 13:47:00,3801.2806779951043,3809.52,-8.239322004895712
2021-03-08 13:48:00,3730.712600647072,3702.3,28.41260064707194
2021-03-08 13:49:00,3707.9342483766122,3717.0,-9.065751623387769
2021-03-08 13:50:00,3739.343061580679,3697.3999999999996,41.94306158067957
2021-03-08 13:51:00,3705.6378408716996,3691.8,13.837840871699427
2021-03-08 13:52:00,3651.5520589615385,3703.7000000000003,-52.147941038461795
2021-03-08 13:53:00,3594.7870900917746,3609.4399999999996,-14.652909908224956
2021-03-08 13:54:00,3643.1899092209187,3653.28,-10.090090779081493
2021-03-08 13:55:00,3651.0685869480144,3661.83,-10.761413051985528
2021-03-08 13:56:00,3715.558999179765,3710.7000000000003,4.858999179764851
2021-03-08 13:57:00,3686.678924524202,3689.4300000000003,-2.7510754757981886
2021-03-08 13:58:00,3668.5875941754016,3657.6900000000005,10.897594175401082
2021-03-08 13:59:00,3615.55374333367,3604.68,10.873743333670063
2021-03-08 14:00:00,3479.550234602281,3471.0999999999995,8.450234602281398
2021-03-08 14:01:00,3428.253013926255,3394.5600000000004,33.69301392625448
2021-03-08 14:02:00,3424.231018161388,3423.36,0.8710181613878376
2021-03-08 14:03:00,3484.02813384668,3481.4,2.6281338466797024
2021-03-08 14:04:00,3493.5954158660097,3486.6,6.995415866009807
2021-03-08 14:05:00,3476.969425306535,3487.9,-10.930574693465132
2021-03-08 14:06:00,3448.838118845591,3439.36,9.47811884559087
2021-03-08 14:07:00,3422.218430688435,3432.96,-10.741569311564945
2021-03-08 14:08:00,3307.77476000904,3322.58,-14.805239990959763
2021-03-08 14:09:00,3225.806647783894,3252.33,-26.523352216106105
2021-03-08 14:10:00,3306.1635789264287,3325.6800000000003,-19.516421073571564
2021-03-08 14:11:00,3267.377579529287,3229.8,37.577579529286595
2021-03-08 14:12:00,3347.517475351783,3341.8,5.717475351782923
2021-03-08 14:13:00,3316.8602221633732,3352.23,-35.36977783662678
2021-03-08 14:14:00,3361.231325063737,3333.12,28.11132506373724
2021-03-08 14:15:00,3360.9037408675026,3312.66,48.243740867502765
2021-03-08 14:16:00,3289.5553892899243,3311.42,-21.864610710075794
2021-03-08 14:17:00,3228.758682936638,3235.2000000000003,-6.441317063362476
2021-03-08 14:18:00,3294.4662246656285,3282.41,12.056224665628633
2021-03-08 14:19:00,3307.1398467088193,3315.8,-8.660153291180904
2021-03-08 14:20:00,3300.8827717128215,3303.5499999999997,-2.6672282871782045
2021-03-08 14:21:00,3286.6122962337267,3293.39,-6.7777037662731345
2021-03-08 14:22:00,3331.2024431585837,3342.42,-11.217556841416354
2021-03-08 14:23:00,3353.056983862258,3346.76,6.296983862258003
2021-03-08 14:24:00,3441.4790451653516,3457.92,-16.440954834648437
2021-03-08 14:25:00,3281.016909144895,3315.08,-34.06309085510475
2021-03-08 14:26:00,3117.468937466065,3103.36,14.108937466065072
2021-03-08 14:27:00,3433.3927017937817,3487.9,-54.507298206218366
2021-03-08 14:28:00,3409.9713726436134,3456.0,-46.02862735638655
2021-03-08 14:29:00,3348.4336033710692,3402.0,-53.56639662893076
2021-03-08 14:30:00,3290.977945762879,3336.22,-45.24205423712101
2021-03-08 14:31:00,3224.7400883826435,3219.0,5.740088382643535
2021-03-08 14:32:00,3185.2730583248463,3213.0,-27.72694167515374
2021-03-08 14:33:00,3231.5779039008426,3191.8999999999996,39.67790390084292
2021-03-08 14:34:00,3174.9559892175084,3177.1500000000005,-2.1940107824921142
2021-03-08 14:35:00,3180.8765440005477,3179.35,1.5265440005478013
2021-03-08 14:36:00,3159.0544891586965,3181.8700000000003,-22.815510841303876
2021-03-08 14:37:00,3200.683182431675,3195.44,5.243182431674995
2021-03-08 14:38:00,3214.2301767593854,3256.7999999999997,-42.56982324061437
2021-03-08 14:39:00,3283.434828601626,3319.62,-36.18517139837377
2021-03-08 14:40:00,3048.43269295072,3087.1,-38.66730704927977
2021-03-08 14:41:00,3033.145610734408,3079.6899999999996,-46.54438926559169
2021-03-08 14:42:00,2916.3375662857356,2935.9800000000005,-19.642433714264826
2021-03-08 14:43:00,3151.883432737985,3138.3799999999997,13.50343273798535
2021-03-08 14:44:00,3073.082383298261,3087.69,-14.607616701739062
2021-03-08 14:45:00,3051.174994491681,3035.2,15.974994491681173
2021-03-08 14:46:00,3009.369163970349,3035.2,-25.830836029650982
2021-03-08 14:47:00,2970.1502356873402,2985.3999999999996,-15.249764312659408
2021-03-08 14:48:00,3041.04194835565,3053.68,-12.638051644349616
2021-03-08 14:49:00,3040.9031578374343,2995.3,45.60315783743408
2021-03-08 14:50:00,2989.1013227516105,3023.8999999999996,-34.79867724838914
2021-03-08 14:51:00,3002.024447344275,2975.59,26.43444734427476
2021-03-08 14:52:00,2970.984164062241,2980.45,-9.465835937759039
2021-03-08 14:53:00,2983.9110968144137,2978.5200000000004,5.391096814413231
2021-03-08 14:54:00,2954.126866669244,2939.2200000000003,14.906866669243755
2021-03-08 14:55:00,2939.622073926574,2923.8999999999996,15.722073926574467
2021-03-08 14:56:00,2329.5504122471625,2302.29,27.26041224716255
2021-03-08 14:57:00,3060.3638092819783,3044.72,15.64380928197852
2021-03-08 14:58:00,2277.008714148007,2321.34,-44.331285851993016
2021-03-08 14:59:00,2566.085025384482,2616.96,-50.87497461551811
2021-03-08 15:00:00,3034.6497044720013,3024.5999999999995,10.04970447200185
2021-03-08 15:01:00,1910.8794595215572,1774.69,136.18945952155718
2021-03-08 15:02:00,2024.1479735909438,1922.3600000000001,101.7879735909437
2021-03-08 15:03:00,2571.2872967139633,2554.68,16.60729671396348
2021-03-08 15:04:00,2656.522228876384,2591.11,65.41222887638378
2021-03-08 15:05:00,1670.3392018537884,1691.0500000000002,-20.7107981462118
2021-03-08 15:06:00,2782.732027616626,2755.0,27.732027616626056
2021-03-08 15:07:00,2804.4576248460694,2809.08,-4.622375153930534
2021-03-08 15:08:00,2784.3506728267143,2784.89,-0.5393271732855283
2021-03-08 15:09:00,2761.7870065953025,2799.3899999999994,-37.60299340469692
2021-03-08 15:10:00,2597.0340927372813,2481.75,115.2840927372813
2021-03-08 15:11:00,2811.4083718925813,2796.8399999999997,14.568371892581581
2021-03-08 15:12:00,2806.289699939702,2777.62,28.66969993970224
2021-03-08 15:13:00,1699.0105653798303,1658.48,40.53056537983025
2021-03-08 15:14:00,1737.0619960343643,1738.7400000000002,-1.6780039656359804
2021-03-08 15:15:00,2426.0946044114316,2433.2000000000003,-7.105395588568626
2021-03-08 15:16:00,2433.490358179283,2373.17,60.32035817928272
2021-03-08 15:17:00,2488.1053776487506,2463.01,25.0953776487504
2021-03-08 15:18:00,2474.1799784363575,2422.6400000000003,51.53997843635716
2021-03-08 15:19:00,2325.1022824711863,2281.7699999999995,43.33228247118677
2021-03-08 15:20:00,2448.2753959433244,2404.3500000000004,43.92539594332402
2021-03-08 15:21:00,2481.603808382795,2423.96,57.64380838279476
2021-03-08 15:22:00,2365.164560335443,2303.28,61.884560335442984
2021-03-08 15:23:00,2344.486377086638,2310.84,33.64637708663804
2021-03-08 15:24:00,2213.5261471844005,2198.0,15.526147184400543
2021-03-08 15:25:00,1997.8182044882342,1848.58,149.23820448823426
2021-03-08 15:26:00,2162.2839827694947,2104.44,57.84398276949469
2021-03-08 15:27:00,2100.3885872594274,2072.59,27.798587259427222
2021-03-08 15:28:00,2159.1441648518535,2096.46,62.68416485185344
2021-03-08 15:29:00,2159.23712387257,2100.2599999999998,58.977123872570246
2021-03-08 15:30:00,2135.9171169513425,2106.72,29.19711695134265
2021-03-08 15:31:00,2153.4345261368385,2104.8199999999997,48.614526136838776
2021-03-08 15:32:00,2042.0760788741584,2050.91,-8.83392112584147
2021-03-08 15:33:00,1960.722652528444,1932.0,28.722652528444087
2021-03-08 15:34:00,1851.0085245540292,1821.6,29.408524554029327
2021-03-08 15:35:00,1854.1976594948267,1809.9099999999999,44.28765949482681
2021-03-08 15:36:00,1776.8693447572994,1776.64,0.22934475729925907
2021-03-08 15:37:00,1710.7981701125855,1675.81,34.98817011258552
2021-03-08 15:38:00,1504.6258638098864,1513.33,-8.704136190113559
2021-03-08 15:39:00,1511.5352835991482,1500.1200000000001,11.415283599148097
2021-03-08 15:40:00,1550.5906293626167,1557.08,-6.489370637383217
2021-03-08 15:41:00,1613.6672856462185,1612.4,1.2672856462183972
2021-03-08 15:42:00,1682.8447153665502,1608.9199999999998,73.92471536655034
2021-03-08 15:43:00,1476.479056534886,1502.2800000000002,-25.800943465114187
2021-03-08 15:44:00,1703.4153600342113,1613.27,90.14536003421131
2021-03-08 15:45:00,1733.0753243779125,1629.8,103.27532437791251
2021-03-08 15:46:00,1841.2786760240738,1755.2000000000003,86.0786760240735
2021-03-08 15:47:00,1834.264620709602,1792.0,42.26462070960201
2021-03-08 15:48:00,1583.321386657073,1513.08,70.24138665707301
2021-03-08 15:49:00,1244.2630794478614,1197.3200000000002,46.94307944786124
2021-03-08 15:50:00,1422.7263425088088,1314.6,108.12634250880888
2021-03-08 15:51:00,939.4365951128437,907.34,32.096595112843715
2021-03-08 15:52:00,671.907917086953,678.48,-6.572082913046984
2021-03-08 15:53:00,1231.4198729656225,1076.8400000000001,154.57987296562237
2021-03-08 15:54:00,1726.7927780133994,1701.9,24.892778013399266
2021-03-08 15:55:00,1646.135286835264,1578.08,68.05528683526404
2021-03-08 15:56:00,1625.6035123124668,1576.3999999999999,49.203512312466955
2021-03-08 15:57:00,1670.0521904914815,1600.6599999999999,69.39219049148164
2021-03-08 15:58:00,1611.99115328173,1607.9299999999998,4.061153281730185
2021-03-08 15:59:00,1541.6237057829162,1507.1400000000003,34.48370578291588
2021-03-08 16:00:00,1151.475676527105,1147.4499999999998,4.025676527105134
2021-03-08 16:01:00,919.5076633127318,884.96,34.54766331273174
2021-03-08 16:02:00,925.9215573092885,849.4000000000001,76.52155730928837
2021-03-08 16:03:00,1479.4695975703626,1457.8200000000002,21.649597570362403
2021-03-08 16:04:00,1004.0150028360728,965.47,38.54500283607274
2021-03-08 16:05:00,1458.0221674081265,1409.5,48.522167408126506
2021-03-08 16:06:00,1451.7246529367026,1405.25,46.47465293670257
2021-03-08 16:07:00,1486.3344813053552,1437.67,48.66448130535514
2021-03-08 16:08:00,1401.2868686124966,1344.24,57.04686861249661
2021-03-08 16:09:00,1012.877570768392,946.3899999999999,66.48757076839217
2021-03-08 16:10:00,788.884090008434,828.3000000000001,-39.41590999156608
2021-03-08 16:11:00,1343.239728750811,1294.9,48.33972875081099
2021-03-08 16:12:00,1306.2875697978257,1241.46,64.82756979782562
2021-03-08 16:13:00,1335.3731841109936,1243.66,91.71318411099355
2021-03-08 16:14:00,1053.778023159123,1013.5800000000002,40.19802315912284
2021-03-08 16:15:00,914.8141557707356,839.3999999999999,75.41415577073576
2021-03-08 16:16:00,900.8188929798043,888.16,12.658892979804364
2021-03-08 16:17:00,728.1634437078543,636.6199999999999,91.54344370785441
2021-03-08 16:18:00,1187.7289892973683,1137.8,49.92898929736839
2021-03-08 16:19:00,1165.3308065082445,1137.4,27.93080650824436
2021-03-08 16:20:00,1096.8597379114688,1078.25,18.609737911468756
2021-03-08 16:21:00,752.8166956808684,774.2,-21.38330431913164
2021-03-08 16:22:00,951.056765264175,956.5899999999999,-5.533234735824863
2021-03-08 16:23:00,765.3212444412005,771.26,-5.938755558799471
2021-03-08 16:24:00,948.0180990168093,962.2,-14.181900983190758
2021-03-08 16:25:00,887.4504603166464,864.58,22.87046031664636
2021-03-08 16:26:00,840.1814028119846,842.8500000000001,-2.6685971880154966
2021-03-08 16:27:00,561.9277737581757,549.9,12.027773758175726
2021-03-08 16:28:00,439.68456163924446,483.39,-43.70543836075552
2021-03-08 16:29:00,708.6138045630497,679.72,28.893804563049684
2021-03-08 16:30:00,472.5130134132025,492.39,-19.8769865867975
2021-03-08 16:31:00,480.05821679028895,508.28,-28.22178320971102
2021-03-08 16:32:00,891.3688640257113,817.3399999999999,74.02886402571141
2021-03-08 16:33:00,867.165041503531,851.6999999999999,15.465041503531097
2021-03-08 16:34:00,982.5006767485651,917.2800000000001,65.22067674856498
2021-03-08 16:35:00,968.3386202819563,885.99,82.3486202819563
2021-03-08 16:36:00,953.4970936790702,859.8000000000001,93.69709367907012
2021-03-08 16:37:00,916.9139599236511,825.07,91.84395992365103
2021-03-08 16:38:00,856.4464579920723,800.24,56.206457992072274
2021-03-08 16:39:00,865.282395682421,799.26,66.022395682421
2021-03-08 16:40:00,806.6849679925436,768.3800000000001,38.30496799254354
2021-03-08 16:41:00,836.104334701854,740.48,95.62433470185397
2021-03-08 16:42:00,842.1148464272856,742.3000000000001,99.81484642728549
2021-03-08 16:43:00,818.2271667373351,740.0899999999999,78.13716673733518
2021-03-08 16:44:00,783.9330910711595,709.8399999999999,74.09309107115962
2021-03-08 16:45:00,732.516512573547,676.92,55.59651257354699
2021-03-08 16:46:00,761.7984033361213,684.84,76.95840333612125
2021-03-08 16:47:00,737.1219764662939,652.89,84.23197646629387
2021-03-08 16:48:00,722.8754426630827,623.3700000000001,99.50544266308259
2021-03-08 16:49:00,642.3375720022716,564.0999999999999,78.23757200227169
2021-03-08 16:50:00,592.6085004319066,524.97,67.63850043190655
2021-03-08 16:51:00,521.684033668634,495.54,26.144033668633995
2021-03-08 16:52:00,558.7942728577392,495.09000000000003,63.70427285773917
2021-03-08 16:53:00,517.5310092317208,415.36,102.17100923172075
2021-03-08 16:54:00,406.8999172796793,349.58,57.319917279679316
2021-03-08 16:55:00,402.78558683234303,371.90999999999997,30.87558683234306
2021-03-08 16:56:00,431.71025032057395,385.98,45.73025032057393
2021-03-08 16:57:00,468.4125611071108,388.15,80.2625611071108
2021-03-08 16:58:00,467.5906446025077,384.58,83.01064460250774
2021-03-08 16:59:00,341.4752670668488,327.17999999999995,14.29526706684885
2021-03-08 17:00:00,349.116237623601,330.84,18.276237623601048
2021-03-08 17:01:00,365.87723797574654,330.96000000000004,34.9172379757465
2021-03-08 17:02:00,357.13256931161027,331.44,25.69256931161027
2021-03-08 17:03:00,392.66576332977434,329.34000000000003,63.325763329774304
2021-03-08 17:04:00,325.60783392118844,298.32,27.28783392118845
2021-03-08 17:05:00,300.2995991897543,295.73,4.569599189754285
2021-03-08 17:06:00,256.7781175248386,267.4,-10.621882475161385
2021-03-08 17:07:00,162.70743070010977,212.16,-49.45256929989023
2021-03-08 17:08:00,178.72624940074496,183.29000000000002,-4.563750599255059
2021-03-08 17:09:00,174.58917893537227,157.86,16.72917893537226
2021-03-08 17:10:00,119.56922955922897,158.64,-39.070770440771014
2021-03-08 17:11:00,124.94434930823616,159.54000000000002,-34.595650691763865
2021-03-08 17:12:00,104.3116725434043,157.41,-53.0983274565957
2021-03-08 17:13:00,112.89227597894589,159.03,-46.13772402105411
2021-03-08 17:14:00,66.45535191316795,159.53999999999996,-93.08464808683202
2021-03-08 17:15:00,136.91464915375843,157.95,-21.035350846241556
2021-03-08 17:16:00,127.63986380464473,130.91,-3.2701361953552635
2021-03-08 17:17:00,107.9155570995874,131.69,-23.774442900412595
2021-03-08 17:18:00,85.58462327000909,129.39999999999998,-43.81537672999089
2021-03-08 17:19:00,63.552077226598115,124.34,-60.78792277340189
2021-03-08 17:20:00,100.60739507162207,100.69999999999999,-0.09260492837792356
2021-03-08 17:21:00,97.40174968664414,96.75999999999999,0.6417496866441468
2021-03-08 17:22:00,102.55372674507612,87.54,15.013726745076113
2021-03-08 17:23:00,73.04887266023339,85.34,-12.291127339766618
2021-03-08 17:24:00,98.50726215365519,120.15,-21.642737846344815
2021-03-08 17:25:00,117.94957426852851,130.03,-12.080425731471493
2021-03-08 17:26:00,84.20411765884116,105.06,-20.855882341158846
2021-03-08 17:27:00,94.0401893918149,101.56,-7.519810608185097
2021-03-08 17:28:00,49.61197353464138,95.08,-45.46802646535862
2021-03-08 17:29:00,77.21510660983188,84.2,-6.984893390168125
2021-03-08 17:30:00,51.38748686150351,80.74000000000001,-29.352513138496498
2021-03-08 17:31:00,56.493794353950406,55.82,0.6737943539504059
2021-03-08 17:32:00,62.35039163377924,73.48,-11.129608366220765
2021-03-08 17:33:00,33.752520418325375,40.74,-6.987479581674627
2021-03-08 17:34:00,31.27643424223092,36.230000000000004,-4.953565757769084
2021-03-08 17:35:00,30.09596034569251,24.33,5.765960345692513
2021-03-08 17:36:00,26.194239148894127,23.95,2.2442391488941276
2021-03-08 17:37:00,24.780446660178498,24.720000000000002,0.06044666017849565
2021-03-08 17:38:00,24.597919289256353,23.07,1.527919289256353
2021-03-08 17:39:00,46.0173041867149,23.25,22.767304186714902
2021-03-08 17:40:00,48.97763527056005,22.64,26.33763527056005
2021-03-08 17:41:00,42.013787209963795,21.78,20.233787209963793
2021-03-08 17:42:00,41.34374212123263,22.810000000000002,18.533742121232628
2021-03-08 17:43:00,46.75002633904125,23.17,23.580026339041247
2021-03-08 17:44:00,40.708398265845034,22.1,18.608398265845032
2021-03-08 17:45:00,36.5016939144341,21.69,14.811693914434098
2021-03-08 17:46:00,26.516071025786083,21.32,5.1960710257860825
2021-03-08 17:47:00,52.70703992598869,23.0,29.70703992598869
2021-03-08 17:48:00,58.91230322757062,25.75,33.16230322757062
2021-03-08 17:53:00,38.12124651472948,10.490000000000002,27.631246514729476
2021-03-08 17:54:00,31.262985900000004,11.450000000000001,19.8129859
2021-03-09 05:21:00,50.317666416495264,13.809999999999999,36.50766641649527
2021-03-09 05:23:00,43.74776369761349,20.270000000000003,23.47776369761349
2021-03-09 05:24:00,47.718813454006536,22.98,24.738813454006536
2021-03-09 05:25:00,47.03857376288812,24.130000000000003,22.908573762888118
2021-03-09 05:26:00,38.27281910395922,34.05,4.222819103959225
2021-03-09 05:27:00,36.02129314389435,49.400000000000006,-13.378706856105659
2021-03-09 05:28:00,57.294599988553394,50.42,6.874599988553392
2021-03-09 05:29:00,60.56262419751508,51.0,9.562624197515078
2021-03-09 05:30:00,49.82879781304623,53.64,-3.8112021869537713
2021-03-09 05:31:00,31.97118925781683,54.14,-22.16881074218317
2021-03-09 05:32:00,31.507076001928112,55.49000000000001,-23.982923998071897
2021-03-09 05:33:00,31.690606179347853,56.120000000000005,-24.42939382065215
2021-03-09 05:34:00,33.75552006224317,55.18000000000001,-21.424479937756836
2021-03-09 05:35:00,39.55716821005782,56.74,-17.182831789942185
2021-03-09 05:36:00,50.143355290767616,57.28,-7.136644709232385
2021-03-09 05:37:00,62.08764438044245,56.71000000000001,5.37764438044244
2021-03-09 05:38:00,70.58596327919543,58.02,12.565963279195422
2021-03-09 05:39:00,59.045001306557275,57.14,1.9050013065572742
2021-03-09 05:40:00,84.60260168659607,59.09,25.51260168659607
2021-03-09 05:41:00,97.24131778207965,59.49,37.751317782079646
2021-03-09 05:42:00,107.07770952958188,59.790000000000006,47.287709529581875
2021-03-09 05:43:00,124.92207087165364,106.26,18.66207087165364
2021-03-09 05:44:00,118.1952924492179,149.45999999999998,-31.264707550782077
2021-03-09 05:45:00,196.66673049819633,174.32,22.346730498196337
2021-03-09 05:46:00,100.66287443196013,156.3,-55.63712556803988
2021-03-09 05:47:00,180.44616973926375,184.51999999999998,-4.07383026073623
2021-03-09 05:48:00,169.86026356139558,184.44,-14.579736438604414
2021-03-09 05:49:00,173.51492304474363,185.59,-12.075076955256378
2021-03-09 05:50:00,156.17257894464615,183.95999999999998,-27.787421055353832
2021-03-09 05:51:00,179.26518857356217,185.61,-6.344811426437843
2021-03-09 05:52:00,183.10622911542723,186.76999999999998,-3.663770884572756
2021-03-09 05:53:00,205.88715758317215,215.88,-9.992842416827841
2021-03-09 05:54:00,216.81500217281854,217.28000000000003,-0.46499782718149163
2021-03-09 05:55:00,256.80097807897937,270.20000000000005,-13.399021921020676
2021-03-09 05:56:00,274.46276609927685,299.88,-25.417233900723147
2021-03-09 05:57:00,309.53549819334194,300.75,8.785498193341937
2021-03-09 05:58:00,309.540568303543,300.24,9.300568303543002
2021-03-09 05:59:00,272.61151891922833,289.14,-16.528481080771655
2021-03-09 06:00:00,220.16119398046027,262.3,-42.13880601953974
2021-03-09 06:01:00,217.28279947006797,236.73000000000002,-19.447200529932047
2021-03-09 06:02:00,253.81016876892414,295.99,-42.179831231075866
2021-03-09 06:03:00,229.38592104706447,324.24,-94.85407895293554
2021-03-09 06:04:00,365.2217614327247,417.02,-51.79823856727529
2021-03-09 06:05:00,525.8397869816598,526.44,-0.6002130183402414
2021-03-09 06:06:00,686.0933967896561,652.29,33.803396789656176
2021-03-09 06:07:00,656.7861066624861,714.4200000000001,-57.633893337513996
2021-03-09 06:08:00,674.3600258245378,656.6300000000001,17.730025824537734
2021-03-09 06:09:00,685.1358417347658,686.9000000000001,-1.7641582652343004
2021-03-09 06:10:00,744.7431707972481,775.8699999999999,-31.126829202751765
2021-03-09 06:11:00,758.4611069052754,802.0400000000001,-43.57889309472466
2021-03-09 06:12:00,758.2434544698489,705.31,52.933454469848925
2021-03-09 06:13:00,550.8466435421744,651.42,-100.57335645782553
2021-03-09 06:14:00,636.5065149449343,626.48,10.02651494493432
2021-03-09 06:15:00,565.126138834421,561.72,3.4061388344209718
2021-03-09 06:16:00,607.8307353611231,592.01,15.82073536112307
2021-03-09 06:17:00,515.1243313372103,577.58,-62.455668662789776
2021-03-09 06:18:00,594.0845527516997,634.4300000000001,-40.34544724830039
2021-03-09 06:19:00,576.2187131149852,661.56,-85.34128688501471
2021-03-09 06:20:00,579.3016310086517,629.0699999999999,-49.76836899134821
2021-03-09 06:21:00,530.0142950608008,604.56,-74.54570493919914
2021-03-09 06:22:00,823.6641269597233,853.5400000000001,-29.875873040276815
2021-03-09 06:23:00,1006.8076425916078,1010.25,-3.4423574083922404
2021-03-09 06:24:00,1144.397807957308,1071.51,72.88780795730804
2021-03-09 06:25:00,789.691004329293,848.26,-58.568995670706954
2021-03-09 06:26:00,619.892829600801,688.06,-68.167170399199
2021-03-09 06:27:00,700.4889304531642,719.03,-18.54106954683573
2021-03-09 06:28:00,671.4613157393918,728.0,-56.53868426060819
2021-03-09 06:29:00,905.6909153605028,874.69,31.000915360502745
2021-03-09 06:30:00,1077.4104916019023,1034.6299999999999,42.78049160190244
2021-03-09 06:31:00,725.4920170582576,756.09,-30.59798294174243
2021-03-09 06:32:00,495.5053066634634,580.26,-84.7546933365366
2021-03-09 06:33:00,819.2041921381755,775.04,44.16419213817551
2021-03-09 06:34:00,515.3289338320111,641.19,-125.86106616798895
2021-03-09 06:35:00,953.6888830746987,912.19,41.4988830746986
2021-03-09 06:36:00,1103.8921279270887,1082.83,21.062127927088795
2021-03-09 06:37:00,1230.5982638931173,1200.16,30.43826389311721
2021-03-09 06:38:00,674.9911249617415,810.84,-135.84887503825848
2021-03-09 06:39:00,1224.6429471503652,1233.3200000000002,-8.677052849634947
2021-03-09 06:40:00,1254.762357658206,1256.6999999999998,-1.9376423417938895
2021-03-09 06:41:00,1333.7353935130457,1262.25,71.48539351304566
2021-03-09 06:42:00,1158.8754897699625,1145.87,13.00548976996265
2021-03-09 06:43:00,776.9092427356028,932.96,-156.05075726439725
2021-03-09 06:44:00,669.3203806915468,659.52,9.80038069154682
2021-03-09 06:45:00,258.84652837826377,377.29999999999995,-118.45347162173618
2021-03-09 06:46:00,268.4560687803881,314.1,-45.64393121961194
2021-03-09 06:47:00,272.74387404344685,282.71,-9.966125956553128
2021-03-09 06:48:00,210.0154373930108,286.87,-76.85456260698919
2021-03-09 06:49:00,272.35542982449084,316.62,-44.264570175509164
2021-03-09 06:50:00,341.47519860494754,313.32,28.155198604947543
2021-03-09 06:51:00,258.69428507701014,315.29999999999995,-56.60571492298982
2021-03-09 06:52:00,231.25805662457566,311.7,-80.44194337542433
2021-03-09 06:53:00,292.07409215687574,318.71999999999997,-26.645907843124235
2021-03-09 06:54:00,293.6284715623628,345.41999999999996,-51.79152843763717
2021-03-09 06:55:00,293.5434152560384,346.62,-53.07658474396163
2021-03-09 06:56:00,285.7700766489088,316.91999999999996,-31.14992335109116
2021-03-09 06:57:00,263.13324474077353,316.08,-52.94675525922645
2021-03-09 06:58:00,313.8257528690362,346.46000000000004,-32.63424713096384
2021-03-09 06:59:00,398.37141820309546,438.88,-40.50858179690454
2021-03-09 07:00:00,873.4738989032342,961.3499999999999,-87.87610109676575
2021-03-09 07:01:00,731.581044318379,929.28,-197.698955681621
2021-03-09 07:02:00,1599.5193940104107,1677.77,-78.2506059895893
2021-03-09 07:03:00,1956.7777006326714,2146.64,-189.86229936732843
2021-03-09 07:04:00,1172.1532701426563,1284.7799999999997,-112.62672985734343
2021-03-09 07:05:00,1030.6677923144641,1138.6,-107.93220768553579
2021-03-09 07:06:00,895.983504531615,999.9000000000001,-103.91649546838505
2021-03-09 07:07:00,765.7243626985384,880.0,-114.27563730146164
2021-03-09 07:08:00,699.2467166648746,794.8499999999999,-95.6032833351253
2021-03-09 07:09:00,674.5675909038574,770.98,-96.4124090961426
2021-03-09 07:10:00,671.9630463059922,774.4799999999999,-102.51695369400773
2021-03-09 07:11:00,725.3970795011021,801.64,-76.24292049889789
2021-03-09 07:12:00,938.1608167061224,953.53,-15.36918329387754
2021-03-09 07:13:00,1815.0963979596493,1992.2,-177.10360204035078
2021-03-09 07:14:00,1203.9055491030233,1226.7200000000003,-22.81445089697695
2021-03-09 07:15:00,2123.1804826709654,2239.37,-116.18951732903452
2021-03-09 07:16:00,2069.0557392507676,2143.58,-74.52426074923233
2021-03-09 07:17:00,2029.968602077352,2088.65,-58.6813979226481
2021-03-09 07:18:00,2011.5937280526327,2080.88,-69.28627194736737
2021-03-09 07:19:00,2009.315015349275,2043.25,-33.93498465072503
2021-03-09 07:20:00,1879.2035984742226,1923.58,-44.37640152577728
2021-03-09 07:21:00,1117.0990445503082,1216.38,-99.28095544969187
2021-03-09 07:22:00,2001.5056681942206,2045.7900000000002,-44.28433180577963
2021-03-09 07:23:00,1410.7551411924273,1463.44,-52.68485880757271
2021-03-09 07:24:00,513.6465383433101,473.04,40.60653834331009
2021-03-09 07:25:00,492.6033636807826,480.78,11.82336368078262
2021-03-09 07:26:00,478.19009022239464,452.65,25.540090222394667
2021-03-09 07:27:00,508.1102978902184,428.32000000000005,79.79029789021837
2021-03-09 07:28:00,474.1878535546365,485.82000000000005,-11.63214644536356
2021-03-09 07:29:00,868.4347076762925,997.02,-128.58529232370745
2021-03-09 07:30:00,2231.0814370128837,2359.97,-128.88856298711607
2021-03-09 07:31:00,2152.450523742593,2266.0,-113.54947625740715
2021-03-09 07:32:00,1809.072452109077,1912.8399999999997,-103.76754789092274
2021-03-09 07:33:00,2250.8765874119795,2333.05,-82.17341258802071
2021-03-09 07:34:00,1815.4297166833842,1929.4900000000002,-114.06028331661605
2021-03-09 07:35:00,2156.576960216277,2262.5699999999997,-105.9930397837229
2021-03-09 07:36:00,998.2525144688686,996.6600000000001,1.5925144688685577
2021-03-09 07:37:00,353.44046422152707,391.97,-38.52953577847296
2021-03-09 07:38:00,349.554509490916,424.08000000000004,-74.52549050908402
2021-03-09 07:39:00,538.0617515215142,711.23,-173.1682484784858
2021-03-09 07:40:00,1818.8199320532326,1877.8,-58.98006794676735
2021-03-09 07:41:00,676.5948376875799,693.55,-16.955162312420043
2021-03-09 07:42:00,1311.2313900112745,1437.8000000000002,-126.56860998872571
2021-03-09 07:43:00,928.0466581780239,996.84,-68.79334182197613
2021-03-09 07:44:00,2473.710877039964,2644.2200000000003,-170.50912296003617
2021-03-09 07:45:00,1396.5419029179511,1402.01,-5.468097082048871
2021-03-09 07:46:00,1073.0577657904403,1152.9,-79.84223420955982
2021-03-09 07:47:00,842.398581318428,877.76,-35.36141868157199
2021-03-09 07:48:00,941.3380209526297,936.53,4.808020952629704
2021-03-09 07:49:00,874.8768577193675,964.31,-89.43314228063241
2021-03-09 07:50:00,896.6161874498008,931.9399999999999,-35.323812550199136
2021-03-09 07:51:00,1524.0753795337118,1682.1,-158.02462046628807
2021-03-09 07:52:00,2813.870525370751,2981.7799999999997,-167.90947462924896
2021-03-09 07:53:00,2346.28127281137,2461.8,-115.51872718863024
2021-03-09 07:54:00,2672.2824035379776,2791.0,-118.71759646202236
2021-03-09 07:55:00,2644.324449961915,2750.98,-106.65555003808504
2021-03-09 07:56:00,2591.902260459936,2730.75,-138.84773954006414
2021-03-09 07:57:00,2594.579289288425,2731.71,-137.13071071157492
2021-03-09 07:58:00,2608.3672982709422,2710.1900000000005,-101.82270172905828
2021-03-09 07:59:00,2582.2139048044032,2699.41,-117.19609519559663
2021-03-09 08:00:00,2575.355859766171,2716.8900000000003,-141.53414023382948
2021-03-09 08:01:00,2591.3873686056595,2715.88,-124.4926313943406
2021-03-09 08:02:00,2569.725360146236,2682.75,-113.0246398537638
2021-03-09 08:03:00,2587.2073109951016,2726.5,-139.29268900489842
2021-03-09 08:04:00,2614.35210936625,2750.0699999999997,-135.7178906337499
2021-03-09 08:05:00,2623.293519118342,2781.54,-158.24648088165804
2021-03-09 08:06:00,2661.3874821330614,2811.83,-150.4425178669385
2021-03-09 08:07:00,2660.0091132241314,2865.41,-205.40088677586846
2021-03-09 08:08:00,2685.1715163799863,2866.91,-181.73848362001354
2021-03-09 08:09:00,2692.638514126031,2850.17,-157.5314858739689
2021-03-09 08:10:00,2752.599288336963,2944.07,-191.47071166303704
2021-03-09 08:11:00,2789.9363921256354,2985.99,-196.0536078743644
2021-03-09 08:12:00,2395.476419018429,2398.6800000000003,-3.203580981571122
2021-03-09 08:13:00,609.8678935851458,591.01,18.857893585145803
2021-03-09 08:14:00,522.5978088405274,337.44000000000005,185.1578088405273
2021-03-09 08:15:00,548.9960698468964,62.24000000000001,486.75606984689637
2021-03-09 08:16:00,705.2036564206063,63.36,641.8436564206063
2021-03-09 08:17:00,3012.5999016030746,599.04,2413.5599016030746
2021-03-09 08:18:00,3292.2302012283794,3341.21,-48.97979877162061
2021-03-09 08:19:00,3155.038302430402,3234.54,-79.50169756959804
2021-03-09 08:20:00,3112.692357327953,3138.13,-25.437642672047332
2021-03-09 08:21:00,3040.0950521942955,3128.1499999999996,-88.05494780570416
2021-03-09 08:22:00,2959.450409864467,3126.34,-166.88959013553313
2021-03-09 08:23:00,2791.7274994025133,2878.96,-87.2325005974867
2021-03-09 08:24:00,2509.0268175644474,2632.3100000000004,-123.28318243555304
2021-03-09 08:25:00,2987.020227448391,3194.7799999999997,-207.75977255160888
2021-03-09 08:26:00,2988.1818913450875,3222.0,-233.81810865491252
2021-03-09 08:27:00,2963.4737253062553,3084.6099999999997,-121.13627469374433
2021-03-09 08:28:00,3142.5138696790677,3289.26,-146.74613032093248
2021-03-09 08:29:00,3223.542893264808,3352.12,-128.57710673519205
2021-03-09 08:30:00,2530.8212154792022,2609.7400000000007,-78.91878452079845
2021-03-09 08:31:00,2192.3542887749454,2308.67,-116.31571122505466
2021-03-09 08:32:00,2924.8464584143567,2987.6,-62.753541585643234
2021-03-09 08:33:00,1771.9386601628128,1832.06,-60.12133983718718
2021-03-09 08:34:00,1070.1492992738886,1092.0,-21.850700726111427
2021-03-09 08:35:00,2406.8605213771652,2455.9800000000005,-49.11947862283523
2021-03-09 08:36:00,2336.6777310152897,2406.11,-69.43226898471039
2021-03-09 08:37:00,3110.4020483143318,3301.1,-190.69795168566816
2021-03-09 08:38:00,2636.2731768130066,2670.42,-34.146823186993515
2021-03-09 08:39:00,2045.8830238096807,2170.91,-125.02697619031915
2021-03-09 08:40:00,2619.9442772384386,2811.1200000000003,-191.1757227615617
2021-03-09 08:41:00,1495.0328086979432,1506.3999999999999,-11.367191302056654
2021-03-09 08:42:00,3440.167528641469,3687.33,-247.1624713585311
2021-03-09 08:43:00,3359.926412814603,3636.0699999999997,-276.1435871853969
2021-03-09 08:44:00,3393.7770206178134,3609.29,-215.5129793821866
2021-03-09 08:45:00,3342.113470155673,3575.79,-233.67652984432698
2021-03-09 08:46:00,3358.539919384412,3586.51,-227.97008061558836
2021-03-09 08:47:00,3355.0940047827253,3578.3099999999995,-223.2159952172742
2021-03-09 08:48:00,3299.7166637143723,3559.5699999999997,-259.8533362856274
2021-03-09 08:49:00,3312.0125894146836,3576.46,-264.44741058531645
2021-03-09 08:50:00,3365.3093485393442,3607.7799999999997,-242.47065146065552
2021-03-09 08:51:00,3437.919704100528,3669.45,-231.53029589947164
2021-03-09 08:52:00,2029.8033209192665,2115.46,-85.65667908073351
2021-03-09 08:53:00,1257.8678762646573,1381.38,-123.51212373534281
2021-03-09 08:54:00,1687.5068634451573,1729.2800000000002,-41.77313655484295
2021-03-09 08:55:00,1316.554859847987,1369.26,-52.70514015201297
2021-03-09 08:56:00,1656.259055039991,1712.3200000000002,-56.06094496000924
2021-03-09 08:57:00,3208.415501692174,3384.6800000000003,-176.26449830782622
2021-03-09 08:58:00,1199.2829300088445,1292.8799999999999,-93.59706999115542
2021-03-09 08:59:00,1337.7638427280756,1354.5,-16.736157271924412
2021-03-09 09:00:00,1428.5909479321206,1503.3000000000002,-74.70905206787961
2021-03-09 09:01:00,4131.829861551061,4409.28,-277.45013844893856
2021-03-09 09:02:00,4027.663700096508,4281.01,-253.3462999034923
2021-03-09 09:03:00,3510.5639114262576,3596.12,-85.55608857374227
2021-03-09 09:04:00,3265.502979790083,3303.09,-37.58702020991723
2021-03-09 09:05:00,3766.4315208559706,3941.21,-174.77847914402946
2021-03-09 09:06:00,3667.6809012614226,3859.9200000000005,-192.23909873857792
2021-03-09 09:07:00,3511.010312177561,3597.69,-86.67968782243906
2021-03-09 09:08:00,3276.6201965346536,3446.21,-169.58980346534645
2021-03-09 09:09:00,797.222672112258,804.5600000000001,-7.337327887742049
2021-03-09 09:10:00,764.2828381043299,759.9300000000001,4.352838104329862
2021-03-09 09:11:00,763.0715627822008,825.02,-61.94843721779921
2021-03-09 09:12:00,1473.5854240312515,1466.83,6.75542403125155
2021-03-09 09:13:00,1167.808829799271,1211.62,-43.81117020072884
2021-03-09 09:14:00,1201.509932785588,1202.96,-1.4500672144120017
2021-03-09 09:15:00,3101.865335750778,3145.26,-43.39466424922239
2021-03-09 09:16:00,4357.918880222227,4672.379999999999,-314.4611197777722
2021-03-09 09:17:00,4203.4593971439745,4479.51,-276.05060285602576
2021-03-09 09:18:00,4107.67581099165,4349.7,-242.02418900834982
2021-03-09 09:19:00,3891.5310115265947,4061.9300000000003,-170.39898847340555
2021-03-09 09:20:00,4107.518409977565,4334.3099999999995,-226.79159002243432
2021-03-09 09:21:00,4102.750613530415,4383.55,-280.79938646958544
2021-03-09 09:22:00,2498.2304727798823,2714.53,-216.29952722011785
2021-03-09 09:23:00,3463.749903317766,3395.76,67.98990331776577
2021-03-09 09:24:00,3048.5478125273953,3058.04,-9.492187472604655
2021-03-09 09:25:00,3041.3958690594077,2826.6200000000003,214.77586905940734
2021-03-09 09:26:00,3747.7973866146876,3884.96,-137.1626133853124
2021-03-09 09:27:00,3546.6491063601875,3699.5,-152.8508936398125
2021-03-09 09:28:00,4034.96286769954,4064.4799999999996,-29.517132300459707
2021-03-09 09:29:00,4189.565060402706,4426.69,-237.12493959729363
2021-03-09 09:30:00,4197.4461457089965,4352.52,-155.07385429100395
2021-03-09 09:31:00,4057.8804303666643,4181.6,-123.71956963333605
2021-03-09 09:32:00,3996.581070005189,4091.88,-95.29892999481126
2021-03-09 09:33:00,3920.4436868455387,4063.53,-143.08631315446155
2021-03-09 09:34:00,3898.5005898140394,4026.33,-127.82941018596057
2021-03-09 09:35:00,3872.823625754865,3978.5999999999995,-105.77637424513432
2021-03-09 09:36:00,3826.367876632564,3935.25,-108.88212336743618
2021-03-09 09:37:00,3914.8424413447588,4017.94,-103.0975586552413
2021-03-09 09:38:00,3953.825365021854,4095.6,-141.77463497814597
2021-03-09 09:39:00,3977.289947128599,4139.6,-162.31005287140124
2021-03-09 09:40:00,4026.762090044589,4188.0,-161.23790995541094
2021-03-09 09:41:00,3119.7370166689025,3081.11,38.62701666890234
2021-03-09 09:42:00,4233.848656107494,4371.52,-137.67134389250623
2021-03-09 09:43:00,4105.261123509969,4204.9400000000005,-99.67887649003114
2021-03-09 09:44:00,4246.67575673358,4434.4800000000005,-187.8042432664206
2021-03-09 09:45:00,4042.422945230905,4130.120000000001,-87.69705476909576
2021-03-09 09:46:00,3229.984739294606,3334.63,-104.64526070539432
2021-03-09 09:47:00,2032.7502457030216,2032.61,0.14024570302171924
2021-03-09 09:48:00,2826.32032612269,2826.5299999999997,-0.2096738773097968
2021-03-09 09:49:00,2377.6261263672295,2145.68,231.94612636722968
2021-03-09 09:50:00,4286.239187927649,4339.9800000000005,-53.74081207235122
2021-03-09 09:51:00,2491.057931680573,2527.6800000000003,-36.6220683194274
2021-03-09 09:52:00,3790.386106453809,3731.76,58.626106453808916
2021-03-09 09:53:00,4306.653546918744,4517.58,-210.9264530812561
2021-03-09 09:54:00,4201.191398625709,4368.290000000001,-167.09860137429223
2021-03-09 09:55:00,4195.373736076297,4288.1,-92.7262639237033
2021-03-09 09:56:00,4162.611689858093,4256.55,-93.9383101419071
2021-03-09 09:57:00,4184.675570158498,4291.0599999999995,-106.38442984150151
2021-03-09 09:58:00,4224.56748657965,4300.29,-75.72251342034997
2021-03-09 09:59:00,4273.253888690656,4360.820000000001,-87.5661113093447
2021-03-09 10:00:00,3360.142337432258,3381.6400000000003,-21.49766256774228
2021-03-09 10:01:00,2843.3644375913595,2513.7599999999998,329.6044375913598
2021-03-09 10:02:00,4479.397579745126,4626.160000000001,-146.762420254875
2021-03-09 10:03:00,4517.829209538385,4696.67,-178.84079046161514
2021-03-09 10:04:00,2553.3984450389344,2402.8999999999996,150.49844503893473
2021-03-09 10:05:00,3939.9407877843705,4085.6200000000003,-145.67921221562983
2021-03-09 10:06:00,4181.57202880659,4310.74,-129.16797119340936
2021-03-09 10:07:00,4257.445401327221,4391.950000000001,-134.50459867278005
2021-03-09 10:08:00,4173.9079447292515,4280.54,-106.63205527074842
2021-03-09 10:09:00,4175.941095891111,4305.21,-129.26890410888882
2021-03-09 10:10:00,4171.198369671028,4257.44,-86.24163032897195
2021-03-09 10:11:00,4184.811856845618,4308.530000000001,-123.71814315438223
2021-03-09 10:12:00,4195.230802312871,4298.57,-103.33919768712894
2021-03-09 10:13:00,4236.278269982832,4350.36,-114.0817300171675
2021-03-09 10:14:00,4105.259790711569,4172.7,-67.4402092884311
2021-03-09 10:15:00,4289.692986188612,4300.38,-10.68701381138817
2021-03-09 10:16:00,1520.1880286679009,1641.8899999999999,-121.70197133209899
2021-03-09 10:17:00,2058.1788907582186,1861.7400000000002,196.43889075821835
2021-03-09 10:18:00,4643.20778075531,4688.35,-45.14221924469075
2021-03-09 10:19:00,3869.5229025442977,3960.7999999999997,-91.277097455702
2021-03-09 10:20:00,3915.2598006106814,3840.75,74.5098006106814
2021-03-09 10:21:00,4571.425389052693,4772.04,-200.61461094730657
2021-03-09 10:22:00,4214.432568632178,4277.8,-63.367431367822064
2021-03-09 10:23:00,4339.654738206086,4483.83,-144.1752617939137
2021-03-09 10:24:00,4326.688340329119,4441.9,-115.21165967088109
2021-03-09 10:25:00,4317.12621172765,4441.9,-124.77378827234952
2021-03-09 10:26:00,4297.448199910335,4389.4,-91.95180008966508
2021-03-09 10:27:00,4349.247677046036,4433.299999999999,-84.05232295396308
2021-03-09 10:28:00,4001.7154995096503,3914.2799999999997,87.43549950965053
2021-03-09 10:29:00,4460.5728834704005,4560.46,-99.88711652959955
2021-03-09 10:30:00,4362.724460160628,4459.38,-96.65553983937207
2021-03-09 10:31:00,4307.193128268359,4350.3,-43.10687173164115
2021-03-09 10:32:00,4299.505387253,4361.349999999999,-61.8446127469997
2021-03-09 10:33:00,4333.272501824906,4341.8,-8.527498175094479
2021-03-09 10:34:00,4308.380372940893,4382.6,-74.21962705910755
2021-03-09 10:35:00,4252.282616880896,4276.639999999999,-24.35738311910336
2021-03-09 10:36:00,4380.050896759395,4443.62,-63.56910324060482
2021-03-09 10:37:00,4288.804637543563,4350.3,-61.49536245643685
2021-03-09 10:38:00,4057.6063744263315,4108.790000000001,-51.18362557366936
2021-03-09 10:39:00,4522.5099953972995,4532.65,-10.140004602700174
2021-03-09 10:40:00,4556.8723930040005,4665.57,-108.6976069959992
2021-03-09 10:41:00,4539.4179207554,4620.68,-81.2620792446005
2021-03-09 10:42:00,4520.708429682624,4623.26,-102.55157031737599
2021-03-09 10:43:00,3888.3418348093605,3849.24,39.10183480936075
2021-03-09 10:44:00,4748.799020114371,4977.42,-228.6209798856289
2021-03-09 10:45:00,4655.399488596659,4767.68,-112.28051140334173
2021-03-09 10:46:00,4107.926574343884,4109.03,-1.1034256561160873
2021-03-09 10:47:00,4376.682579204349,4347.85,28.832579204348804
2021-03-09 10:48:00,4499.863655405231,4572.73,-72.86634459476863
2021-03-09 10:49:00,4415.72153314967,4529.360000000001,-113.63846685033059
2021-03-09 10:50:00,4468.289128303919,4518.530000000001,-50.24087169608174
2021-03-09 10:51:00,4507.65167110571,4627.8,-120.14832889428999
2021-03-09 10:52:00,4520.5642148050965,4602.6,-82.03578519490384
2021-03-09 10:53:00,4548.750377708003,4618.58,-69.82962229199711
2021-03-09 10:54:00,4538.144121833707,4630.99,-92.845878166293
2021-03-09 10:55:00,4553.360788422476,4630.99,-77.62921157752407
2021-03-09 10:56:00,4603.586536437379,4746.66,-143.07346356262042
2021-03-09 10:57:00,4715.594474417877,4907.119999999999,-191.5255255821221
2021-03-09 10:58:00,2745.9113007415285,2693.08,52.831300741528594
2021-03-09 10:59:00,2361.331300111787,2245.76,115.57130011178697
2021-03-09 11:00:00,4972.869036970999,5183.32,-210.45096302900038
2021-03-09 11:01:00,4576.893920940455,4738.0,-161.10607905954475
2021-03-09 11:02:00,1565.4600339633287,1506.3000000000002,59.16003396332849
2021-03-09 11:03:00,984.320637570833,1053.16,-68.83936242916707
2021-03-09 11:04:00,1312.8320603275263,1340.57,-27.737939672473658
2021-03-09 11:05:00,3967.32093088418,3692.8,274.52093088417996
2021-03-09 11:06:00,4251.913895921404,3788.3999999999996,463.5138959214046
2021-03-09 11:07:00,1832.6786403387239,1842.4,-9.72135966127621
2021-03-09 11:08:00,1747.1018959346256,1802.6799999999998,-55.57810406537419
2021-03-09 11:09:00,1775.3287800672063,1786.4099999999999,-11.081219932793601
2021-03-09 11:10:00,4173.490426006953,4156.77,16.72042600695295
2021-03-09 11:11:00,4788.634065152682,4843.84,-55.20593484731853
2021-03-09 11:12:00,5082.891066525866,5307.38,-224.48893347413377
2021-03-09 11:13:00,4914.325459519859,5085.22,-170.8945404801416
2021-03-09 11:14:00,4346.926496646676,4341.29,5.636496646676278
2021-03-09 11:15:00,2655.2375201876243,2620.84,34.397520187624195
2021-03-09 11:16:00,4844.60907896724,4998.71,-154.1009210327602
2021-03-09 11:17:00,4356.340480161663,4246.5599999999995,109.78048016166395
2021-03-09 11:18:00,4138.302510751581,4126.17,12.132510751581322
2021-03-09 11:19:00,4732.094171013266,4879.110000000001,-147.01582898673496
2021-03-09 11:20:00,4567.026957600718,4495.49,71.53695760071787
2021-03-09 11:21:00,3794.5757026183496,3590.8599999999997,203.71570261834995
2021-03-09 11:22:00,4599.5659615477225,4636.449999999999,-36.8840384522764
2021-03-09 11:23:00,4473.307832116449,4492.400000000001,-19.092167883551156
2021-03-09 11:24:00,4473.872290237947,4548.22,-74.34770976205346
2021-03-09 11:25:00,4581.834662231726,4660.11,-78.27533776827386
2021-03-09 11:26:00,3663.9583200655225,3534.19,129.7683200655224
2021-03-09 11:27:00,3082.2301682596726,2949.41,132.82016825967276
2021-03-09 11:28:00,4655.366494203213,4790.43,-135.06350579678747
2021-03-09 11:29:00,4481.4463839568125,4532.880000000001,-51.43361604318852
2021-03-09 11:30:00,4371.4737586644815,4418.1,-46.6262413355189
2021-03-09 11:31:00,4541.630347058936,4580.83,-39.199652941063505
2021-03-09 11:32:00,3918.3333459454466,3768.1400000000003,150.19334594544625
2021-03-09 11:33:00,4596.518608019098,4653.9,-57.38139198090175
2021-03-09 11:34:00,4450.766962913624,4495.040000000001,-44.27303708637646
2021-03-09 11:35:00,4449.379120431355,4408.360000000001,41.01912043135417
2021-03-09 11:36:00,4446.126951503724,4465.12,-18.99304849627606
2021-03-09 11:37:00,4551.989455597661,4595.07,-43.080544402339
2021-03-09 11:38:00,4403.868458992011,4447.25,-43.381541007988744
2021-03-09 11:39:00,4506.599257614459,4534.55,-27.95074238554116
2021-03-09 11:40:00,4553.184863286126,4661.05,-107.86513671387456
2021-03-09 11:41:00,4653.178811444338,4754.16,-100.9811885556619
2021-03-09 11:42:00,4620.258791530571,4713.16,-92.90120846942864
2021-03-09 11:43:00,4548.729703462796,4625.75,-77.02029653720365
2021-03-09 11:44:00,4450.151818928199,4477.85,-27.698181071801628
2021-03-09 11:45:00,4439.090389626019,4456.139999999999,-17.049610373980613
2021-03-09 11:46:00,3401.9741594255365,3319.1399999999994,82.83415942553711
2021-03-09 11:47:00,1759.9369642228496,1718.85,41.0869642228497
2021-03-09 11:48:00,3637.5288251695197,3572.06,65.46882516951973
2021-03-09 11:49:00,4042.6763552077905,4002.24,40.43635520779071
2021-03-09 11:50:00,4297.736897607801,4333.43,-35.69310239219885
2021-03-09 11:51:00,4364.639436357405,4387.32,-22.68056364259428
2021-03-09 11:52:00,4471.602189139029,4532.379999999999,-60.77781086097002
2021-03-09 11:53:00,4258.368959465156,4311.57,-53.20104053484374
2021-03-09 11:54:00,4340.932608818156,4293.59,47.342608818155895
2021-03-09 11:55:00,4152.989614758133,4093.78,59.20961475813283
2021-03-09 11:56:00,4217.879250950805,4204.709999999999,13.16925095080569
2021-03-09 11:57:00,4399.535250011922,4408.68,-9.144749988078729
2021-03-09 11:58:00,3138.363548796629,3075.67,62.693548796628875
2021-03-09 11:59:00,3620.760848263444,3449.71,171.0508482634441
2021-03-09 12:00:00,3620.7639838375403,4297.84,-677.0760161624598
2021-03-09 12:01:00,4251.503389393635,4278.759999999999,-27.25661060636412
2021-03-09 12:02:00,4236.543190677216,4218.48,18.06319067721688
2021-03-09 12:03:00,4200.437447123194,4193.81,6.627447123193633
2021-03-09 12:04:00,4226.770378014341,4203.28,23.49037801434133
2021-03-09 12:05:00,4214.82913179356,4221.719999999999,-6.890868206439336
2021-03-09 12:06:00,4234.907160988356,4216.049999999999,18.857160988356554
2021-03-09 12:07:00,4250.370233569644,4260.719999999999,-10.349766430354975
2021-03-09 12:08:00,4237.900096658978,4261.539999999999,-23.639903341020727
2021-03-09 12:09:00,4264.440884266539,4268.099999999999,-3.659115733460567
2021-03-09 12:10:00,4076.3520569504244,4000.0,76.35205695042441
2021-03-09 12:11:00,4165.293315507437,4140.6900000000005,24.60331550743649
2021-03-09 12:12:00,4213.370213054333,4043.1999999999994,170.170213054334
2021-03-09 12:13:00,4248.10438829798,4231.2,16.904388297980404
2021-03-09 12:14:00,4289.467930651619,4290.27,-0.8020693483813375
2021-03-09 12:15:00,4326.353762014109,4334.4,-8.046237985890912
2021-03-09 12:16:00,4321.911748304092,4303.55,18.361748304091634
2021-03-09 12:17:00,4331.073315336947,4358.08,-27.00668466305251
2021-03-09 12:18:00,4349.545765530193,4368.5,-18.95423446980658
2021-03-09 12:19:00,4349.541076963577,4386.0,-36.458923036422675
2021-03-09 12:20:00,4362.274981478157,4396.200000000001,-33.92501852184341
2021-03-09 12:21:00,4420.897131659877,4394.599999999999,26.297131659877778
2021-03-09 12:22:00,4348.427209573502,4333.5599999999995,14.867209573502805
2021-03-09 12:23:00,4355.059519570831,4346.16,8.899519570831217
2021-03-09 12:24:00,4308.915434941346,4305.210000000001,3.70543494134472
2021-03-09 12:25:00,4151.655857191991,4109.09,42.5658571919912
2021-03-09 12:26:00,4178.574037212254,4154.4,24.174037212254007
2021-03-09 12:27:00,4104.4788503281525,4062.12,42.358850328152585
2021-03-09 12:28:00,3985.475489800758,3880.5,104.97548980075817
2021-03-09 12:29:00,3989.602661276398,3952.0,37.60266127639807
2021-03-09 12:30:00,3923.750037114935,3865.0200000000004,58.730037114934476
2021-03-09 12:31:00,3965.00493712021,3901.5,63.50493712020989
2021-03-09 12:32:00,4140.029541226615,4098.52,41.5095412266146
2021-03-09 12:33:00,4034.566739185463,3968.7199999999993,65.84673918546378
2021-03-09 12:34:00,4000.8896545031116,3950.48,50.4096545031116
2021-03-09 12:35:00,4096.718484029155,4045.27,51.44848402915477
2021-03-09 12:36:00,4093.3212374917352,4055.59,37.7312374917351
2021-03-09 12:37:00,4129.7795269959,4091.41,38.36952699589983
2021-03-09 12:38:00,4170.112694166172,4123.33,46.782694166172405
2021-03-09 12:39:00,4226.82188240872,4169.6,57.221882408719466
2021-03-09 12:40:00,4141.163574063981,4082.7200000000003,58.44357406398103
2021-03-09 12:41:00,4114.240078470448,4042.5,71.74007847044777
2021-03-09 12:42:00,4154.540509900288,4158.4,-3.8594900997113655
2021-03-09 12:43:00,3983.414708653684,3971.63,11.784708653683992
2021-03-09 12:44:00,3992.1694121453493,3961.12,31.04941214534938
2021-03-09 12:45:00,4009.645581870356,3948.2,61.445581870356364
2021-03-09 12:46:00,3973.185871941583,3929.6,43.585871941583264
2021-03-09 12:47:00,4012.9801245212957,3973.2799999999997,39.70012452129595
2021-03-09 12:48:00,4101.106631785918,4104.84,-3.733368214082475
2021-03-09 12:49:00,4047.474284668529,3993.4500000000003,54.02428466852871
2021-03-09 12:50:00,4133.997782388244,4079.3999999999996,54.59778238824401
2021-03-09 12:51:00,4094.123064827541,4078.62,15.503064827541039
2021-03-09 12:52:00,4114.505927204204,4091.8799999999997,22.6259272042048
2021-03-09 12:53:00,4125.25989613035,4119.85,5.409896130349807
2021-03-09 12:54:00,4149.3536271618605,4150.66,-1.3063728381393958
2021-03-09 12:55:00,4138.865695584649,4107.68,31.185695584648784
2021-03-09 12:56:00,4107.373265075709,4090.3199999999997,17.053265075709533
2021-03-09 12:57:00,4159.12523188523,4175.2,-16.07476811476954
2021-03-09 12:58:00,4135.4058756021095,4121.43,13.975875602109227
2021-03-09 12:59:00,4032.5453043776865,3998.6100000000006,33.93530437768595
2021-03-09 13:00:00,3917.8494799208765,3899.25,18.599479920876547
2021-03-09 13:01:00,3943.564653964294,3921.75,21.81465396429394
2021-03-09 13:02:00,3955.435299387326,3962.13,-6.694700612674296
2021-03-09 13:03:00,4026.3817876067487,4035.1600000000003,-8.778212393251579
2021-03-09 13:04:00,4074.211175992004,4077.84,-3.6288240079961724
2021-03-09 13:05:00,4203.530033576889,4224.8099999999995,-21.279966423110636
2021-03-09 13:06:00,3448.0265515936585,3301.76,146.26655159365828
2021-03-09 13:07:00,4067.183807358823,4060.6,6.583807358822924
2021-03-09 13:08:00,4068.6512727316,4088.76,-20.108727268400344
2021-03-09 13:09:00,4092.3074398376125,4115.460000000001,-23.152560162388454
2021-03-09 13:10:00,4086.700395170717,4136.4400000000005,-49.73960482928351
2021-03-09 13:11:00,3983.9512178593563,3994.7200000000003,-10.768782140643907
2021-03-09 13:12:00,3487.888420514818,3333.96,153.92842051481784
2021-03-09 13:13:00,4280.170753423511,4347.47,-67.29924657648917
2021-03-09 13:14:00,3812.9849954890883,3783.84,29.14499548908816
2021-03-09 13:15:00,3759.92388785674,3655.6400000000003,104.28388785673951
2021-03-09 13:16:00,4248.31273400274,4284.129999999999,-35.8172659972588
2021-03-09 13:17:00,4175.712045833434,4268.099999999999,-92.38795416656558
2021-03-09 13:18:00,4116.979222680625,4141.18,-24.200777319375447
2021-03-09 13:19:00,3518.192318980607,3414.22,103.97231898060727
2021-03-09 13:20:00,3878.4525577613376,3819.8199999999997,58.63255776133792
2021-03-09 13:21:00,4075.76886112201,3819.8199999999997,255.94886112201038
2021-03-09 13:22:00,3949.174195301214,3947.25,1.9241953012137856
2021-03-09 13:23:00,3866.21487555613,3864.67,1.5448755561301368
2021-03-09 13:24:00,3877.5297978729295,3839.7999999999997,37.729797872929794
2021-03-09 13:25:00,3688.915074887719,3640.79,48.125074887719165
2021-03-09 13:26:00,3912.819473839313,3950.63,-37.810526160687004
2021-03-09 13:27:00,3785.574323354159,3795.84,-10.265676645841268
2021-03-09 13:28:00,3676.1459653006664,3637.6800000000003,38.465965300666085
2021-03-09 13:29:00,3404.811620016277,3409.61,-4.798379983722953
2021-03-09 13:30:00,3803.495070709835,3806.6400000000003,-3.144929290165237
2021-03-09 13:31:00,3777.2915315353093,3786.4800000000005,-9.188468464691141
2021-03-09 13:32:00,3715.3276544388177,3701.6000000000004,13.727654438817353
2021-03-09 13:33:00,3210.964213239214,2910.2299999999996,300.73421323921457
2021-03-09 13:34:00,3058.7698253127223,2933.82,124.94982531272217
2021-03-09 13:35:00,2906.2677076270625,2936.45,-30.182292372937354
2021-03-09 13:36:00,3320.770811819981,3216.91,103.86081181998134
2021-03-09 13:37:00,3707.972171804515,3708.6,-0.6278281954851082
2021-03-09 13:38:00,3525.93827544513,3530.34,-4.40172455487027
2021-03-09 13:39:00,3395.091334968442,3355.3799999999997,39.711334968442316
2021-03-09 13:40:00,3408.722695129346,3409.07,-0.3473048706541704
2021-03-09 13:41:00,3725.717852674315,3787.8499999999995,-62.1321473256844
2021-03-09 13:42:00,3834.390381498535,3834.6,-0.20961850146477445
2021-03-09 13:43:00,3844.9351293873974,3914.6000000000004,-69.66487061260295
2021-03-09 13:44:00,3789.509057089646,3851.27,-61.76094291035406
2021-03-09 13:45:00,3788.021546043155,3801.6000000000004,-13.578453956845351
2021-03-09 13:46:00,3722.9335912381443,3754.4799999999996,-31.54640876185522
2021-03-09 13:47:00,3709.7199102939467,3728.9199999999996,-19.20008970605295
2021-03-09 13:48:00,3707.420854617915,3709.2999999999997,-1.8791453820845163
2021-03-09 13:49:00,3686.304222641618,3689.7,-3.39577735838202
2021-03-09 13:50:00,3729.576455592349,3751.6400000000003,-22.063544407651534
2021-03-09 13:51:00,3842.631626842975,3816.7200000000003,25.911626842974783
2021-03-09 13:52:00,3855.5749198993567,3863.16,-7.585080100643154
2021-03-09 13:53:00,3737.1994350405544,3703.0,34.19943504055436
2021-03-09 13:54:00,3663.1518395857493,3657.0000000000005,6.151839585748803
2021-03-09 13:55:00,3609.159682109639,3607.4,1.7596821096390158
2021-03-09 13:56:00,3575.11592315582,3569.76,5.35592315581971
2021-03-09 13:57:00,3584.605325081569,3562.3900000000003,22.215325081568608
2021-03-09 13:58:00,3631.283359230481,3623.04,8.243359230481019
2021-03-09 13:59:00,3624.4749248768126,3609.4399999999996,15.034924876812966
2021-03-09 14:00:00,3640.135595707036,3600.55,39.585595707035736
2021-03-09 14:01:00,3592.8507150972655,3563.06,29.790715097265547
2021-03-09 14:02:00,3592.9595114508943,3546.3100000000004,46.6495114508939
2021-03-09 14:03:00,3576.75803894729,3541.6800000000003,35.07803894728977
2021-03-09 14:04:00,3586.0951189472385,3538.94,47.15511894723841
2021-03-09 14:05:00,3601.1858998864886,3572.44,28.745899886488587
2021-03-09 14:06:00,3598.986541162341,3543.63,55.35654116234082
2021-03-09 14:07:00,3574.7405233523646,3557.0300000000007,17.710523352363907
2021-03-09 14:08:00,3566.6324373357857,3553.01,13.622437335785435
2021-03-09 14:09:00,3555.752618104803,3550.33,5.42261810480295
2021-03-09 14:10:00,3529.3656139193204,3534.54,-5.1743860806795965
2021-03-09 14:11:00,3520.9633470453805,3539.2299999999996,-18.266652954619076
2021-03-09 14:12:00,3502.67323502363,3520.4399999999996,-17.766764976369814
2021-03-09 14:13:00,3501.7987553512453,3518.46,-16.661244648754746
2021-03-09 14:14:00,3497.7660703536076,3519.7799999999997,-22.01392964639217
2021-03-09 14:15:00,3477.2578041925553,3522.42,-45.16219580744473
2021-03-09 14:16:00,3473.018797608581,3527.7,-54.68120239141899
2021-03-09 14:17:00,3455.4620416467706,3475.55,-20.087958353229624
2021-03-09 14:18:00,3448.1400459885353,3468.4,-20.259954011464743
2021-03-09 14:19:00,3426.4023534192183,3451.56,-25.157646580781602
2021-03-09 14:20:00,3414.2626259746075,3424.6400000000003,-10.377374025392783
2021-03-09 14:21:00,3415.0699624703007,3436.16,-21.090037529699202
2021-03-09 14:22:00,3434.2319012618564,3456.09,-21.85809873814378
2021-03-09 14:23:00,3498.440057851821,3537.6000000000004,-39.1599421481792
2021-03-09 14:24:00,3408.9922161856766,3454.08,-45.0877838143233
2021-03-09 14:25:00,3443.3892426946704,3507.4,-64.01075730532966
2021-03-09 14:26:00,3538.873384326715,3551.8999999999996,-13.026615673284596
2021-03-09 14:27:00,2450.765892710347,2339.4800000000005,111.28589271034662
2021-03-09 14:28:00,3118.2570575372624,3135.21,-16.95294246273761
2021-03-09 14:29:00,3276.650387076131,3255.75,20.90038707613121
2021-03-09 14:30:00,3244.573025393513,3324.41,-79.83697460648682
2021-03-09 14:31:00,3448.170347146706,3484.0,-35.82965285329419
2021-03-09 14:32:00,3203.7603531900013,3173.8700000000003,29.89035319000095
2021-03-09 14:33:00,1126.0541313323579,1133.3600000000001,-7.305868667642244
2021-03-09 14:34:00,2247.7509679757127,2207.4399999999996,40.31096797571308
2021-03-09 14:35:00,3102.1687672687553,3187.1800000000003,-85.01123273124495
2021-03-09 14:36:00,3303.1658486230017,3311.35,-8.184151376998216
2021-03-09 14:37:00,3324.750611471176,3358.54,-33.78938852882402
2021-03-09 14:38:00,3435.5927494015277,3506.75,-71.15725059847227
2021-03-09 14:39:00,1911.9673639577722,1929.9600000000003,-17.992636042228014
2021-03-09 14:40:00,1077.3778163566726,2331.8899999999994,-1254.5121836433268
2021-03-09 14:41:00,3262.23198283815,3331.2099999999996,-68.9780171618495
2021-03-09 14:42:00,3255.6944894248413,3315.3499999999995,-59.65551057515813
2021-03-09 14:43:00,2625.7164839596344,2449.84,175.87648395963424
2021-03-09 14:44:00,3337.3409969996505,3344.6899999999996,-7.349003000349057
2021-03-09 14:45:00,3410.9422323114163,3466.2400000000002,-55.29776768858392
2021-03-09 14:46:00,1913.709461681209,1883.6999999999998,30.00946168120913
2021-03-09 14:47:00,2872.740741109549,2944.4700000000003,-71.72925889045109
2021-03-09 14:48:00,2469.1900859927987,2448.0,21.190085992798686
2021-03-09 14:49:00,2648.3988175089744,2635.13,13.26881750897428
2021-03-09 14:50:00,3470.608306420815,3519.1000000000004,-48.49169357918527
2021-03-09 14:51:00,2684.309294572868,2700.5,-16.19070542713189
2021-03-09 14:52:00,2924.5088815874406,2775.76,148.74888158744034
2021-03-09 14:53:00,3124.005090544971,3085.9800000000005,38.02509054497068
2021-03-09 14:54:00,1854.8363559954569,1817.8899999999999,36.946355995457
2021-03-09 14:55:00,1077.7161331562697,1112.1599999999999,-34.44386684373012
2021-03-09 14:56:00,1261.4772796626567,1294.17,-32.69272033734342
2021-03-09 14:57:00,2975.6940544348804,3067.12,-91.42594556511949
2021-03-09 14:58:00,2162.5192375432357,2144.77,17.749237543235722
2021-03-09 14:59:00,1448.7928471065877,1458.27,-9.477152893412267
2021-03-09 15:00:00,2790.603299922266,2699.4100000000003,91.19329992226585
2021-03-09 15:01:00,3063.4607686707373,3095.5699999999997,-32.10923132926246
2021-03-09 15:02:00,3076.949067722102,3164.4799999999996,-87.53093227789759
2021-03-09 15:03:00,3055.640221550035,3085.48,-29.839778449964797
2021-03-09 15:04:00,2264.3259278536007,2248.3900000000003,15.935927853600333
2021-03-09 15:05:00,3046.2421550073536,3070.0200000000004,-23.777844992646806
2021-03-09 15:06:00,3253.8599493647384,3328.16,-74.30005063526141
2021-03-09 15:07:00,3115.9783401939544,3136.64,-20.661659806045463
2021-03-09 15:08:00,1102.771036685859,1055.0,47.77103668585892
2021-03-09 15:09:00,1591.64977027981,1630.1999999999998,-38.55022972018992
2021-03-09 15:10:00,2995.4392850463137,3077.7599999999998,-82.32071495368609
2021-03-09 15:11:00,3346.7302514993016,3441.69,-94.95974850069842
2021-03-09 15:12:00,1859.5456430472675,1854.87,4.675643047267613
2021-03-09 15:13:00,1077.8905729982182,1116.3600000000001,-38.46942700178192
2021-03-09 15:14:00,1058.6117392465696,1103.8200000000002,-45.20826075343052
2021-03-09 15:15:00,1133.414152471984,1137.3600000000001,-3.945847528016202
2021-03-09 15:16:00,1142.4950245690952,1143.4500000000003,-0.9549754309050513
2021-03-09 15:17:00,1165.21662657502,1209.56,-44.34337342497997
2021-03-09 15:18:00,1259.5108029811215,1320.0,-60.489197018878485
2021-03-09 15:19:00,1370.805065157552,1373.75,-2.944934842447992
2021-03-09 15:20:00,1377.3440437003717,1338.96,38.38404370037165
2021-03-09 15:21:00,1022.776038213916,1050.13,-27.35396178608414
2021-03-09 15:22:00,1086.8089421831214,1159.62,-72.81105781687847
2021-03-09 15:23:00,1681.6858342779854,1673.85,7.835834277985441
2021-03-09 15:24:00,2049.4068178873545,2093.6400000000003,-44.23318211264586
2021-03-09 15:25:00,2350.3921192842204,2332.26,18.132119284220153
2021-03-09 15:26:00,953.2990557188186,1004.14,-50.84094428118135
2021-03-09 15:27:00,851.9817027546005,915.2800000000001,-63.29829724539957
2021-03-09 15:28:00,863.5419507778931,931.43,-67.88804922210682
2021-03-09 15:29:00,1233.7048905524764,1296.8,-63.095109447523555
2021-03-09 15:30:00,1356.4037290961724,1390.75,-34.346270903827644
2021-03-09 15:31:00,1850.1725148070286,1903.66,-53.48748519297146
2021-03-09 15:32:00,1227.4307709051566,1333.6799999999998,-106.24922909484326
2021-03-09 15:33:00,815.583410980972,905.76,-90.17658901902803
2021-03-09 15:34:00,645.1573138920521,749.28,-104.12268610794786
2021-03-09 15:35:00,626.3763301386457,709.8,-83.42366986135426
2021-03-09 15:36:00,680.2137474976897,789.45,-109.23625250231032
2021-03-09 15:37:00,833.6194810060131,853.26,-19.640518993986916
2021-03-09 15:38:00,755.6982475659224,777.94,-22.241752434077625
2021-03-09 15:39:00,685.2600246191854,707.72,-22.459975380814626
2021-03-09 15:40:00,660.6823898903941,716.56,-55.877610109605826
2021-03-09 15:41:00,1103.2041173211344,1152.8600000000001,-49.65588267886574
2021-03-09 15:42:00,1021.210131621955,1116.0,-94.78986837804496
2021-03-09 15:43:00,1482.7895439405281,1600.2299999999998,-117.44045605947167
2021-03-09 15:44:00,2641.0461862796615,2677.59,-36.543813720338676
2021-03-09 15:45:00,1443.1755011057646,1500.1200000000003,-56.94449889423572
2021-03-09 15:46:00,1798.7940380265031,1776.64,22.15403802650303
2021-03-09 15:47:00,1179.599834449346,1249.6799999999998,-70.08016555065387
2021-03-09 15:48:00,842.580056942989,932.45,-89.86994305701103
2021-03-09 15:49:00,978.5343813339265,1054.31,-75.77561866607346
2021-03-09 15:50:00,1461.7274282934004,1557.19,-95.46257170659965
2021-03-09 15:51:00,1487.6310296405504,1511.73,-24.098970359449595
2021-03-09 15:52:00,1388.285275078752,1383.25,5.035275078751965
2021-03-09 15:53:00,777.6859205200194,819.5999999999999,-41.9140794799805
2021-03-09 15:54:00,910.350225792898,969.39,-59.03977420710203
2021-03-09 15:55:00,995.8667407384887,1047.6599999999999,-51.79325926151114
2021-03-09 15:56:00,955.297534914244,993.96,-38.662465085756025
2021-03-09 15:57:00,1782.0469376434942,1807.0400000000004,-24.993062356506243
2021-03-09 15:58:00,836.731150715045,895.04,-58.30884928495493
2021-03-09 15:59:00,835.6990817055055,883.6800000000001,-47.980918294494586
2021-03-09 16:00:00,935.3318202639144,996.3000000000001,-60.96817973608563
2021-03-09 16:01:00,855.8789547709397,917.66,-61.78104522906028
2021-03-09 16:02:00,696.2692626611099,725.54,-29.270737338890058
2021-03-09 16:03:00,641.1440680026341,654.8399999999999,-13.695931997365847
2021-03-09 16:04:00,505.8390274682956,543.3,-37.46097253170433
2021-03-09 16:05:00,500.27925247571915,542.7,-42.4207475242809
2021-03-09 16:06:00,505.2449770087224,545.5,-40.2550229912776
2021-03-09 16:07:00,557.8463419399363,604.23,-46.38365806006368
2021-03-09 16:08:00,599.3576984457277,631.5,-32.14230155427231
2021-03-09 16:09:00,600.8219567992984,657.8399999999999,-57.01804320070153
2021-03-09 16:10:00,787.0972220638533,841.2,-54.10277793614671
2021-03-09 16:11:00,1183.389405845272,1197.42,-14.030594154728078
2021-03-09 16:12:00,1327.2759960772235,1316.06,11.215996077223508
2021-03-09 16:13:00,1505.2887696727378,1452.4,52.88876967273768
2021-03-09 16:14:00,1687.2252511885592,1678.5099999999998,8.715251188559478
2021-03-09 16:15:00,1085.9835634747938,1109.6,-23.616436525206154
2021-03-09 16:16:00,798.8083350775146,845.6400000000001,-46.831664922485515
2021-03-09 16:17:00,1540.36236143549,1464.8400000000001,75.52236143548976
2021-03-09 16:18:00,1697.5699864250578,1621.57,75.99998642505784
2021-03-09 16:19:00,1309.7484276015598,1295.8199999999997,13.928427601560088
2021-03-09 16:20:00,1397.6786577577313,1382.27,15.408657757731362
2021-03-09 16:21:00,968.079602918253,1006.3800000000001,-38.300397081747064
2021-03-09 16:22:00,924.020000889492,893.12,30.90000088949205
2021-03-09 16:23:00,643.78583066113,739.54,-95.75416933886993
2021-03-09 16:24:00,1174.34067785937,1235.74,-61.39932214062992
2021-03-09 16:25:00,1450.013313110084,1418.0,32.01331311008403
2021-03-09 16:26:00,1581.6842967308137,1534.6799999999998,47.00429673081385
2021-03-09 16:27:00,1507.1265517044246,1439.25,67.87655170442463
2021-03-09 16:28:00,1246.0077954333522,1207.0500000000002,38.957795433351976
2021-03-09 16:29:00,1243.289325708745,1163.41,79.879325708745
2021-03-09 16:30:00,936.463169825567,896.3199999999999,40.14316982556704
2021-03-09 16:31:00,1067.5062700440271,959.14,108.36627004402715
2021-03-09 16:32:00,767.470246657368,774.9,-7.4297533426320115
2021-03-09 16:33:00,516.2623268999616,565.23,-48.96767310003838
2021-03-09 16:34:00,466.3266366074524,540.8,-74.47336339254758
2021-03-09 16:35:00,451.65130467313634,364.77000000000004,86.8813046731363
2021-03-09 16:36:00,464.00104765501163,475.38,-11.378952344988363
2021-03-09 16:37:00,428.5940256176976,484.11,-55.51597438230243
2021-03-09 16:38:00,428.5301805010782,542.5,-113.96981949892182
2021-03-09 16:39:00,596.4658737400281,608.5200000000001,-12.054126259972008
2021-03-09 16:40:00,637.4658729410853,686.73,-49.26412705891471
2021-03-09 16:41:00,559.932906805685,685.0799999999999,-125.14709319431495
2021-03-09 16:42:00,600.4885849345508,663.96,-63.471415065449264
2021-03-09 16:43:00,528.5183260072334,632.4300000000001,-103.91167399276662
2021-03-09 16:44:00,497.5489128915309,607.2,-109.65108710846914
2021-03-09 16:45:00,533.7772346371066,605.33,-71.55276536289341
2021-03-09 16:46:00,493.2745333994619,541.1,-47.82546660053811
2021-03-09 16:47:00,373.97927350672086,480.4200000000001,-106.44072649327921
2021-03-09 16:48:00,409.4769521191218,441.27,-31.79304788087819
2021-03-09 16:49:00,332.1424579330797,424.56,-92.4175420669203
2021-03-09 16:50:00,335.04604356904065,396.93,-61.88395643095936
2021-03-09 16:51:00,295.4696095952677,367.57,-72.10039040473231
2021-03-09 16:52:00,275.7668911504717,341.5,-65.73310884952832
2021-03-09 16:53:00,298.4523348634777,315.0,-16.547665136522312
2021-03-09 16:54:00,299.54841348175177,319.02,-19.471586518248216
2021-03-09 16:55:00,288.70915836581025,347.41999999999996,-58.710841634189705
2021-03-09 16:56:00,328.2138592630681,382.27,-54.056140736931866
2021-03-09 16:57:00,297.3610881061098,397.36,-99.99891189389024
2021-03-09 16:58:00,364.232812890194,402.84000000000003,-38.607187109806034
2021-03-09 16:59:00,366.033753570661,428.0,-61.96624642933898
2021-03-09 17:00:00,310.3996335286965,390.19000000000005,-79.79036647130357
2021-03-09 17:01:00,334.4209789366941,370.78999999999996,-36.369021063305865
2021-03-09 17:02:00,253.8557948379446,320.16,-66.30420516205544
2021-03-09 17:03:00,252.2645402603451,285.28999999999996,-33.02545973965488
2021-03-09 17:04:00,192.84933303445413,262.4,-69.55066696554584
2021-03-09 17:05:00,199.39493930783377,209.60000000000002,-10.205060692166256
2021-03-09 17:06:00,240.71127552406267,209.20000000000002,31.511275524062654
2021-03-09 17:07:00,206.5823512450192,211.36,-4.777648754980817
2021-03-09 17:08:00,135.58682316993736,182.64000000000001,-47.053176830062654
2021-03-09 17:09:00,178.17755186722013,183.18,-5.002448132779875
2021-03-09 17:10:00,130.92380313227076,182.78,-51.85619686772924
2021-03-09 17:11:00,224.32077522136495,181.35,42.97077522136496
2021-03-09 17:12:00,207.014185767071,180.81,26.20418576707101
2021-03-09 17:13:00,168.47272291821736,182.10000000000002,-13.627277081782665
2021-03-09 17:14:00,100.85096538284772,183.53,-82.67903461715228
2021-03-09 17:15:00,184.77916124502457,183.36,1.4191612450245543
2021-03-09 17:16:00,162.82067205708785,182.23000000000002,-19.40932794291217
2021-03-09 17:17:00,142.5655903772007,184.23000000000002,-41.664409622799326
2021-03-09 17:18:00,137.08037639546507,159.51,-22.429623604534925
2021-03-09 17:19:00,103.64569811085221,159.63,-55.98430188914779
2021-03-09 17:20:00,113.42952403425967,130.92000000000002,-17.490475965740345
2021-03-09 17:21:00,114.23973934141691,129.68,-15.4402606585831
2021-03-09 17:22:00,105.16378594675497,129.09,-23.926214053245033
2021-03-09 17:23:00,101.49172661440413,128.39000000000001,-26.898273385595886
2021-03-09 17:24:00,95.68130079213643,127.29,-31.60869920786358
2021-03-09 17:25:00,99.85054026443389,126.93,-27.079459735566118
2021-03-09 17:26:00,86.15118465530622,101.66000000000001,-15.508815344693787
2021-03-09 17:27:00,80.80302105164866,91.94,-11.136978948351342
2021-03-09 17:28:00,71.4771114609288,56.790000000000006,14.68711146092879
2021-03-09 17:29:00,68.56434371109778,48.33,20.23434371109778
2021-03-09 17:30:00,58.780909669784805,40.27,18.5109096697848
2021-03-09 17:31:00,42.72004656928292,39.400000000000006,3.3200465692829155
2021-03-09 17:32:00,61.57197744876438,39.440000000000005,22.131977448764374
2021-03-09 17:33:00,41.526190616635255,26.1,15.426190616635253
2021-03-09 17:34:00,39.33148172943499,26.14,13.19148172943499
2021-03-09 17:35:00,31.588676117283555,25.85,5.738676117283553
2021-03-09 17:36:00,25.329344082088546,24.42,0.9093440820885448
2021-03-09 17:37:00,26.06320701752395,23.26,2.803207017523949
2021-03-09 17:38:00,45.586221542805944,21.82,23.766221542805944
2021-03-09 17:39:00,74.14098294811434,19.439999999999998,54.700982948114344
2021-03-09 17:40:00,51.802149089627314,19.770000000000003,32.03214908962731
2021-03-09 17:41:00,36.009812171725805,22.51,13.499812171725804
2021-03-09 17:42:00,86.74213848611748,23.200000000000003,63.54213848611748
2021-03-09 17:43:00,27.909509789586693,22.14,5.769509789586692
2021-03-09 17:44:00,49.87451570705311,21.08,28.794515707053115
2021-03-09 17:45:00,45.73660180192197,22.6,23.13660180192197
2021-03-09 17:46:00,47.68831172714021,19.400000000000002,28.288311727140208
2021-03-09 17:47:00,42.47755056612826,19.450000000000003,23.027550566128255
2021-03-09 17:52:00,26.70645958029195,10.82,15.886459580291948
2021-03-09 17:53:00,33.06301310146497,12.07,20.993013101464967
2021-03-10 05:22:00,53.366815529778194,20.32,33.04681552977819
2021-03-10 05:23:00,51.83958131723488,23.68,28.15958131723488
2021-03-10 05:24:00,49.17534587193694,23.68,25.49534587193694
2021-03-10 05:25:00,56.34950427309875,40.03,16.31950427309875
2021-03-10 05:26:00,49.66863608557288,49.25,0.4186360855728779
2021-03-10 05:27:00,54.839969519423754,49.870000000000005,4.969969519423749
2021-03-10 05:28:00,66.95392286905519,50.27000000000001,16.68392286905518
2021-03-10 05:29:00,63.10040913132722,51.74,11.360409131327216
2021-03-10 05:30:00,69.66586368867064,51.900000000000006,17.765863688670635
2021-03-10 05:31:00,30.382756740411097,53.2,-22.817243259588906
2021-03-10 05:32:00,30.733790443979217,53.940000000000005,-23.206209556020788
2021-03-10 05:33:00,29.565545792750783,53.78,-24.21445420724922
2021-03-10 05:34:00,36.247626521671876,55.480000000000004,-19.232373478328128
2021-03-10 05:35:00,53.92692107112938,56.120000000000005,-2.1930789288706265
2021-03-10 05:36:00,58.71753584490592,55.64000000000001,3.07753584490591
2021-03-10 05:37:00,58.17803337030379,56.870000000000005,1.3080333703037823
2021-03-10 05:38:00,64.75809629060691,55.81,8.948096290606912
2021-03-10 05:39:00,83.93724232353252,57.510000000000005,26.42724232353251
2021-03-10 05:40:00,66.62847285292807,57.900000000000006,8.728472852928064
2021-03-10 05:41:00,87.10010469153995,57.36000000000001,29.740104691539948
2021-03-10 05:42:00,58.29603640382612,58.67,-0.37396359617387986
2021-03-10 05:43:00,65.80563740613816,59.290000000000006,6.515637406138154
2021-03-10 05:44:00,127.14314958745607,57.330000000000005,69.81314958745605
2021-03-10 05:45:00,49.81536634322125,172.15,-122.33463365677875
2021-03-10 05:46:00,102.94274899210023,172.63,-69.68725100789976
2021-03-10 05:47:00,123.44462097987945,175.02,-51.575379020120565
2021-03-10 05:48:00,81.40111387587811,183.59,-102.1888861241219
2021-03-10 05:49:00,106.66705816544525,155.19,-48.52294183455474
2021-03-10 05:50:00,121.2631540746741,181.79,-60.52684592532589
2021-03-10 05:51:00,68.42101947572931,214.56,-146.1389805242707
2021-03-10 05:52:00,162.6753502692497,272.05,-109.37464973075032
2021-03-10 05:53:00,180.12871189159418,324.65999999999997,-144.5312881084058
2021-03-10 05:54:00,358.48332377077173,345.89,12.593323770771747
2021-03-10 05:55:00,207.55129670224045,275.22,-67.66870329775958
2021-03-10 05:56:00,222.8760057583848,264.65,-41.773994241615185
2021-03-10 05:57:00,145.99545137173936,295.51,-149.51454862826063
2021-03-10 05:58:00,330.22214880206917,328.98,1.2421488020691527
2021-03-10 05:59:00,361.36543861417584,358.96000000000004,2.4054386141758073
2021-03-10 06:00:00,310.8631053684402,389.40999999999997,-78.54689463155978
2021-03-10 06:01:00,288.6612686073397,346.0,-57.33873139266029
2021-03-10 06:02:00,252.29915730003313,346.0,-93.70084269996687
2021-03-10 06:03:00,345.76503023916075,347.91999999999996,-2.154969760839208
2021-03-10 06:04:00,317.46893159019004,317.03999999999996,0.428931590190075
2021-03-10 06:05:00,202.07575617337216,322.02,-119.94424382662783
2021-03-10 06:06:00,415.5986702562082,387.03,28.568670256208236
2021-03-10 06:07:00,416.66832340205707,389.76,26.90832340205708
2021-03-10 06:08:00,395.585126255265,351.99,43.59512625526497
2021-03-10 06:09:00,320.3950709140383,289.38,31.01507091403829
2021-03-10 06:10:00,410.54733294694125,413.02,-2.4726670530587285
2021-03-10 06:11:00,462.26299466164113,442.40000000000003,19.862994661641096
2021-03-10 06:12:00,541.4177043362425,501.03,40.387704336242564
2021-03-10 06:13:00,536.5033300922075,528.15,8.353330092207557
2021-03-10 06:14:00,532.0230877798515,584.97,-52.94691222014853
2021-03-10 06:15:00,586.0416266623461,615.12,-29.078373337653943
2021-03-10 06:16:00,696.8549090206958,699.3900000000001,-2.5350909793043
2021-03-10 06:17:00,456.56991682516787,549.5,-92.93008317483213
2021-03-10 06:18:00,539.8383406284782,464.67,75.16834062847823
2021-03-10 06:19:00,483.2656163688181,465.6,17.665616368818064
2021-03-10 06:20:00,686.7640067492699,578.9100000000001,107.85400674926984
2021-03-10 06:21:00,560.9013186066173,586.36,-25.458681393382676
2021-03-10 06:22:00,633.6037728196069,583.6700000000001,49.933772819606816
2021-03-10 06:23:00,376.9050998777116,347.87,29.035099877711616
2021-03-10 06:24:00,323.30623012750056,347.53999999999996,-24.23376987249941
2021-03-10 06:25:00,497.099924392058,582.14,-85.04007560794196
2021-03-10 06:26:00,498.9108082277631,436.24,62.670808227763075
2021-03-10 06:27:00,401.9024909757441,351.93999999999994,49.962490975744174
2021-03-10 06:28:00,603.3064193147226,526.0699999999999,77.23641931472264
2021-03-10 06:29:00,328.54816635724643,349.93999999999994,-21.39183364275351
2021-03-10 06:30:00,405.8382384158596,351.03999999999996,54.79823841585966
2021-03-10 06:31:00,407.4697292895942,410.91999999999996,-3.450270710405732
2021-03-10 06:32:00,777.8978710766229,760.6500000000001,17.2478710766228
2021-03-10 06:33:00,915.1168682801919,934.35,-19.23313171980817
2021-03-10 06:34:00,986.473536415356,958.9699999999999,27.503536415356052
2021-03-10 06:35:00,906.6834745716714,898.24,8.443474571671345
2021-03-10 06:36:00,834.2958395318612,807.05,27.245839531861293
2021-03-10 06:37:00,412.51951659354484,460.11,-47.59048340645518
2021-03-10 06:38:00,425.86586008247133,433.6,-7.734139917528694
2021-03-10 06:39:00,370.9805411503222,433.28000000000003,-62.29945884967782
2021-03-10 06:40:00,524.9716434740014,520.86,4.111643474001426
2021-03-10 06:41:00,691.6224637507638,700.79,-9.16753624923615
2021-03-10 06:42:00,846.5088703866568,977.8399999999999,-131.33112961334314
2021-03-10 06:43:00,817.7029798186711,807.72,9.982979818671083
2021-03-10 06:44:00,687.5473096438549,720.0700000000002,-32.52269035614529
2021-03-10 06:45:00,503.78935658270944,560.3,-56.51064341729051
2021-03-10 06:46:00,480.66272525969424,430.96000000000004,49.702725259694205
2021-03-10 06:47:00,350.35460589793786,404.1,-53.745394102062164
2021-03-10 06:48:00,265.9437907201903,434.72,-168.77620927980973
2021-03-10 06:49:00,792.1786863577119,879.04,-86.86131364228811
2021-03-10 06:50:00,1229.9193723489304,1265.96,-36.0406276510696
2021-03-10 06:51:00,1379.3958164324395,1405.92,-26.524183567560613
2021-03-10 06:52:00,1401.1579086690124,1510.8400000000001,-109.68209133098776
2021-03-10 06:53:00,1370.8211749799136,1443.08,-72.2588250200863
2021-03-10 06:54:00,809.7521314864292,885.6,-75.8478685135708
2021-03-10 06:55:00,504.7392998911924,530.1,-25.360700108807634
2021-03-10 06:56:00,496.11275311569085,490.95000000000005,5.162753115690805
2021-03-10 06:57:00,418.4828156650985,460.66,-42.17718433490154
2021-03-10 06:58:00,577.5975632477247,606.6500000000001,-29.052436752275412
2021-03-10 06:59:00,572.7033126440906,776.44,-203.73668735590945
2021-03-10 07:00:00,754.1200718192736,774.48,-20.359928180726456
2021-03-10 07:01:00,540.4738271125913,622.45,-81.97617288740878
2021-03-10 07:02:00,411.7080228360604,537.0999999999999,-125.39197716393949
2021-03-10 07:03:00,463.3575818070546,514.87,-51.512418192945404
2021-03-10 07:04:00,420.0320610689728,490.14,-70.1079389310272
2021-03-10 07:05:00,422.926591873204,517.94,-95.01340812679604
2021-03-10 07:06:00,512.7460976067722,570.08,-57.333902393227845
2021-03-10 07:07:00,483.62255608572775,537.4,-53.777443914272226
2021-03-10 07:08:00,460.49482081841865,514.09,-53.595179181581386
2021-03-10 07:09:00,448.12986300311644,506.77,-58.64013699688354
2021-03-10 07:10:00,410.4282310232063,487.53,-77.10176897679366
2021-03-10 07:11:00,450.2484480752519,520.3900000000001,-70.14155192474823
2021-03-10 07:12:00,535.8451286597373,609.84,-73.99487134026276
2021-03-10 07:13:00,752.3239043437965,896.1600000000001,-143.8360956562036
2021-03-10 07:14:00,2033.3764725473236,2241.33,-207.95352745267633
2021-03-10 07:15:00,1901.9310318197595,2073.36,-171.42896818024064
2021-03-10 07:16:00,2101.6361751991362,2297.8999999999996,-196.2638248008634
2021-03-10 07:17:00,2388.5901057395768,2556.8100000000004,-168.21989426042364
2021-03-10 07:18:00,1341.722184109702,1358.0900000000001,-16.36781589029806
2021-03-10 07:19:00,1008.5089596900408,1106.4,-97.8910403099593
2021-03-10 07:20:00,1153.8601467244375,1123.1,30.760146724437618
2021-03-10 07:21:00,647.9733682548745,648.8399999999999,-0.8666317451254599
2021-03-10 07:22:00,581.235397547152,680.0899999999999,-98.85460245284787
2021-03-10 07:23:00,712.9212240563485,711.6200000000001,1.3012240563483601
2021-03-10 07:24:00,657.546338740709,715.26,-57.71366125929103
2021-03-10 07:25:00,669.2469512155623,737.9200000000001,-68.67304878443781
2021-03-10 07:26:00,842.7220586226962,941.12,-98.39794137730382
2021-03-10 07:27:00,1224.642274992045,1289.6399999999999,-64.99772500795484
2021-03-10 07:28:00,950.5456152296058,966.3199999999999,-15.774384770394136
2021-03-10 07:29:00,913.9453354358287,1053.36,-139.41466456417118
2021-03-10 07:30:00,1268.8453478469498,1166.3400000000001,102.50534784694969
2021-03-10 07:31:00,1133.4767223573347,1252.65,-119.17327764266543
2021-03-10 07:32:00,1503.2006172084846,1683.6000000000001,-180.39938279151556
2021-03-10 07:33:00,2347.3217044718695,2384.7200000000003,-37.3982955281308
2021-03-10 07:34:00,1331.4097073947403,1297.4499999999998,33.95970739474046
2021-03-10 07:35:00,1327.066220356987,1467.73,-140.66377964301296
2021-03-10 07:36:00,1066.9115252785375,1295.3799999999999,-228.46847472146237
2021-03-10 07:37:00,1571.6666878111785,1904.6799999999998,-333.0133121888214
2021-03-10 07:38:00,2381.462789819646,2599.9700000000003,-218.50721018035438
2021-03-10 07:39:00,2435.834447722612,2645.4799999999996,-209.64555227738765
2021-03-10 07:40:00,2270.64898812026,2478.2799999999997,-207.63101187973962
2021-03-10 07:41:00,1831.987181938411,1999.8,-167.81281806158904
2021-03-10 07:42:00,2215.4990100414107,2341.5,-126.00098995858934
2021-03-10 07:43:00,1761.4658165346934,1839.9699999999998,-78.50418346530637
2021-03-10 07:44:00,315.4884186120146,487.02,-171.5315813879854
2021-03-10 07:45:00,352.00464445843073,417.6,-65.59535554156929
2021-03-10 07:46:00,431.58564523802676,391.96000000000004,39.62564523802672
2021-03-10 07:47:00,289.72503849154543,422.40000000000003,-132.6749615084546
2021-03-10 07:48:00,425.831061840666,451.11,-25.278938159334018
2021-03-10 07:49:00,425.07338909142544,452.22,-27.146610908574587
2021-03-10 07:50:00,428.6946205158907,485.37,-56.67537948410933
2021-03-10 07:51:00,814.1347957006318,863.04,-48.905204299368165
2021-03-10 07:52:00,2733.784427952983,2954.4799999999996,-220.6955720470164
2021-03-10 07:53:00,2943.0720968801106,3089.5,-146.42790311988938
2021-03-10 07:54:00,3271.9391003521673,3497.84,-225.90089964783283
2021-03-10 07:55:00,3408.032250727621,3652.74,-244.7077492723788
2021-03-10 07:56:00,2816.5428744869196,2983.8900000000003,-167.34712551308075
2021-03-10 07:57:00,1483.9877910855128,1581.95,-97.96220891448729
2021-03-10 07:58:00,1429.1750036479964,1497.2,-68.02499635200365
2021-03-10 07:59:00,1314.0135368469178,1391.94,-77.9264631530823
2021-03-10 08:00:00,1177.563426782608,1285.4399999999998,-107.87657321739175
2021-03-10 08:01:00,1160.3083938921009,1317.12,-156.81160610789902
2021-03-10 08:02:00,1197.8494403023665,1346.6599999999999,-148.81055969763338
2021-03-10 08:03:00,1866.7745872111302,1994.4,-127.62541278886988
2021-03-10 08:04:00,1963.6194064023116,2055.16,-91.54059359768826
2021-03-10 08:05:00,1319.3968557705646,1390.9099999999999,-71.51314422943528
2021-03-10 08:06:00,1232.0975130557752,1339.54,-107.44248694422481
2021-03-10 08:07:00,1133.4219926724159,1254.6499999999999,-121.22800732758401
2021-03-10 08:08:00,1026.7167382382024,1169.3700000000001,-142.6532617617977
2021-03-10 08:09:00,1088.3589723997643,1204.5,-116.1410276002357
2021-03-10 08:10:00,1026.106968708416,1115.65,-89.54303129158416
2021-03-10 08:11:00,1007.0971000086178,1044.81,-37.71289999138219
2021-03-10 08:12:00,1026.5732374306278,1214.8400000000001,-188.2667625693723
2021-03-10 08:13:00,1330.2022787583749,1392.75,-62.54772124162514
2021-03-10 08:14:00,2131.3712985187353,2224.57,-93.19870148126483
2021-03-10 08:15:00,1685.2532204971837,1740.75,-55.49677950281625
2021-03-10 08:16:00,1790.6376815829517,1951.95,-161.31231841704835
2021-03-10 08:17:00,2190.779243097579,2249.42,-58.64075690242089
2021-03-10 08:18:00,3734.339492302861,4080.44,-346.10050769713916
2021-03-10 08:19:00,2220.3699217898825,2376.02,-155.6500782101175
2021-03-10 08:20:00,1467.4850639366812,1691.0500000000002,-223.564936063319
2021-03-10 08:21:00,1765.6169182589706,1918.6999999999998,-153.08308174102922
2021-03-10 08:22:00,3597.0981256417717,3803.28,-206.18187435822847
2021-03-10 08:23:00,3484.1353611454524,3687.6400000000003,-203.50463885454792
2021-03-10 08:24:00,3380.235314235708,3578.5199999999995,-198.28468576429168
2021-03-10 08:25:00,3173.9561192503593,3295.22,-121.26388074964052
2021-03-10 08:26:00,3471.408559702499,3631.4000000000005,-159.9914402975014
2021-03-10 08:27:00,3396.9981209286625,3586.2299999999996,-189.23187907133706
2021-03-10 08:28:00,3344.909173504822,3533.46,-188.55082649517817
2021-03-10 08:29:00,2594.4963431033893,2630.58,-36.08365689661059
2021-03-10 08:30:00,3219.924728694612,3317.9300000000003,-98.0052713053883
2021-03-10 08:31:00,3307.0051782748883,3482.0299999999997,-175.02482172511145
2021-03-10 08:32:00,3275.03126126161,3418.5200000000004,-143.48873873839057
2021-03-10 08:33:00,2886.9874514977764,3072.3,-185.31254850222376
2021-03-10 08:34:00,2504.019487729109,2448.36,55.65948772910906
2021-03-10 08:35:00,3066.8049775402924,3175.38,-108.57502245970772
2021-03-10 08:36:00,3535.4622288412406,3728.58,-193.1177711587593
2021-03-10 08:37:00,3472.586482501841,3560.9399999999996,-88.35351749815845
2021-03-10 08:38:00,2330.9744863600595,2424.1099999999997,-93.1355136399402
2021-03-10 08:39:00,3029.306717321603,3081.16,-51.85328267839668
2021-03-10 08:40:00,3218.3000720560967,3346.76,-128.4599279439035
2021-03-10 08:41:00,2077.980832474335,2037.08,40.90083247433495
2021-03-10 08:42:00,3229.2557339771356,3391.92,-162.66426602286447
2021-03-10 08:43:00,3217.3451765214777,3337.29,-119.94482347852227
2021-03-10 08:44:00,3225.1138626163192,3340.38,-115.26613738368087
2021-03-10 08:45:00,3181.899486103653,3354.09,-172.19051389634706
2021-03-10 08:46:00,3209.153452037047,3369.24,-160.08654796295286
2021-03-10 08:47:00,3224.949259623264,3391.29,-166.340740376736
2021-03-10 08:48:00,3246.891720111177,3425.28,-178.38827988882304
2021-03-10 08:49:00,3248.862686756827,3431.04,-182.1773132431731
2021-03-10 08:50:00,3328.60230131458,3450.24,-121.63769868541976
2021-03-10 08:51:00,3329.0522751878425,3464.05,-134.99772481215768
2021-03-10 08:52:00,3319.5218169237164,3503.4799999999996,-183.95818307628315
2021-03-10 08:53:00,3332.60260303969,3483.15,-150.54739696030992
2021-03-10 08:54:00,3325.6452184579302,3519.7799999999997,-194.1347815420695
2021-03-10 08:55:00,2880.4161705492484,3053.56,-173.14382945075158
2021-03-10 08:56:00,1985.2081242582187,2026.4199999999998,-41.211875741781114
2021-03-10 08:57:00,3387.8597568212467,3521.36,-133.5002431787534
2021-03-10 08:58:00,3027.6920118348753,3092.0299999999997,-64.33798816512444
2021-03-10 08:59:00,3410.094046301865,3563.02,-152.9259536981349
2021-03-10 09:00:00,3495.9078716799363,3642.1800000000003,-146.27212832006398
2021-03-10 09:01:00,3161.2937738454234,3270.5,-109.2062261545766
2021-03-10 09:02:00,3479.5261448624615,3654.2400000000002,-174.71385513753876
2021-03-10 09:03:00,3457.2147278210177,3617.6,-160.38527217898218
2021-03-10 09:04:00,3402.3811966010717,3578.4700000000003,-176.08880339892858
2021-03-10 09:05:00,3468.660051777768,3603.73,-135.06994822223214
2021-03-10 09:06:00,3506.9996550975516,3642.75,-135.75034490244843
2021-03-10 09:07:00,3468.969152960715,3691.2799999999997,-222.3108470392849
2021-03-10 09:08:00,3473.87911354274,3709.88,-236.0008864572601
2021-03-10 09:09:00,3550.297373337159,3762.29,-211.99262666284085
2021-03-10 09:10:00,1219.1202207782208,1307.25,-88.12977922177924
2021-03-10 09:11:00,1968.0935214250815,2038.3199999999997,-70.22647857491825
2021-03-10 09:12:00,3278.269636710254,3134.2200000000003,144.0496367102537
2021-03-10 09:13:00,3719.699400271624,3926.4700000000003,-206.77059972837606
2021-03-10 09:14:00,3699.129024007254,3852.0000000000005,-152.87097599274648
2021-03-10 09:15:00,3643.8649396376477,3846.2400000000002,-202.37506036235254
2021-03-10 09:16:00,3679.9823230152983,3826.08,-146.0976769847016
2021-03-10 09:17:00,3684.025742236336,3858.05,-174.02425776366408
2021-03-10 09:18:00,3674.47022650834,3860.9699999999993,-186.4997734916592
2021-03-10 09:19:00,3708.0795628861124,3862.5299999999997,-154.45043711388735
2021-03-10 09:20:00,3775.0220479649493,3913.16,-138.1379520350506
2021-03-10 09:21:00,3833.1259306648617,4031.25,-198.1240693351383
2021-03-10 09:22:00,3889.320531939944,4126.2,-236.87946806005584
2021-03-10 09:23:00,2340.362077273233,2396.25,-55.8879227267671
2021-03-10 09:24:00,3760.7685271586424,3735.68,25.08852715864259
2021-03-10 09:25:00,3686.7839993735465,3736.7299999999996,-49.94600062645304
2021-03-10 09:26:00,4282.782292278983,4462.71,-179.9277077210172
2021-03-10 09:27:00,4163.0040162268315,4374.1,-211.09598377316888
2021-03-10 09:28:00,2478.0966028632697,2612.8,-134.70339713673047
2021-03-10 09:29:00,2397.2121027070352,2489.2799999999997,-92.06789729296452
2021-03-10 09:30:00,3985.2437679108384,3995.5,-10.256232089161585
2021-03-10 09:31:00,3949.966122766787,4038.65,-88.68387723321302
2021-03-10 09:32:00,1917.0607929521682,1846.25,70.81079295216819
2021-03-10 09:33:00,3481.8541258140613,3538.46,-56.605874185938774
2021-03-10 09:34:00,4232.698828539416,4416.72,-184.0211714605839
2021-03-10 09:35:00,4111.962064515545,4246.02,-134.0579354844558
2021-03-10 09:36:00,4099.069972906787,4252.24,-153.1700270932124
2021-03-10 09:37:00,4062.19943459304,4202.47,-140.27056540696003
2021-03-10 09:38:00,4158.838936497705,4342.4800000000005,-183.64106350229576
2021-03-10 09:39:00,2834.31910877782,2839.09,-4.770891222180126
2021-03-10 09:40:00,3461.832481073434,3174.7300000000005,287.1024810734334
2021-03-10 09:41:00,4396.687574097796,4582.16,-185.47242590220412
2021-03-10 09:42:00,3593.3520621490834,3559.1500000000005,34.20206214908285
2021-03-10 09:43:00,1628.0449197766477,1646.31,-18.265080223352243
2021-03-10 09:44:00,2008.4633944271068,2077.1,-68.63660557289313
2021-03-10 09:45:00,1380.8741097589066,1449.93,-69.0558902410935
2021-03-10 09:46:00,1568.0406948797415,1599.3000000000002,-31.25930512025866
2021-03-10 09:47:00,3791.810363517572,3794.4300000000003,-2.6196364824281773
2021-03-10 09:48:00,4710.656698953524,5044.5,-333.843301046476
2021-03-10 09:49:00,3646.1594598890924,3612.1500000000005,34.009459889091886
2021-03-10 09:50:00,3087.7858444664435,2990.79,96.99584446644349
2021-03-10 09:51:00,2844.0253566890174,3019.75,-175.72464331098263
2021-03-10 09:52:00,1540.3293412613098,1587.0,-46.670658738690236
2021-03-10 09:53:00,1543.6308229496278,1569.73,-26.09917705037219
2021-03-10 09:54:00,2008.0975534066108,1953.0,55.097553406610814
2021-03-10 09:55:00,1633.7176949060613,1658.19,-24.472305093938758
2021-03-10 09:56:00,1571.5166336039779,1530.94,40.576633603977825
2021-03-10 09:57:00,1875.626152394429,1764.94,110.68615239442897
2021-03-10 09:58:00,1337.313560021206,1314.04,23.273560021206094
2021-03-10 09:59:00,1278.680633349348,1239.4699999999998,39.2106333493482
2021-03-10 10:00:00,1403.904904375384,1387.67,16.23490437538385
2021-03-10 10:01:00,1429.7748719700226,1445.94,-16.165128029977495
2021-03-10 10:02:00,3956.2070533210335,4116.74,-160.53294667896625
2021-03-10 10:03:00,4782.8760153699195,5062.400000000001,-279.52398463008103
2021-03-10 10:04:00,4666.259200771118,4876.69,-210.43079922888137
2021-03-10 10:05:00,3356.763226978287,4552.84,-1196.076773021713
2021-03-10 10:06:00,3616.9553750411824,3181.13,435.82537504118227
2021-03-10 10:07:00,3616.9449365827713,4151.93,-534.985063417229
2021-03-10 10:08:00,2194.338457456715,2996.0099999999998,-801.6715425432849
2021-03-10 10:09:00,4480.246232347009,4712.55,-232.30376765299116
2021-03-10 10:10:00,4344.570500916574,4531.34,-186.76949908342613
2021-03-10 10:11:00,4317.347929837349,4458.25,-140.9020701626514
2021-03-10 10:12:00,4303.8024705354055,4424.02,-120.21752946459492
2021-03-10 10:13:00,4235.245530189651,4336.750000000001,-101.5044698103502
2021-03-10 10:14:00,4219.369998592823,4295.16,-75.79000140717653
2021-03-10 10:15:00,4236.423824050613,4341.7300000000005,-105.30617594938758
2021-03-10 10:16:00,4249.227091977712,4399.08,-149.85290802228792
2021-03-10 10:17:00,4274.978891005732,4420.75,-145.7711089942677
2021-03-10 10:18:00,4270.869116586535,4398.24,-127.37088341346498
2021-03-10 10:19:00,4228.484750498391,4311.02,-82.53524950160954
2021-03-10 10:20:00,4227.710248455932,4311.85,-84.13975154406853
2021-03-10 10:21:00,4214.500912280729,4259.08,-44.57908771927123
2021-03-10 10:22:00,4233.369957752703,4281.29,-47.920042247296806
2021-03-10 10:23:00,4256.9518187689555,4324.040000000001,-67.08818123104538
2021-03-10 10:24:00,2896.1946453562186,2840.9400000000005,55.254645356218134
2021-03-10 10:25:00,1563.2927890813587,1540.8,22.49278908135875
2021-03-10 10:26:00,4425.173623849886,4557.93,-132.7563761501142
2021-03-10 10:27:00,4296.898441421575,4395.13,-98.23155857842539
2021-03-10 10:28:00,4266.648271958471,4367.460000000001,-100.81172804152993
2021-03-10 10:29:00,4261.01634670621,4357.500000000001,-96.48365329379067
2021-03-10 10:30:00,4267.044145572415,4325.960000000001,-58.915854427586055
2021-03-10 10:31:00,4289.207140227319,4317.66,-28.452859772681222
2021-03-10 10:32:00,4294.9552596925805,4336.75,-41.79474030741949
2021-03-10 10:33:00,4146.356820558415,4164.0,-17.643179441584834
2021-03-10 10:34:00,4211.6731188917265,4202.28,9.393118891726772
2021-03-10 10:35:00,4322.012757948259,4374.72,-52.70724205174156
2021-03-10 10:36:00,3609.898964673498,3633.02,-23.121035326501897
2021-03-10 10:37:00,4308.315884904881,4373.25,-64.93411509511861
2021-03-10 10:38:00,4291.879727372263,4326.790000000001,-34.91027262773787
2021-03-10 10:39:00,4298.275344730992,4347.84,-49.564655269007744
2021-03-10 10:40:00,4257.7469150349025,4351.6900000000005,-93.94308496509802
2021-03-10 10:41:00,4295.831388686113,4352.04,-56.20861131388665
2021-03-10 10:42:00,4328.987868646182,4345.32,-16.332131353818113
2021-03-10 10:43:00,4308.518340078555,4372.2,-63.68165992144441
2021-03-10 10:44:00,4337.834683300905,4366.32,-28.485316699094255
2021-03-10 10:45:00,4313.933584586701,4400.25,-86.31641541329918
2021-03-10 10:46:00,4329.289295466344,4425.1,-95.81070453365646
2021-03-10 10:47:00,4340.071933245976,4400.76,-60.688066754024476
2021-03-10 10:48:00,4342.776796870955,4410.32,-67.54320312904474
2021-03-10 10:49:00,4326.800321430747,4394.29,-67.48967856925265
2021-03-10 10:50:00,4317.627035601267,4374.72,-57.092964398732875
2021-03-10 10:51:00,4325.021561635172,4395.35,-70.3284383648288
2021-03-10 10:52:00,4369.223522170401,4420.0,-50.77647782959866
2021-03-10 10:53:00,4341.384393266779,4433.299999999999,-91.91560673322056
2021-03-10 10:54:00,4362.607684280342,4428.5,-65.89231571965774
2021-03-10 10:55:00,4333.613835378108,4415.51,-81.89616462189224
2021-03-10 10:56:00,4394.372471163714,4408.950000000001,-14.577528836286547
2021-03-10 10:57:00,4358.59607049241,4447.92,-89.32392950759004
2021-03-10 10:58:00,4397.650303545576,4447.92,-50.269696454423865
2021-03-10 10:59:00,4393.570263784501,4447.38,-53.80973621549947
2021-03-10 11:00:00,4380.972487330508,4453.94,-72.96751266949195
2021-03-10 11:01:00,4398.718116373724,4452.219999999999,-53.50188362627523
2021-03-10 11:02:00,4407.224699848303,4408.71,-1.4853001516967197
2021-03-10 11:03:00,4416.5733569331405,4443.62,-27.04664306685936
2021-03-10 11:04:00,4391.908535049627,4410.08,-18.171464950372865
2021-03-10 11:05:00,4409.969851551378,4413.5199999999995,-3.5501484486212576
2021-03-10 11:06:00,4456.093503682877,4433.5199999999995,22.573503682877345
2021-03-10 11:07:00,4450.4068950921,4470.929999999999,-20.523104907899324
2021-03-10 11:08:00,4457.127593635994,4477.889999999999,-20.762406364005074
2021-03-10 11:09:00,4507.913643575895,4503.84,4.0736435758944936
2021-03-10 11:10:00,4569.2075995048435,4551.360000000001,17.847599504842947
2021-03-10 11:11:00,4568.828915641907,4564.8099999999995,4.01891564190737
2021-03-10 11:12:00,4511.916690875585,4517.85,-5.933309124415246
2021-03-10 11:13:00,3836.496448359099,3598.4700000000003,238.0264483590986
2021-03-10 11:14:00,4499.868807448179,4521.4400000000005,-21.571192551821696
2021-03-10 11:15:00,4438.806349315346,4488.33,-49.52365068465406
2021-03-10 11:16:00,4456.114270319036,4460.389999999999,-4.275729680963195
2021-03-10 11:17:00,4469.0986072116075,4531.12,-62.021392788392404
2021-03-10 11:18:00,3936.4730369082013,3836.27,100.20303690820128
2021-03-10 11:19:00,1004.727927110676,967.6699999999998,37.05792711067613
2021-03-10 11:20:00,3412.816094069884,3274.36,138.45609406988387
2021-03-10 11:21:00,4728.307535594725,4825.889999999999,-97.58246440527455
2021-03-10 11:22:00,4518.580027419278,4595.360000000001,-76.77997258072264
2021-03-10 11:23:00,4518.36443248667,4574.24,-55.87556751332977
2021-03-10 11:24:00,4534.068446490331,4593.6,-59.53155350966972
2021-03-10 11:25:00,4499.203863899491,4568.96,-69.75613610050914
2021-03-10 11:26:00,4453.588257461466,4513.52,-59.93174253853431
2021-03-10 11:27:00,4461.825366812066,4503.119999999999,-41.29463318793296
2021-03-10 11:28:00,4471.377460191658,4473.35,-1.972539808341935
2021-03-10 11:29:00,4463.13849169797,4444.48,18.65849169797002
2021-03-10 11:30:00,4437.7499367973605,4467.2699999999995,-29.520063202638994
2021-03-10 11:31:00,4453.898129172213,4463.82,-9.921870827786734
2021-03-10 11:32:00,4419.336997530258,4481.95,-62.61300246974224
2021-03-10 11:33:00,4458.781685886927,4455.66,3.12168588692748
2021-03-10 11:34:00,4445.5530708232745,4485.719999999999,-40.16692917672481
2021-03-10 11:35:00,4433.782914088946,4443.62,-9.837085911053691
2021-03-10 11:36:00,4460.81046373932,4459.62,1.1904637393199664
2021-03-10 11:37:00,4421.670815383257,4433.299999999999,-11.62918461674235
2021-03-10 11:38:00,4422.900904397376,4463.099999999999,-40.199095602623856
2021-03-10 11:39:00,4438.905336095145,4478.76,-39.85466390485544
2021-03-10 11:40:00,4436.05653878626,4450.5,-14.443461213740193
2021-03-10 11:41:00,4394.078705412362,4435.88,-41.80129458763804
2021-03-10 11:42:00,4396.1782539053775,4440.18,-44.00174609462283
2021-03-10 11:43:00,4391.258666594478,4454.8,-63.54133340552198
2021-03-10 11:44:00,4401.7625308604975,4422.98,-21.2174691395021
2021-03-10 11:45:00,4427.54160344977,4444.48,-16.9383965502293
2021-03-10 11:46:00,4427.445651848009,4443.619999999999,-16.17434815198976
2021-03-10 11:47:00,4425.247813057111,4433.299999999999,-8.052186942888511
2021-03-10 11:48:00,4415.274699431111,4447.92,-32.64530056888907
2021-03-10 11:49:00,4439.883588147805,4430.719999999999,9.163588147805967
2021-03-10 11:50:00,4434.891958938691,4485.719999999999,-50.828041061308795
2021-03-10 11:51:00,4443.349164487443,4462.19,-18.840835512556623
2021-03-10 11:52:00,4443.268362837316,4445.719999999999,-2.451637162683255
2021-03-10 11:53:00,4434.386627087565,4457.03,-22.643372912434643
2021-03-10 11:54:00,4394.736329738731,4465.12,-70.38367026126889
2021-03-10 11:55:00,4394.7357465030345,4441.04,-46.30425349696543
2021-03-10 11:56:00,4380.6826984736235,4423.84,-43.157301526376614
2021-03-10 11:57:00,4380.212208051661,4455.25,-75.03779194833896
2021-03-10 11:58:00,4392.97322695446,4427.28,-34.30677304553956
2021-03-10 11:59:00,4387.913050730336,4453.08,-65.16694926966375
2021-03-10 12:00:00,4415.5216863167625,4450.6,-35.078313683237866
2021-03-10 12:01:00,4433.55998991893,4450.6,-17.04001008107025
2021-03-10 12:02:00,4426.521271043067,4454.23,-27.708728956932646
2021-03-10 12:03:00,4404.3411480431405,4446.2,-41.858851956859326
2021-03-10 12:04:00,4406.734830557557,4451.45,-44.71516944244286
2021-03-10 12:05:00,4403.809744073482,4425.950000000001,-22.140255926518876
2021-03-10 12:06:00,4416.868380612288,4420.0,-3.1316193877119076
2021-03-10 12:07:00,4385.136754520657,4419.15,-34.01324547934291
2021-03-10 12:08:00,4412.978981441242,4398.7300000000005,14.248981441241085
2021-03-10 12:09:00,4382.400943552578,4374.1,8.300943552577337
2021-03-10 12:10:00,4344.2161728565625,4408.95,-64.73382714343734
2021-03-10 12:11:00,4372.049478066792,4404.68,-32.630521933208
2021-03-10 12:12:00,4385.231600542954,4407.25,-22.018399457046144
2021-03-10 12:13:00,4367.202818793511,4402.15,-34.947181206488494
2021-03-10 12:14:00,4381.224508612122,4389.400000000001,-8.175491387878537
2021-03-10 12:15:00,4408.715191622593,4389.4,19.315191622593375
2021-03-10 12:16:00,4369.142167545356,4358.76,10.382167545355514
2021-03-10 12:17:00,4359.239233269386,4347.08,12.159233269386277
2021-03-10 12:18:00,4361.992629346717,4369.85,-7.857370653283397
2021-03-10 12:19:00,4335.27791656238,4335.24,0.03791656237990537
2021-03-10 12:20:00,4377.222791084573,4342.8,34.422791084572964
2021-03-10 12:21:00,4362.183373949577,4349.52,12.663373949576453
2021-03-10 12:22:00,4378.941378354023,4350.360000000001,28.58137835402249
2021-03-10 12:23:00,4369.15767338959,4352.88,16.277673389589836
2021-03-10 12:24:00,4384.426981278595,4378.92,5.506981278595049
2021-03-10 12:25:00,4360.442503120574,4361.49,-1.0474968794260349
2021-03-10 12:26:00,4360.808112924258,4352.360000000001,8.448112924257657
2021-03-10 12:27:00,4350.245013286427,4371.800000000001,-21.55498671357418
2021-03-10 12:28:00,4346.539986394617,4354.13,-7.590013605383319
2021-03-10 12:29:00,4348.018738856818,4339.240000000001,8.778738856817654
2021-03-10 12:30:00,4350.391533744936,4346.71,3.6815337449361323
2021-03-10 12:31:00,4338.695144727698,4330.9400000000005,7.75514472769737
2021-03-10 12:32:00,4331.375605963241,4317.66,13.715605963240705
2021-03-10 12:33:00,4345.301915555477,4306.26,39.04191555547641
2021-03-10 12:34:00,4288.021749800307,4291.1,-3.0782501996936844
2021-03-10 12:35:00,4311.56579407786,4268.1,43.465794077859755
2021-03-10 12:36:00,4304.489551320692,4290.53,13.959551320692299
2021-03-10 12:37:00,4290.637185851203,4311.85,-21.212814148797406
2021-03-10 12:38:00,4276.341403557031,4314.34,-37.99859644296885
2021-03-10 12:39:00,4284.069328341173,4267.279999999999,16.78932834117404
2021-03-10 12:40:00,4283.202287302794,4270.5599999999995,12.642287302794102
2021-03-10 12:41:00,4279.2692413880395,4279.58,-0.3107586119604093
2021-03-10 12:42:00,4279.2653776738125,4243.499999999999,35.76537767381342
2021-03-10 12:43:00,4272.469398595194,4249.91,22.55939859519458
2021-03-10 12:44:00,4278.060683691026,4253.959999999999,24.10068369102646
2021-03-10 12:45:00,4272.857954386322,4271.08,1.7779543863216531
2021-03-10 12:46:00,4250.369309697525,4247.639999999999,2.729309697525423
2021-03-10 12:47:00,4246.121407616393,4245.0199999999995,1.1014076163937716
2021-03-10 12:48:00,4235.885351793733,4248.2699999999995,-12.38464820626632
2021-03-10 12:49:00,4247.281698680045,4243.4,3.8816986800457016
2021-03-10 12:50:00,4243.314166163346,4241.7,1.6141661633464537
2021-03-10 12:51:00,4234.729387841691,4240.349999999999,-5.620612158308177
2021-03-10 12:52:00,4239.990856011207,4229.82,10.170856011207434
2021-03-10 12:53:00,4213.553741666862,4208.28,5.273741666862406
2021-03-10 12:54:00,4200.844981180349,4200.18,0.6649811803490593
2021-03-10 12:55:00,4187.065912331841,4188.94,-1.8740876681586087
2021-03-10 12:56:00,4187.125724507467,4168.8,18.325724507466475
2021-03-10 12:57:00,4184.06046499399,4175.2,8.860464993989808
2021-03-10 12:58:00,4177.84007095168,4172.0,5.840070951679991
2021-03-10 12:59:00,4177.943265885428,4152.05,25.893265885428264
2021-03-10 13:00:00,4165.084412352368,4153.59,11.494412352368272
2021-03-10 13:01:00,4152.820015102249,4138.81,14.010015102248872
2021-03-10 13:02:00,4133.810854106643,4130.12,3.690854106643201
2021-03-10 13:03:00,4148.80296243329,4115.9,32.90296243329067
2021-03-10 13:04:00,4123.698772086011,4118.27,5.428772086010213
2021-03-10 13:05:00,4121.614727695383,4093.49,28.124727695383626
2021-03-10 13:06:00,4129.573280697076,4110.05,19.52328069707619
2021-03-10 13:07:00,4117.315652606314,4098.23,19.085652606314397
2021-03-10 13:08:00,4105.248531022852,4073.94,31.308531022852094
2021-03-10 13:09:00,4096.191413713248,4068.48,27.71141371324802
2021-03-10 13:10:00,4117.199643132863,4093.4399999999996,23.759643132862948
2021-03-10 13:11:00,4074.876226458564,4050.54,24.336226458563942
2021-03-10 13:12:00,4084.6947518223665,4045.21,39.484751822366434
2021-03-10 13:13:00,4079.268119859416,4049.16,30.108119859416092
2021-03-10 13:14:00,4092.291057300039,4030.1800000000003,62.11105730003874
2021-03-10 13:15:00,4077.270963366955,4021.71,55.56096336695509
2021-03-10 13:16:00,4061.51334588479,4016.32,45.19334588478978
2021-03-10 13:17:00,4055.5551336129197,4012.2599999999998,43.295133612919926
2021-03-10 13:18:00,4063.902751975133,4008.38,55.522751975132905
2021-03-10 13:19:00,4048.5894398635637,3999.12,49.46943986356382
2021-03-10 13:20:00,4049.499924561184,4023.7200000000003,25.779924561183634
2021-03-10 13:21:00,4014.465144076974,4005.96,8.50514407697392
2021-03-10 13:22:00,4010.9540927720072,4006.72,4.234092772007443
2021-03-10 13:23:00,4009.0761177097042,3950.25,58.82611770970425
2021-03-10 13:24:00,4015.0826088050285,3973.5,41.582608805028485
2021-03-10 13:25:00,3972.743866124436,3957.75,14.993866124435954
2021-03-10 13:26:00,3940.621058417141,3913.86,26.761058417140703
2021-03-10 13:27:00,3926.41387833605,3881.5299999999997,44.8838783360502
2021-03-10 13:28:00,3920.2615806051717,3887.25,33.01158060517173
2021-03-10 13:29:00,3907.910211106666,3873.38,34.530211106665774
2021-03-10 13:30:00,3881.35993915866,3821.76,59.59993915865971
2021-03-10 13:31:00,3840.27909762727,3810.96,29.31909762726991
2021-03-10 13:32:00,3812.1196108541326,3767.2599999999998,44.859610854132825
2021-03-10 13:33:00,3791.698332042917,3746.5,45.19833204291717
2021-03-10 13:34:00,3787.3059293654296,3764.42,22.885929365429547
2021-03-10 13:35:00,3758.6820430282337,3728.2000000000003,30.48204302823342
2021-03-10 13:36:00,3778.8265991550684,3785.0099999999993,-6.1834008449309295
2021-03-10 13:37:00,3770.9484824415576,3775.0699999999997,-4.121517558442065
2021-03-10 13:38:00,3759.5603940629812,3780.04,-20.479605937018732
2021-03-10 13:39:00,3737.5910148331554,3745.7000000000003,-8.108985166844832
2021-03-10 13:40:00,3740.233369688598,3730.3,9.93336968859785
2021-03-10 13:41:00,3756.9438013714102,3754.1899999999996,2.7538013714106455
2021-03-10 13:42:00,3751.063589997906,3800.6299999999997,-49.56641000209356
2021-03-10 13:43:00,3756.566330352518,3759.45,-2.883669647481838
2021-03-10 13:44:00,3773.652690897098,3761.96,11.692690897098146
2021-03-10 13:45:00,3752.2302815399667,3771.6000000000004,-19.36971846003371
2021-03-10 13:46:00,3722.014916414681,3713.4399999999996,8.574916414681411
2021-03-10 13:47:00,3717.445158015517,3674.9400000000005,42.50515801551637
2021-03-10 13:48:00,3729.1702409794516,3703.7,25.470240979451773
2021-03-10 13:49:00,3701.0611174604096,3652.17,48.89111746040953
2021-03-10 13:50:00,3687.5643221422138,3664.84,22.724322142213623
2021-03-10 13:51:00,3725.8002436196716,3678.12,47.68024361967173
2021-03-10 13:52:00,3724.605938708606,3681.52,43.085938708606136
2021-03-10 13:53:00,3666.3655900081208,3670.11,-3.7444099918793654
2021-03-10 13:54:00,3592.1144659888582,3601.2799999999997,-9.165534011141517
2021-03-10 13:55:00,3614.2961683207473,3585.84,28.45616832074711
2021-03-10 13:56:00,3543.567575229266,3567.08,-23.512424770734015
2021-03-10 13:57:00,3569.2000896802615,3538.9199999999996,30.28008968026188
2021-03-10 13:58:00,3513.9675282143003,3478.1499999999996,35.81752821430064
2021-03-10 13:59:00,3487.642090550332,3424.0,63.642090550331886
2021-03-10 14:00:00,3472.92688387998,3503.5,-30.57311612002013
2021-03-10 14:01:00,3507.1635908565863,3481.3999999999996,25.76359085658669
2021-03-10 14:02:00,3509.395577574129,3475.55,33.84557757412904
2021-03-10 14:03:00,3537.717798724831,3493.75,43.96779872483103
2021-03-10 14:04:00,3532.3466741164457,3498.3,34.0466741164455
2021-03-10 14:05:00,3511.5400245151764,3498.95,12.590024515176538
2021-03-10 14:06:00,3465.214037585018,3473.66,-8.44596241498175
2021-03-10 14:07:00,3453.119127270131,3435.5200000000004,17.59912727013034
2021-03-10 14:08:00,3397.1898646443374,3385.62,11.569864644337486
2021-03-10 14:09:00,3355.099602329344,3338.0800000000004,17.019602329343797
2021-03-10 14:10:00,3296.056645613659,3268.05,28.006645613658748
2021-03-10 14:11:00,3355.423233718972,3333.1200000000003,22.30323371897157
2021-03-10 14:12:00,2921.636806490089,2812.56,109.07680649008898
2021-03-10 14:13:00,1793.0758812754905,1752.16,40.91588127549039
2021-03-10 14:14:00,2811.1095683789404,2745.33,65.77956837894044
2021-03-10 14:15:00,3279.8083354586693,3283.08,-3.271664541330665
2021-03-10 14:16:00,3267.7791860626407,3213.1400000000003,54.63918606264042
2021-03-10 14:17:00,3253.1192645667265,3244.8,8.31926456672636
2021-03-10 14:18:00,3218.857833828806,3235.8,-16.942166171194003
2021-03-10 14:19:00,3197.1326788103156,3193.08,4.052678810315683
2021-03-10 14:20:00,3188.15420620953,3197.8,-9.64579379047018
2021-03-10 14:21:00,3152.409318301979,3153.46,-1.0506816980209805
2021-03-10 14:22:00,3165.237063071785,3200.75,-35.51293692821491
2021-03-10 14:23:00,3162.5515404128428,3191.8999999999996,-29.348459587156867
2021-03-10 14:24:00,3191.8622377846605,3203.11,-11.247762215339662
2021-03-10 14:25:00,3180.5049834455194,3224.0699999999997,-43.56501655448028
2021-03-10 14:26:00,3164.8294653476505,3199.5699999999997,-34.7405346523492
2021-03-10 14:27:00,3145.4942417462144,3176.9300000000003,-31.435758253785934
2021-03-10 14:28:00,3168.4830739694175,3206.65,-38.166926030582545
2021-03-10 14:29:00,3134.642123512815,3162.17,-27.52787648718504
2021-03-10 14:30:00,2591.650686637592,2497.29,94.36068663759215
2021-03-10 14:31:00,1859.662474954868,1866.3999999999999,-6.737525045131861
2021-03-10 14:32:00,2640.3709866591494,2555.3900000000003,84.98098665914904
2021-03-10 14:33:00,2552.130016875322,2516.2,35.93001687532205
2021-03-10 14:34:00,2443.909980055911,2337.5699999999997,106.33998005591138
2021-03-10 14:35:00,3080.5733677021194,3109.92,-29.34663229788066
2021-03-10 14:36:00,3127.759206189322,3112.7700000000004,14.989206189321521
2021-03-10 14:37:00,3177.329564060275,3170.8599999999997,6.469564060275388
2021-03-10 14:38:00,2961.16307864579,2941.92,19.243078645789865
2021-03-10 14:39:00,3140.7361411429633,3097.9500000000003,42.78614114296306
2021-03-10 14:40:00,3109.288277847554,3087.6900000000005,21.598277847553618
2021-03-10 14:41:00,3030.956435553063,3048.64,-17.683564446936998
2021-03-10 14:42:00,3072.1621430328564,3070.4799999999996,1.6821430328568567
2021-03-10 14:43:00,3056.3079682228617,3061.5199999999995,-5.212031777137781
2021-03-10 14:44:00,3018.078404822844,3048.0199999999995,-29.941595177155705
2021-03-10 14:45:00,3005.3343567464794,3045.8399999999997,-40.50564325352025
2021-03-10 14:46:00,3020.7212070492496,3012.3500000000004,8.371207049249278
2021-03-10 14:47:00,2991.454006107171,3000.8,-9.345993892829028
2021-03-10 14:48:00,2984.048585363183,2960.2799999999997,23.76858536318332
2021-03-10 14:49:00,2927.6189662991283,2945.16,-17.541033700871594
2021-03-10 14:50:00,2951.6582775416514,2901.22,50.43827754165159
2021-03-10 14:51:00,2935.7517341097564,2939.2200000000003,-3.468265890243856
2021-03-10 14:52:00,2706.9020265141876,2682.01,24.892026514187364
2021-03-10 14:53:00,2360.2919736569343,2198.6099999999997,161.6819736569346
2021-03-10 14:54:00,2841.2222916421774,2808.73,32.492291642177406
2021-03-10 14:55:00,2836.7773323115007,2841.8,-5.022667688499496
2021-03-10 14:56:00,2848.8088676753196,2788.1699999999996,60.63886767531994
2021-03-10 14:57:00,2819.044645507785,2788.6799999999994,30.364645507785553
2021-03-10 14:58:00,2782.4236357883346,2740.0,42.42363578833465
2021-03-10 14:59:00,2735.891683092095,2721.5,14.391683092094809
2021-03-10 15:00:00,2718.0602764100854,2673.4400000000005,44.6202764100849
2021-03-10 15:01:00,2710.9215731424883,2688.63,22.291573142488232
2021-03-10 15:02:00,2686.046028147741,2659.0,27.0460281477408
2021-03-10 15:03:00,2663.842595125586,2636.16,27.682595125585976
2021-03-10 15:04:00,2633.3038166516603,2584.06,49.24381665166038
2021-03-10 15:05:00,2636.4226856281057,2614.67,21.75268562810561
2021-03-10 15:06:00,2622.893562890399,2568.51,54.383562890398935
2021-03-10 15:07:00,2590.564600286779,2587.3500000000004,3.2146002867784773
2021-03-10 15:08:00,2597.276392308507,2558.72,38.556392308507384
2021-03-10 15:09:00,2556.8946139110976,2531.38,25.514613911097513
2021-03-10 15:10:00,2532.9002360653744,2535.5199999999995,-2.619763934625098
2021-03-10 15:11:00,2542.5624011226473,2480.4,62.162401122647225
2021-03-10 15:12:00,2475.7005357842722,2470.95,4.750535784272415
2021-03-10 15:13:00,2429.228796564907,2434.08,-4.851203435092884
2021-03-10 15:14:00,2469.696060763896,2424.4,45.296060763896094
2021-03-10 15:15:00,2450.8050438981045,2410.27,40.535043898104504
2021-03-10 15:16:00,2369.81102553604,2371.45,-1.6389744639600394
2021-03-10 15:17:00,2408.4657509509684,2359.67,48.79575095096834
2021-03-10 15:18:00,2409.3345911127785,2314.62,94.71459111277863
2021-03-10 15:19:00,2330.467220209049,2318.4,12.067220209049083
2021-03-10 15:20:00,2319.974416217442,2273.45,46.524416217442194
2021-03-10 15:21:00,2324.87051808772,2289.8500000000004,35.020518087719665
2021-03-10 15:22:00,2306.4713156485363,2288.2200000000003,18.251315648536092
2021-03-10 15:23:00,2255.144060412721,2222.0,33.144060412721046
2021-03-10 15:24:00,2310.7372833272957,2268.12,42.61728332729581
2021-03-10 15:25:00,2297.838715744169,2272.22,25.618715744169094
2021-03-10 15:26:00,2257.2258620467137,2206.4,50.82586204671361
2021-03-10 15:27:00,2245.9753973242005,2209.6,36.37539732420055
2021-03-10 15:28:00,2224.4686557690197,2156.7,67.76865576901992
2021-03-10 15:29:00,2230.9419713145317,2171.91,59.0319713145318
2021-03-10 15:30:00,2192.7789984592555,2165.67,27.108998459255417
2021-03-10 15:31:00,2170.29962632692,2166.8399999999997,3.459626326920443
2021-03-10 15:32:00,2160.4493385858677,2169.96,-9.5106614141323
2021-03-10 15:33:00,1477.0244276104768,1475.5900000000001,1.4344276104766323
2021-03-10 15:34:00,2056.4065995063706,2011.6800000000003,44.72659950637035
2021-03-10 15:35:00,1798.9121885722916,1732.28,66.63218857229162
2021-03-10 15:36:00,2075.5574265122955,2068.67,6.887426512295406
2021-03-10 15:37:00,2071.412648520172,2034.78,36.63264852017187
2021-03-10 15:38:00,2073.209463757216,2009.88,63.32946375721576
2021-03-10 15:39:00,2064.3313535815178,2067.5600000000004,-3.22864641848264
2021-03-10 15:40:00,2067.3557955094216,2012.0400000000002,55.31579550942138
2021-03-10 15:41:00,1885.1024606789113,1718.5600000000002,166.54246067891108
2021-03-10 15:42:00,1996.6495169408859,1966.3,30.349516940885906
2021-03-10 15:43:00,1970.6959736174379,1962.1000000000001,8.595973617437721
2021-03-10 15:44:00,1593.6064672753425,1471.93,121.67646727534247
2021-03-10 15:45:00,1823.3976330944738,1794.24,29.157633094473795
2021-03-10 15:46:00,1838.7006781403804,1843.0499999999997,-4.349321859619295
2021-03-10 15:47:00,1496.7648276191517,1441.7,55.06482761915163
2021-03-10 15:48:00,1912.8839589903366,1801.6000000000001,111.28395899033649
2021-03-10 15:49:00,1845.4806486495097,1796.1600000000003,49.320648649509394
2021-03-10 15:50:00,1813.03950270027,1742.8200000000002,70.21950270026991
2021-03-10 15:51:00,1760.9498515658627,1744.37,16.579851565862782
2021-03-10 15:52:00,1725.4424552600835,1694.1000000000001,31.342455260083398
2021-03-10 15:53:00,1746.1677404408063,1681.5,64.66774044080626
2021-03-10 15:54:00,1701.5863827315031,1632.6999999999998,68.88638273150332
2021-03-10 15:55:00,1715.8024973706874,1634.73,81.07249737068742
2021-03-10 15:56:00,1656.363860981621,1574.7199999999998,81.64386098162117
2021-03-10 15:57:00,1606.3713246710547,1575.28,31.091324671054736
2021-03-10 15:58:00,1603.9818428486817,1523.3400000000001,80.64184284868156
2021-03-10 15:59:00,1589.4766524845854,1524.15,65.32665248458534
2021-03-10 16:00:00,1603.2294344700074,1466.66,136.5694344700073
2021-03-10 16:01:00,1551.3176660863703,1490.17,61.147666086370236
2021-03-10 16:02:00,1529.0752219672286,1463.02,66.05522196722859
2021-03-10 16:03:00,1504.1440438366792,1467.96,36.184043836679166
2021-03-10 16:04:00,1503.8220328341029,1410.5,93.32203283410286
2021-03-10 16:05:00,1474.1871072325255,1416.0,58.18710723252548
2021-03-10 16:06:00,1457.5243508682288,1382.9099999999999,74.61435086822894
2021-03-10 16:07:00,1444.9139839458855,1359.12,85.79398394588566
2021-03-10 16:08:00,1420.3428044227069,1353.36,66.98280442270698
2021-03-10 16:09:00,1419.8364372601952,1357.4399999999998,62.3964372601954
2021-03-10 16:10:00,1409.4587566415296,1358.4,51.0587566415295
2021-03-10 16:11:00,1460.8211833455578,1361.52,99.30118334555777
2021-03-10 16:12:00,1383.9470484334104,1327.7199999999998,56.22704843341057
2021-03-10 16:13:00,1061.7014380660855,1012.8599999999999,48.84143806608563
2021-03-10 16:14:00,1376.4122971185957,1280.48,95.93229711859567
2021-03-10 16:15:00,1350.5010327376651,1248.06,102.44103273766518
2021-03-10 16:16:00,1297.9763043670835,1155.29,142.6863043670835
2021-03-10 16:17:00,1307.8471901872533,1222.7600000000002,85.0871901872531
2021-03-10 16:18:00,1315.519442846651,1193.01,122.50944284665093
2021-03-10 16:19:00,1218.21303675164,1137.0,81.21303675163995
2021-03-10 16:20:00,1215.356685713573,1107.3400000000001,108.01668571357277
2021-03-10 16:21:00,1231.1064628551871,1108.55,122.55646285518719
2021-03-10 16:22:00,1133.652230932136,1081.1,52.552230932136126
2021-03-10 16:23:00,1153.3913148372342,1051.25,102.14131483723418
2021-03-10 16:24:00,1095.9090466389857,1021.3199999999999,74.58904663898579
2021-03-10 16:25:00,1104.5353315208665,1023.6600000000001,80.87533152086644
2021-03-10 16:26:00,1075.4264343493803,994.1299999999999,81.29643434938043
2021-03-10 16:27:00,1088.8200208640403,965.6,123.2200208640403
2021-03-10 16:28:00,1058.0082235664336,968.49,89.51822356643356
2021-03-10 16:29:00,1070.4236669399106,911.04,159.38366693991065
2021-03-10 16:30:00,991.1908052714255,912.0,79.19080527142546
2021-03-10 16:31:00,991.1727805836177,911.3600000000001,79.81278058361761
2021-03-10 16:32:00,1024.0624665905589,968.4900000000001,55.57246659055875
2021-03-10 16:33:00,1094.4539343598933,1025.1,69.3539343598934
2021-03-10 16:34:00,1057.4066858834776,1019.52,37.88668588347764
2021-03-10 16:35:00,1022.1589391198028,907.0400000000002,115.11893911980258
2021-03-10 16:36:00,718.047995394524,849.0,-130.95200460547596
2021-03-10 16:37:00,550.3119379467621,521.71,28.601937946762064
2021-03-10 16:38:00,664.042886667237,667.3199999999999,-3.2771133327629514
2021-03-10 16:39:00,720.9583836921337,673.8,47.158383692133725
2021-03-10 16:40:00,753.2503862666231,679.3199999999999,73.93038626662315
2021-03-10 16:41:00,786.0264711176405,708.08,77.9464711176405
2021-03-10 16:42:00,466.3750243039612,466.38,-0.004975696038798105
2021-03-10 16:43:00,469.41653081256527,440.08000000000004,29.33653081256523
2021-03-10 16:44:00,353.83271072973616,379.12,-25.28728927026384
2021-03-10 16:45:00,445.7551398373885,374.7099999999999,71.0451398373886
2021-03-10 16:46:00,666.8363066733216,567.5999999999999,99.23630667332168
2021-03-10 16:47:00,673.0960334456935,567.5,105.59603344569348
2021-03-10 16:48:00,649.221885879972,534.94,114.28188587997192
2021-03-10 16:49:00,550.7441609246491,510.39,40.354160924649136
2021-03-10 16:50:00,593.517899959193,509.67,83.84789995919294
2021-03-10 16:51:00,592.8272428337906,478.9,113.92724283379061
2021-03-10 16:52:00,517.7791606830064,447.6,70.17916068300633
2021-03-10 16:53:00,377.0795646112832,389.27,-12.190435388716764
2021-03-10 16:54:00,536.6326090071184,451.28000000000003,85.35260900711836
2021-03-10 16:55:00,508.2246299864161,420.15999999999997,88.06462998641615
2021-03-10 16:56:00,437.1587837008924,391.37,45.788783700892395
2021-03-10 16:57:00,327.17033331409965,322.14,5.030333314099664
2021-03-10 16:58:00,364.5841674546909,389.34,-24.75583254530909
2021-03-10 16:59:00,364.18735325244893,392.07,-27.882646747551064
2021-03-10 17:00:00,430.9002139260725,390.53,40.37021392607255
2021-03-10 17:01:00,406.7697961920588,357.17999999999995,49.58979619205883
2021-03-10 17:02:00,397.8402699873737,354.37,43.47026998737368
2021-03-10 17:03:00,371.1336176487563,321.96000000000004,49.17361764875625
2021-03-10 17:04:00,272.2420795456702,259.15,13.09207954567023
2021-03-10 17:05:00,210.64717009129066,232.06,-21.41282990870934
2021-03-10 17:06:00,200.01430400738468,210.32,-10.305695992615313
2021-03-10 17:07:00,177.33168766334143,209.24,-31.908312336658582
2021-03-10 17:08:00,163.96791198689962,210.64,-46.672088013100364
2021-03-10 17:09:00,164.87966652660282,184.01,-19.130333473397172
2021-03-10 17:10:00,168.82542641371822,179.75,-10.924573586281781
2021-03-10 17:11:00,110.76229239062874,158.37,-47.60770760937126
2021-03-10 17:12:00,140.79744987629556,183.26,-42.46255012370443
2021-03-10 17:13:00,144.26815676413827,181.06,-36.791843235861734
2021-03-10 17:14:00,144.29943583446374,182.06,-37.760564165536266
2021-03-10 17:15:00,89.97727922023896,180.36,-90.38272077976106
2021-03-10 17:16:00,98.34455708390331,156.66,-58.315442916096686
2021-03-10 17:17:00,88.18269434985481,154.89,-66.70730565014517
2021-03-10 17:18:00,60.79726147168107,155.07,-94.27273852831892
2021-03-10 17:19:00,76.32834109726807,127.28999999999999,-50.961658902731926
2021-03-10 17:20:00,94.08950022145198,154.32,-60.23049977854801
2021-03-10 17:21:00,86.57955406117853,155.96999999999997,-69.39044593882144
2021-03-10 17:22:00,122.55334236213831,126.25,-3.6966576378616907
2021-03-10 17:23:00,88.0862974742152,124.37,-36.283702525784804
2021-03-10 17:24:00,73.90337851595388,127.25,-53.346621484046125
2021-03-10 17:25:00,93.94577046142588,102.1,-8.154229538574114
2021-03-10 17:26:00,94.84563007509627,102.30000000000001,-7.4543699249037445
2021-03-10 17:27:00,51.16365533467975,74.82000000000001,-23.656344665320255
2021-03-10 17:28:00,46.33857933139597,75.97,-29.63142066860403
2021-03-10 17:29:00,54.50245231828804,74.73,-20.22754768171196
2021-03-10 17:30:00,27.203460072987006,75.19000000000001,-47.986539927013006
2021-03-10 17:31:00,107.2434955994837,51.13,56.11349559948369
2021-03-10 17:32:00,68.55346907452163,49.57,18.98346907452163
2021-03-10 17:33:00,57.577968764944615,48.11000000000001,9.467968764944608
2021-03-10 17:34:00,31.89566518298529,61.54,-29.64433481701471
2021-03-10 17:35:00,28.289068409454913,44.620000000000005,-16.33093159054509
2021-03-10 17:36:00,26.824125181183312,42.660000000000004,-15.835874818816691
2021-03-10 17:37:00,26.14134006637314,40.11,-13.96865993362686
2021-03-10 17:38:00,26.061958477664803,34.00000000000001,-7.9380415223352045
2021-03-10 17:39:00,46.50492834063771,50.790000000000006,-4.285071659362295
2021-03-10 17:40:00,51.7383054059677,50.24,1.4983054059676988
2021-03-10 17:41:00,47.465681853516685,48.36,-0.8943181464833145
2021-03-10 17:42:00,57.850729314511206,47.21000000000001,10.640729314511198
2021-03-10 17:43:00,41.79654621853093,41.60000000000001,0.19654621853091925
2021-03-10 17:44:00,42.02200463775569,20.130000000000003,21.89200463775569
2021-03-10 17:45:00,43.63206291097191,16.69,26.94206291097191
2021-03-11 05:20:00,36.467251445308186,18.160000000000004,18.307251445308182
2021-03-11 05:21:00,64.4313590839279,21.370000000000005,43.0613590839279
2021-03-11 05:22:00,43.26518261924525,23.560000000000002,19.70518261924525
2021-03-11 05:23:00,43.16345159517418,27.96,15.20345159517418
2021-03-11 05:24:00,38.663452677181105,48.93000000000001,-10.266547322818901
2021-03-11 05:25:00,36.00652991808279,50.46,-14.45347008191721
2021-03-11 05:26:00,66.95981933187491,50.85000000000001,16.109819331874903
2021-03-11 05:27:00,50.64897467134568,52.19,-1.541025328654321
2021-03-11 05:28:00,55.947422835922914,53.42,2.5274228359229127
2021-03-11 05:29:00,48.182550058904916,53.74000000000001,-5.5574499410950935
2021-03-11 05:30:00,50.9072463475766,55.1,-4.192753652423399
2021-03-11 05:31:00,34.057797983739675,54.61,-20.552202016260324
2021-03-11 05:32:00,35.17773851658228,55.95,-20.772261483417722
2021-03-11 05:33:00,34.21387843591717,56.43000000000001,-22.21612156408284
2021-03-11 05:34:00,46.972899330130716,56.040000000000006,-9.06710066986929
2021-03-11 05:35:00,50.87609433509675,57.34,-6.463905664903251
2021-03-11 05:36:00,57.171174641821295,57.730000000000004,-0.5588253581787086
2021-03-11 05:37:00,58.42874462271312,56.58,1.8487446227131201
2021-03-11 05:38:00,67.98787830568213,58.43000000000001,9.557878305682124
2021-03-11 05:39:00,96.19194665330002,57.89,38.30194665330002
2021-03-11 05:40:00,87.62201805741873,59.17,28.452018057418726
2021-03-11 05:41:00,60.08593035787663,59.31,0.775930357876625
2021-03-11 05:42:00,82.60403678403067,58.42,24.184036784030667
2021-03-11 05:43:00,67.97347187859843,104.42000000000002,-36.446528121401585
2021-03-11 05:44:00,76.17958396506849,98.86,-22.68041603493151
2021-03-11 05:45:00,119.50692215960729,122.65,-3.1430778403927206
2021-03-11 05:46:00,72.02468403182078,126.25,-54.22531596817922
2021-03-11 05:47:00,72.06547245157634,128.25,-56.18452754842366
2021-03-11 05:48:00,78.01704462918525,105.66000000000001,-27.64295537081476
2021-03-11 05:49:00,183.80085598095005,128.89,54.91085598095006
2021-03-11 05:50:00,185.0883111859925,129.09,55.99831118599249
2021-03-11 05:51:00,129.79321242504193,129.35,0.4432124250419349
2021-03-11 05:52:00,78.01047728468066,129.01999999999998,-51.00952271531932
2021-03-11 05:53:00,130.28012057949098,129.18,1.1001205794909765
2021-03-11 05:54:00,146.9928612290384,158.85,-11.857138770961598
2021-03-11 05:55:00,208.57617427088712,188.01,20.56617427088713
2021-03-11 05:56:00,202.00215160507662,219.88000000000002,-17.877848394923404
2021-03-11 05:57:00,217.41769171617443,245.06,-27.64230828382557
2021-03-11 05:58:00,370.3438060663168,273.75,96.5938060663168
2021-03-11 05:59:00,384.0335338108351,360.45,23.583533810835092
2021-03-11 06:00:00,366.1474766665451,444.56000000000006,-78.41252333345494
2021-03-11 06:01:00,364.78801352040244,445.84,-81.05198647959753
2021-03-11 06:02:00,365.80535723793116,350.21999999999997,15.585357237931191
2021-03-11 06:03:00,290.39316904609313,285.56,4.833169046093133
2021-03-11 06:04:00,311.48635165953027,298.44,13.046351659530274
2021-03-11 06:05:00,271.61632260830436,264.25,7.366322608304358
2021-03-11 06:06:00,337.1366630743014,323.52,13.616663074301414
2021-03-11 06:07:00,374.85504631216253,383.53,-8.674953687837444
2021-03-11 06:08:00,367.2007210823671,410.68,-43.47927891763288
2021-03-11 06:09:00,455.77120646141293,439.76,16.01120646141294
2021-03-11 06:10:00,538.5204477752432,497.52000000000004,41.00044777524312
2021-03-11 06:11:00,525.6116683307077,523.95,1.6616683307076983
2021-03-11 06:12:00,341.0832681575534,410.8,-69.71673184244662
2021-03-11 06:13:00,297.9888425262746,417.78,-119.79115747372538
2021-03-11 06:14:00,395.46024033456956,355.34999999999997,40.110240334569596
2021-03-11 06:15:00,367.3035522432527,318.71999999999997,48.58355224325271
2021-03-11 06:16:00,354.7873370544478,317.76,37.0273370544478
2021-03-11 06:17:00,328.79726346149806,349.68999999999994,-20.89273653850188
2021-03-11 06:18:00,340.97531723870924,354.5,-13.524682761290762
2021-03-11 06:19:00,592.752785524071,516.66,76.09278552407102
2021-03-11 06:20:00,678.8599488494153,485.21000000000004,193.6499488494153
2021-03-11 06:21:00,494.3846421860674,502.47,-8.085357813932603
2021-03-11 06:22:00,390.8927448779904,438.24,-47.347255122009585
2021-03-11 06:23:00,716.3753891896469,563.98,152.39538918964683
2021-03-11 06:24:00,740.1967601445691,688.08,52.11676014456907
2021-03-11 06:25:00,747.9616567268406,757.77,-9.80834327315938
2021-03-11 06:26:00,738.3260304942467,754.97,-16.643969505753375
2021-03-11 06:27:00,858.2154118693841,752.76,105.45541186938408
2021-03-11 06:28:00,718.5482813866835,692.1300000000001,26.41828138668336
2021-03-11 06:29:00,718.9310429727312,618.28,100.65104297273126
2021-03-11 06:30:00,687.7938202555721,590.84,96.95382025557205
2021-03-11 06:31:00,433.47887151338705,521.56,-88.0811284866129
2021-03-11 06:32:00,403.402017771627,555.9000000000001,-152.49798222837308
2021-03-11 06:33:00,661.1851761401957,774.48,-113.2948238598043
2021-03-11 06:34:00,685.8144831010081,752.4,-66.58551689899184
2021-03-11 06:35:00,920.117230286449,1007.8200000000002,-87.70276971355122
2021-03-11 06:36:00,1183.8632413541172,1121.6,62.263241354117326
2021-03-11 06:37:00,1091.9177883444286,1051.49,40.42778834442856
2021-03-11 06:38:00,1245.9653611675283,1212.58,33.385361167528345
2021-03-11 06:39:00,911.2578180099978,982.55,-71.29218199000218
2021-03-11 06:40:00,753.0868413210865,826.95,-73.86315867891358
2021-03-11 06:41:00,563.0683458152276,653.6399999999999,-90.57165418477223
2021-03-11 06:42:00,499.9028360886469,533.2,-33.29716391135315
2021-03-11 06:43:00,501.1549986046402,513.02,-11.865001395359798
2021-03-11 06:44:00,463.0269078919261,516.4000000000001,-53.37309210807399
2021-03-11 06:45:00,779.6056924449862,781.3399999999999,-1.7343075550137428
2021-03-11 06:46:00,861.7052259953164,838.3499999999999,23.35522599531646
2021-03-11 06:47:00,600.2887908028835,654.48,-54.191209197116564
2021-03-11 06:48:00,632.213547265202,631.57,0.6435472652019598
2021-03-11 06:49:00,718.0722085682104,798.5699999999999,-80.49779143178955
2021-03-11 06:50:00,890.4953360185348,981.38,-90.88466398146522
2021-03-11 06:51:00,715.2016348687515,662.52,52.68163486875153
2021-03-11 06:52:00,651.2722616189385,720.46,-69.18773838106154
2021-03-11 06:53:00,767.4320198580177,773.22,-5.7879801419823025
2021-03-11 06:54:00,796.0199950724585,860.8199999999999,-64.80000492754141
2021-03-11 06:55:00,796.0874348327974,982.06,-185.97256516720256
2021-03-11 06:56:00,1064.593451921354,1090.0900000000001,-25.49654807864613
2021-03-11 06:57:00,955.9678668119145,1003.6800000000001,-47.712133188085545
2021-03-11 06:58:00,971.0955941699979,999.3599999999999,-28.264405830002033
2021-03-11 06:59:00,769.3051162432859,820.05,-50.7448837567141
2021-03-11 07:00:00,769.3459930283633,796.1199999999999,-26.774006971636595
2021-03-11 07:01:00,1227.3107492634201,1264.6,-37.28925073657979
2021-03-11 07:02:00,1155.8109483548549,1149.71,6.100948354854836
2021-03-11 07:03:00,860.9061003307067,885.12,-24.213899669293255
2021-03-11 07:04:00,1064.5035145935296,1114.8,-50.29648540647031
2021-03-11 07:05:00,1616.6499614246939,1707.89,-91.24003857530624
2021-03-11 07:06:00,1900.2406519895142,2051.32,-151.079348010486
2021-03-11 07:07:00,1298.4298142967855,1362.85,-64.42018570321443
2021-03-11 07:08:00,885.697491206117,956.24,-70.54250879388303
2021-03-11 07:09:00,749.8827766492601,815.1000000000001,-65.21722335074003
2021-03-11 07:10:00,1235.350356532296,1335.15,-99.79964346770407
2021-03-11 07:11:00,1573.9732911241665,1708.8400000000001,-134.86670887583364
2021-03-11 07:12:00,1486.3861190924185,1593.6,-107.21388090758137
2021-03-11 07:13:00,747.2382573945126,787.04,-39.801742605487334
2021-03-11 07:14:00,644.0683675387854,651.36,-7.29163246121459
2021-03-11 07:15:00,584.8859602537389,642.96,-58.07403974626118
2021-03-11 07:16:00,586.3702402618652,521.1,65.27024026186518
2021-03-11 07:17:00,469.1265843828793,479.15999999999997,-10.033415617120681
2021-03-11 07:18:00,410.54571084487094,429.28000000000003,-18.73428915512909
2021-03-11 07:19:00,446.77390315370997,430.48,16.293903153709948
2021-03-11 07:20:00,410.579560789204,430.96000000000004,-20.380439210796055
2021-03-11 07:21:00,367.4609059945682,429.76,-62.29909400543181
2021-03-11 07:22:00,389.97343533470615,402.79999999999995,-12.826564665293802
2021-03-11 07:23:00,370.6895223647033,379.19,-8.500477635296704
2021-03-11 07:24:00,393.0434381954282,349.54999999999995,43.49343819542827
2021-03-11 07:25:00,630.112396644449,693.95,-63.837603355551096
2021-03-11 07:26:00,480.26474218799285,571.8299999999999,-91.56525781200708
2021-03-11 07:27:00,668.9448023794849,689.23,-20.285197620515078
2021-03-11 07:28:00,725.1342728614322,745.72,-20.58572713856779
2021-03-11 07:29:00,684.3615662620945,774.62,-90.25843373790553
2021-03-11 07:30:00,974.5083871048315,881.6,92.90838710483149
2021-03-11 07:31:00,947.9483679021796,1070.6499999999999,-122.70163209782027
2021-03-11 07:32:00,1112.8022760729666,1146.74,-33.9377239270334
2021-03-11 07:33:00,1155.983013070085,1199.04,-43.056986929914956
2021-03-11 07:34:00,1156.0017349993325,1256.06,-100.05826500066746
2021-03-11 07:35:00,1845.2037177135774,1797.7600000000002,47.44371771357714
2021-03-11 07:36:00,1239.9132745896384,1282.02,-42.106725410361605
2021-03-11 07:37:00,1103.5868977297894,1190.48,-86.89310227021065
2021-03-11 07:38:00,1070.2901334140365,1134.56,-64.26986658596343
2021-03-11 07:39:00,1623.3401898382015,1691.1,-67.75981016179844
2021-03-11 07:40:00,2578.1181857426723,2763.6000000000004,-185.4818142573281
2021-03-11 07:41:00,2461.617384452697,2636.23,-174.612615547303
2021-03-11 07:42:00,2034.34070733051,2172.2999999999997,-137.95929266948974
2021-03-11 07:43:00,1292.7754576687983,1419.08,-126.30454233120167
2021-03-11 07:44:00,1907.0139764873902,1900.6399999999999,6.373976487390337
2021-03-11 07:45:00,1825.5727847134633,1862.86,-37.28721528653659
2021-03-11 07:46:00,2025.2532687229984,2022.5,2.7532687229984276
2021-03-11 07:47:00,2772.03227121082,2915.79,-143.75772878917996
2021-03-11 07:48:00,2896.595360323387,3008.46,-111.86463967661302
2021-03-11 07:49:00,2863.330571241169,2983.34,-120.00942875883129
2021-03-11 07:50:00,2724.850011608079,2860.71,-135.85998839192098
2021-03-11 07:51:00,2586.5229545897096,2728.0,-141.47704541029043
2021-03-11 07:52:00,2486.8793404332055,2597.0299999999997,-110.15065956679427
2021-03-11 07:53:00,2415.5405000023165,2540.0,-124.45949999768345
2021-03-11 07:54:00,2378.3458716557343,2491.75,-113.4041283442657
2021-03-11 07:55:00,2396.927383783154,2520.8,-123.87261621684638
2021-03-11 07:56:00,2349.629864156082,2484.96,-135.33013584391801
2021-03-11 07:57:00,2389.157326842393,2484.9300000000003,-95.77267315760719
2021-03-11 07:58:00,2358.8026011347956,2489.42,-130.61739886520445
2021-03-11 07:59:00,2373.712893602158,2495.3999999999996,-121.68710639784149
2021-03-11 08:00:00,2368.065979851794,2490.3500000000004,-122.28402014820631
2021-03-11 08:01:00,2424.81030919974,2551.6499999999996,-126.83969080025963
2021-03-11 08:02:00,2449.6455862115236,2553.0099999999998,-103.36441378847621
2021-03-11 08:03:00,2347.173224346447,2476.8,-129.62677565355307
2021-03-11 08:04:00,2419.7709220642105,2598.63,-178.85907793578963
2021-03-11 08:05:00,2388.553598900354,2521.1800000000003,-132.6264010996465
2021-03-11 08:06:00,2059.082684456843,2112.12,-53.03731554315709
2021-03-11 08:07:00,902.7328323404569,920.89,-18.15716765954312
2021-03-11 08:08:00,2496.81477586942,2610.85,-114.03522413057999
2021-03-11 08:09:00,2766.671989114572,2902.6400000000003,-135.96801088542816
2021-03-11 08:10:00,2386.2163365841857,2468.54,-82.32366341581428
2021-03-11 08:11:00,2664.5872515351134,2774.92,-110.33274846488666
2021-03-11 08:12:00,2248.4624419490333,2407.24,-158.7775580509665
2021-03-11 08:13:00,2700.033652523757,2844.92,-144.88634747624292
2021-03-11 08:14:00,2690.7116774294973,2848.04,-157.32832257050268
2021-03-11 08:15:00,2719.845627265381,2869.08,-149.23437273461877
2021-03-11 08:16:00,2716.6527227041674,2865.45,-148.79727729583237
2021-03-11 08:17:00,2716.6115467595096,2867.52,-150.90845324049042
2021-03-11 08:18:00,2590.905873421922,2681.7700000000004,-90.86412657807841
2021-03-11 08:19:00,2759.897531110139,2873.3599999999997,-113.4624688898607
2021-03-11 08:20:00,2757.4811623745836,2859.0699999999997,-101.58883762541609
2021-03-11 08:21:00,2776.119906937643,2911.99,-135.87009306235677
2021-03-11 08:22:00,2838.0431673997814,2962.7,-124.65683260021842
2021-03-11 08:23:00,2939.8972753092767,3085.0200000000004,-145.12272469072377
2021-03-11 08:24:00,2481.2912577446473,2607.84,-126.54874225535286
2021-03-11 08:25:00,3022.621389517195,3155.7799999999997,-133.15861048280476
2021-03-11 08:26:00,2738.101029177599,2744.88,-6.778970822401334
2021-03-11 08:27:00,3081.670924050105,3198.98,-117.30907594989503
2021-03-11 08:28:00,2968.98360665652,3113.34,-144.35639334348025
2021-03-11 08:29:00,2904.7899961181934,3073.15,-168.36000388180673
2021-03-11 08:30:00,2947.844305371939,3040.44,-92.59569462806121
2021-03-11 08:31:00,2966.97863857059,3063.05,-96.07136142940999
2021-03-11 08:32:00,2986.967216853717,3096.0499999999997,-109.08278314628251
2021-03-11 08:33:00,2987.2439512453275,3106.3500000000004,-119.10604875467288
2021-03-11 08:34:00,3008.7846891606328,3106.96,-98.17531083936728
2021-03-11 08:35:00,2998.286325430687,3140.7,-142.41367456931266
2021-03-11 08:36:00,2992.55108751234,3146.5,-153.94891248765998
2021-03-11 08:37:00,3039.7205608388413,3156.2799999999997,-116.55943916115848
2021-03-11 08:38:00,3052.493149296104,3186.0,-133.5068507038959
2021-03-11 08:39:00,3083.731409880425,3207.87,-124.13859011957493
2021-03-11 08:40:00,1900.6429778271288,1923.1200000000003,-22.477022172871557
2021-03-11 08:41:00,3173.544730306157,3315.35,-141.805269693843
2021-03-11 08:42:00,3189.963175128196,3353.58,-163.61682487180406
2021-03-11 08:43:00,3142.69986424422,3289.7299999999996,-147.0301357557796
2021-03-11 08:44:00,3144.0298512399145,3264.85,-120.82014876008543
2021-03-11 08:45:00,3145.4047097036278,3286.0699999999997,-140.66529029637195
2021-03-11 08:46:00,3155.2092391037772,3295.83,-140.6207608962227
2021-03-11 08:47:00,3178.157922183901,3314.5899999999997,-136.43207781609863
2021-03-11 08:48:00,3210.314919841975,3348.62,-138.3050801580248
2021-03-11 08:49:00,3274.9720169039715,3374.74,-99.76798309602827
2021-03-11 08:50:00,3295.9426177875685,3414.76,-118.81738221243177
2021-03-11 08:51:00,3241.4602380157144,3351.76,-110.29976198428585
2021-03-11 08:52:00,3254.213657207684,3398.27,-144.05634279231617
2021-03-11 08:53:00,3244.8328478046533,3386.25,-141.41715219534672
2021-03-11 08:54:00,3245.9244675973055,3376.17,-130.2455324026946
2021-03-11 08:55:00,3279.387435195897,3394.44,-115.05256480410299
2021-03-11 08:56:00,3273.9682515637232,3432.5699999999997,-158.60174843627647
2021-03-11 08:57:00,3313.024102376793,3447.6800000000003,-134.65589762320724
2021-03-11 08:58:00,3300.9913247261366,3434.3700000000003,-133.3786752738638
2021-03-11 08:59:00,3436.0749780803603,3546.95,-110.8750219196395
2021-03-11 09:00:00,3217.9991178425857,3305.2200000000003,-87.22088215741451
2021-03-11 09:01:00,3525.5487482600865,3632.56,-107.0112517399134
2021-03-11 09:02:00,3427.0477431879503,3562.2400000000002,-135.1922568120499
2021-03-11 09:03:00,3434.9177417277274,3578.4700000000003,-143.55225827227287
2021-03-11 09:04:00,3472.5580285895408,3665.26,-192.70197141045946
2021-03-11 09:05:00,3510.9818774353516,3661.87,-150.88812256464826
2021-03-11 09:06:00,3518.0489020651667,3694.4900000000007,-176.44109793483403
2021-03-11 09:07:00,3480.2519726599985,3599.04,-118.78802734000146
2021-03-11 09:08:00,3386.933055850536,3524.3999999999996,-137.46694414946342
2021-03-11 09:09:00,3387.2194335385852,3496.09,-108.87056646141491
2021-03-11 09:10:00,3596.697787917268,3780.7499999999995,-184.05221208273133
2021-03-11 09:11:00,3666.541090808987,3828.24,-161.69890919101272
2021-03-11 09:12:00,3701.8290315060444,3864.9700000000003,-163.14096849395582
2021-03-11 09:13:00,3729.7063156436884,3883.6,-153.8936843563115
2021-03-11 09:14:00,3744.681549317394,3922.0000000000005,-177.31845068260645
2021-03-11 09:15:00,3628.781788910778,3725.91,-97.12821108922208
2021-03-11 09:16:00,1473.6460636767613,1466.92,6.726063676761214
2021-03-11 09:17:00,3750.9098645784297,3890.17,-139.26013542157034
2021-03-11 09:18:00,3880.048478669483,4034.08,-154.03152133051708
2021-03-11 09:19:00,3771.429246648934,3904.3900000000003,-132.96075335106616
2021-03-11 09:20:00,2032.6556226854625,1896.1800000000003,136.4756226854622
2021-03-11 09:21:00,2091.4536055699746,2100.0,-8.54639443002543
2021-03-11 09:22:00,3937.618586342617,4144.139999999999,-206.52141365738225
2021-03-11 09:23:00,3885.715591714316,4078.45,-192.7344082856839
2021-03-11 09:24:00,3786.3083826051206,3974.65,-188.34161739487945
2021-03-11 09:25:00,3784.593567899442,3955.27,-170.67643210055803
2021-03-11 09:26:00,3751.7726098275343,3912.54,-160.76739017246564
2021-03-11 09:27:00,3742.113101707519,3877.0299999999997,-134.9168982924807
2021-03-11 09:28:00,3747.4706098886404,3866.08,-118.60939011135952
2021-03-11 09:29:00,3718.8819394438065,3866.81,-147.9280605561935
2021-03-11 09:30:00,3730.74311174686,3852.9799999999996,-122.23688825313957
2021-03-11 09:31:00,3755.542106866968,3839.5600000000004,-84.01789313303243
2021-03-11 09:32:00,3745.1687892441146,3865.3500000000004,-120.18121075588579
2021-03-11 09:33:00,3751.648815990538,3872.75,-121.10118400946203
2021-03-11 09:34:00,3757.2062542567814,3867.5299999999997,-110.3237457432183
2021-03-11 09:35:00,3753.1647185424604,3862.46,-109.29528145753966
2021-03-11 09:36:00,3760.3590608315967,3893.1400000000003,-132.78093916840362
2021-03-11 09:37:00,3804.162894070579,3925.5,-121.33710592942089
2021-03-11 09:38:00,3811.6124461527634,3918.75,-107.13755384723663
2021-03-11 09:39:00,3820.3408655205435,3924.75,-104.4091344794565
2021-03-11 09:40:00,3884.268437214161,3979.05,-94.78156278583901
2021-03-11 09:41:00,3942.542132363704,4004.9699999999993,-62.42786763629556
2021-03-11 09:42:00,3953.415600210138,4033.26,-79.84439978986211
2021-03-11 09:43:00,4036.917867044335,4083.2999999999997,-46.38213295566493
2021-03-11 09:44:00,4025.1476288785407,4112.74,-87.59237112145911
2021-03-11 09:45:00,3939.088107194383,4024.79,-85.70189280561681
2021-03-11 09:46:00,3917.852875907551,4010.9300000000003,-93.07712409244914
2021-03-11 09:47:00,3894.691139026339,4007.8500000000004,-113.15886097366138
2021-03-11 09:48:00,3934.6744011637174,4000.92,-66.24559883628262
2021-03-11 09:49:00,3852.154668001477,3894.5099999999998,-42.355331998522615
2021-03-11 09:50:00,3964.0943230209778,4072.49,-108.39567697902203
2021-03-11 09:51:00,3970.560267827209,4128.54,-157.97973217279105
2021-03-11 09:52:00,3974.1500588176305,4099.3099999999995,-125.15994118236904
2021-03-11 09:53:00,4020.802508462319,4110.37,-89.56749153768078
2021-03-11 09:54:00,4020.1288226876777,4065.3400000000006,-45.21117731232289
2021-03-11 09:55:00,3893.7824018220876,3988.6000000000004,-94.81759817791271
2021-03-11 09:56:00,3949.3888201602394,3911.25,38.13882016023945
2021-03-11 09:57:00,3738.974551598021,3793.8099999999995,-54.83544840197828
2021-03-11 09:58:00,3343.3974627580633,3310.66,32.73746275806343
2021-03-11 09:59:00,3977.64901523065,4066.1400000000003,-88.49098476935023
2021-03-11 10:00:00,3179.181005478217,3143.4,35.781005478216684
2021-03-11 10:01:00,3522.6356701670816,3505.44,17.195670167081516
2021-03-11 10:02:00,4220.4819894088005,4363.8,-143.3180105911997
2021-03-11 10:03:00,4175.118101093438,4262.07,-86.95189890656184
2021-03-11 10:04:00,4061.451116205215,4130.120000000001,-68.66888379478587
2021-03-11 10:05:00,4042.5773012173922,4123.8,-81.22269878260795
2021-03-11 10:06:00,3961.411856702111,4085.64,-124.22814329788889
2021-03-11 10:07:00,3961.168564298806,4035.57,-74.40143570119426
2021-03-11 10:08:00,3893.095408074531,3954.09,-60.994591925469194
2021-03-11 10:09:00,3948.663178318438,3974.04,-25.376821681561978
2021-03-11 10:10:00,3941.368723598362,4010.9300000000003,-69.56127640163822
2021-03-11 10:11:00,3968.5800908595834,3993.58,-24.99990914041655
2021-03-11 10:12:00,4029.075979317445,4103.26,-74.184020682555
2021-03-11 10:13:00,4031.425825069221,4075.5,-44.07417493077901
2021-03-11 10:14:00,4053.763709985211,4083.07,-29.306290014789283
2021-03-11 10:15:00,4053.1355972281485,4113.98,-60.84440277185104
2021-03-11 10:16:00,4000.4115706834878,4054.44,-54.0284293165123
2021-03-11 10:17:00,4038.042605693108,4069.26,-31.217394306892402
2021-03-11 10:18:00,4068.892012821251,4104.84,-35.94798717874937
2021-03-11 10:19:00,4083.4208325629224,4096.15,-12.729167437077194
2021-03-11 10:20:00,4082.218003194653,4162.26,-80.04199680534703
2021-03-11 10:21:00,4121.266025357094,4196.61,-75.34397464290578
2021-03-11 10:22:00,4122.41610772992,4151.2,-28.783892270079377
2021-03-11 10:23:00,4106.366356126699,4152.0,-45.63364387330057
2021-03-11 10:24:00,4106.691544715641,4146.4,-39.708455284358934
2021-03-11 10:25:00,4155.7690925981215,4191.24,-35.47090740187832
2021-03-11 10:26:00,4155.378180497418,4203.09,-47.71181950258233
2021-03-11 10:27:00,4170.051942885995,4186.24,-16.18805711400455
2021-03-11 10:28:00,4206.917205858924,4227.1,-20.182794141076556
2021-03-11 10:29:00,4163.479748727592,4201.78,-38.30025127240788
2021-03-11 10:30:00,4166.004143008081,4169.879999999999,-3.8758569919182264
2021-03-11 10:31:00,4169.411232344199,4180.41,-10.998767655801203
2021-03-11 10:32:00,4161.792607279043,4177.17,-15.377392720956777
2021-03-11 10:33:00,3843.63351426207,3774.83,68.80351426207017
2021-03-11 10:34:00,3829.0324736486614,3867.82,-38.787526351338784
2021-03-11 10:35:00,4139.344854025784,4153.6,-14.255145974216248
2021-03-11 10:36:00,4172.213828991061,4204.709999999999,-32.49617100893829
2021-03-11 10:37:00,4195.471542887017,4248.42,-52.948457112983306
2021-03-11 10:38:00,4236.356627705165,4272.24,-35.88337229483477
2021-03-11 10:39:00,4257.676071619338,4291.1,-33.4239283806628
2021-03-11 10:40:00,4308.22921196674,4345.49,-37.260788033259814
2021-03-11 10:41:00,4271.709063124847,4276.99,-5.280936875153202
2021-03-11 10:42:00,4266.011934708614,4285.29,-19.278065291386156
2021-03-11 10:43:00,4272.562684944997,4312.34,-39.77731505500287
2021-03-11 10:44:00,4312.431736218868,4320.96,-8.52826378113241
2021-03-11 10:45:00,4342.493123752448,4390.25,-47.7568762475521
2021-03-11 10:46:00,4305.017296182162,4326.58,-21.562703817838155
2021-03-11 10:47:00,4302.904537482823,4351.38,-48.47546251717722
2021-03-11 10:48:00,4343.502769727486,4370.7,-27.19723027251348
2021-03-11 10:49:00,4356.717886440184,4362.200000000001,-5.482113559816753
2021-03-11 10:50:00,4291.320863387165,4204.71,86.61086338716541
2021-03-11 10:51:00,4395.749335592588,4409.219999999999,-13.470664407411277
2021-03-11 10:52:00,4501.45742301246,4562.139999999999,-60.682576987539505
2021-03-11 10:53:00,2911.393256627776,2768.1899999999996,143.20325662777623
2021-03-11 10:54:00,4552.582461793101,4486.61,65.9724617931015
2021-03-11 10:55:00,3326.468685786714,3131.1000000000004,195.36868578671374
2021-03-11 10:56:00,3792.841525550372,3701.2299999999996,91.61152555037233
2021-03-11 10:57:00,2134.233450469238,2081.47,52.76345046923825
2021-03-11 10:58:00,4456.789585778539,4511.36,-54.57041422146085
2021-03-11 10:59:00,4690.781731842298,4806.08,-115.2982681577023
2021-03-11 11:00:00,4682.867776529479,4794.119999999999,-111.25222347052022
2021-03-11 11:01:00,4683.621676472318,4765.6,-81.97832352768273
2021-03-11 11:02:00,4621.79340994487,4696.6,-74.80659005513007
2021-03-11 11:03:00,4564.188590747159,4612.29,-48.10140925284122
2021-03-11 11:04:00,4592.751469223654,4635.76,-43.00853077634656
2021-03-11 11:05:00,4521.45199805276,4605.3,-83.84800194723994
2021-03-11 11:06:00,4572.177812888386,4600.799999999999,-28.62218711161313
2021-03-11 11:07:00,4515.362040844866,4605.3,-89.9379591551342
2021-03-11 11:08:00,4501.826356179911,4599.0,-97.17364382008873
2021-03-11 11:09:00,4475.657880431675,4547.9,-72.2421195683246
2021-03-11 11:10:00,4423.218202107865,4479.200000000001,-55.981797892135546
2021-03-11 11:11:00,4235.839939009173,4234.22,1.6199390091724126
2021-03-11 11:12:00,4419.214845175771,4445.5599999999995,-26.345154824228302
2021-03-11 11:13:00,4441.048852994975,4506.48,-65.43114700502429
2021-03-11 11:14:00,4456.950703465478,4480.5,-23.549296534522
2021-03-11 11:15:00,4437.588155099026,4460.49,-22.90184490097363
2021-03-11 11:16:00,4450.69951357155,4516.16,-65.46048642845017
2021-03-11 11:17:00,4423.317345468519,4457.879999999999,-34.56265453147989
2021-03-11 11:18:00,4304.9981813310515,4296.530000000001,8.4681813310508
2021-03-11 11:19:00,4450.743479220314,4450.919999999999,-0.17652077968523372
2021-03-11 11:20:00,4406.651315386356,4463.1,-56.44868461364422
2021-03-11 11:21:00,4411.131680951118,4443.09,-31.958319048882004
2021-03-11 11:22:00,4412.243194104718,4461.36,-49.116805895281686
2021-03-11 11:23:00,4396.641911339556,4413.52,-16.87808866044452
2021-03-11 11:24:00,4352.612342102132,4376.27,-23.657657897868376
2021-03-11 11:25:00,4346.9303133123,4346.05,0.8803133123001317
2021-03-11 11:26:00,4316.439231237321,4336.0,-19.56076876267889
2021-03-11 11:27:00,4279.6609490332885,4269.78,9.880949033288744
2021-03-11 11:28:00,4278.664804044937,4256.24,22.424804044937446
2021-03-11 11:29:00,4312.507094721059,4315.08,-2.572905278941107
2021-03-11 11:30:00,4315.556220672574,4295.76,19.796220672574236
2021-03-11 11:31:00,4282.663459474831,4308.360000000001,-25.69654052516944
2021-03-11 11:32:00,4279.484644248591,4262.050000000001,17.434644248590303
2021-03-11 11:33:00,4325.985949331001,4289.88,36.105949331001284
2021-03-11 11:34:00,4325.985913009684,4292.400000000001,33.58591300968328
2021-03-11 11:35:00,4312.793145468101,4284.0,28.793145468101102
2021-03-11 11:36:00,4289.926330359572,4284.84,5.086330359571548
2021-03-11 11:37:00,4287.119499930151,4279.8,7.319499930150414
2021-03-11 11:38:00,4294.520334531668,4283.16,11.360334531667831
2021-03-11 11:39:00,4151.836101973782,4034.5299999999997,117.30610197378246
2021-03-11 11:40:00,4170.147599003369,4149.63,20.51759900336856
2021-03-11 11:41:00,4347.404271740693,4335.0,12.40427174069282
2021-03-11 11:42:00,4355.3542189300215,4350.3,5.054218930021307
2021-03-11 11:43:00,4351.2138700402365,4320.12,31.093870040236652
2021-03-11 11:44:00,4393.153011828127,4367.299999999999,25.85301182812782
2021-03-11 11:45:00,4395.481442100189,4404.92,-9.438557899810803
2021-03-11 11:46:00,4408.498189054361,4402.34,6.1581890543611735
2021-03-11 11:47:00,4424.053092702619,4391.889999999999,32.163092702619906
2021-03-11 11:48:00,4393.155436207569,4414.379999999999,-21.224563792429763
2021-03-11 11:49:00,4395.2242907062955,4377.04,18.184290706295542
2021-03-11 11:50:00,4376.108099762519,4377.5,-1.3919002374814227
2021-03-11 11:51:00,4369.418110897673,4383.16,-13.74188910232715
2021-03-11 11:52:00,4372.064675454456,4385.639999999999,-13.57532454554348
2021-03-11 11:53:00,4374.289345224152,4385.639999999999,-11.350654775847033
2021-03-11 11:54:00,4351.105880681086,4354.9800000000005,-3.8741193189143814
2021-03-11 11:55:00,4398.325630361525,4373.25,25.075630361525327
2021-03-11 11:56:00,4371.469201642388,4408.360000000001,-36.890798357612766
2021-03-11 11:57:00,4364.462937203034,4356.25,8.212937203034016
2021-03-11 11:58:00,4363.447751300243,4324.210000000001,39.23775130024205
2021-03-11 11:59:00,4354.590143774905,4306.68,47.91014377490501
2021-03-11 12:00:00,4353.005067781078,4339.400000000001,13.605067781077196
2021-03-11 12:01:00,4310.839051424576,4292.5,18.3390514245757
2021-03-11 12:02:00,4311.281392509795,4223.04,88.24139250979533
2021-03-11 12:03:00,4357.433019856471,4269.72,87.71301985647096
2021-03-11 12:04:00,4380.341796401937,4349.56,30.781796401936845
2021-03-11 12:05:00,4354.911249301486,4357.95,-3.038750698513468
2021-03-11 12:06:00,4355.327453049163,4359.65,-4.3225469508370225
2021-03-11 12:07:00,4373.411145713032,4384.8099999999995,-11.398854286967435
2021-03-11 12:08:00,4382.694503062513,3424.38,958.3145030625128
2021-03-11 12:09:00,4391.573663732605,4388.31,3.263663732604982
2021-03-11 12:10:00,4375.597743652927,4367.3,8.297743652927238
2021-03-11 12:11:00,4393.651970664599,4376.65,17.001970664598957
2021-03-11 12:12:00,4374.941888988646,4360.5,14.441888988645587
2021-03-11 12:13:00,4379.564883166492,4368.59,10.974883166491963
2021-03-11 12:14:00,4377.3568596985515,4376.26,1.0968596985512704
2021-03-11 12:15:00,4397.971655570314,4379.76,18.21165557031418
2021-03-11 12:16:00,4411.562276929167,4433.54,-21.977723070833235
2021-03-11 12:17:00,3827.781837735341,3674.88,152.9018377353409
2021-03-11 12:18:00,4308.770979973693,4272.84,35.930979973692956
2021-03-11 12:19:00,4287.20693229333,4261.530000000001,25.676932293329628
2021-03-11 12:20:00,4286.813401997554,4206.6,80.21340199755377
2021-03-11 12:21:00,4386.308447628709,4414.38,-28.071552371291546
2021-03-11 12:22:00,4384.0158303737535,4367.3,16.715830373753306
2021-03-11 12:23:00,4348.055635613999,4357.1,-9.04436438600169
2021-03-11 12:24:00,4352.215496713823,4357.31,-5.094503286177314
2021-03-11 12:25:00,4373.754360851896,4389.44,-15.685639148103292
2021-03-11 12:26:00,4389.073894617825,4382.56,6.513894617824917
2021-03-11 12:27:00,3808.401701768463,3639.34,169.06170176846308
2021-03-11 12:28:00,4291.565651926159,4301.37,-9.804348073840629
2021-03-11 12:29:00,3769.404901492939,3566.7300000000005,202.67490149293872
2021-03-11 12:30:00,4197.759232608297,4136.58,61.17923260829684
2021-03-11 12:31:00,4342.209566621766,4355.4400000000005,-13.23043337823492
2021-03-11 12:32:00,4306.766672451671,4314.24,-7.473327548328598
2021-03-11 12:33:00,4309.598918970633,4264.54,45.058918970633385
2021-03-11 12:34:00,4268.312326909936,4260.39,7.922326909935691
2021-03-11 12:35:00,4271.335367716486,4253.29,18.045367716486
2021-03-11 12:36:00,4244.015241906484,4220.54,23.47524190648437
2021-03-11 12:37:00,4244.3856749122615,4209.15,35.23567491226186
2021-03-11 12:38:00,4204.876007577707,4190.9400000000005,13.936007577706732
2021-03-11 12:39:00,4224.49657877433,4185.27,39.22657877432994
2021-03-11 12:40:00,4187.893875747407,4139.2,48.69387574740722
2021-03-11 12:41:00,4172.056256732186,4159.93,12.126256732185539
2021-03-11 12:42:00,4285.250366530479,4241.04,44.210366530479405
2021-03-11 12:43:00,4265.338241742587,4257.900000000001,7.438241742586797
2021-03-11 12:44:00,4028.5822600351635,3915.51,113.07226003516325
2021-03-11 12:45:00,4230.98165975085,4213.18,17.801659750849467
2021-03-11 12:46:00,4249.547364147621,4232.0199999999995,17.527364147621483
2021-03-11 12:47:00,4234.26092510869,4200.08,34.180925108689735
2021-03-11 12:48:00,4233.829242073806,4222.179999999999,11.649242073806818
2021-03-11 12:49:00,4247.844484353247,4181.22,66.62448435324677
2021-03-11 12:50:00,4229.6351705766965,4187.91,41.725170576696655
2021-03-11 12:51:00,4185.267898022635,4149.63,35.637898022634545
2021-03-11 12:52:00,4205.306788939499,4158.49,46.81678893949902
2021-03-11 12:53:00,4238.870651473947,4168.26,70.61065147394675
2021-03-11 12:54:00,4220.402029590091,4162.589999999999,57.8120295900917
2021-03-11 12:55:00,4212.269753862515,4191.15,21.11975386251561
2021-03-11 12:56:00,4212.858889245605,4165.83,47.02888924560466
2021-03-11 12:57:00,4218.43932236964,4163.4,55.039322369640104
2021-03-11 12:58:00,4210.550896260266,4147.81,62.7408962602658
2021-03-11 12:59:00,4185.055080189385,4175.55,9.505080189384898
2021-03-11 13:00:00,4189.351829986505,4141.42,47.93182998650536
2021-03-11 13:01:00,4169.028693437726,4140.62,28.40869343772647
2021-03-11 13:02:00,4160.494251748821,4112.799999999999,47.69425174882144
2021-03-11 13:03:00,4135.083441642725,4103.52,31.563441642724683
2021-03-11 13:04:00,4036.336770503256,4010.76,25.57677050325583
2021-03-11 13:05:00,4003.9662925176567,3995.7,8.266292517656893
2021-03-11 13:06:00,4064.132393665982,4024.0199999999995,40.11239366598238
2021-03-11 13:07:00,4035.0290727431598,4019.34,15.689072743159613
2021-03-11 13:08:00,4038.581355862569,3970.8900000000003,67.6913558625688
2021-03-11 13:09:00,4084.482086873766,4042.4400000000005,42.042086873765584
2021-03-11 13:10:00,4095.0420942205888,4073.2400000000002,21.802094220588515
2021-03-11 13:11:00,4067.3358862916234,4024.7999999999997,42.53588629162368
2021-03-11 13:12:00,3990.161793486775,3971.66,18.501793486775114
2021-03-11 13:13:00,3820.713167269618,3782.13,38.583167269618116
2021-03-11 13:14:00,3785.303391845229,3718.8,66.50339184522863
2021-03-11 13:15:00,3867.563390888476,3785.78,81.78339088847588
2021-03-11 13:16:00,3843.5401252263828,3779.21,64.33012522638273
2021-03-11 13:17:00,3810.242848991955,3775.5599999999995,34.682848991955325
2021-03-11 13:18:00,3785.8474896134917,3750.34,35.50748961349154
2021-03-11 13:19:00,3734.1225357894864,3651.12,83.0025357894865
2021-03-11 13:20:00,3679.382710260339,3633.4600000000005,45.92271026033859
2021-03-11 13:21:00,3637.442993617617,3578.34,59.1029936176169
2021-03-11 13:22:00,3539.4728065679874,3486.68,52.792806567987554
2021-03-11 13:23:00,3400.13866827032,3327.57,72.5686682703199
2021-03-11 13:24:00,3405.22906686096,3347.2000000000007,58.02906686095912
2021-03-11 13:25:00,3417.60793716536,3362.5600000000004,55.0479371653596
2021-03-11 13:26:00,3428.994907923278,3358.7200000000003,70.27490792327762
2021-03-11 13:27:00,3514.630003481795,3463.68,50.95000348179519
2021-03-11 13:28:00,3574.8631016900254,3523.5300000000007,51.333101690024705
2021-03-11 13:29:00,3593.394943195184,3564.56,28.834943195184223
2021-03-11 13:30:00,3604.628263591768,3558.44,46.188263591767736
2021-03-11 13:31:00,3601.7222506972685,3529.5299999999997,72.19225069726872
2021-03-11 13:32:00,3662.5636893714927,3621.8100000000004,40.75368937149233
2021-03-11 13:33:00,3665.844588039565,3570.7000000000003,95.14458803956495
2021-03-11 13:34:00,3734.098796895951,3599.7,134.39879689595136
2021-03-11 13:35:00,3788.2933738555726,3614.6099999999997,173.68337385557288
2021-03-11 13:36:00,3722.788970980884,3541.5,181.2889709808842
2021-03-11 13:37:00,3725.870069256208,3594.73,131.14006925620788
2021-03-11 13:38:00,3750.8786283179306,3665.0199999999995,85.8586283179311
2021-03-11 13:39:00,3757.9141447418183,3632.8199999999997,125.09414474181858
2021-03-11 13:40:00,3791.7179267053775,3668.5699999999997,123.14792670537781
2021-03-11 13:41:00,3737.0419448636403,3669.12,67.92194486364042
2021-03-11 13:42:00,3779.998307225284,3694.3199999999997,85.67830722528424
2021-03-11 13:43:00,3795.7634148057427,3690.7200000000003,105.04341480574249
2021-03-11 13:44:00,3722.6258851074217,3630.2299999999996,92.39588510742215
2021-03-11 13:45:00,3595.656979335195,3502.24,93.41697933519526
2021-03-11 13:46:00,2881.4265168575007,2606.16,275.26651685750085
2021-03-11 13:47:00,3736.186158275532,3610.6000000000004,125.58615827553149
2021-03-11 13:48:00,3699.759449182636,3593.8,105.95944918263604
2021-03-11 13:49:00,3722.405118103405,3638.04,84.36511810340517
2021-03-11 13:50:00,3692.790717970381,3606.4000000000005,86.39071797038059
2021-03-11 13:51:00,3624.0109299045585,3526.59,97.4209299045583
2021-03-11 13:52:00,3390.8884376106753,3196.41,194.47843761067543
2021-03-11 13:53:00,3565.9623254445683,3489.17,76.79232544456818
2021-03-11 13:54:00,3542.2303482571333,3442.46,99.77034825713326
2021-03-11 13:55:00,3473.8165403453686,3332.55,141.2665403453684
2021-03-11 13:56:00,3222.336878245019,3048.0,174.33687824501885
2021-03-11 13:57:00,3539.935955670559,3357.2599999999998,182.67595567055923
2021-03-11 13:58:00,3659.7116890744605,3499.6800000000003,160.03168907446025
2021-03-11 13:59:00,3623.5312967731916,3482.4300000000003,141.10129677319128
2021-03-11 14:00:00,3607.365955342742,3458.48,148.8859553427419
2021-03-11 14:01:00,3581.130322291048,3424.37,156.76032229104794
2021-03-11 14:02:00,3515.5549548783224,3362.0399999999995,153.5149548783229
2021-03-11 14:03:00,3445.8001202582495,3327.3500000000004,118.45012025824917
2021-03-11 14:04:00,3438.333047823393,3312.4,125.93304782339283
2021-03-11 14:05:00,3446.160984820672,3316.3,129.860984820672
2021-03-11 14:06:00,3494.6191771290646,3391.74,102.87917712906483
2021-03-11 14:07:00,3503.210895127709,3390.42,112.79089512770906
2021-03-11 14:08:00,3448.3631857732103,3368.6400000000003,79.72318577320993
2021-03-11 14:09:00,3423.2852498701986,3284.46,138.8252498701986
2021-03-11 14:10:00,3422.2359771004535,3323.7700000000004,98.46597710045307
2021-03-11 14:11:00,3453.4767706120874,3344.9,108.57677061208733
2021-03-11 14:12:00,3374.2389352169957,3296.6400000000003,77.59893521699541
2021-03-11 14:13:00,3366.8124964929957,3269.9700000000003,96.84249649299545
2021-03-11 14:14:00,3377.7862422579246,3258.36,119.42624225792451
2021-03-11 14:15:00,3386.956375425807,3266.55,120.4063754258068
2021-03-11 14:16:00,3390.791646325491,3277.8900000000003,112.90164632549067
2021-03-11 14:17:00,3314.5285493047604,3209.7400000000002,104.78854930476018
2021-03-11 14:18:00,3276.004688378371,3207.2200000000003,68.7846883783709
2021-03-11 14:19:00,3174.048010651729,3101.4,72.64801065172878
2021-03-11 14:20:00,3219.017528419669,3084.0,135.0175284196689
2021-03-11 14:21:00,3176.846586581477,3116.9300000000003,59.91658658147662
2021-03-11 14:22:00,3176.368603475385,3070.8,105.56860347538486
2021-03-11 14:23:00,3182.075050219897,3060.5200000000004,121.55505021989666
2021-03-11 14:24:00,3112.327022292011,2970.7599999999998,141.5670222920112
2021-03-11 14:25:00,3075.984948835449,2974.26,101.72494883544869
2021-03-11 14:26:00,3071.623050383158,2992.5,79.12305038315799
2021-03-11 14:27:00,3073.945038419723,2985.66,88.28503841972315
2021-03-11 14:28:00,3042.2589009235567,2994.21,48.04890092355663
2021-03-11 14:29:00,3058.5720799666437,2978.8199999999997,79.75207996664403
2021-03-11 14:30:00,3028.3603151630246,2997.63,30.730315163024443
2021-03-11 14:31:00,2984.4968189404003,2922.6399999999994,61.8568189404009
2021-03-11 14:32:00,2902.922436564684,2787.7999999999997,115.12243656468445
2021-03-11 14:33:00,2874.6879024227446,2789.39,85.29790242274476
2021-03-11 14:34:00,2841.3481027249486,2767.66,73.68810272494875
2021-03-11 14:35:00,2768.712532196869,2683.2,85.51253219686896
2021-03-11 14:36:00,2625.8868200719658,2530.8500000000004,95.0368200719654
2021-03-11 14:37:00,2673.5287399158374,2550.9399999999996,122.58873991583778
2021-03-11 14:38:00,2786.4691387503976,2662.2,124.26913875039781
2021-03-11 14:39:00,2679.8866884069957,2598.5,81.38668840699575
2021-03-11 14:40:00,2693.1126788196966,2627.0,66.11267881969661
2021-03-11 14:41:00,2808.5492527741667,2725.84,82.70925277416654
2021-03-11 14:42:00,2738.53387414094,2668.3199999999997,70.21387414094033
2021-03-11 14:43:00,2589.9524639125307,2498.88,91.07246391253057
2021-03-11 14:44:00,2636.347775180625,2511.68,124.66777518062509
2021-03-11 14:45:00,2762.9496591400953,2669.34,93.60965914009512
2021-03-11 14:46:00,2843.042110244567,2749.24,93.8021102445673
2021-03-11 14:47:00,2857.008682813148,2787.8,69.20868281314779
2021-03-11 14:48:00,2820.226794754964,2735.7200000000003,84.50679475496372
2021-03-11 14:49:00,2686.4494943998743,2569.08,117.36949439987438
2021-03-11 14:50:00,2736.857419513054,2618.0,118.85741951305408
2021-03-11 14:51:00,2737.801370479407,2693.3099999999995,44.49137047940758
2021-03-11 14:52:00,2776.699757017151,2692.7999999999997,83.89975701715139
2021-03-11 14:53:00,2782.6007367153466,2699.94,82.6607367153465
2021-03-11 14:54:00,2793.2738890188243,2709.12,84.15388901882443
2021-03-11 14:55:00,2749.82274239848,2668.71,81.1127423984799
2021-03-11 14:56:00,2728.2454122981444,2650.5,77.7454122981444
2021-03-11 14:57:00,2729.648230010477,2681.0699999999997,48.578230010477455
2021-03-11 14:58:00,2716.3728651421275,2631.0,85.37286514212747
2021-03-11 14:59:00,2752.9456098194987,2650.0,102.94560981949871
2021-03-11 15:00:00,2689.7510797114905,2576.91,112.84107971149069
2021-03-11 15:01:00,2651.788997562787,2595.5300000000007,56.258997562786135
2021-03-11 15:02:00,2624.976414530772,2594.0600000000004,30.916414530771817
2021-03-11 15:03:00,2648.6570798695366,2526.72,121.93707986953677
2021-03-11 15:04:00,2661.9329289265725,2593.57,68.3629289265723
2021-03-11 15:05:00,2640.5463962575427,2562.7200000000003,77.82639625754246
2021-03-11 15:06:00,2658.1829016090555,2502.75,155.43290160905553
2021-03-11 15:07:00,2584.722800400962,2524.13,60.592800400962005
2021-03-11 15:08:00,2618.265680943567,2493.82,124.44568094356691
2021-03-11 15:09:00,2537.635501297895,2505.3199999999997,32.31550129789548
2021-03-11 15:10:00,2528.8507542442135,2473.61,55.24075424421335
2021-03-11 15:11:00,2559.9296213243333,2476.9,83.02962132433322
2021-03-11 15:12:00,2560.047004944225,2450.88,109.16700494422503
2021-03-11 15:13:00,2461.0990433252487,2378.25,82.84904332524866
2021-03-11 15:14:00,2410.576747155745,2339.04,71.53674715574516
2021-03-11 15:15:00,2355.2446354498074,2243.2200000000003,112.02463544980719
2021-03-11 15:16:00,2365.3215581950753,2280.7200000000003,84.60155819507509
2021-03-11 15:17:00,2312.2191100638042,2231.04,81.17911006380427
2021-03-11 15:18:00,2389.797434899363,2290.61,99.18743489936287
2021-03-11 15:19:00,2380.704260369657,2294.91,85.79426036965697
2021-03-11 15:20:00,2318.8981812131074,2217.6,101.29818121310745
2021-03-11 15:21:00,2269.1365019777973,2140.0,129.13650197779725
2021-03-11 15:22:00,2268.5134250979736,2172.18,96.33342509797376
2021-03-11 15:23:00,2243.8982314700193,2173.0,70.89823147001925
2021-03-11 15:24:00,2233.353502280797,2122.4,110.95350228079678
2021-03-11 15:25:00,2199.872784689727,2138.8,61.07278468972663
2021-03-11 15:26:00,2187.26343561562,2093.91,93.35343561562013
2021-03-11 15:27:00,919.7686909419114,2104.44,-1184.6713090580888
2021-03-11 15:28:00,2166.6481442185614,2133.6,33.04814421856145
2021-03-11 15:29:00,2174.367602041002,2120.4,53.96760204100201
2021-03-11 15:30:00,2244.8236762080073,2136.0,108.82367620800733
2021-03-11 15:31:00,2246.09297009203,2159.2,86.89297009203028
2021-03-11 15:32:00,2303.1274915443637,2140.4,162.7274915443636
2021-03-11 15:33:00,2253.1930307388175,2133.2,119.99303073881765
2021-03-11 15:34:00,2215.068444393632,2089.23,125.83844439363202
2021-03-11 15:35:00,2119.6765111000636,1980.24,139.43651110006363
2021-03-11 15:36:00,1953.82694556484,1823.76,130.0669455648399
2021-03-11 15:37:00,1048.919878826421,1054.4,-5.480121173579164
2021-03-11 15:38:00,605.0712394314827,630.1199999999999,-25.048760568517196
2021-03-11 15:39:00,1276.7575282136797,1187.4099999999999,89.34752821367988
2021-03-11 15:40:00,1232.14095392358,1296.96,-64.81904607642014
2021-03-11 15:41:00,1024.2183620801652,1057.79,-33.57163791983476
2021-03-11 15:42:00,727.8000254658616,739.6199999999999,-11.819974534138282
2021-03-11 15:43:00,640.6332577013238,596.4100000000001,44.223257701323746
2021-03-11 15:44:00,1048.5968153888543,969.4800000000001,79.1168153888542
2021-03-11 15:45:00,1673.3632079852302,1591.52,81.84320798523026
2021-03-11 15:46:00,1639.896430854291,1534.12,105.77643085429122
2021-03-11 15:47:00,1702.540374159689,1644.9,57.64037415968892
2021-03-11 15:48:00,1855.8634830537542,1757.7600000000002,98.10348305375396
2021-03-11 15:49:00,1974.1485302368944,1892.2399999999998,81.90853023689465
2021-03-11 15:50:00,1943.6371914364452,1892.95,50.68719143644512
2021-03-11 15:51:00,1820.2983307379359,1777.46,42.83833073793585
2021-03-11 15:52:00,1941.7657651445231,1849.6,92.16576514452322
2021-03-11 15:53:00,1328.8706856439387,1277.28,51.59068564393874
2021-03-11 15:54:00,1045.4866148632004,1003.5799999999999,41.9066148632005
2021-03-11 15:55:00,708.7448263934738,735.6999999999999,-26.95517360652616
2021-03-11 15:56:00,787.8742117850961,713.74,74.13421178509611
2021-03-11 15:57:00,1141.0250864746447,956.6300000000001,184.3950864746446
2021-03-11 15:58:00,699.5453185730911,660.37,39.17531857309109
2021-03-11 15:59:00,532.7654690044282,571.89,-39.12453099557183
2021-03-11 16:00:00,547.4907218022959,544.86,2.6307218022958523
2021-03-11 16:01:00,469.9755027559784,308.77,161.20550275597844
2021-03-11 16:02:00,1103.2414341589856,64.43,1038.8114341589855
2021-03-11 16:03:00,1316.3123161318688,65.06,1251.2523161318688
2021-03-11 16:04:00,679.5041640161604,183.35999999999999,496.1441640161604
2021-03-11 16:05:00,1282.0667762750484,1136.65,145.41677627504828
2021-03-11 16:06:00,1404.7718500694662,1316.5,88.27185006946615
2021-03-11 16:07:00,1380.5344529102877,1332.5,48.034452910287655
2021-03-11 16:08:00,1404.1086677399128,1357.81,46.298667739912844
2021-03-11 16:09:00,1306.6079070712574,1274.4299999999998,32.17790707125755
2021-03-11 16:10:00,1444.6460306432296,1383.25,61.39603064322955
2021-03-11 16:11:00,1482.370327694532,1381.75,100.62032769453208
2021-03-11 16:12:00,1425.8630691885628,1380.25,45.613069188562804
2021-03-11 16:13:00,1296.2156250505252,1262.9299999999998,33.28562505052537
2021-03-11 16:14:00,691.4647567949131,690.1700000000001,1.2947567949130416
2021-03-11 16:15:00,586.6472892344066,528.5,58.14728923440657
2021-03-11 16:16:00,850.062131997113,784.65,65.41213199711308
2021-03-11 16:17:00,922.6454495247496,883.6800000000001,38.96544952474949
2021-03-11 16:18:00,852.9118387190045,878.4000000000001,-25.48816128099554
2021-03-11 16:19:00,802.5919685844683,763.28,39.31196858446833
2021-03-11 16:20:00,691.0842283492719,705.6400000000001,-14.555771650728161
2021-03-11 16:21:00,654.447552057257,648.72,5.727552057256958
2021-03-11 16:22:00,630.0466584281272,615.45,14.59665842812717
2021-03-11 16:23:00,651.0429084504126,619.88,31.1629084504126
2021-03-11 16:24:00,585.1067830212895,616.88,-31.77321697871048
2021-03-11 16:25:00,457.1721143858828,500.84000000000003,-43.66788561411721
2021-03-11 16:26:00,504.4438028823265,481.23,23.21380288232649
2021-03-11 16:27:00,511.5733001163124,534.4,-22.82669988368758
2021-03-11 16:28:00,368.18800873951426,392.81000000000006,-24.6219912604858
2021-03-11 16:29:00,347.7500299457318,368.96999999999997,-21.219970054268174
2021-03-11 16:30:00,372.1915028988516,395.17999999999995,-22.98849710114837
2021-03-11 16:31:00,441.7242874477047,424.40000000000003,17.32428744770465
2021-03-11 16:32:00,515.935452923855,537.2,-21.26454707614505
2021-03-11 16:33:00,764.7239341483655,712.6600000000001,52.06393414836543
2021-03-11 16:34:00,485.4060828402307,505.25,-19.84391715976932
2021-03-11 16:35:00,381.66120644047095,425.44000000000005,-43.778793559529106
2021-03-11 16:36:00,386.9732347329909,398.82,-11.846765267009118
2021-03-11 16:37:00,339.476128316918,378.2099999999999,-38.73387168308193
2021-03-11 16:38:00,365.651034306311,62.120000000000005,303.53103430631097
2021-03-11 16:39:00,424.8844438048954,61.800000000000004,363.0844438048954
2021-03-11 16:40:00,407.3382321492169,62.53,344.8082321492169
2021-03-11 16:41:00,398.3802181928589,385.07,13.310218192858883
2021-03-11 16:42:00,433.34279952265484,474.75000000000006,-41.407200477345214
2021-03-11 16:43:00,413.6621995525514,472.86,-59.19780044744863
2021-03-11 16:44:00,397.9128191683812,478.62,-80.70718083161881
2021-03-11 16:45:00,560.5740643189928,550.6,9.97406431899276
2021-03-11 16:46:00,668.0465817511939,637.32,30.726581751193862
2021-03-11 16:47:00,533.9993315241563,549.0,-15.000668475843668
2021-03-11 16:48:00,661.7994635719219,613.25,48.54946357192193
2021-03-11 16:49:00,606.0154212428291,551.9000000000001,54.11542124282903
2021-03-11 16:50:00,399.5187154259307,432.56,-33.04128457406932
2021-03-11 16:51:00,348.32622966286306,376.39,-28.06377033713693
2021-03-11 16:52:00,306.2078646407315,344.67999999999995,-38.472135359268464
2021-03-11 16:53:00,327.51239946209114,344.42999999999995,-16.91760053790881
2021-03-11 16:54:00,304.73790373433417,344.51,-39.77209626566582
2021-03-11 16:55:00,298.4827500147632,345.16999999999996,-46.68724998523675
2021-03-11 16:56:00,319.8030211300021,374.98999999999995,-55.18697886999786
2021-03-11 16:57:00,283.0127364722641,340.9599999999999,-57.9472635277358
2021-03-11 16:58:00,279.99898065106174,313.5,-33.50101934893826
2021-03-11 16:59:00,326.2753746391839,346.06999999999994,-19.794625360816042
2021-03-11 17:00:00,363.3782112544419,350.83,12.548211254441924
2021-03-11 17:01:00,355.9831104306374,349.15999999999997,6.823110430637428
2021-03-11 17:02:00,327.2374978273589,318.06,9.177497827358877
2021-03-11 17:03:00,244.37832928056594,259.6,-15.221670719434087
2021-03-11 17:04:00,257.93587851166365,259.8,-1.864121488336366
2021-03-11 17:05:00,257.4213170866893,262.65,-5.228682913310649
2021-03-11 17:06:00,214.73308694602855,231.98000000000002,-17.24691305397147
2021-03-11 17:07:00,278.76215510369786,226.74,52.022155103697855
2021-03-11 17:08:00,206.7316568380262,206.44000000000003,0.2916568380261708
2021-03-11 17:09:00,219.60802737451377,209.20000000000005,10.408027374513722
2021-03-11 17:10:00,149.46143618223385,209.76000000000002,-60.298563817766166
2021-03-11 17:11:00,124.43892986586614,206.52,-82.08107013413387
2021-03-11 17:12:00,92.3030564485806,178.01,-85.70694355141939
2021-03-11 17:13:00,129.7848919636436,151.01999999999998,-21.235108036356394
2021-03-11 17:14:00,196.45712040115228,152.37,44.087120401152276
2021-03-11 17:15:00,157.23618643262924,153.78,3.456186432629238
2021-03-11 17:16:00,162.47001420694187,152.88,9.590014206941873
2021-03-11 17:17:00,117.429203501748,125.86999999999999,-8.440796498251984
2021-03-11 17:18:00,163.9954424700697,125.47,38.52544247006969
2021-03-11 17:19:00,90.13353979684373,125.41000000000001,-35.276460203156276
2021-03-11 17:20:00,98.38582518888171,125.16999999999999,-26.784174811118277
2021-03-11 17:21:00,110.31260830445618,125.06,-14.747391695543826
2021-03-11 17:22:00,82.97662293120514,101.04,-18.063377068794864
2021-03-11 17:23:00,94.37569797768954,102.82000000000002,-8.444302022310481
2021-03-11 17:24:00,106.5489013519199,102.48,4.068901351919891
2021-03-11 17:25:00,84.96659464620784,101.64000000000001,-16.673405353792177
2021-03-11 17:26:00,104.70705313227943,101.96000000000001,2.7470531322794187
2021-03-11 17:27:00,105.92476907201775,102.48,3.444769072017749
2021-03-11 17:28:00,95.60575168531605,102.82000000000002,-7.214248314683971
2021-03-11 17:29:00,67.70765043538813,75.06,-7.35234956461187
2021-03-11 17:30:00,63.164061169312035,72.57000000000001,-9.405938830687973
2021-03-11 17:31:00,60.428104500126665,72.98,-12.55189549987334
2021-03-11 17:32:00,50.2909781252063,70.88000000000001,-20.58902187479371
2021-03-11 17:33:00,48.05586062460658,64.79,-16.734139375393426
2021-03-11 17:34:00,34.58110504187143,42.56,-7.978894958128571
2021-03-11 17:35:00,24.597919289256353,39.870000000000005,-15.272080710743651
2021-03-11 17:36:00,25.097380693861034,37.63,-12.532619306138969
2021-03-11 17:37:00,42.93371922994672,36.21,6.723719229946717
2021-03-11 17:38:00,58.0966663111663,34.080000000000005,24.016666311166297
2021-03-11 17:39:00,59.498581135460405,31.320000000000004,28.1785811354604
2021-03-11 17:40:00,30.17548363220329,29.300000000000004,0.8754836322032844
2021-03-11 17:41:00,52.61192292154885,25.86,26.751922921548854
2021-03-11 17:42:00,49.73850343922822,26.25,23.488503439228218
2021-03-11 17:43:00,42.01705665649422,24.869999999999997,17.14705665649422
2021-03-11 17:44:00,75.3837088845021,23.84,51.543708884502095
2021-03-11 17:46:00,55.12776540884117,22.47,32.65776540884117
2021-03-11 17:47:00,31.5989641912047,23.580000000000002,8.018964191204699
2021-03-11 17:48:00,70.87479615886247,20.48,50.39479615886246
2021-03-11 17:49:00,86.39513648833766,22.360000000000003,64.03513648833766
2021-03-11 17:52:00,25.693225252509137,10.340000000000002,15.353225252509136
2021-03-11 17:53:00,60.3794919973742,10.600000000000001,49.7794919973742
2021-03-12 05:20:00,53.40107249297007,14.34,39.06107249297007
2021-03-12 05:21:00,40.29419073853174,16.05,24.24419073853174
2021-03-12 05:22:00,44.648910311610436,18.080000000000005,26.56891031161043
2021-03-12 05:23:00,55.179378194172344,20.130000000000003,35.04937819417234
2021-03-12 05:24:00,59.26943583447257,22.050000000000004,37.21943583447256
2021-03-12 05:25:00,48.62784277814478,23.86,24.767842778144782
2021-03-12 05:26:00,51.493426825297945,23.3,28.193426825297944
2021-03-12 05:27:00,56.4392972177404,25.53,30.909297217740402
2021-03-12 05:28:00,52.21331188525452,46.56,5.653311885254517
2021-03-12 05:29:00,56.69791946481061,50.660000000000004,6.0379194648106065
2021-03-12 05:30:00,61.14270108249335,50.93000000000001,10.212701082493346
2021-03-12 05:31:00,32.32610833021795,52.81,-20.483891669782054
2021-03-12 05:32:00,31.73911969643914,53.74000000000001,-22.00088030356087
2021-03-12 05:33:00,31.767019716385263,53.5,-21.732980283614737
2021-03-12 05:34:00,49.85290004937105,55.35000000000001,-5.497099950628957
2021-03-12 05:35:00,59.099152854329596,55.84,3.2591528543295922
2021-03-12 05:36:00,52.070215206632135,55.07000000000001,-2.9997847933678727
2021-03-12 05:37:00,59.80746592047956,56.38,3.4274659204795555
2021-03-12 05:38:00,61.034677957451855,55.830000000000005,5.20467795745185
2021-03-12 05:39:00,72.68184228316224,57.17,15.511842283162238
2021-03-12 05:40:00,87.40509617395587,57.47,29.93509617395587
2021-03-12 05:41:00,81.91815630144137,56.86000000000001,25.058156301441365
2021-03-12 05:42:00,82.17399953159439,57.800000000000004,24.373999531594386
2021-03-12 05:43:00,95.26103536426518,57.980000000000004,37.28103536426518
2021-03-12 05:44:00,85.88534069791547,57.06,28.825340697915465
2021-03-12 05:45:00,92.09859815107427,58.52000000000001,33.57859815107426
2021-03-12 05:46:00,102.71698889743149,57.42,45.29698889743149
2021-03-12 05:47:00,91.99435884626561,58.84,33.15435884626561
2021-03-12 05:48:00,91.51114881488725,58.86,32.65114881488725
2021-03-12 05:49:00,99.81470985881026,57.650000000000006,42.164709858810255
2021-03-12 05:50:00,95.21366543266359,59.010000000000005,36.203665432663584
2021-03-12 05:51:00,95.66020830424603,59.16000000000001,36.500208304246016
2021-03-12 05:52:00,99.60843375834207,57.38,42.22843375834207
2021-03-12 05:53:00,118.43614193637683,99.24000000000001,19.19614193637682
2021-03-12 05:54:00,108.79166217521832,99.53999999999999,9.251662175218328
2021-03-12 05:55:00,121.87377392808762,99.92,21.953773928087614
2021-03-12 05:56:00,110.91326389990724,103.78,7.133263899907234
2021-03-12 05:57:00,110.92816074485613,103.64,7.288160744856128
2021-03-12 05:58:00,126.1035615047096,104.7,21.4035615047096
2021-03-12 05:59:00,86.6134352990351,105.02,-18.406564700964893
2021-03-12 06:00:00,132.16222994509445,104.02000000000001,28.142229945094442
2021-03-12 06:01:00,131.4042854629623,103.54000000000002,27.864285462962272
2021-03-12 06:02:00,129.11766515419262,103.72000000000001,25.39766515419261
2021-03-12 06:03:00,80.66069759149607,126.95,-46.28930240850393
2021-03-12 06:04:00,86.3713730688619,105.1,-18.728626931138095
2021-03-12 06:05:00,168.5870401331868,104.86000000000001,63.72704013318679
2021-03-12 06:06:00,159.94845204591013,129.38,30.568452045910135
2021-03-12 06:07:00,197.4139804700984,127.69999999999999,69.71398047009842
2021-03-12 06:08:00,172.44050440045055,127.59,44.850504400450546
2021-03-12 06:09:00,169.5380599745394,129.54000000000002,39.99805997453939
2021-03-12 06:10:00,143.026075676681,128.0,15.026075676680989
2021-03-12 06:11:00,221.87688953026066,128.51,93.36688953026066
2021-03-12 06:12:00,118.54336166223294,156.20999999999998,-37.66663833776704
2021-03-12 06:13:00,187.96167503165486,183.25,4.711675031654863
2021-03-12 06:14:00,279.54709065112763,215.68,63.867090651127626
2021-03-12 06:15:00,340.46000097341687,271.65,68.81000097341689
2021-03-12 06:16:00,328.1342903263087,356.9,-28.765709673691276
2021-03-12 06:17:00,458.8129145781947,473.12,-14.307085421805311
2021-03-12 06:18:00,606.2068734361993,620.8400000000001,-14.633126563800829
2021-03-12 06:19:00,704.0647923645598,738.01,-33.94520763544017
2021-03-12 06:20:00,652.8522531935462,736.58,-83.72774680645387
2021-03-12 06:21:00,791.709988187237,764.51,27.199988187236954
2021-03-12 06:22:00,680.1788179750307,702.45,-22.271182024969335
2021-03-12 06:23:00,580.3782457712714,601.0400000000001,-20.661754228728682
2021-03-12 06:24:00,510.3415651750939,576.85,-66.50843482490615
2021-03-12 06:25:00,540.3937227592739,583.0,-42.60627724072606
2021-03-12 06:26:00,419.8483640146478,521.26,-101.41163598535218
2021-03-12 06:27:00,522.4761004536737,525.9000000000001,-3.4238995463264246
2021-03-12 06:28:00,452.56003499228086,566.7,-114.13996500771918
2021-03-12 06:29:00,644.9881432481762,652.35,-7.36185675182378
2021-03-12 06:30:00,525.0382950228272,684.72,-159.68170497717279
2021-03-12 06:31:00,738.6399596337097,931.78,-193.14004036629024
2021-03-12 06:32:00,770.9828130592972,915.6800000000001,-144.69718694070286
2021-03-12 06:33:00,947.1325710599499,1111.19,-164.05742894005016
2021-03-12 06:34:00,1032.5593187541754,1268.0800000000002,-235.5206812458248
2021-03-12 06:35:00,1296.513278439568,1552.83,-256.3167215604319
2021-03-12 06:36:00,951.3319586714048,1120.39,-169.05804132859532
2021-03-12 06:37:00,1063.039851502473,1269.87,-206.8301484975268
2021-03-12 06:38:00,1062.742491101978,1181.04,-118.29750889802199
2021-03-12 06:39:00,1025.1056535030539,1220.3400000000001,-195.23434649694627
2021-03-12 06:40:00,960.2013640542235,1092.74,-132.5386359457765
2021-03-12 06:41:00,628.0231688121637,725.6600000000001,-97.63683118783638
2021-03-12 06:42:00,554.3433514938438,690.85,-136.50664850615624
2021-03-12 06:43:00,607.0754796019593,634.3699999999999,-27.294520398040618
2021-03-12 06:44:00,928.2238734552344,993.96,-65.73612654476563
2021-03-12 06:45:00,1059.573740348727,1278.51,-218.93625965127308
2021-03-12 06:46:00,1166.0083491004877,1364.01,-198.00165089951224
2021-03-12 06:47:00,1258.8854269416124,1439.1599999999999,-180.27457305838743
2021-03-12 06:48:00,1373.8863980045576,1523.97,-150.08360199544245
2021-03-12 06:49:00,1250.1638441626408,1428.06,-177.89615583735917
2021-03-12 06:50:00,1170.652110298645,1369.02,-198.3678897013549
2021-03-12 06:51:00,1216.2314299321422,1394.87,-178.6385700678577
2021-03-12 06:52:00,1216.5041549166967,1452.19,-235.68584508330332
2021-03-12 06:53:00,1408.3302805021972,1501.0500000000002,-92.719719497803
2021-03-12 06:54:00,1221.8465663558927,1354.32,-132.47343364410722
2021-03-12 06:55:00,1069.5745473768857,1178.31,-108.73545262311427
2021-03-12 06:56:00,1019.0339872562719,1118.6,-99.56601274372804
2021-03-12 06:57:00,745.591385256324,798.22,-52.62861474367605
2021-03-12 06:58:00,515.3401371552409,589.3800000000001,-74.03986284475923
2021-03-12 06:59:00,563.6475959324331,601.59,-37.94240406756694
2021-03-12 07:00:00,716.72272602662,827.6999999999999,-110.97727397337997
2021-03-12 07:01:00,1386.7081320763293,1526.3100000000002,-139.60186792367085
2021-03-12 07:02:00,1602.0377372107575,1729.5500000000002,-127.51226278924264
2021-03-12 07:03:00,1646.910622309111,1779.21,-132.29937769088906
2021-03-12 07:04:00,1696.4536663333663,1775.0900000000001,-78.63633366663385
2021-03-12 07:05:00,1220.8581936486369,1283.6299999999999,-62.77180635136301
2021-03-12 07:06:00,552.0602748277274,581.46,-29.39972517227261
2021-03-12 07:07:00,510.5425905739072,539.0,-28.457409426092795
2021-03-12 07:08:00,669.6193916482791,689.59,-19.970608351720898
2021-03-12 07:09:00,827.5591313874119,859.3100000000002,-31.750868612588306
2021-03-12 07:10:00,1274.5874817666966,1327.13,-52.542518233303554
2021-03-12 07:11:00,1794.5273346132005,1845.7599999999998,-51.232665386799226
2021-03-12 07:12:00,1913.4874162029132,1934.2600000000002,-20.77258379708701
2021-03-12 07:13:00,1691.2753738537237,1689.0,2.2753738537237496
2021-03-12 07:14:00,1938.209986729796,1970.5,-32.2900132702041
2021-03-12 07:15:00,1940.0742219961594,1993.27,-53.19577800384059
2021-03-12 07:16:00,1952.6464010091552,1988.6999999999998,-36.05359899084465
2021-03-12 07:17:00,1952.3438260217015,2011.3200000000002,-58.976173978298675
2021-03-12 07:18:00,1853.9073688213919,1903.3200000000002,-49.41263117860831
2021-03-12 07:19:00,1502.9762727724778,1536.67,-33.69372722752223
2021-03-12 07:20:00,1737.1639197999395,1784.0,-46.83608020006045
2021-03-12 07:21:00,1992.1669828562694,2016.0,-23.833017143730558
2021-03-12 07:22:00,2012.717382562477,2034.2399999999998,-21.52261743752274
2021-03-12 07:23:00,1978.3510783239406,2032.7200000000003,-54.3689216760597
2021-03-12 07:24:00,1972.7304771554468,2029.0800000000002,-56.34952284455335
2021-03-12 07:25:00,1681.4872917358286,1753.44,-71.9527082641714
2021-03-12 07:26:00,1225.445532352818,1234.65,-9.204467647182128
2021-03-12 07:27:00,935.2922237444023,977.2200000000001,-41.92777625559779
2021-03-12 07:28:00,1020.1828383561888,1047.66,-27.477161643811314
2021-03-12 07:29:00,845.5836679046932,868.48,-22.896332095306775
2021-03-12 07:30:00,1190.8828601097036,1178.25,12.632860109703643
2021-03-12 07:31:00,2288.8861115784416,2328.5499999999997,-39.66388842155811
2021-03-12 07:32:00,2228.794301898242,2277.14,-48.34569810175799
2021-03-12 07:33:00,2682.3962203332903,2824.2799999999997,-141.88377966670942
2021-03-12 07:34:00,2640.551008566345,2762.5,-121.94899143365501
2021-03-12 07:35:00,2487.4365822106724,2594.8700000000003,-107.4334177893279
2021-03-12 07:36:00,2415.5926869392088,2530.46,-114.86731306079128
2021-03-12 07:37:00,2401.648107379667,2530.0,-128.35189262033282
2021-03-12 07:38:00,2472.778666814606,2587.62,-114.84133318539398
2021-03-12 07:39:00,2425.088406360029,2569.02,-143.9315936399712
2021-03-12 07:40:00,1605.2438102825868,1570.48,34.763810282586746
2021-03-12 07:41:00,2005.2693628669906,2088.47,-83.2006371330092
2021-03-12 07:42:00,2106.804297503593,2222.0699999999997,-115.2657024964069
2021-03-12 07:43:00,2117.287148524679,2196.8,-79.51285147532099
2021-03-12 07:44:00,2568.729281018011,2657.13,-88.40071898198903
2021-03-12 07:45:00,2461.0743248890153,2498.02,-36.945675110984666
2021-03-12 07:46:00,1914.111957792312,1992.3400000000001,-78.22804220768808
2021-03-12 07:47:00,2513.268529775408,2643.3599999999997,-130.09147022459183
2021-03-12 07:48:00,2567.1378765030004,2676.4300000000003,-109.29212349699992
2021-03-12 07:49:00,2533.428413274051,2642.3999999999996,-108.97158672594878
2021-03-12 07:50:00,2526.501206108071,2657.09,-130.58879389192907
2021-03-12 07:51:00,2188.168087538747,2256.73,-68.56191246125309
2021-03-12 07:52:00,2364.1317353338877,2549.23,-185.0982646661123
2021-03-12 07:53:00,2762.6071267233388,2851.9300000000003,-89.32287327666154
2021-03-12 07:54:00,2669.988369565057,2727.37,-57.38163043494296
2021-03-12 07:55:00,1193.6565385703798,1235.33,-41.67346142962015
2021-03-12 07:56:00,2738.9140081785063,2854.1099999999997,-115.19599182149341
2021-03-12 07:57:00,2844.681630132179,2989.38,-144.69836986782093
2021-03-12 07:58:00,2786.3048397429066,2926.99,-140.68516025709323
2021-03-12 07:59:00,2707.204688629348,2860.12,-152.91531137065203
2021-03-12 08:00:00,2620.733006291421,2780.0099999999998,-159.27699370857863
2021-03-12 08:01:00,2607.2315016806156,2760.7799999999997,-153.54849831938418
2021-03-12 08:02:00,2483.391344636938,2614.5599999999995,-131.1686553630616
2021-03-12 08:03:00,2483.4306195117056,2790.7199999999993,-307.2893804882938
2021-03-12 08:04:00,2705.2438078046325,2849.08,-143.8361921953674
2021-03-12 08:05:00,2728.5384166965077,2858.6400000000003,-130.1015833034926
2021-03-12 08:06:00,2693.038585332015,2803.66,-110.62141466798494
2021-03-12 08:07:00,2669.9892855533385,2802.05,-132.06071444666168
2021-03-12 08:08:00,2700.107111754815,2830.36,-130.2528882451852
2021-03-12 08:09:00,2718.8616059465476,2857.08,-138.21839405345236
2021-03-12 08:10:00,2771.0350091468586,2906.21,-135.17499085314148
2021-03-12 08:11:00,2804.3308520357696,2940.84,-136.50914796423058
2021-03-12 08:12:00,2919.6490028238477,3106.5,-186.8509971761523
2021-03-12 08:13:00,2949.872846928321,3124.7400000000002,-174.86715307167924
2021-03-12 08:14:00,2977.7485553260153,3097.76,-120.0114446739849
2021-03-12 08:15:00,2913.2311105076565,3089.4,-176.16888949234362
2021-03-12 08:16:00,2950.700401763343,3095.1000000000004,-144.3995982366573
2021-03-12 08:17:00,2846.3722585390433,2959.92,-113.54774146095679
2021-03-12 08:18:00,3044.0722348173786,3197.2100000000005,-153.13776518262193
2021-03-12 08:19:00,2663.6654738344237,2825.6800000000003,-162.01452616557663
2021-03-12 08:20:00,2999.505387672567,3151.71,-152.2046123274331
2021-03-12 08:21:00,2967.854712298988,3101.74,-133.88528770101175
2021-03-12 08:22:00,2957.783408606573,3105.2,-147.41659139342664
2021-03-12 08:23:00,3031.6723981241526,3202.5200000000004,-170.8476018758479
2021-03-12 08:24:00,3088.4891361969185,3297.05,-208.5608638030817
2021-03-12 08:25:00,3127.970869392446,3290.95,-162.979130607554
2021-03-12 08:26:00,3080.388939477744,3305.8999999999996,-225.51106052225578
2021-03-12 08:27:00,3160.0581475311415,3330.02,-169.96185246885852
2021-03-12 08:28:00,3217.4352435913047,3430.4000000000005,-212.96475640869585
2021-03-12 08:29:00,3244.461142868925,3472.95,-228.48885713107484
2021-03-12 08:30:00,3291.0750832826875,3512.5199999999995,-221.44491671731203
2021-03-12 08:31:00,3326.261643365187,3558.37,-232.10835663481294
2021-03-12 08:32:00,3347.689515800099,3559.62,-211.930484199901
2021-03-12 08:33:00,3318.344689418918,3445.5099999999998,-127.16531058108194
2021-03-12 08:34:00,3308.29549692953,3488.49,-180.19450307046964
2021-03-12 08:35:00,3295.2627404311393,3450.8500000000004,-155.5872595688611
2021-03-12 08:36:00,3295.2942315965133,3451.66,-156.36576840348653
2021-03-12 08:37:00,3295.322968699066,3177.7400000000002,117.58296869906599
2021-03-12 08:38:00,3295.3490485385523,3329.4,-34.05095146144777
2021-03-12 08:39:00,3249.2929951739548,3398.4000000000005,-149.1070048260458
2021-03-12 08:40:00,3258.3369474079245,3381.21,-122.87305259207551
2021-03-12 08:41:00,3257.151511385993,3367.35,-110.19848861400669
2021-03-12 08:42:00,3222.9686648928,3354.75,-131.7813351072
2021-03-12 08:43:00,3250.2198484638925,3379.8900000000003,-129.67015153610782
2021-03-12 08:44:00,3259.21850783096,3383.8,-124.5814921690403
2021-03-12 08:45:00,3259.0553557055737,3371.76,-112.70464429442654
2021-03-12 08:46:00,3257.1672391630664,3380.49,-123.32276083693341
2021-03-12 08:47:00,3259.5876547012135,3389.3900000000003,-129.8023452987868
2021-03-12 08:48:00,3288.4073241525693,3439.53,-151.12267584743086
2021-03-12 08:49:00,3353.8083549284042,3526.38,-172.57164507159587
2021-03-12 08:50:00,3450.3028481153056,3638.0,-187.69715188469445
2021-03-12 08:51:00,2613.986044807596,2676.34,-62.3539551924041
2021-03-12 08:52:00,1697.4287950130354,1648.46,48.96879501303533
2021-03-12 08:53:00,3842.118178756124,4104.0,-261.88182124387595
2021-03-12 08:54:00,3734.1958846617026,3977.5,-243.30411533829738
2021-03-12 08:55:00,3068.0658313066438,3142.7200000000003,-74.6541686933565
2021-03-12 08:56:00,2058.5025053811833,2145.6,-87.09749461881665
2021-03-12 08:57:00,3791.125983896162,3960.25,-169.12401610383813
2021-03-12 08:58:00,3924.186583402605,4113.549999999999,-189.36341659739446
2021-03-12 08:59:00,3788.4905478680134,3893.8199999999997,-105.32945213198627
2021-03-12 09:00:00,3605.6137456934784,3638.55,-32.93625430652173
2021-03-12 09:01:00,3637.7561915703845,3759.0,-121.24380842961546
2021-03-12 09:02:00,1792.9910735110452,1782.07,10.921073511045279
2021-03-12 09:03:00,2713.0219356157463,2737.8,-24.778064384253867
2021-03-12 09:04:00,985.3655894755512,975.1999999999999,10.165589475551315
2021-03-12 09:05:00,2308.9508927229804,2269.87,39.08089272298048
2021-03-12 09:06:00,3184.454742651958,3263.7,-79.24525734804183
2021-03-12 09:07:00,4048.0781962597744,4225.76,-177.68180374022586
2021-03-12 09:08:00,2910.9983530015534,2851.27,59.72835300155339
2021-03-12 09:09:00,3970.0315405253214,4235.1900000000005,-265.15845947467915
2021-03-12 09:10:00,3922.665012939753,4082.12,-159.45498706024682
2021-03-12 09:11:00,3473.0073349768236,3585.17,-112.16266502317649
2021-03-12 09:12:00,1196.6273080707608,1214.3999999999999,-17.772691929239045
2021-03-12 09:13:00,1617.396915806337,1630.19,-12.793084193663162
2021-03-12 09:14:00,3629.9553165816305,3729.9,-99.94468341836955
2021-03-12 09:15:00,2543.046528639124,2459.0699999999997,83.97652863912435
2021-03-12 09:16:00,1443.666059725756,1415.81,27.85605972575604
2021-03-12 09:17:00,3749.799702464633,3810.4300000000003,-60.63029753536739
2021-03-12 09:18:00,2131.74380055537,2129.79,1.9538005553699804
2021-03-12 09:19:00,4303.706566651001,4659.26,-355.55343334899953
2021-03-12 09:20:00,4274.394361045519,4567.9,-293.5056389544807
2021-03-12 09:21:00,1541.0149854198203,1581.6,-40.58501458017963
2021-03-12 09:22:00,1021.296610053119,1062.1999999999998,-40.90338994688079
2021-03-12 09:23:00,1122.474564275805,1157.73,-35.25543572419497
2021-03-12 09:24:00,1600.3728601405148,1585.4299999999998,14.942860140514995
2021-03-12 09:25:00,2522.6454554038014,2638.58,-115.93454459619852
2021-03-12 09:26:00,3070.3001393265317,3048.64,21.660139326531862
2021-03-12 09:27:00,4361.037922293606,4738.52,-377.4820777063942
2021-03-12 09:28:00,4117.530744045473,4428.92,-311.38925595452747
2021-03-12 09:29:00,4258.640882988811,4496.52,-237.879117011189
2021-03-12 09:30:00,4168.440750078912,4384.539999999999,-216.099249921087
2021-03-12 09:31:00,4119.507468598482,4296.24,-176.73253140151792
2021-03-12 09:32:00,1852.0584450107704,1803.0900000000001,48.96844501077021
2021-03-12 09:33:00,984.5335249612701,1003.0099999999999,-18.476475038729745
2021-03-12 09:34:00,2498.336379680902,2422.66,75.6763796809023
2021-03-12 09:35:00,4217.698067192388,4504.48,-286.78193280761116
2021-03-12 09:36:00,4149.532132232975,4361.58,-212.0478677670253
2021-03-12 09:37:00,3162.1224654819835,3269.5999999999995,-107.477534518016
2021-03-12 09:38:00,1196.305990994322,1189.38,6.9259909943218645
2021-03-12 09:39:00,4177.478326133002,4266.24,-88.76167386699763
2021-03-12 09:40:00,4168.781851443327,4355.839999999999,-187.05814855667268
2021-03-12 09:41:00,4028.4738811942175,4163.76,-135.28611880578273
2021-03-12 09:42:00,3973.2849335473693,4134.78,-161.49506645263045
2021-03-12 09:43:00,3968.7815348861,4134.790000000001,-166.0084651139009
2021-03-12 09:44:00,3983.370496471659,4086.5999999999995,-103.2295035283405
2021-03-12 09:45:00,4003.4758524671956,4134.78,-131.3041475328041
2021-03-12 09:46:00,3981.486762374822,4134.76,-153.27323762517835
2021-03-12 09:47:00,4005.6711433011205,4106.43,-100.75885669887975
2021-03-12 09:48:00,3973.712254268285,4079.4600000000005,-105.74774573171544
2021-03-12 09:49:00,3935.5931924972015,4050.9700000000003,-115.37680750279878
2021-03-12 09:50:00,3930.6755466715936,4052.1000000000004,-121.4244533284068
2021-03-12 09:51:00,3971.316008242863,4062.7400000000002,-91.42399175713717
2021-03-12 09:52:00,4000.7504117211565,4111.379999999999,-110.62958827884268
2021-03-12 09:53:00,4009.8851855457897,4099.679999999999,-89.7948144542097
2021-03-12 09:54:00,3996.508590341256,4127.75,-131.24140965874403
2021-03-12 09:55:00,3995.4109837315773,4150.66,-155.24901626842257
2021-03-12 09:56:00,4012.5575678349664,4109.56,-97.00243216503395
2021-03-12 09:57:00,4004.944582614034,4148.29,-143.3454173859659
2021-03-12 09:58:00,4033.0563407932386,4154.610000000001,-121.55365920676195
2021-03-12 09:59:00,4040.2303929328873,4145.92,-105.68960706711277
2021-03-12 10:00:00,4033.4094818918315,4158.78,-125.3705181081682
2021-03-12 10:01:00,4041.7482502541834,4177.6,-135.85174974581696
2021-03-12 10:02:00,4071.7439565957443,4197.6,-125.85604340425607
2021-03-12 10:03:00,4069.048515068321,4196.0,-126.9514849316788
2021-03-12 10:04:00,4090.952906954572,4195.2,-104.24709304542785
2021-03-12 10:05:00,4088.969245150585,4200.799999999999,-111.83075484941446
2021-03-12 10:06:00,4090.2569998501535,4203.2,-112.94300014984628
2021-03-12 10:07:00,4105.3964495744885,4212.69,-107.29355042551106
2021-03-12 10:08:00,4111.567578266234,4224.05,-112.48242173376639
2021-03-12 10:09:00,4128.224201157156,4253.3099999999995,-125.08579884284336
2021-03-12 10:10:00,4137.365833052874,4258.17,-120.80416694712585
2021-03-12 10:11:00,4152.394349571117,4246.83,-94.43565042888258
2021-03-12 10:12:00,4117.077077634534,4268.349999999999,-151.2729223654651
2021-03-12 10:13:00,4163.1311628900685,4252.5199999999995,-89.38883710993105
2021-03-12 10:14:00,3595.620456165977,3697.3999999999996,-101.77954383402266
2021-03-12 10:15:00,4196.453796930706,4326.790000000001,-130.33620306929515
2021-03-12 10:16:00,4212.9095914303725,4336.77,-123.86040856962791
2021-03-12 10:17:00,4244.803255906469,4358.33,-113.5267440935313
2021-03-12 10:18:00,4271.475809025219,4402.4400000000005,-130.96419097478156
2021-03-12 10:19:00,4383.9977687005285,4542.27,-158.27223129947197
2021-03-12 10:20:00,2974.8015253049484,2886.4,88.40152530494834
2021-03-12 10:21:00,4437.012115657703,4605.040000000001,-168.0278843422975
2021-03-12 10:22:00,4435.845388087512,4628.89,-193.0446119124881
2021-03-12 10:23:00,4399.8245447322015,4547.49,-147.66545526779828
2021-03-12 10:24:00,3884.415860651192,3898.5400000000004,-14.124139348808512
2021-03-12 10:25:00,3884.397129953026,4501.24,-616.842870046974
2021-03-12 10:26:00,4380.479953299308,4507.469999999999,-126.99004670069098
2021-03-12 10:27:00,4384.741681314955,4524.869999999999,-140.12831868504418
2021-03-12 10:28:00,4302.68680748461,4366.45,-63.763192515390074
2021-03-12 10:29:00,4275.368946519054,4327.35,-51.981053480946684
2021-03-12 10:30:00,4492.4282951619125,4681.95,-189.52170483808732
2021-03-12 10:31:00,4504.479022350409,4660.2,-155.72097764959108
2021-03-12 10:32:00,4537.733418460201,4740.759999999999,-203.02658153979792
2021-03-12 10:33:00,4592.204932008238,4821.09,-228.8850679917623
2021-03-12 10:34:00,4596.7928398320555,4809.960000000001,-213.16716016794544
2021-03-12 10:35:00,4012.867646728507,4129.32,-116.45235327149248
2021-03-12 10:36:00,4699.261575634146,4880.73,-181.46842436585393
2021-03-12 10:37:00,4122.677995248622,4036.6499999999996,86.02799524862257
2021-03-12 10:38:00,4082.8229618062237,3969.5699999999997,113.252961806224
2021-03-12 10:39:00,4557.87846542762,4758.24,-200.36153457238015
2021-03-12 10:40:00,4450.494157916089,4613.160000000001,-162.66584208391214
2021-03-12 10:41:00,4497.230738883399,4612.08,-114.84926111660116
2021-03-12 10:42:00,2556.5331454223774,2434.67,121.86314542237733
2021-03-12 10:43:00,4567.21411825668,4699.24,-132.0258817433196
2021-03-12 10:44:00,4485.544584175704,4574.24,-88.6954158242961
2021-03-12 10:45:00,4437.485570064993,4522.26,-84.77442993500699
2021-03-12 10:46:00,4390.290528186991,4477.16,-86.86947181300911
2021-03-12 10:47:00,4383.231046396797,4483.18,-99.94895360320334
2021-03-12 10:48:00,4363.922647247918,4454.799999999999,-90.8773527520816
2021-03-12 10:49:00,4351.780356706335,4413.2,-61.419643293665104
2021-03-12 10:50:00,4333.413069401537,4408.95,-75.53693059846319
2021-03-12 10:51:00,4324.275237189527,4406.23,-81.95476281047286
2021-03-12 10:52:00,4323.538798423143,4396.87,-73.33120157685698
2021-03-12 10:53:00,4325.998118816488,4416.48,-90.48188118351118
2021-03-12 10:54:00,4352.346328452627,4416.48,-64.13367154737261
2021-03-12 10:55:00,4378.239330332733,4416.48,-38.24066966726696
2021-03-12 10:56:00,4391.773307535244,4416.48,-24.70669246475518
2021-03-12 10:57:00,4374.154337020832,4442.91,-68.75566297916794
2021-03-12 10:58:00,4385.506821743082,4464.460000000001,-78.95317825691927
2021-03-12 10:59:00,4378.412308838347,4464.26,-85.84769116165353
2021-03-12 11:00:00,4379.636817698128,4444.48,-64.84318230187182
2021-03-12 11:01:00,4398.854466859473,4463.4,-64.54553314052646
2021-03-12 11:02:00,4408.546993426758,4492.679999999999,-84.1330065732418
2021-03-12 11:03:00,4429.482113995976,4493.28,-63.797886004023894
2021-03-12 11:04:00,4386.849692386589,4451.36,-64.51030761341099
2021-03-12 11:05:00,4408.874426441757,4482.029999999999,-73.15557355824149
2021-03-12 11:06:00,4394.481128999478,4450.5,-56.01887100052227
2021-03-12 11:07:00,4389.3724668387085,4431.58,-42.207533161291394
2021-03-12 11:08:00,4398.483922005337,4434.16,-35.67607799466259
2021-03-12 11:09:00,4388.218452702018,4462.11,-73.89154729798156
2021-03-12 11:10:00,4389.433972612719,4467.449999999999,-78.01602738727979
2021-03-12 11:11:00,4395.498491404424,4462.07,-66.57150859557532
2021-03-12 11:12:00,4393.488918968638,4437.599999999999,-44.11108103136121
2021-03-12 11:13:00,4412.6847795652875,4489.2,-76.51522043471232
2021-03-12 11:14:00,4416.429969301794,4464.26,-47.83003069820643
2021-03-12 11:15:00,4427.010756470165,4502.249999999999,-75.23924352983431
2021-03-12 11:16:00,4431.536365531715,4510.95,-79.41363446828473
2021-03-12 11:17:00,4431.534607095066,4499.639999999999,-68.10539290493307
2021-03-12 11:18:00,4427.365452828386,4508.339999999999,-80.97454717161327
2021-03-12 11:19:00,4445.969866731386,4500.51,-54.54013326861423
2021-03-12 11:20:00,4444.606440931225,4511.82,-67.21355906877488
2021-03-12 11:21:00,4457.374259680196,4517.91,-60.53574031980406
2021-03-12 11:22:00,4438.416947214168,4502.25,-63.83305278583157
2021-03-12 11:23:00,4476.049143618274,4514.43,-38.38085638172652
2021-03-12 11:24:00,4469.958049987594,4512.69,-42.73195001240583
2021-03-12 11:25:00,4309.050291932411,4301.89,7.160291932410473
2021-03-12 11:26:00,4448.982260009363,4535.3099999999995,-86.32773999063647
2021-03-12 11:27:00,4463.655496246999,4517.91,-54.25450375300079
2021-03-12 11:28:00,4468.104743226371,4516.69,-48.585256773628316
2021-03-12 11:29:00,4478.389047077346,4517.039999999999,-38.65095292265323
2021-03-12 11:30:00,4474.507172251859,4567.200000000001,-92.69282774814201
2021-03-12 11:31:00,4504.084891000522,4568.96,-64.87510899947847
2021-03-12 11:32:00,4529.755859964452,4573.360000000001,-43.60414003554888
2021-03-12 11:33:00,4531.958064754853,4571.6,-39.64193524514758
2021-03-12 11:34:00,4541.05606945369,4587.4400000000005,-46.383930546310694
2021-03-12 11:35:00,4507.0430626889765,4576.0,-68.95693731102347
2021-03-12 11:36:00,4507.043169661109,4570.11,-63.06683033889112
2021-03-12 11:37:00,4463.947716627939,4511.82,-47.87228337206034
2021-03-12 11:38:00,4439.8244563302715,4514.429999999999,-74.60554366972792
2021-03-12 11:39:00,4445.64958643868,4510.95,-65.30041356132006
2021-03-12 11:40:00,4462.048623599068,4503.99,-41.941376400931404
2021-03-12 11:41:00,4468.037470053068,4530.959999999999,-62.92252994693081
2021-03-12 11:42:00,4472.74829850792,4534.44,-61.69170149208003
2021-03-12 11:43:00,4467.940177382362,4514.43,-46.48982261763831
2021-03-12 11:44:00,4458.031420398182,4524.87,-66.83857960181831
2021-03-12 11:45:00,4444.175230970272,4498.77,-54.59476902972801
2021-03-12 11:46:00,4472.557454533315,4516.17,-43.61254546668533
2021-03-12 11:47:00,4429.142620275409,4491.8,-62.65737972459101
2021-03-12 11:48:00,4446.321057251387,4504.86,-58.5389427486125
2021-03-12 11:49:00,4465.977075373942,4518.780000000001,-52.802924626058484
2021-03-12 11:50:00,4475.581850851262,4491.8099999999995,-16.22814914873743
2021-03-12 11:51:00,4473.309000098811,4531.12,-57.81099990118855
2021-03-12 11:52:00,4470.080143632257,4522.47,-52.38985636774305
2021-03-12 11:53:00,4468.1692512440995,4536.400000000001,-68.230748755901
2021-03-12 11:54:00,4467.407848646193,4499.639999999999,-32.23215135380633
2021-03-12 11:55:00,4459.728614761803,4484.849999999999,-25.121385238196126
2021-03-12 11:56:00,4433.779762611069,4491.8099999999995,-58.0302373889308
2021-03-12 11:57:00,4426.516533511473,4481.26,-54.74346648852679
2021-03-12 11:58:00,4422.5629790336425,4504.86,-82.2970209663572
2021-03-12 11:59:00,4424.652908028954,4440.18,-15.527091971046502
2021-03-12 12:00:00,4404.8386530494845,4435.299999999999,-30.46134695051478
2021-03-12 12:01:00,4363.79498339738,4369.66,-5.865016602620017
2021-03-12 12:02:00,4471.427229450819,4532.7,-61.27277054918068
2021-03-12 12:03:00,4450.450254146367,4493.18,-42.729745853633176
2021-03-12 12:04:00,4433.584816244173,4476.299999999999,-42.71518375582582
2021-03-12 12:05:00,4435.112773861748,4464.26,-29.147226138252336
2021-03-12 12:06:00,4443.058858571975,4475.009999999999,-31.95114142802413
2021-03-12 12:07:00,4431.853739031836,4449.12,-17.266260968163806
2021-03-12 12:08:00,4422.802187520652,4475.889999999999,-53.08781247934712
2021-03-12 12:09:00,4425.324817959916,4475.59,-50.265182040084255
2021-03-12 12:10:00,4429.856315157311,4496.82,-66.96368484268896
2021-03-12 12:11:00,4461.676629898833,4518.4400000000005,-56.76337010116731
2021-03-12 12:12:00,4487.790380685286,4563.68,-75.88961931471385
2021-03-12 12:13:00,4477.286926927654,4551.280000000001,-73.9930730723463
2021-03-12 12:14:00,4485.781976795056,4519.65,-33.86802320494371
2021-03-12 12:15:00,4549.307780262788,4642.74,-93.43221973721211
2021-03-12 12:16:00,4611.7132516290785,4689.13,-77.4167483709216
2021-03-12 12:17:00,4436.473164089229,4444.68,-8.206835910771588
2021-03-12 12:18:00,4430.338984122242,4437.860000000001,-7.5210158777581455
2021-03-12 12:19:00,4430.340472388691,4201.039999999999,229.30047238869156
2021-03-12 12:20:00,4337.042642427649,4281.97,55.07264242764904
2021-03-12 12:21:00,4457.619102162511,4483.98,-26.360897837488665
2021-03-12 12:22:00,4404.020290784675,4419.9,-15.87970921532451
2021-03-12 12:23:00,4364.0961567193535,4397.9,-33.803843280646106
2021-03-12 12:24:00,4382.394456097799,4412.26,-29.865543902201352
2021-03-12 12:25:00,4395.819222452166,4431.049999999999,-35.230777547832986
2021-03-12 12:26:00,4435.540202818464,4496.67,-61.12979718153565
2021-03-12 12:27:00,4347.546442110631,4393.56,-46.01355788936962
2021-03-12 12:28:00,4356.175553281545,4370.52,-14.344446718455401
2021-03-12 12:29:00,4356.0745875805205,4383.960000000001,-27.885412419480417
2021-03-12 12:30:00,4344.249591962942,4371.549999999999,-27.300408037057423
2021-03-12 12:31:00,4362.864196144621,4416.6,-53.735803855379345
2021-03-12 12:32:00,4388.633756376274,4409.8,-21.166243623726587
2021-03-12 12:33:00,4432.463391588779,4437.0,-4.536608411221096
2021-03-12 12:34:00,4436.2439410810375,4450.5,-14.25605891896248
2021-03-12 12:35:00,4429.236978033763,4427.62,1.6169780337631892
2021-03-12 12:36:00,4395.6368196891235,4401.299999999999,-5.6631803108757595
2021-03-12 12:37:00,4363.3747826001945,4356.700000000001,6.674782600193794
2021-03-12 12:38:00,4335.376431527262,4367.16,-31.783568472737898
2021-03-12 12:39:00,4299.228858169824,4335.92,-36.69114183017609
2021-03-12 12:40:00,4322.590093962712,4350.860000000001,-28.26990603728882
2021-03-12 12:41:00,4306.720802460204,4316.94,-10.21919753979546
2021-03-12 12:42:00,4300.710506847127,4321.81,-21.099493152873038
2021-03-12 12:43:00,4296.824776554634,4338.410000000001,-41.585223445366864
2021-03-12 12:44:00,4283.087828794119,4323.47,-40.382171205881605
2021-03-12 12:45:00,4287.418077413461,4297.62,-10.201922586538785
2021-03-12 12:46:00,4248.433580414992,4270.68,-22.24641958500797
2021-03-12 12:47:00,4247.120341519063,4276.299999999999,-29.17965848093627
2021-03-12 12:48:00,4248.579133791215,4268.92,-20.340866208784973
2021-03-12 12:49:00,4261.855951576994,4286.96,-25.104048423006134
2021-03-12 12:50:00,4235.921417232525,4233.87,2.0514172325247273
2021-03-12 12:51:00,4244.656590838046,4243.2,1.4565908380463952
2021-03-12 12:52:00,4247.492301196065,4273.0199999999995,-25.52769880393498
2021-03-12 12:53:00,4257.3384364596595,4278.759999999999,-21.421563540339775
2021-03-12 12:54:00,4275.996739657833,4315.72,-39.72326034216712
2021-03-12 12:55:00,4277.970582498388,4335.92,-57.949417501612515
2021-03-12 12:56:00,4242.7142024925215,4291.0599999999995,-48.34579750747798
2021-03-12 12:57:00,4246.040278444261,4275.48,-29.439721555738288
2021-03-12 12:58:00,4230.950661993055,4241.969999999999,-11.019338006944054
2021-03-12 12:59:00,4196.339332626788,4215.24,-18.900667373211945
2021-03-12 13:00:00,4173.619427391278,4184.0,-10.380572608722105
2021-03-12 13:01:00,4173.87293057041,4183.2,-9.327069429589756
2021-03-12 13:02:00,4154.016175681625,4185.6,-31.583824318375264
2021-03-12 13:03:00,4120.339248094593,4139.6,-19.260751905407233
2021-03-12 13:04:00,4124.112254883347,4136.4400000000005,-12.327745116653205
2021-03-12 13:05:00,4116.845862096058,4122.22,-5.374137903942028
2021-03-12 13:06:00,4099.062002198469,4077.0599999999995,22.0020021984692
2021-03-12 13:07:00,4096.637525645557,4093.44,3.1975256455566523
2021-03-12 13:08:00,4099.650073998309,4101.24,-1.5899260016904009
2021-03-12 13:09:00,4107.162730285752,4107.4800000000005,-0.3172697142481411
2021-03-12 13:10:00,4110.858438007582,4119.18,-8.321561992418538
2021-03-12 13:11:00,4113.1356393720735,4129.16,-16.0243606279264
2021-03-12 13:12:00,4113.0973111874655,4113.72,-0.6226888125347614
2021-03-12 13:13:00,4094.147171023205,4105.92,-11.772828976795154
2021-03-12 13:14:00,4090.0339024799223,4085.7799999999997,4.253902479922544
2021-03-12 13:15:00,4067.3090003090547,4105.92,-38.61099969094539
2021-03-12 13:16:00,4064.788363724702,4088.8,-24.011636275298315
2021-03-12 13:17:00,4034.0358113570232,4079.5300000000007,-45.494188642977406
2021-03-12 13:18:00,4075.1116950617925,4044.04,31.071695061792525
2021-03-12 13:19:00,4053.818472671814,4068.68,-14.86152732818573
2021-03-12 13:20:00,4026.294441762635,4052.91,-26.615558237364894
2021-03-12 13:21:00,4030.696419178655,4030.28,0.4164191786549054
2021-03-12 13:22:00,4013.7801703701616,4018.12,-4.3398296298382775
2021-03-12 13:23:00,3997.5933606287604,4000.73,-3.136639371239653
2021-03-12 13:24:00,3995.0726414106343,4014.3199999999997,-19.247358589365376
2021-03-12 13:25:00,3951.194376784132,3974.25,-23.055623215867854
2021-03-12 13:26:00,3515.705384455623,3347.62,168.08538445562317
2021-03-12 13:27:00,4009.4501664578806,4016.6,-7.149833542119268
2021-03-12 13:28:00,3968.8189448003523,3958.5,10.318944800352256
2021-03-12 13:29:00,3952.897815473255,3949.5,3.397815473254923
2021-03-12 13:30:00,3942.68468530172,3969.0,-26.315314698279963
2021-03-12 13:31:00,3939.795522838442,3968.25,-28.45447716155786
2021-03-12 13:32:00,3922.4770574705603,3954.75,-32.27294252943966
2021-03-12 13:33:00,3902.362401618105,3934.58,-32.21759838189473
2021-03-12 13:34:00,3927.4085151165386,3908.71,18.6985151165386
2021-03-12 13:35:00,3929.4216922030173,3917.1799999999994,12.24169220301792
2021-03-12 13:36:00,3890.0356865027748,3902.5800000000004,-12.54431349722563
2021-03-12 13:37:00,3860.8208406426484,3868.27,-7.449159357351618
2021-03-12 13:38:00,3840.941421893371,3871.92,-30.978578106628902
2021-03-12 13:39:00,3841.6811733608215,3835.9700000000003,5.711173360821249
2021-03-12 13:40:00,3827.2554852647713,3809.5200000000004,17.735485264770887
2021-03-12 13:41:00,3815.7409451299677,3808.08,7.660945129967786
2021-03-12 13:42:00,3804.7938863806617,3813.84,-9.046113619338485
2021-03-12 13:43:00,3800.5417566237984,3795.84,4.701756623798246
2021-03-12 13:44:00,3782.933931206273,3810.96,-28.026068793727063
2021-03-12 13:45:00,3779.135727170542,3790.99,-11.854272829457841
2021-03-12 13:46:00,3751.411521075894,3759.45,-8.038478924105675
2021-03-12 13:47:00,3751.3479528417556,3767.2599999999998,-15.91204715824415
2021-03-12 13:48:00,3722.8604508079534,3753.7699999999995,-30.909549192046143
2021-03-12 13:49:00,3732.7862476270075,3741.3199999999997,-8.53375237299224
2021-03-12 13:50:00,3738.4674981762473,3726.8,11.667498176247136
2021-03-12 13:51:00,3721.270096746481,3721.9,-0.6299032535189326
2021-03-12 13:52:00,3701.787519690439,3729.6000000000004,-27.81248030956158
2021-03-12 13:53:00,3681.2507492891195,3715.32,-34.069250710880624
2021-03-12 13:54:00,3693.756533411543,3700.12,-6.363466588456959
2021-03-12 13:55:00,3671.859493964538,3673.5600000000004,-1.70050603546224
2021-03-12 13:56:00,3656.6102102994705,3664.59,-7.979789700529636
2021-03-12 13:57:00,3627.390767405859,3614.88,12.510767405859042
2021-03-12 13:58:00,3608.6920380891916,3610.8,-2.1079619108086263
2021-03-12 13:59:00,3606.8123796768814,3611.48,-4.667620323118626
2021-03-12 14:00:00,3608.5546916432163,3614.2,-5.6453083567835165
2021-03-12 14:01:00,3598.083086795651,3593.2,4.883086795651252
2021-03-12 14:02:00,3591.4078837559186,3577.13,14.277883755918538
2021-03-12 14:03:00,3562.6339282772715,3564.3999999999996,-1.7660717227281566
2021-03-12 14:04:00,3543.9075975415244,3558.37,-14.46240245847548
2021-03-12 14:05:00,3522.7488540424342,3515.8199999999997,6.928854042434523
2021-03-12 14:06:00,3523.8871176870193,3513.84,10.047117687019181
2021-03-12 14:07:00,3503.4029146947983,3517.8,-14.397085305201927
2021-03-12 14:08:00,3484.747789598066,3487.41,-2.662210401933862
2021-03-12 14:09:00,3486.587664468902,3472.95,13.63766446890213
2021-03-12 14:10:00,3475.9060606665716,3478.8,-2.893939333428534
2021-03-12 14:11:00,3460.0303758666423,3475.55,-15.519624133357866
2021-03-12 14:12:00,3447.492278230443,3452.89,-5.397721769556938
2021-03-12 14:13:00,3437.116152700998,3431.04,6.076152700998136
2021-03-12 14:14:00,3417.0944488610075,3423.36,-6.265551138992578
2021-03-12 14:15:00,3400.892012009785,3410.79,-9.897987990214915
2021-03-12 14:16:00,3389.463565307176,3408.3,-18.83643469282424
2021-03-12 14:17:00,3372.5952121012633,3398.8499999999995,-26.25478789873614
2021-03-12 14:18:00,3344.008438697365,3390.66,-46.651561302634946
2021-03-12 14:19:00,3317.4514208984056,3320.1,-2.6485791015943505
2021-03-12 14:20:00,3348.816652425799,3318.24,30.57665242579924
2021-03-12 14:21:00,3338.984360023607,3345.52,-6.535639976392758
2021-03-12 14:22:00,3287.0312358008678,3291.69,-4.658764199132293
2021-03-12 14:23:00,3262.2669080805954,3290.4399999999996,-28.173091919404214
2021-03-12 14:24:00,3257.5415900219095,3263.4999999999995,-5.958409978090003
2021-03-12 14:25:00,3250.497600741303,3275.09,-24.59239925869724
2021-03-12 14:26:00,3227.879809899939,3272.04,-44.160190100060845
2021-03-12 14:27:00,3213.230266664401,3222.0,-8.769733335599085
2021-03-12 14:28:00,3174.3648809758442,3215.3999999999996,-41.03511902415539
2021-03-12 14:29:00,3208.8305530480343,3222.6,-13.76944695196562
2021-03-12 14:30:00,3148.854688051526,3196.7999999999997,-47.94531194847377
2021-03-12 14:31:00,3199.1741095664443,3191.9,7.274109566444167
2021-03-12 14:32:00,3172.9187844468793,3173.0200000000004,-0.1012155531211647
2021-03-12 14:33:00,3174.061175842334,3163.4800000000005,10.581175842333323
2021-03-12 14:34:00,3139.868952548275,3132.58,7.28895254827512
2021-03-12 14:35:00,3105.2353398110904,3139.41,-34.174660188909456
2021-03-12 14:36:00,3085.207147470222,3105.42,-20.212852529778047
2021-03-12 14:37:00,3061.6131306394623,3082.5600000000004,-20.94686936053813
2021-03-12 14:38:00,3048.153998785892,3080.2799999999997,-32.12600121410787
2021-03-12 14:39:00,3041.490405499564,3058.2299999999996,-16.739594500435487
2021-03-12 14:40:00,2999.781207342697,3034.64,-34.85879265730273
2021-03-12 14:41:00,3004.532489455458,3043.53,-38.997510544542365
2021-03-12 14:42:00,3033.1687377232074,3046.3999999999996,-13.231262276792222
2021-03-12 14:43:00,3017.082711650022,3036.8799999999997,-19.797288349977862
2021-03-12 14:44:00,2991.147968234225,2993.1,-1.952031765774791
2021-03-12 14:45:00,2952.171896827064,2290.0,662.1718968270638
2021-03-12 14:46:00,2952.7333209807307,2940.3,12.433320980730514
2021-03-12 14:47:00,2948.912764243407,2948.4,0.5127642434067639
2021-03-12 14:48:00,2948.8815258195996,2917.32,31.56152581959941
2021-03-12 14:49:00,2933.161128153137,2889.0299999999997,44.13112815313707
2021-03-12 14:50:00,2884.3958748432333,2882.67,1.725874843233214
2021-03-12 14:51:00,2862.9640107669893,2896.9799999999996,-34.01598923301026
2021-03-12 14:52:00,2844.4975136972375,2847.5200000000004,-3.0224863027629
2021-03-12 14:53:00,2845.445552694802,2839.7200000000003,5.725552694801536
2021-03-12 14:54:00,2820.5272586398405,2828.25,-7.722741360159489
2021-03-12 14:55:00,2818.543277276288,2792.25,26.29327727628788
2021-03-12 14:56:00,2771.5776906642013,2771.3399999999997,0.23769066420163654
2021-03-12 14:57:00,2769.5578938019203,2741.2699999999995,28.287893801920745
2021-03-12 14:58:00,2759.6764892926644,2740.0,19.676489292664428
2021-03-12 14:59:00,2735.1188531605158,2731.0,4.118853160515755
2021-03-12 15:00:00,2692.1757892517967,2741.0,-48.82421074820331
2021-03-12 15:01:00,2707.3380832539774,2396.4700000000003,310.86808325397715
2021-03-12 15:02:00,2681.2112452930764,700.4399999999999,1980.7712452930764
2021-03-12 15:03:00,2642.292178244566,2679.8100000000004,-37.5178217554344
2021-03-12 15:04:00,2693.4807350842725,2636.64,56.84073508427264
2021-03-12 15:05:00,2630.5288476018086,2631.84,-1.3111523981915525
2021-03-12 15:06:00,2594.3456374937946,2627.04,-32.69436250620538
2021-03-12 15:07:00,2608.3600353038723,2577.95,30.41003530387252
2021-03-12 15:08:00,2584.8991018315596,2577.95,6.949101831559801
2021-03-12 15:09:00,2572.1804094310755,2575.13,-2.9495905689245774
2021-03-12 15:10:00,2547.4756437828773,2527.24,20.23564378287756
2021-03-12 15:11:00,2542.625647614042,2529.54,13.085647614042045
2021-03-12 15:12:00,2515.302449396358,2475.9,39.40244939635795
2021-03-12 15:13:00,2500.703199121771,2479.95,20.753199121771104
2021-03-12 15:14:00,2472.843694180119,2478.6000000000004,-5.756305819881163
2021-03-12 15:15:00,2455.4426578344287,2427.92,27.522657834428628
2021-03-12 15:16:00,2426.5775680846805,2418.2400000000002,8.337568084680242
2021-03-12 15:17:00,2396.2987152038572,2392.99,3.308715203857446
2021-03-12 15:18:00,2386.187589661555,2369.7299999999996,16.45758966155563
2021-03-12 15:19:00,2378.0466716659485,2373.6,4.446671665948543
2021-03-12 15:20:00,2370.689284170941,2346.37,24.319284170941046
2021-03-12 15:21:00,2333.1924048435644,2325.12,8.072404843564527
2021-03-12 15:22:00,2334.0586333318925,2312.94,21.118633331892397
2021-03-12 15:23:00,2278.728522913709,2274.68,4.048522913709348
2021-03-12 15:24:00,2294.0432981246836,2276.3199999999997,17.72329812468388
2021-03-12 15:25:00,2282.660404684861,2257.46,25.20040468486104
2021-03-12 15:26:00,2222.063943899972,2216.4,5.663943899971855
2021-03-12 15:27:00,2252.4694043232453,2225.2,27.269404323245453
2021-03-12 15:28:00,2211.139683684414,2190.08,21.059683684414267
2021-03-12 15:29:00,2206.3892816301645,2162.9399999999996,43.44928163016493
2021-03-12 15:30:00,2175.2856958264542,2166.45,8.835695826454412
2021-03-12 15:31:00,2165.8649184561873,2112.8,53.064918456187115
2021-03-12 15:32:00,2158.148959235791,2123.06,35.08895923579121
2021-03-12 15:33:00,2139.0223642676406,2116.6,22.42236426764066
2021-03-12 15:34:00,2061.594974406382,2047.5800000000002,14.014974406381725
2021-03-12 15:35:00,2068.919549944369,2055.7200000000003,13.199549944368755
2021-03-12 15:36:00,2087.65535464156,2015.92,71.73535464155975
2021-03-12 15:37:00,2043.9830368025916,2030.8100000000002,13.173036802591469
2021-03-12 15:38:00,2047.5519584140143,1996.92,50.63195841401421
2021-03-12 15:39:00,1985.9022994278141,1983.7600000000002,2.142299427813896
2021-03-12 15:40:00,2016.2412628696497,1981.5,34.741262869649745
2021-03-12 15:41:00,2005.1425476689858,1948.4499999999998,56.69254766898598
2021-03-12 15:42:00,1990.7429283638783,1911.55,79.19292836387831
2021-03-12 15:43:00,1935.9036751196625,1892.1,43.80367511966256
2021-03-12 15:44:00,1950.4123883552722,1904.0,46.41238835527224
2021-03-12 15:45:00,1933.2222668778286,1842.06,91.16226687782864
2021-03-12 15:46:00,1887.9699189328041,1846.02,41.94991893280417
2021-03-12 15:47:00,1869.6751730650715,1794.2400000000002,75.43517306507124
2021-03-12 15:48:00,1832.7606933006255,1793.28,39.48069330062549
2021-03-12 15:49:00,1641.1274056603545,1613.27,27.857405660354516
2021-03-12 15:50:00,1739.4481986498329,1681.1999999999998,58.24819864983306
2021-03-12 15:51:00,1788.2072987324013,1740.0300000000002,48.17729873240114
2021-03-12 15:52:00,1785.990421435407,1741.27,44.720421435406934
2021-03-12 15:53:00,1752.162255545522,1685.4,66.76225554552184
2021-03-12 15:54:00,1757.3730654393773,1688.1,69.27306543937743
2021-03-12 15:55:00,1740.990666919681,1683.9,57.09066691968087
2021-03-12 15:56:00,1687.9998653482896,1631.54,56.45986534828967
2021-03-12 15:57:00,1697.9092244301482,1631.25,66.65922443014824
2021-03-12 15:58:00,1655.7624885202274,1598.24,57.5224885202274
2021-03-12 15:59:00,1628.8661916741216,1574.1599999999999,54.70619167412178
2021-03-12 16:00:00,1578.9816352109833,1541.83,37.151635210983386
2021-03-12 16:01:00,1599.6445540626214,1517.4,82.24455406262132
2021-03-12 16:02:00,1064.7084509399504,982.8,81.9084509399504
2021-03-12 16:03:00,1575.31501217406,1484.64,90.67501217405993
2021-03-12 16:04:00,1542.6406151294984,1491.51,51.13061512949844
2021-03-12 16:05:00,1053.9344724665882,1005.3,48.63447246658825
2021-03-12 16:06:00,1472.6726728473488,1414.5,58.17267284734885
2021-03-12 16:07:00,1474.2146383174238,1390.27,83.94463831742382
2021-03-12 16:08:00,1484.369862466263,1381.72,102.6498624662629
2021-03-12 16:09:00,1462.6941334585833,1357.92,104.77413345858326
2021-03-12 16:10:00,1392.1047497611717,1329.9,62.20474976117157
2021-03-12 16:11:00,1361.6737487771634,1306.17,55.50374877716331
2021-03-12 16:12:00,1362.4561922419857,1305.4799999999998,56.97619224198593
2021-03-12 16:13:00,1377.8862349815574,1248.94,128.94623498155738
2021-03-12 16:14:00,1353.5135797847438,1246.0800000000004,107.43357978474342
2021-03-12 16:15:00,1279.205922778091,1249.1599999999999,30.045922778091153
2021-03-12 16:16:00,1306.8893627562463,1192.17,114.71936275624626
2021-03-12 16:17:00,1274.0547769188236,1160.87,113.18477691882367
2021-03-12 16:18:00,1219.3779727678514,1138.4,80.97797276785127
2021-03-12 16:19:00,1214.4104567129154,1138.8,75.6104567129155
2021-03-12 16:20:00,1231.6657118108244,1079.3899999999999,152.27571181082453
2021-03-12 16:21:00,1231.2935665936436,1081.6699999999998,149.62356659364377
2021-03-12 16:22:00,1181.2753845507493,1052.6799999999998,128.5953845507495
2021-03-12 16:23:00,1173.066208392949,1054.7399999999998,118.32620839294918
2021-03-12 16:24:00,1133.2087878500565,1027.62,105.58878785005663
2021-03-12 16:25:00,1110.885673791729,969.34,141.54567379172897
2021-03-12 16:26:00,1053.5974138986312,964.4100000000001,89.18741389863112
2021-03-12 16:27:00,1044.8601889097208,936.4200000000001,108.44018890972075
2021-03-12 16:28:00,1029.6519197952625,914.5600000000002,115.09191979526236
2021-03-12 16:29:00,1055.4781752341307,881.8100000000002,173.66817523413056
2021-03-12 16:30:00,995.0135731195876,884.55,110.46357311958764
2021-03-12 16:31:00,1008.8636218853495,857.25,151.61362188534952
2021-03-12 16:32:00,1001.7424463079283,854.8499999999999,146.89244630792837
2021-03-12 16:33:00,987.2718995328156,827.94,159.33189953281556
2021-03-12 16:34:00,960.4874354975782,802.2,158.28743549757814
2021-03-12 16:35:00,914.6806465623346,800.94,113.74064656233452
2021-03-12 16:36:00,872.46790136259,742.95,129.51790136259
2021-03-12 16:37:00,890.5326286304828,743.86,146.6726286304828
2021-03-12 16:38:00,873.6285226878741,743.0799999999999,130.5485226878742
2021-03-12 16:39:00,852.5268450292757,687.0,165.5268450292757
2021-03-12 16:40:00,834.695317364085,685.2,149.49531736408494
2021-03-12 16:41:00,800.9841021625122,685.2,115.78410216251211
2021-03-12 16:42:00,769.4927316985722,653.94,115.55273169857219
2021-03-12 16:43:00,726.00423441279,627.99,98.01423441278996
2021-03-12 16:44:00,745.1279192856974,628.4300000000001,116.69791928569737
2021-03-12 16:45:00,718.8862904636118,597.89,120.99629046361179
2021-03-12 16:46:00,697.2377401341481,571.4,125.83774013414813
2021-03-12 16:47:00,678.1738555124316,572.1,106.07385551243158
2021-03-12 16:48:00,683.5346872499695,541.23,142.30468724996945
2021-03-12 16:49:00,661.4778478004254,513.72,147.75784780042534
2021-03-12 16:50:00,660.7821986393234,511.28999999999996,149.49219863932342
2021-03-12 16:51:00,632.4000160310427,512.46,119.94001603104266
2021-03-12 16:52:00,603.7067563775955,454.32000000000005,149.38675637759547
2021-03-12 16:53:00,544.6702001848681,454.48,90.1902001848681
2021-03-12 16:54:00,514.6047782687918,396.76,117.84477826879186
2021-03-12 16:55:00,455.5430968618891,392.35,63.1930968618891
2021-03-12 16:56:00,460.06691556609695,288.6,171.46691556609693
2021-03-12 16:57:00,355.93746780241855,62.60000000000001,293.33746780241853
2021-03-12 16:58:00,330.71736036007246,62.52,268.1973603600725
2021-03-12 16:59:00,416.15127847938516,62.89,353.26127847938517
2021-03-12 17:00:00,430.34519298661445,323.28,107.06519298661448
2021-03-12 17:01:00,432.7722529832049,319.14,113.63225298320492
2021-03-12 17:02:00,416.4436461441558,316.38,100.06364614415583
2021-03-12 17:03:00,368.16898186490505,271.35,96.81898186490503
2021-03-12 17:04:00,301.0006357709419,273.8,27.200635770941915
2021-03-12 17:05:00,280.2452913637066,242.63,37.6152913637066
2021-03-12 17:06:00,314.01402661650735,242.84000000000003,71.17402661650732
2021-03-12 17:07:00,289.54186533245655,217.20000000000002,72.34186533245654
2021-03-12 17:08:00,255.39113140243524,215.36,40.03113140243522
2021-03-12 17:09:00,221.02974122507703,213.72,7.309741225077033
2021-03-12 17:10:00,185.51927773586027,182.64,2.879277735860285
2021-03-12 17:11:00,183.107781199799,156.20999999999998,26.897781199799027
2021-03-12 17:12:00,165.8556774548258,154.92,10.935677454825822
2021-03-12 17:13:00,109.55728198558448,153.20999999999998,-43.6527180144155
2021-03-12 17:14:00,150.39226346868548,126.9,23.49226346868548
2021-03-12 17:15:00,132.6258337592483,125.71000000000001,6.915833759248301
2021-03-12 17:16:00,125.87022877031357,125.77000000000001,0.10022877031356359
2021-03-12 17:17:00,123.12951054374145,125.79,-2.66048945625856
2021-03-12 17:18:00,105.17425076823689,103.04,2.134250768236882
2021-03-12 17:19:00,106.56891440250425,103.52000000000001,3.048914402504238
2021-03-12 17:20:00,106.2132683244691,103.5,2.713268324469098
2021-03-12 17:21:00,105.71741041956618,101.28,4.437410419566177
2021-03-12 17:22:00,105.02218456166858,102.44,2.5821845616685835
2021-03-12 17:23:00,104.04300027985647,103.02000000000001,1.0230002798564612
2021-03-12 17:24:00,102.6614198986636,104.36000000000001,-1.6985801013364181
2021-03-12 17:25:00,93.99364075014087,75.81,18.183640750140867
2021-03-12 17:26:00,91.84993309306377,75.01,16.839933093063763
2021-03-12 17:27:00,64.60575930134641,75.25,-10.64424069865359
2021-03-12 17:28:00,77.68397655651,74.21000000000001,3.473976556509996
2021-03-12 17:29:00,65.54366133476178,73.10000000000001,-7.556338665238229
2021-03-12 17:30:00,56.5657194743083,69.45,-12.8842805256917
2021-03-12 17:31:00,50.496870855170606,45.71,4.786870855170605
2021-03-12 17:32:00,52.18919987443251,58.27,-6.080800125567492
2021-03-12 17:33:00,43.08783724401225,58.040000000000006,-14.952162755987757
2021-03-12 17:34:00,33.78347561279293,39.4,-5.616524387207072
2021-03-12 17:35:00,26.150413551018957,37.370000000000005,-11.219586448981048
2021-03-12 17:36:00,25.28314540858922,37.230000000000004,-11.946854591410784
2021-03-12 17:37:00,61.737142910425625,37.84,23.89714291042562
2021-03-12 17:38:00,57.99886390963965,36.53,21.46886390963965
2021-03-12 17:39:00,61.017373164939386,34.11,26.907373164939386
2021-03-12 17:40:00,62.7710869434448,29.250000000000004,33.5210869434448
2021-03-12 17:41:00,65.76177165636034,26.39,39.37177165636034
2021-03-12 17:42:00,55.335145112379394,29.04,26.295145112379394
2021-03-12 17:43:00,59.817293919841994,30.8,29.017293919841993
2021-03-12 17:44:00,54.56016480138364,28.86,25.700164801383643
2021-03-12 17:45:00,33.36436774216148,28.730000000000004,4.634367742161473
2021-03-12 17:46:00,40.50112312672333,27.0,13.501123126723328
2021-03-12 17:47:00,47.40932921549181,28.510000000000005,18.899329215491804
2021-03-12 17:52:00,44.78050228892775,22.48,22.30050228892775
2021-03-12 17:54:00,35.16336849977252,25.479999999999997,9.68336849977252
2021-03-12 17:55:00,46.93271182990196,24.620000000000005,22.312711829901957
2021-03-12 17:56:00,42.04204543498419,23.490000000000002,18.552045434984187
2021-03-13 05:18:00,51.329451532083404,17.23,34.09945153208341
2021-03-13 05:19:00,49.361723603324094,20.62,28.741723603324093
2021-03-13 05:20:00,47.72279522918285,23.190000000000005,24.532795229182845
2021-03-13 05:21:00,41.838196896416754,25.580000000000002,16.258196896416752
2021-03-13 05:22:00,57.19058496339821,44.64,12.550584963398208
2021-03-13 05:23:00,46.13221722647183,49.34,-3.207782773528173
2021-03-13 05:24:00,41.47442974436818,49.690000000000005,-8.215570255631825
2021-03-13 05:25:00,49.416021453894324,50.80000000000001,-1.3839785461056877
2021-03-13 05:26:00,61.941120064621266,51.43000000000001,10.51112006462126
2021-03-13 05:27:00,51.80863884520835,51.39,0.41863884520834915
2021-03-13 05:28:00,48.926898364564195,52.82000000000001,-3.893101635435812
2021-03-13 05:29:00,52.39121384944951,53.61,-1.2187861505504927
2021-03-13 05:30:00,67.85652629368562,53.33,14.52652629368562
2021-03-13 05:31:00,30.16020603355488,55.43000000000001,-25.26979396644513
2021-03-13 05:32:00,30.389916861840263,55.36,-24.970083138159737
2021-03-13 05:33:00,29.561610082474928,57.150000000000006,-27.588389917525078
2021-03-13 05:34:00,40.50287172606366,57.67,-17.167128273936342
2021-03-13 05:35:00,57.221034358939725,56.68000000000001,0.5410343589397186
2021-03-13 05:36:00,57.87331735591085,58.66000000000001,-0.7866826440891614
2021-03-13 05:37:00,92.29890823347178,59.18000000000001,33.11890823347177
2021-03-13 05:38:00,78.14053093072916,57.67,20.470530930729154
2021-03-13 05:39:00,101.38377580917431,121.44,-20.056224190825688
2021-03-13 05:40:00,129.33072999771593,147.71999999999997,-18.389270002284036
2021-03-13 05:41:00,119.3452899603254,150.69,-31.344710039674595
2021-03-13 05:42:00,147.0352310463398,156.15,-9.114768953660217
2021-03-13 05:43:00,130.3636223373928,156.72,-26.3563776626072
2021-03-13 05:44:00,163.05463567108413,158.01,5.044635671084137
2021-03-13 05:45:00,167.03058482240635,183.99,-16.959415177593655
2021-03-13 05:46:00,181.91504352768374,186.48000000000002,-4.5649564723162825
2021-03-13 05:47:00,158.97958300507221,213.68,-54.70041699492779
2021-03-13 05:48:00,175.6930847861744,216.16000000000003,-40.466915213825615
2021-03-13 05:49:00,218.90095969725138,216.24,2.6609596972513714
2021-03-13 05:50:00,230.5859492689812,216.68,13.905949268981203
2021-03-13 05:51:00,221.38893704966864,216.32,5.068937049668648
2021-03-13 05:52:00,256.5866911139676,216.56,40.026691113967615
2021-03-13 05:53:00,256.30501568269335,243.79000000000002,12.515015682693331
2021-03-13 05:54:00,222.51180072844488,241.95,-19.438199271555106
2021-03-13 05:55:00,250.55288847179634,274.85,-24.297111528203686
2021-03-13 05:56:00,268.6631617360544,300.64,-31.97683826394558
2021-03-13 05:57:00,295.39605272797485,332.4,-37.00394727202513
2021-03-13 05:58:00,321.53405052779476,355.45,-33.91594947220523
2021-03-13 05:59:00,332.91185498725326,353.75,-20.838145012746736
2021-03-13 06:00:00,380.31234794928076,353.58,26.73234794928078
2021-03-13 06:01:00,427.0913993708487,355.85,71.24139937084868
2021-03-13 06:02:00,448.2889648245207,385.28,63.00896482452072
2021-03-13 06:03:00,440.2013994170982,385.84,54.3613994170982
2021-03-13 06:04:00,457.8272822440997,411.75,46.077282244099706
2021-03-13 06:05:00,486.7239607482482,466.49,20.233960748248194
2021-03-13 06:06:00,516.654906605449,496.53,20.12490660544904
2021-03-13 06:07:00,536.6376778523022,552.6,-15.962322147697819
2021-03-13 06:08:00,574.8540080462799,578.99,-4.135991953720122
2021-03-13 06:09:00,588.0084581334833,577.98,10.028458133483241
2021-03-13 06:10:00,650.8608920106227,609.1800000000001,41.68089201062264
2021-03-13 06:11:00,568.978882054565,637.04,-68.06111794543494
2021-03-13 06:12:00,650.3035873161357,634.52,15.783587316135709
2021-03-13 06:13:00,687.9832784627514,634.9200000000001,53.06327846275133
2021-03-13 06:14:00,648.5740196740281,668.76,-20.185980325971855
2021-03-13 06:15:00,736.8473588533617,696.84,40.007358853361666
2021-03-13 06:16:00,692.5659351807192,695.73,-3.1640648192808385
2021-03-13 06:17:00,759.1951154753898,725.53,33.665115475389825
2021-03-13 06:18:00,771.1017300743121,754.0799999999999,17.02173007431213
2021-03-13 06:19:00,843.7197035839968,753.77,89.94970358399678
2021-03-13 06:20:00,729.4276637680449,694.02,35.40766376804493
2021-03-13 06:21:00,567.9224036058756,558.85,9.072403605875593
2021-03-13 06:22:00,360.897823173094,460.07000000000005,-99.17217682690602
2021-03-13 06:23:00,472.0666488662619,527.09,-55.02335113373812
2021-03-13 06:24:00,794.2638216721421,741.22,53.04382167214203
2021-03-13 06:25:00,838.4359108751122,785.9599999999999,52.47591087511228
2021-03-13 06:26:00,810.1256310144164,813.64,-3.5143689855835873
2021-03-13 06:27:00,891.6265310232177,812.56,79.06653102321775
2021-03-13 06:28:00,828.5115972452776,811.8199999999999,16.69159724527765
2021-03-13 06:29:00,910.1567020117324,842.7,67.45670201173232
2021-03-13 06:30:00,831.3012277980827,864.65,-33.34877220191731
2021-03-13 06:31:00,844.1036620619396,866.86,-22.75633793806037
2021-03-13 06:32:00,883.3167342297094,870.1100000000001,13.206734229709241
2021-03-13 06:33:00,856.624585088066,870.0300000000001,-13.405414911934031
2021-03-13 06:34:00,904.7078846820428,870.0100000000001,34.69788468204274
2021-03-13 06:35:00,889.404463559854,869.71,19.694463559853943
2021-03-13 06:36:00,938.8111947204752,925.0899999999999,13.721194720475296
2021-03-13 06:37:00,959.3590387664766,924.27,35.08903876647662
2021-03-13 06:38:00,969.8374042534268,924.97,44.8674042534268
2021-03-13 06:39:00,983.7430380055699,980.6499999999999,3.0930380055700653
2021-03-13 06:40:00,998.1784836181231,981.47,16.70848361812307
2021-03-13 06:41:00,1013.626861902581,983.0500000000001,30.57686190258096
2021-03-13 06:42:00,1046.471091525877,1009.44,37.031091525876946
2021-03-13 06:43:00,1047.3154753540928,791.9499999999999,255.36547535409284
2021-03-13 06:44:00,1059.0203489341582,1035.2,23.82034893415812
2021-03-13 06:45:00,1100.771752080967,1093.21,7.561752080966926
2021-03-13 06:46:00,1117.4910153703265,1093.63,23.861015370326413
2021-03-13 06:47:00,1148.239037786215,1091.5,56.73903778621502
2021-03-13 06:48:00,1148.480641276076,1149.79,-1.3093587239238786
2021-03-13 06:49:00,1176.2933570914863,1162.78,13.513357091486341
2021-03-13 06:50:00,1195.4652204945298,1200.54,-5.074779505470133
2021-03-13 06:51:00,1199.4942220378198,1199.3400000000001,0.15422203781963617
2021-03-13 06:52:00,1192.3589847586834,1223.63,-31.271015241316718
2021-03-13 06:53:00,1234.5762451316339,1251.83,-17.25375486836606
2021-03-13 06:54:00,1255.925519815896,1279.13,-23.204480184104114
2021-03-13 06:55:00,1313.1693261796029,1280.5099999999998,32.65932617960311
2021-03-13 06:56:00,1303.773137225082,1332.7999999999997,-29.026862774917618
2021-03-13 06:57:00,1312.3761317563667,1334.68,-22.30386824363336
2021-03-13 06:58:00,1297.1984881936717,1390.0700000000002,-92.8715118063285
2021-03-13 06:59:00,1216.8756485880497,1267.81,-50.934351411950274
2021-03-13 07:00:00,573.9465051444389,568.3800000000001,5.566505144438793
2021-03-13 07:01:00,356.8388371742678,401.99,-45.15116282573223
2021-03-13 07:02:00,548.8990212315049,557.2,-8.300978768495156
2021-03-13 07:03:00,462.8657541680837,457.95000000000005,4.915754168083652
2021-03-13 07:04:00,645.1165407844466,670.2,-25.08345921555349
2021-03-13 07:05:00,1643.3175067066325,1666.05,-22.732493293367497
2021-03-13 07:06:00,1704.9228713577058,1743.92,-38.99712864229423
2021-03-13 07:07:00,1679.897903279645,1708.1999999999998,-28.30209672035471
2021-03-13 07:08:00,1596.2695791939811,1616.3199999999997,-20.050420806018565
2021-03-13 07:09:00,668.8648294833,655.1999999999999,13.664829483300082
2021-03-13 07:10:00,1480.9861626631393,1534.6800000000003,-53.69383733686095
2021-03-13 07:11:00,1722.4252862047867,1728.9699999999998,-6.544713795213056
2021-03-13 07:12:00,1187.8580438994798,1206.6,-18.741956100520156
2021-03-13 07:13:00,1092.3798413113625,1121.6,-29.22015868863741
2021-03-13 07:14:00,1702.4625684678156,1727.78,-25.3174315321844
2021-03-13 07:15:00,1901.292723043873,2004.6399999999999,-103.34727695612696
2021-03-13 07:16:00,2148.7818507456595,2229.1499999999996,-80.3681492543401
2021-03-13 07:17:00,2266.1599390006363,2332.2799999999997,-66.12006099936343
2021-03-13 07:18:00,1611.1791493071203,1582.1,29.07914930712036
2021-03-13 07:19:00,2148.8000735282644,2209.2700000000004,-60.46992647173602
2021-03-13 07:20:00,2379.3779672935234,2371.44,7.937967293523343
2021-03-13 07:21:00,942.712945811414,949.56,-6.8470541885859575
2021-03-13 07:22:00,1823.0626681637098,1939.7000000000003,-116.63733183629051
2021-03-13 07:23:00,2330.418955270518,2374.46,-44.04104472948211
2021-03-13 07:24:00,2347.171925739127,1499.0500000000002,848.1219257391267
2021-03-13 07:25:00,1435.1079345241299,1398.85,36.25793452412995
2021-03-13 07:26:00,1168.1188812362395,1170.1100000000001,-1.9911187637605963
2021-03-13 07:27:00,1168.1321449426225,1034.17,133.96214494262244
2021-03-13 07:28:00,999.3041136716714,1098.8,-99.49588632832854
2021-03-13 07:29:00,999.3094679207543,1124.9,-125.5905320792458
2021-03-13 07:30:00,1141.876916710948,1159.41,-17.533083289052
2021-03-13 07:31:00,1049.905464884411,1074.03,-24.12453511558897
2021-03-13 07:32:00,1063.3505701811123,1111.8,-48.449429818887666
2021-03-13 07:33:00,1828.8992612193672,1855.59,-26.690738780632728
2021-03-13 07:34:00,1696.0813591303997,1641.4,54.68135913039964
2021-03-13 07:35:00,1798.6787654182756,1725.77,72.9087654182756
2021-03-13 07:36:00,1559.0220211933727,1490.67,68.3520211933726
2021-03-13 07:37:00,1402.1750961488133,1356.44,45.73509614881323
2021-03-13 07:38:00,1303.5813949773992,1239.8,63.78139497739926
2021-03-13 07:39:00,1317.2625117708922,1334.4,-17.13748822910793
2021-03-13 07:40:00,1740.920460201989,1688.7000000000003,52.22046020198877
2021-03-13 07:41:00,2513.718654441431,2551.33,-37.6113455585687
2021-03-13 07:42:00,2805.176258093505,2833.98,-28.803741906494906
2021-03-13 07:43:00,2768.8789124799123,2760.46,8.418912479912251
2021-03-13 07:44:00,2672.6462894096844,2669.28,3.3662894096842138
2021-03-13 07:45:00,2631.658535123192,2632.63,-0.9714648768081133
2021-03-13 07:46:00,2624.300326221079,2653.92,-29.61967377892097
2021-03-13 07:47:00,2644.841177123176,2694.4300000000003,-49.58882287682445
2021-03-13 07:48:00,2669.4399865927967,2743.04,-73.60001340720328
2021-03-13 07:49:00,2783.6149383186107,2763.0,20.61493831861071
2021-03-13 07:50:00,2801.5585649788586,2771.8999999999996,29.658564978858976
2021-03-13 07:51:00,2799.22007016589,2799.39,-0.1699298341100075
2021-03-13 07:52:00,2835.9118884402346,2839.1499999999996,-3.2381115597650023
2021-03-13 07:53:00,2836.0154532144725,2672.9500000000003,163.0654532144722
2021-03-13 07:54:00,2845.71082475692,2844.3999999999996,1.310824756920283
2021-03-13 07:55:00,2875.3596589541175,2896.45,-21.09034104588227
2021-03-13 07:56:00,2899.9624067254877,2896.45,3.5124067254878355
2021-03-13 07:57:00,2895.86214672053,2895.39,0.4721467205299632
2021-03-13 07:58:00,2893.5681615056424,2905.99,-12.421838494357416
2021-03-13 07:59:00,2958.167260961882,2977.36,-19.192739038117907
2021-03-13 08:00:00,3017.140082766133,3045.8199999999997,-28.67991723386649
2021-03-13 08:01:00,3067.0699564466486,3044.22,22.849956446648775
2021-03-13 08:02:00,3096.12132794741,3066.0,30.12132794741001
2021-03-13 08:03:00,3095.7556621313615,3102.51,-6.754337868638686
2021-03-13 08:04:00,3108.2833694701385,3111.0600000000004,-2.7766305298619045
2021-03-13 08:05:00,3130.35484760367,3108.78,21.574847603669696
2021-03-13 08:06:00,2640.495261978881,2507.5299999999997,132.96526197888124
2021-03-13 08:07:00,2748.370461713464,2670.01,78.36046171346379
2021-03-13 08:08:00,2840.849364150442,2741.0,99.84936415044194
2021-03-13 08:09:00,3306.451046056744,3292.8,13.65104605674378
2021-03-13 08:10:00,3306.571942810333,3279.0,27.571942810332985
2021-03-13 08:11:00,3332.0251517074357,3324.5,7.525151707435725
2021-03-13 08:12:00,3373.289360920396,3389.05,-15.760639079604061
2021-03-13 08:13:00,3391.0279261491805,3354.82,36.207926149180366
2021-03-13 08:14:00,3356.47448992249,3349.24,7.234489922490411
2021-03-13 08:15:00,3484.7818634058913,3494.4400000000005,-9.658136594109237
2021-03-13 08:16:00,3535.770091062969,3495.7,40.07009106296937
2021-03-13 08:17:00,3010.3644188702992,2882.4500000000003,127.91441887029896
2021-03-13 08:18:00,2251.9252501122287,2040.9799999999998,210.9452501122289
2021-03-13 08:19:00,3695.95805375001,3707.79,-11.831946249989869
2021-03-13 08:20:00,3756.3252014740306,3793.3,-36.97479852596962
2021-03-13 08:21:00,3536.086013925297,3506.75,29.33601392529681
2021-03-13 08:22:00,1809.0961532184403,1676.44,132.6561532184403
2021-03-13 08:23:00,1795.6481303065618,1634.81,160.83813030656188
2021-03-13 08:24:00,3270.3949217077475,3190.13,80.26492170774736
2021-03-13 08:25:00,3697.7466205883666,3636.0099999999998,61.736620588366804
2021-03-13 08:26:00,3390.034519935463,3383.34,6.694519935462722
2021-03-13 08:27:00,3873.7771727337426,4003.5,-129.72282726625735
2021-03-13 08:28:00,3879.2963572339545,4005.75,-126.4536427660455
2021-03-13 08:29:00,4099.491364613662,4191.74,-92.24863538633781
2021-03-13 08:30:00,3767.962626456071,3735.76,32.2026264560709
2021-03-13 08:31:00,3386.761741239979,3357.8999999999996,28.861741239979438
2021-03-13 08:32:00,4012.237621147794,4052.05,-39.812378852206166
2021-03-13 08:33:00,3999.125952767377,4098.12,-98.99404723262296
2021-03-13 08:34:00,2354.221737651625,2240.94,113.28173765162501
2021-03-13 08:35:00,1806.9745909355584,1663.0,143.97459093555835
2021-03-13 08:36:00,1779.785379302719,1715.2000000000003,64.58537930271882
2021-03-13 08:37:00,1884.1094808006644,1809.83,74.27948080066449
2021-03-13 08:38:00,2363.670498273481,2311.5699999999997,52.10049827348121
2021-03-13 08:39:00,2363.643649438011,3900.3899999999994,-1536.7463505619885
2021-03-13 08:40:00,3487.125036876089,3456.7,30.425036876089052
2021-03-13 08:41:00,4185.949438889564,4348.889999999999,-162.94056111043574
2021-03-13 08:42:00,2517.0436406033327,2431.09,85.95364060333259
2021-03-13 08:43:00,1953.3721476931996,1893.53,59.84214769319965
2021-03-13 08:44:00,1730.105005203266,1664.3899999999999,65.71500520326617
2021-03-13 08:45:00,1629.0219137574745,1576.4499999999998,52.571913757474704
2021-03-13 08:46:00,1541.368540382413,1510.32,31.048540382412966
2021-03-13 08:47:00,1479.1139393273927,1517.04,-37.926060672607264
2021-03-13 08:48:00,1426.7880053298013,1464.21,-37.42199467019873
2021-03-13 08:49:00,1336.9172919207342,1382.5,-45.582708079265785
2021-03-13 08:50:00,1199.2847804216972,1249.1299999999999,-49.845219578302704
2021-03-13 08:51:00,1025.0787739437808,1132.74,-107.66122605621922
2021-03-13 08:52:00,936.839440511821,1036.07,-99.23055948817898
2021-03-13 08:53:00,924.2111691075078,1040.25,-116.03883089249223
2021-03-13 08:54:00,929.6939337036342,1039.49,-109.79606629636578
2021-03-13 08:55:00,919.4159630579651,1009.24,-89.82403694203492
2021-03-13 08:56:00,871.2452720165221,982.98,-111.73472798347791
2021-03-13 08:57:00,754.3561571399572,864.0000000000001,-109.64384286004292
2021-03-13 08:58:00,725.9649276585104,819.0,-93.03507234148958
2021-03-13 08:59:00,687.9314536436673,786.77,-98.8385463563327
2021-03-13 09:00:00,632.7643491038122,710.06,-77.2956508961878
2021-03-13 09:01:00,535.0610823566556,650.52,-115.45891764334442
2021-03-13 09:02:00,495.1736890833204,591.3600000000001,-96.1863109166797
2021-03-13 09:03:00,488.57042101434837,596.2,-107.62957898565168
2021-03-13 09:04:00,518.8579373500467,592.5700000000002,-73.71206264995351
2021-03-13 09:05:00,507.4172797157057,598.95,-91.53272028429433
2021-03-13 09:06:00,562.1780677065403,620.3299999999999,-58.151932293459595
2021-03-13 09:07:00,539.3465842524672,591.69,-52.343415747532845
2021-03-13 09:08:00,581.7128222913967,602.58,-20.86717770860332
2021-03-13 09:09:00,619.5094707799494,658.44,-38.93052922005063
2021-03-13 09:10:00,661.856818490986,689.29,-27.433181509013934
2021-03-13 09:11:00,685.4594683630224,689.76,-4.300531636977553
2021-03-13 09:12:00,719.0330879882379,721.24,-2.2069120117621424
2021-03-13 09:13:00,724.2208531110088,716.5600000000001,7.6608531110086915
2021-03-13 09:14:00,731.9866811338769,719.1600000000001,12.826681133876832
2021-03-13 09:15:00,754.2860659820303,721.6299999999999,32.65606598203044
2021-03-13 09:16:00,795.4323446658879,745.06,50.37234466588791
2021-03-13 09:17:00,816.8927551197742,800.92,15.972755119774206
2021-03-13 09:18:00,859.9075305822083,833.3999999999999,26.50753058220846
2021-03-13 09:19:00,879.457881315364,802.7599999999999,76.69788131536416
2021-03-13 09:20:00,661.1481929653684,719.29,-58.1418070346316
2021-03-13 09:21:00,728.6844937327002,727.22,1.4644937327001344
2021-03-13 09:22:00,692.2081260100733,672.6,19.608126010073306
2021-03-13 09:23:00,560.6171098942075,635.76,-75.1428901057925
2021-03-13 09:24:00,652.3142216758812,610.3900000000001,41.924221675881086
2021-03-13 09:25:00,684.4792551386041,639.3,45.17925513860416
2021-03-13 09:26:00,620.864549755542,643.03,-22.16545024445793
2021-03-13 09:27:00,717.606015246602,675.48,42.12601524660204
2021-03-13 09:28:00,661.7181703518503,671.6399999999999,-9.921829648149583
2021-03-13 09:29:00,556.4834629291656,635.97,-79.4865370708344
2021-03-13 09:30:00,645.4731918384795,644.3499999999999,1.1231918384795563
2021-03-13 09:31:00,597.6003545892827,703.6700000000001,-106.06964541071738
2021-03-13 09:32:00,775.4225034458398,798.56,-23.13749655416018
2021-03-13 09:33:00,744.4070497160707,855.3,-110.89295028392928
2021-03-13 09:34:00,804.5625161159963,911.6800000000001,-107.11748388400372
2021-03-13 09:35:00,836.3783279390958,967.6400000000001,-131.2616720609043
2021-03-13 09:36:00,838.0098154946179,1028.88,-190.8701845053822
2021-03-13 09:37:00,926.8368638609462,1056.22,-129.38313613905382
2021-03-13 09:38:00,886.3480224401111,1080.53,-194.18197755988888
2021-03-13 09:39:00,910.8504381098784,732.8399999999999,178.01043810987846
2021-03-13 09:40:00,1040.9541277804744,31.380000000000003,1009.5741277804744
2021-03-13 09:41:00,1065.7183665904136,31.39,1034.3283665904135
2021-03-13 09:42:00,1099.0653064587498,133.4,965.6653064587498
2021-03-13 09:43:00,1087.7240408377827,1248.7200000000003,-160.99595916221756
2021-03-13 09:44:00,1096.3707350636548,1216.46,-120.08926493634522
2021-03-13 09:45:00,1073.1628531276215,1131.1999999999998,-58.037146872378344
2021-03-13 09:46:00,954.6167509577425,989.52,-34.90324904225747
2021-03-13 09:47:00,857.6916353615121,934.16,-76.46836463848786
2021-03-13 09:48:00,860.844093758902,936.4399999999999,-75.59590624109796
2021-03-13 09:49:00,792.5696396537118,903.36,-110.79036034628825
2021-03-13 09:50:00,791.5156592595964,908.8000000000001,-117.28434074040365
2021-03-13 09:51:00,802.6151458599996,906.08,-103.4648541400004
2021-03-13 09:52:00,769.0426848967069,875.3900000000001,-106.34731510329323
2021-03-13 09:53:00,769.0426756179082,873.79,-104.74732438209173
2021-03-13 09:54:00,755.4351146567924,907.2,-151.76488534320765
2021-03-13 09:55:00,798.0441570244091,932.9300000000001,-134.885842975591
2021-03-13 09:56:00,823.3584834872867,934.34,-110.98151651271337
2021-03-13 09:57:00,815.3767512228225,963.73,-148.35324877717755
2021-03-13 09:58:00,837.6117369340982,965.26,-127.6482630659018
2021-03-13 09:59:00,779.1067916379649,961.3499999999999,-182.24320836203503
2021-03-13 10:00:00,772.306487541701,968.32,-196.01351245829903
2021-03-13 10:01:00,801.7537099141141,968.8299999999999,-167.07629008588583
2021-03-13 10:02:00,819.1728131982294,967.1300000000001,-147.95718680177072
2021-03-13 10:03:00,838.7179572165895,996.2,-157.48204278341052
2021-03-13 10:04:00,830.2935457928961,991.6800000000001,-161.38645420710395
2021-03-13 10:05:00,848.796136328578,1020.0600000000001,-171.2638636714221
2021-03-13 10:06:00,836.1332700660078,1047.3600000000001,-211.22672993399237
2021-03-13 10:07:00,869.9922636630516,1082.05,-212.05773633694832
2021-03-13 10:08:00,798.7210523453298,1082.05,-283.3289476546702
2021-03-13 10:09:00,857.8163513239209,1086.42,-228.60364867607916
2021-03-13 10:10:00,924.1955686875602,1112.24,-188.04443131243977
2021-03-13 10:11:00,899.7247221982067,1143.6,-243.87527780179323
2021-03-13 10:12:00,907.1660077271874,1172.12,-264.95399227281246
2021-03-13 10:13:00,997.3285226923465,1200.99,-203.6614773076535
2021-03-13 10:14:00,1013.9081157624177,1230.06,-216.1518842375823
2021-03-13 10:15:00,948.6992770223914,1222.92,-274.2207229776087
2021-03-13 10:16:00,1043.8769370900898,1258.4,-214.52306290991032
2021-03-13 10:17:00,982.3243475521875,1258.1800000000003,-275.85565244781276
2021-03-13 10:18:00,1025.6292328258928,1313.0699999999997,-287.4407671741069
2021-03-13 10:19:00,1087.2953280766826,1315.1399999999999,-227.84467192331726
2021-03-13 10:20:00,1107.6009120550198,1371.12,-263.51908794498013
2021-03-13 10:21:00,1182.6606444938113,1430.25,-247.58935550618867
2021-03-13 10:22:00,1223.05283176967,1488.24,-265.1871682303299
2021-03-13 10:23:00,1224.471835977057,1516.1399999999999,-291.66816402294285
2021-03-13 10:24:00,1224.4718002999882,1539.2700000000002,-314.798199700012
2021-03-13 10:25:00,1312.3511127699169,1537.38,-225.02888723008323
2021-03-13 10:26:00,1299.3382877162621,1532.79,-233.45171228373783
2021-03-13 10:27:00,1318.9949357768735,1537.11,-218.1150642231264
2021-03-13 10:28:00,1327.069956331514,1506.27,-179.20004366848593
2021-03-13 10:29:00,1291.10710623372,1476.8,-185.6928937662799
2021-03-13 10:30:00,1295.6730243071358,1476.2800000000002,-180.60697569286435
2021-03-13 10:31:00,1298.8669430548089,1500.18,-201.3130569451912
2021-03-13 10:32:00,1340.4257518390784,1501.83,-161.4042481609215
2021-03-13 10:33:00,1346.2207613668832,1525.77,-179.54923863311683
2021-03-13 10:34:00,1389.2174956833073,1529.2800000000002,-140.06250431669287
2021-03-13 10:35:00,1404.6458479683577,1550.78,-146.13415203164232
2021-03-13 10:36:00,1396.3582664466348,1575.0,-178.64173355336516
2021-03-13 10:37:00,1408.5588566140968,1573.04,-164.48114338590312
2021-03-13 10:38:00,1421.1687010026903,1570.7999999999997,-149.6312989973094
2021-03-13 10:39:00,1467.5837955057827,1627.48,-159.89620449421727
2021-03-13 10:40:00,1523.7432278569556,1682.1,-158.35677214304428
2021-03-13 10:41:00,1570.8213325430743,1733.5200000000002,-162.69866745692593
2021-03-13 10:42:00,1670.2392872335179,1791.3600000000001,-121.12071276648226
2021-03-13 10:43:00,1788.6991969276373,1907.0600000000002,-118.36080307236284
2021-03-13 10:44:00,1926.473954488922,2021.0400000000004,-94.56604551107853
2021-03-13 10:45:00,2064.0858049716267,2157.69,-93.6041950283734
2021-03-13 10:46:00,2215.374217551038,2288.62,-73.24578244896202
2021-03-13 10:47:00,2428.21436456258,2442.4400000000005,-14.225635437420351
2021-03-13 10:48:00,2326.738657073544,2453.44,-126.70134292645616
2021-03-13 10:49:00,2439.833352989983,2446.4000000000005,-6.566647010017732
2021-03-13 10:50:00,2733.918964281608,2705.29,28.628964281608205
2021-03-13 10:51:00,2768.55424961111,2738.2,30.35424961111039
2021-03-13 10:52:00,3590.411336667831,3620.0999999999995,-29.68866333216829
2021-03-13 10:53:00,4004.299469792017,4092.25,-87.95053020798287
2021-03-13 10:54:00,2293.116481943423,2287.3200000000006,5.79648194342235
2021-03-13 10:55:00,1951.9650819966662,1979.5500000000002,-27.584918003333996
2021-03-13 10:56:00,2051.107408350067,2072.9,-21.792591649933
2021-03-13 10:57:00,2495.3993805374025,2509.2999999999993,-13.900619462596751
2021-03-13 10:58:00,3365.7080361240073,3353.3999999999996,12.308036124007685
2021-03-13 10:59:00,4193.955698895638,4372.45,-178.4943011043615
2021-03-13 11:00:00,5164.772934248076,5300.820000000001,-136.0470657519245
2021-03-13 11:01:00,5260.779532113327,5433.389999999999,-172.61046788667227
2021-03-13 11:02:00,4439.584405136887,4398.650000000001,40.9344051368862
2021-03-13 11:03:00,2829.9235166536796,2824.2,5.723516653679781
2021-03-13 11:04:00,2487.0261784408385,2524.8,-37.77382155916166
2021-03-13 11:05:00,2547.9115971731044,2574.12,-26.208402826895508
2021-03-13 11:06:00,2755.3696619987727,2775.24,-19.870338001227083
2021-03-13 11:07:00,2892.3669376499893,2919.4500000000003,-27.083062350011005
2021-03-13 11:08:00,3344.363055070888,3281.92,62.44305507088802
2021-03-13 11:09:00,2944.437115318922,2935.3500000000004,9.08711531892186
2021-03-13 11:10:00,3103.8956984223855,3038.67,65.22569842238545
2021-03-13 11:11:00,2422.0448646520176,2396.25,25.794864652017623
2021-03-13 11:12:00,2296.3560646331243,2281.46,14.896064633124297
2021-03-13 11:13:00,2324.4638668101456,2301.79,22.673866810145682
2021-03-13 11:14:00,4134.163526301409,4174.29,-40.126473698591326
2021-03-13 11:15:00,3507.4511826659077,3377.4300000000003,130.02118266590742
2021-03-13 11:16:00,3365.3796174687573,3249.11,116.26961746875713
2021-03-13 11:17:00,4523.381198557133,4609.889999999999,-86.50880144286657
2021-03-13 11:18:00,5056.092792003109,5282.0,-225.90720799689097
2021-03-13 11:19:00,4921.741107356093,5119.52,-197.77889264390706
2021-03-13 11:20:00,4905.708625445204,5070.91,-165.20137455479562
2021-03-13 11:21:00,4840.345925652889,4985.2699999999995,-144.92407434711095
2021-03-13 11:22:00,4774.708339229421,4907.01,-132.30166077057947
2021-03-13 11:23:00,4641.646343601527,4725.17,-83.52365639847267
2021-03-13 11:24:00,4326.61909698454,4433.5199999999995,-106.90090301545933
2021-03-13 11:25:00,4484.550317680765,4599.9,-115.34968231923449
2021-03-13 11:26:00,4785.042518139456,4947.84,-162.7974818605444
2021-03-13 11:27:00,5072.1755404664245,5322.72,-250.54445953357572
2021-03-13 11:28:00,4745.787433179703,4894.42,-148.63256682029714
2021-03-13 11:29:00,4881.940521780806,5009.76,-127.81947821919402
2021-03-13 11:30:00,4829.094895523648,4856.44,-27.34510447635148
2021-03-13 11:31:00,4267.728509434744,4157.36,110.36850943474474
2021-03-13 11:32:00,4585.679331661322,4633.92,-48.240668338678006
2021-03-13 11:33:00,4302.902334092753,4248.28,54.62233409275359
2021-03-13 11:34:00,4247.73726530784,4206.54,41.1972653078401
2021-03-13 11:35:00,3974.2938778066973,4013.55,-39.25612219330287
2021-03-13 11:36:00,4852.512986952336,5063.92,-211.4070130476639
2021-03-13 11:37:00,5023.597290692508,5166.15,-142.55270930749157
2021-03-13 11:38:00,5186.0345728361635,5339.139999999999,-153.10542716383588
2021-03-13 11:39:00,4787.1113394103295,4885.18,-98.0686605896708
2021-03-13 11:40:00,4857.275140898312,4825.3,31.97514089831202
2021-03-13 11:41:00,3204.453951017023,3001.3100000000004,203.14395101702257
2021-03-13 11:42:00,3265.43754965888,3100.7999999999997,164.6375496588803
2021-03-13 11:43:00,3348.714493631348,3169.29,179.424493631348
2021-03-13 11:44:00,3736.555527620704,3602.38,134.1755276207041
2021-03-13 11:45:00,3988.584132937775,3880.56,108.024132937775
2021-03-13 11:46:00,4156.32337470951,4057.88,98.44337470950995
2021-03-13 11:47:00,3963.011399961126,3851.4900000000002,111.52139996112555
2021-03-13 11:48:00,3609.224879272538,3496.29,112.93487927253818
2021-03-13 11:49:00,4707.941818684328,4587.74,120.20181868432792
2021-03-13 11:50:00,4482.051707972692,4359.68,122.37170797269209
2021-03-13 11:51:00,3019.0143095674625,2239.6000000000004,779.4143095674622
2021-03-13 11:52:00,3421.0552460994436,3234.05,187.0052460994434
2021-03-13 11:53:00,3808.2880733468987,3892.87,-84.58192665310116
2021-03-13 11:54:00,4640.249621350119,4815.200000000001,-174.9503786498817
2021-03-13 11:55:00,3821.5071264766034,3698.3899999999994,123.11712647660397
2021-03-13 11:56:00,3717.662752561367,3553.68,163.9827525613673
2021-03-13 11:57:00,2895.801250486187,2807.46,88.34125048618716
2021-03-13 11:58:00,2797.174676181627,2688.7200000000003,108.45467618162684
2021-03-13 11:59:00,2960.3444710052117,2853.36,106.98447100521162
2021-03-13 12:00:00,2770.6315581257595,2653.34,117.29155812575937
2021-03-13 12:01:00,2569.5058642490926,2470.89,98.61586424909274
2021-03-13 12:02:00,2543.214194636069,2451.7999999999997,91.41419463606917
2021-03-13 12:03:00,2617.1015384129873,2571.8399999999997,45.26153841298765
2021-03-13 12:04:00,2588.5199937601437,2519.2,69.31999376014392
2021-03-13 12:05:00,2591.233737866942,2551.55,39.68373786694201
2021-03-13 12:06:00,3152.129107949558,3089.08,63.04910794955822
2021-03-13 12:07:00,2885.8732269670727,2805.59,80.28322696707255
2021-03-13 12:08:00,2405.397358580415,2397.91,7.487358580415275
2021-03-13 12:09:00,2254.3890648963998,2210.8,43.58906489639958
2021-03-13 12:10:00,2136.978577456746,2128.66,8.31857745674597
2021-03-13 12:11:00,2097.1194211555207,2101.71,-4.590578844479296
2021-03-13 12:12:00,2066.878850297433,2087.7299999999996,-20.851149702566545
2021-03-13 12:13:00,2111.632731752371,2127.84,-16.207268247629145
2021-03-13 12:14:00,2248.520542371139,2261.2599999999998,-12.739457628860691
2021-03-13 12:15:00,2472.7778866703547,2460.15,12.627886670354656
2021-03-13 12:16:00,3383.7563245787474,3383.34,0.41632457874720785
2021-03-13 12:17:00,5574.009006834779,5391.969999999999,182.03900683477968
2021-03-13 12:18:00,4400.192367087206,4111.799999999999,288.39236708720637
2021-03-13 12:19:00,2521.107778582603,2435.24,85.86777858260302
2021-03-13 12:20:00,2426.7187740670383,2297.92,128.79877406703827
2021-03-13 12:21:00,2648.295664592016,2569.92,78.37566459201571
2021-03-13 12:22:00,5123.051711351344,5342.540000000001,-219.48828864865663
2021-03-13 12:23:00,5096.430033785378,5275.65,-179.2199662146213
2021-03-13 12:24:00,5013.219148419543,5184.0,-170.78085158045724
2021-03-13 12:25:00,4928.841105256983,5043.08,-114.23889474301723
2021-03-13 12:26:00,4901.168186437652,5046.1,-144.931813562348
2021-03-13 12:27:00,4772.64528554512,4804.38,-31.734714454880304
2021-03-13 12:28:00,4834.006221025864,4889.73,-55.72377897413571
2021-03-13 12:29:00,4709.345025651888,4743.93,-34.584974348112155
2021-03-13 12:30:00,4664.187384849293,4620.07,44.11738484929356
2021-03-13 12:31:00,4609.524920361735,4575.599999999999,33.92492036173553
2021-03-13 12:32:00,4584.570549001646,4537.82,46.750549001646505
2021-03-13 12:33:00,4554.196616576934,4472.16,82.03661657693374
2021-03-13 12:34:00,4549.967620927766,4474.800000000001,75.1676209277648
2021-03-13 12:35:00,4541.443319659723,4484.09,57.35331965972273
2021-03-13 12:36:00,4576.252998439845,4500.400000000001,75.85299843984467
2021-03-13 12:37:00,4521.945434381432,4465.120000000001,56.82543438143148
2021-03-13 12:38:00,4290.288661629304,4209.76,80.52866162930422
2021-03-13 12:39:00,4441.217443697706,4391.16,50.05744369770582
2021-03-13 12:40:00,4420.488825964782,4350.43,70.05882596478205
2021-03-13 12:41:00,4415.954376995617,4321.1,94.8543769956168
2021-03-13 12:42:00,4413.623170430973,4337.549999999999,76.07317043097373
2021-03-13 12:43:00,4421.5682186734375,4368.389999999999,53.178218673438096
2021-03-13 12:44:00,4414.384959308618,4328.2,86.18495930861809
2021-03-13 12:45:00,4376.525978608608,4291.0599999999995,85.46597860860857
2021-03-13 12:46:00,4335.353574723215,4257.1,78.25357472321502
2021-03-13 12:47:00,4339.973377083361,4263.67,76.30337708336083
2021-03-13 12:48:00,4330.159538088188,4240.32,89.83953808818842
2021-03-13 12:49:00,4329.729540895109,4237.9800000000005,91.74954089510811
2021-03-13 12:50:00,4364.200619228131,4317.37,46.83061922813067
2021-03-13 12:51:00,4343.075846146261,4338.5,4.5758461462610285
2021-03-13 12:52:00,4371.697055105761,4353.74,17.957055105761356
2021-03-13 12:53:00,4385.789891573556,4355.35,30.439891573555542
2021-03-13 12:54:00,4363.378209001384,4324.32,39.05820900138406
2021-03-13 12:55:00,4347.949490118464,4357.92,-9.97050988153569
2021-03-13 12:56:00,4381.968373859138,4326.84,55.128373859138264
2021-03-13 12:57:00,4380.823454197639,4354.549999999999,26.273454197639694
2021-03-13 12:58:00,4374.289333877316,4358.0,16.289333877315585
2021-03-13 12:59:00,4367.692174012948,4362.96,4.732174012948235
2021-03-13 13:00:00,4377.768444603343,4378.35,-0.5815553966576772
2021-03-13 13:01:00,4333.956952194158,4265.370000000001,68.58695219415677
2021-03-13 13:02:00,4362.764293770516,4310.88,51.8842937705158
2021-03-13 13:03:00,4408.185264896775,4394.02,14.165264896774715
2021-03-13 13:04:00,2905.700132127882,2667.18,238.52013212788233
2021-03-13 13:05:00,3663.300541141685,3525.81,137.49054114168484
2021-03-13 13:06:00,4409.94430927532,4393.65,16.294309275320302
2021-03-13 13:07:00,3265.2063073951153,2963.92,301.2863073951153
2021-03-13 13:08:00,3726.7206406539203,3274.51,452.2106406539201
2021-03-13 13:09:00,3310.9165418135267,3090.26,220.65654181352647
2021-03-13 13:10:00,4446.183172932128,4332.6,113.58317293212804
2021-03-13 13:11:00,3457.280021368362,3043.2,414.0800213683624
2021-03-13 13:12:00,1463.076967895714,1379.5800000000002,83.49696789571385
2021-03-13 13:13:00,3150.6574352289977,2726.97,423.68743522899786
2021-03-13 13:14:00,1841.1736616240441,1701.7600000000002,139.41366162404393
2021-03-13 13:15:00,1763.2604234327102,1674.72,88.54042343271021
2021-03-13 13:16:00,2159.9509151798297,2092.35,67.60091517982983
2021-03-13 13:17:00,1973.9142071998551,1934.6399999999999,39.274207199855255
2021-03-13 13:18:00,3190.665806324819,2860.25,330.4158063248192
2021-03-13 13:19:00,2597.325233437316,2505.68,91.64523343731616
2021-03-13 13:20:00,1442.2782957009117,1461.27,-18.99170429908827
2021-03-13 13:21:00,1295.6389660221491,1272.96,22.678966022149098
2021-03-13 13:22:00,1235.4980579911057,1261.1399999999999,-25.641942008894148
2021-03-13 13:23:00,1273.2006355193064,1298.1599999999999,-24.959364480693466
2021-03-13 13:24:00,1311.5096844417021,1302.0,9.50968444170212
2021-03-13 13:25:00,1537.0536424478976,1520.3999999999999,16.65364244789771
2021-03-13 13:26:00,2010.3753619132685,1990.08,20.295361913268607
2021-03-13 13:27:00,2291.2691623543406,2262.3799999999997,28.889162354340897
2021-03-13 13:28:00,2410.7058795532603,2368.0099999999998,42.69587955326051
2021-03-13 13:29:00,5098.6588082669205,5334.529999999999,-235.87119173307838
2021-03-13 13:30:00,3897.5071183409054,3744.63,152.87711834090533
2021-03-13 13:31:00,1654.7617626054328,1653.54,1.2217626054327866
2021-03-13 13:32:00,1497.6215549085866,1524.33,-26.708445091413296
2021-03-13 13:33:00,1542.6410648348358,1554.6899999999998,-12.048935165164039
2021-03-13 13:34:00,2712.397806546536,2628.71,83.68780654653574
2021-03-13 13:35:00,4324.7902024593795,4457.1,-132.30979754062082
2021-03-13 13:36:00,4138.65307720817,4225.71,-87.0569227918304
2021-03-13 13:37:00,4057.3147002665696,4077.15,-19.835299733430475
2021-03-13 13:38:00,4009.6200646252173,4014.3199999999997,-4.699935374782399
2021-03-13 13:39:00,3983.435468400035,3961.5,21.935468400035006
2021-03-13 13:40:00,3964.643206416093,3948.75,15.893206416093108
2021-03-13 13:41:00,3956.0793369816674,3913.98,42.09933698166742
2021-03-13 13:42:00,3949.3900177637074,3911.71,37.68001776370738
2021-03-13 13:43:00,3965.7159298036795,3927.75,37.9659298036795
2021-03-13 13:44:00,4028.505265300161,3969.48,59.02526530016121
2021-03-13 13:45:00,2574.3148097827,2433.19,141.12480978270014
2021-03-13 13:46:00,3606.1318224422625,3601.06,5.071822442262601
2021-03-13 13:47:00,3727.952440415249,3669.51,58.44244041524871
2021-03-13 13:48:00,3852.0290751792018,3847.5,4.5290751792017545
2021-03-13 13:49:00,3913.1937563682695,3867.2400000000002,45.953756368269296
2021-03-13 13:50:00,3937.850123744024,3912.0,25.85012374402413
2021-03-13 13:51:00,3535.9383216510823,3432.0,103.93832165108233
2021-03-13 13:52:00,3916.8839494812546,3881.1800000000003,35.70394948125431
2021-03-13 13:53:00,3949.7266261855193,3923.25,26.476626185519308
2021-03-13 13:54:00,3954.82629243417,3966.44,-11.613707565829827
2021-03-13 13:55:00,3946.649500124525,3951.24,-4.590499875474961
2021-03-13 13:56:00,3966.7891299082744,3950.4799999999996,16.309129908274826
2021-03-13 13:57:00,4009.9738724249773,4004.7699999999995,5.203872424977817
2021-03-13 13:58:00,4071.6240986498533,4052.0999999999995,19.52409864985384
2021-03-13 13:59:00,4151.472111078386,4186.889999999999,-35.41788892161367
2021-03-13 14:00:00,4079.0246142506935,4050.96,28.064614250693467
2021-03-13 14:01:00,3957.264143242032,3857.4399999999996,99.82414324203228
2021-03-13 14:02:00,4293.469950786244,4294.42,-0.9500492137558467
2021-03-13 14:03:00,4159.18056456088,4063.5299999999997,95.65056456088041
2021-03-13 14:04:00,1301.8365518794938,1276.0,25.836551879493754
2021-03-13 14:05:00,1057.5013377431903,1047.43,10.07133774319027
2021-03-13 14:06:00,917.8095871676982,932.04,-14.230412832301795
2021-03-13 14:07:00,814.4375805903439,821.12,-6.682419409656063
2021-03-13 14:08:00,811.2389673634292,808.1199999999999,3.118967363429306
2021-03-13 14:09:00,900.7057723597273,904.4,-3.6942276402726293
2021-03-13 14:10:00,997.8495763970722,787.93,209.9195763970722
2021-03-13 14:11:00,1052.4562686822874,1052.62,-0.16373131771251792
2021-03-13 14:12:00,1211.3206680826554,1199.44,11.880668082655347
2021-03-13 14:13:00,2431.0688636403866,2335.12,95.94886364038666
2021-03-13 14:14:00,3846.498955240862,3912.1000000000004,-65.6010447591384
2021-03-13 14:15:00,2652.9590798084896,2553.9800000000005,98.97907980848913
2021-03-13 14:16:00,3546.7289870747786,3534.7,12.028987074778797
2021-03-13 14:17:00,3689.6327186231924,3723.6400000000003,-34.007281376807896
2021-03-13 14:18:00,3694.808034648324,3742.5600000000004,-47.75196535167652
2021-03-13 14:19:00,3656.8027175272005,3703.92,-47.117282472799616
2021-03-13 14:20:00,3700.6669023920217,3747.3900000000003,-46.723097607978616
2021-03-13 14:21:00,3554.548114539571,3572.0699999999997,-17.52188546042862
2021-03-13 14:22:00,3758.566513552041,3809.8599999999997,-51.29348644795846
2021-03-13 14:23:00,3784.3947519011845,3827.5200000000004,-43.12524809881597
2021-03-13 14:24:00,3745.8539613325343,3805.92,-60.06603866746582
2021-03-13 14:25:00,3776.654330528957,3814.5600000000004,-37.90566947104344
2021-03-13 14:26:00,3397.91389061399,3218.16,179.75389061399028
2021-03-13 14:27:00,3705.6944221390445,3716.75,-11.055577860955509
2021-03-13 14:28:00,3680.4005329286824,3723.95,-43.549467071317395
2021-03-13 14:29:00,2557.1178356350233,2498.9900000000002,58.127835635023075
2021-03-13 14:30:00,3407.2531579581128,3429.4,-22.14684204188734
2021-03-13 14:31:00,3298.9307036198743,3275.46,23.470703619874257
2021-03-13 14:32:00,3289.7316614873534,3278.5600000000004,11.171661487353049
2021-03-13 14:33:00,3350.363626668892,3310.6099999999997,39.75362666889214
2021-03-13 14:34:00,3330.150465537148,3283.52,46.63046553714821
2021-03-13 14:35:00,3385.6731890541128,3347.19,38.4831890541127
2021-03-13 14:36:00,3129.541257320869,2918.7900000000004,210.75125732086872
2021-03-13 14:37:00,3582.737058618221,3580.4800000000005,2.257058618220526
2021-03-13 14:38:00,3304.80795637292,3200.67,104.13795637292014
2021-03-13 14:39:00,3644.405539276154,3520.6499999999996,123.7555392761542
2021-03-13 14:40:00,1410.668347155741,1360.8400000000001,49.82834715574086
2021-03-13 14:41:00,1565.1699318419226,1483.44,81.72993184192251
2021-03-13 14:42:00,3632.009358734376,3585.84,46.16935873437569
2021-03-13 14:43:00,2764.8286004606366,2642.31,122.51860046063666
2021-03-13 14:44:00,1572.3841735400142,1469.33,103.05417354001429
2021-03-13 14:45:00,1709.3280798108076,1619.94,89.38807981080754
2021-03-13 14:46:00,1700.2983676629276,1545.3600000000001,154.93836766292748
2021-03-13 14:47:00,1552.8198416892758,1500.31,52.509841689275845
2021-03-13 14:48:00,2164.566260253539,2148.12,16.446260253539094
2021-03-13 14:49:00,2324.253264860085,2264.43,59.823264860085146
2021-03-13 14:50:00,1584.4567951802148,1620.74,-36.28320481978517
2021-03-13 14:51:00,1293.5009560951014,1361.0,-67.4990439048986
2021-03-13 14:52:00,1331.9958061231075,1343.48,-11.484193876892505
2021-03-13 14:53:00,1759.0187746917475,1767.04,-8.021225308252497
2021-03-13 14:54:00,2391.628365697091,2345.79,45.83836569709092
2021-03-13 14:55:00,2860.798788879477,2799.0,61.79878887947689
2021-03-13 14:56:00,2943.841348625142,2916.76,27.0813486251418
2021-03-13 14:57:00,2782.1943444654985,2758.5,23.69434446549849
2021-03-13 14:58:00,1418.5616462951818,1371.25,47.311646295181845
2021-03-13 14:59:00,1107.0322618030407,1056.65,50.38226180304059
2021-03-13 15:00:00,1105.7686562027632,1063.2,42.56865620276312
2021-03-13 15:01:00,1621.5622032547856,1555.96,65.60220325478554
2021-03-13 15:02:00,2769.272842813219,2703.64,65.63284281321921
2021-03-13 15:03:00,2695.8015549936026,2645.4900000000002,50.311554993602385
2021-03-13 15:04:00,2767.7197792727416,2757.7400000000002,9.979779272741325
2021-03-13 15:05:00,2734.1557078859814,2739.88,-5.724292114018681
2021-03-13 15:06:00,2677.5560335573678,2660.64,16.916033557367882
2021-03-13 15:07:00,2632.6397931633146,2655.84,-23.20020683668554
2021-03-13 15:08:00,2597.863563583133,2593.9300000000003,3.9335635831325817
2021-03-13 15:09:00,2596.1399105741816,2593.9300000000003,2.209910574181322
2021-03-13 15:10:00,2571.271256569374,2567.45,3.8212565693743272
2021-03-13 15:11:00,2534.397460798152,2548.3999999999996,-14.002539201847412
2021-03-13 15:12:00,2520.182643694242,2536.8999999999996,-16.717356305757676
2021-03-13 15:13:00,2513.8805456914574,2499.06,14.820545691457482
2021-03-13 15:14:00,2479.504913314332,2485.8,-6.295086685668139
2021-03-13 15:15:00,2444.6707766777436,2442.8500000000004,1.820776677743197
2021-03-13 15:16:00,2426.0427525003447,2425.7200000000003,0.3227525003444498
2021-03-13 15:17:00,2410.6507038980694,2420.88,-10.229296101930686
2021-03-13 15:18:00,2407.6129144400734,2375.3199999999997,32.29291444007367
2021-03-13 15:19:00,2391.507526001687,2356.3999999999996,35.10752600168735
2021-03-13 15:20:00,2369.6098360892374,2353.8199999999997,15.789836089237724
2021-03-13 15:21:00,2369.6006921505364,2315.04,54.5606921505364
2021-03-13 15:22:00,2338.9558463577346,2314.62,24.33584635773468
2021-03-13 15:23:00,2310.621796489541,2295.35,15.271796489540975
2021-03-13 15:24:00,2289.7120009677833,2268.5299999999997,21.18200096778355
2021-03-13 15:25:00,2286.081399278513,2243.79,42.29139927851293
2021-03-13 15:26:00,2297.0263617261153,2249.2599999999998,47.76636172611552
2021-03-13 15:27:00,2219.017066864858,2209.2,9.817066864858134
2021-03-13 15:28:00,2238.4147648948597,2169.5699999999997,68.84476489485996
2021-03-13 15:29:00,2177.2013172030233,2165.67,11.531317203023264
2021-03-13 15:30:00,2178.4830614066404,2153.19,25.29306140664039
2021-03-13 15:31:00,2128.7760185784805,2097.9799999999996,30.796018578480925
2021-03-13 15:32:00,2082.820467070452,2083.9199999999996,-1.099532929547422
2021-03-13 15:33:00,2100.230763000156,2103.3,-3.069236999844179
2021-03-13 15:34:00,2091.8956283582597,2040.92,50.975628358259655
2021-03-13 15:35:00,2040.9251306380158,2042.4,-1.474869361984247
2021-03-13 15:36:00,2034.3375452212815,2019.5800000000002,14.757545221281362
2021-03-13 15:37:00,2021.2245517056806,1995.8400000000001,25.38455170568045
2021-03-13 15:38:00,2010.1794295701145,1999.4400000000003,10.739429570114225
2021-03-13 15:39:00,1970.0068139541404,1944.25,25.756813954140398
2021-03-13 15:40:00,1980.653677156179,1940.75,39.9036771561789
2021-03-13 15:41:00,1950.657979972675,1918.44,32.21797997267504
2021-03-13 15:42:00,1941.0993748470719,1892.7800000000002,48.319374847071686
2021-03-13 15:43:00,1899.761778449594,1888.3600000000001,11.401778449593849
2021-03-13 15:44:00,1907.2502325148282,1836.78,70.47023251482824
2021-03-13 15:45:00,1874.2648084109624,1834.4699999999998,39.79480841096256
2021-03-13 15:46:00,1866.9439874810353,1840.08,26.863987481035338
2021-03-13 15:47:00,1845.5433267905041,1782.0800000000004,63.46332679050374
2021-03-13 15:48:00,1811.19804928387,1777.6000000000001,33.59804928386984
2021-03-13 15:49:00,1829.5699323820857,1783.04,46.52993238208569
2021-03-13 15:50:00,1792.473832259198,1721.12,71.35383225919804
2021-03-13 15:51:00,1780.8027853211008,1730.1100000000001,50.6927853211007
2021-03-13 15:52:00,1789.4814142049001,1728.25,61.23141420490015
2021-03-13 15:53:00,1841.7900235284003,1815.5100000000002,26.28002352840008
2021-03-13 15:54:00,1953.432934738627,1899.92,53.51293473862688
2021-03-13 15:55:00,1891.8016426728234,1842.06,49.741642672823446
2021-03-13 15:56:00,2007.1629978404678,1928.4099999999999,78.75299784046797
2021-03-13 15:57:00,1981.582960087563,1956.15,25.432960087562833
2021-03-13 15:58:00,1931.0715014982031,1904.6799999999998,26.391501498203297
2021-03-13 15:59:00,1095.7383860375028,1157.73,-61.99161396249724
2021-03-13 16:00:00,615.7683138341878,668.97,-53.20168616581225
2021-03-13 16:01:00,665.8812999199159,704.6,-38.71870008008409
2021-03-13 16:02:00,560.2461273531853,620.5400000000001,-60.29387264681475
2021-03-13 16:03:00,947.4600225159364,852.22,95.2400225159364
2021-03-13 16:04:00,1782.0041194883056,1751.81,30.19411948830566
2021-03-13 16:05:00,1793.4897061738363,1749.02,44.46970617383636
2021-03-13 16:06:00,1739.875707970251,1698.2999999999997,41.57570797025119
2021-03-13 16:07:00,1368.2392395052134,1294.6699999999998,73.56923950521355
2021-03-13 16:08:00,871.0119090372664,813.6400000000001,57.37190903726628
2021-03-13 16:09:00,1520.8330675688794,1422.5,98.33306756887941
2021-03-13 16:10:00,1658.856950249614,1563.53,95.32695024961413
2021-03-13 16:11:00,1029.961384529423,1006.56,23.401384529423012
2021-03-13 16:12:00,562.0462199512585,565.5699999999999,-3.5237800487414006
2021-03-13 16:13:00,505.2580821962822,529.3,-24.04191780371775
2021-03-13 16:14:00,434.97523688794365,425.48,9.495236887943634
2021-03-13 16:15:00,366.87933922960787,374.35,-7.470660770392158
2021-03-13 16:16:00,363.71059229204764,337.93,25.78059229204763
2021-03-13 16:17:00,337.28114749727774,341.64,-4.358852502722243
2021-03-13 16:18:00,332.804619858955,324.06,8.74461985895499
2021-03-13 16:19:00,332.33969047865327,347.35,-15.010309521346755
2021-03-13 16:20:00,300.5331849182093,320.46000000000004,-19.92681508179072
2021-03-13 16:21:00,346.03999614123677,324.05999999999995,21.979996141236825
2021-03-13 16:22:00,367.54303181862343,349.12,18.42303181862343
2021-03-13 16:23:00,379.45584729523216,381.36,-1.9041527047678528
2021-03-13 16:24:00,528.2676265268651,504.09000000000003,24.177626526865083
2021-03-13 16:25:00,846.135243564047,732.1600000000001,113.97524356404688
2021-03-13 16:26:00,658.240326337335,518.58,139.66032633733494
2021-03-13 16:27:00,1000.6228247028399,886.2,114.42282470283988
2021-03-13 16:28:00,986.50493873524,920.8,65.70493873524003
2021-03-13 16:29:00,994.2642690302995,891.9100000000001,102.3542690302994
2021-03-13 16:30:00,987.3758187679853,865.6500000000001,121.72581876798517
2021-03-13 16:31:00,937.3456181063018,833.04,104.30561810630184
2021-03-13 16:32:00,927.9655392911835,832.88,95.08553929118352
2021-03-13 16:33:00,954.6522753698026,803.04,151.61227536980266
2021-03-13 16:34:00,901.2042911866278,802.1999999999999,99.00429118662782
2021-03-13 16:35:00,919.5743671555321,770.8700000000001,148.70436715553194
2021-03-13 16:36:00,898.2915122757913,747.8900000000001,150.40151227579122
2021-03-13 16:37:00,868.3969249070934,746.3299999999999,122.0669249070935
2021-03-13 16:38:00,916.7842084266416,747.6300000000001,169.1542084266415
2021-03-13 16:39:00,904.7586601786071,771.83,132.92866017860706
2021-03-13 16:40:00,972.0526270711437,801.2199999999999,170.83262707114375
2021-03-13 16:41:00,968.8673545667344,884.1600000000001,84.70735456673435
2021-03-13 16:42:00,1043.080169186844,912.16,130.92016918684396
2021-03-13 16:43:00,808.2929007753559,759.4,48.89290077535588
2021-03-13 16:44:00,593.2489432432874,606.5400000000001,-13.291056756712692
2021-03-13 16:45:00,859.8085671894934,741.9100000000001,117.89856718949329
2021-03-13 16:46:00,831.9457067956552,742.95,88.99570679565511
2021-03-13 16:47:00,372.4093373773505,398.19000000000005,-25.780662622649572
2021-03-13 16:48:00,302.44818183894773,340.30999999999995,-37.86181816105221
2021-03-13 16:49:00,393.5894807593578,384.22999999999996,9.359480759357837
2021-03-13 16:50:00,283.37343650691605,288.0,-4.62656349308395
2021-03-13 16:51:00,282.193515804989,295.52,-13.326484195011005
2021-03-13 16:52:00,294.0968909724172,268.8,25.296890972417202
2021-03-13 16:53:00,319.78424707665044,293.28,26.504247076650472
2021-03-13 16:54:00,511.2705329326126,396.76,114.51053293261259
2021-03-13 16:55:00,529.1995582125597,419.02,110.17955821255975
2021-03-13 16:56:00,514.5917529721007,393.54,121.0517529721007
2021-03-13 16:57:00,489.4449914496979,392.63,96.81499144969791
2021-03-13 16:58:00,494.13465743471284,395.57,98.56465743471284
2021-03-13 16:59:00,498.6228165750735,392.98,105.64281657507348
2021-03-13 17:00:00,480.0852675980696,392.7,87.38526759806962
2021-03-13 17:01:00,255.67204498955118,267.95,-12.277955010448807
2021-03-13 17:02:00,209.82038871914847,235.32999999999998,-25.509611280851516
2021-03-13 17:03:00,186.42493132834983,211.64,-25.215068671650158
2021-03-13 17:04:00,180.09910085761538,209.32000000000002,-29.22089914238464
2021-03-13 17:05:00,176.95596595863822,213.88,-36.92403404136178
2021-03-13 17:06:00,206.64046194511224,210.44,-3.799538054887762
2021-03-13 17:07:00,201.358558243959,210.08000000000004,-8.721441756041031
2021-03-13 17:08:00,191.78047889185916,208.4,-16.619521108140844
2021-03-13 17:09:00,179.02413374871918,208.76,-29.73586625128081
2021-03-13 17:10:00,178.8508018608373,180.48000000000002,-1.6291981391627246
2021-03-13 17:11:00,147.89497827277694,160.68,-12.785021727223068
2021-03-13 17:12:00,139.73355071665628,158.07,-18.33644928334371
2021-03-13 17:13:00,126.10472192763204,131.64999999999998,-5.545278072367935
2021-03-13 17:14:00,120.91411334324351,131.04000000000002,-10.125886656756506
2021-03-13 17:15:00,119.64432942633903,126.97999999999999,-7.335670573660963
2021-03-13 17:16:00,109.60376634933269,103.2,6.403766349332685
2021-03-13 17:17:00,114.8343029449779,97.56,17.274302944977904
2021-03-13 17:18:00,114.61424551631143,93.38,21.234245516311432
2021-03-13 17:19:00,84.18145342718803,93.26,-9.078546572811973
2021-03-13 17:20:00,116.50683080243198,86.44000000000001,30.066830802431966
2021-03-13 17:21:00,106.00775914523877,85.60000000000001,20.407759145238757
2021-03-13 17:22:00,103.54220793801463,77.76,25.782207938014622
2021-03-13 17:23:00,85.07422122056354,74.48,10.59422122056354
2021-03-13 17:24:00,86.95342189930909,72.48,14.473421899309088
2021-03-13 17:25:00,68.13233890806939,46.269999999999996,21.86233890806939
2021-03-13 17:26:00,72.30802478437393,40.230000000000004,32.07802478437392
2021-03-13 17:27:00,73.90194176174519,33.75,40.15194176174519
2021-03-13 17:28:00,67.52623740024072,32.65,34.87623740024072
2021-03-13 17:29:00,61.44730270147838,31.770000000000003,29.677302701478375
2021-03-13 17:30:00,54.09963777747093,27.410000000000004,26.689637777470928
2021-03-13 17:31:00,51.91108814065444,26.34,25.571088140654442
2021-03-13 17:32:00,40.44492286704026,18.080000000000002,22.36492286704026
2021-03-13 17:33:00,47.2392842121791,19.310000000000002,27.9292842121791
2021-03-13 17:34:00,27.604438814075962,18.240000000000002,9.36443881407596
2021-03-13 17:35:00,27.452123714867497,19.92,7.532123714867495
2021-03-13 17:36:00,62.55567890318948,18.54,44.01567890318948
2021-03-13 17:37:00,62.55567890318948,19.610000000000003,42.945678903189474
2021-03-13 17:38:00,54.69804248643896,20.64,34.05804248643896
2021-03-13 17:39:00,31.308139990834533,21.52,9.788139990834534
2021-03-13 17:40:00,48.834329813948905,21.53,27.304329813948904
2021-03-13 17:41:00,41.65825972981561,22.04,19.618259729815613
2021-03-13 17:42:00,31.081268358437114,21.72,9.361268358437115
2021-03-13 17:43:00,52.348177296896424,20.43,31.918177296896424
2021-03-13 17:44:00,38.3928417330974,20.53,17.862841733097397
2021-03-13 17:45:00,55.22861963763003,11.240000000000002,43.98861963763003
2021-03-13 17:46:00,46.383932319260104,25.840000000000003,20.5439323192601
2021-03-13 17:47:00,43.1788608371155,10.55,32.6288608371155
2021-03-13 17:54:00,42.11782960042159,10.990000000000002,31.127829600421585
2021-03-14 05:23:00,47.72279522918285,16.82,30.90279522918285
2021-03-14 05:24:00,47.2648744650067,14.680000000000001,32.5848744650067
2021-03-14 05:25:00,47.2648744650067,20.96,26.304874465006698
2021-03-14 05:26:00,49.56166135289203,23.470000000000002,26.09166135289203
2021-03-14 05:27:00,48.416051075084255,23.28,25.136051075084254
2021-03-14 05:28:00,52.444495181276636,30.25,22.194495181276636
2021-03-14 05:29:00,52.64385186641867,49.440000000000005,3.203851866418667
2021-03-14 05:30:00,51.238563725277906,50.99000000000001,0.24856372527789716
2021-03-14 05:31:00,31.55424029824212,51.64000000000001,-20.085759701757887
2021-03-14 05:32:00,32.073689004135915,53.78,-21.706310995864087
2021-03-14 05:33:00,31.691287760590697,54.68000000000001,-22.98871223940931
2021-03-14 05:34:00,47.217772159420335,54.32,-7.1022278405796655
2021-03-14 05:35:00,49.11940791740142,56.02,-6.900592082598585
2021-03-14 05:36:00,58.97346137567735,55.480000000000004,3.4934613756773487
2021-03-14 05:37:00,60.772060186444,56.94,3.8320601864440036
2021-03-14 05:38:00,72.11730452791981,57.27,14.84730452791981
2021-03-14 05:39:00,70.58731556065976,56.81,13.777315560659758
2021-03-14 05:40:00,71.50009732688238,57.99,13.51009732688238
2021-03-14 05:41:00,79.08409497675848,58.36,20.72409497675848
2021-03-14 05:42:00,78.34141028227086,57.53,20.811410282270856
2021-03-14 05:43:00,88.79732310247468,58.83,29.96732310247468
2021-03-14 05:44:00,88.33876137581954,57.82000000000001,30.518761375819537
2021-03-14 05:45:00,97.7590622557957,59.370000000000005,38.38906225579569
2021-03-14 05:46:00,107.15653461525159,59.71000000000001,47.44653461525158
2021-03-14 05:47:00,126.28732395035863,60.33,65.95732395035863
2021-03-14 05:48:00,134.43006923717783,131.09,3.340069237177829
2021-03-14 05:49:00,148.68981688377437,202.92000000000002,-54.230183116225646
2021-03-14 05:50:00,171.86900416840393,203.04000000000002,-31.170995831596088
2021-03-14 05:51:00,185.7685069790216,181.13,4.638506979021599
2021-03-14 05:52:00,198.2036277958531,211.96,-13.756372204146913
2021-03-14 05:53:00,175.65337450174502,185.8,-10.146625498254991
2021-03-14 05:54:00,165.65858894405682,185.57,-19.911411055943177
2021-03-14 05:55:00,172.36816309492497,185.14000000000001,-12.771836905075048
2021-03-14 05:56:00,198.4033782739279,187.67000000000002,10.733378273927883
2021-03-14 05:57:00,204.9689835787716,215.8,-10.831016421228412
2021-03-14 05:58:00,232.77297417431777,216.04000000000002,16.732974174317746
2021-03-14 05:59:00,228.72141296727642,242.97000000000003,-14.248587032723606
2021-03-14 06:00:00,223.6046303609578,238.41,-14.805369639042198
2021-03-14 06:01:00,236.01720100926497,243.39000000000001,-7.372798990735049
2021-03-14 06:02:00,226.19960290732934,244.19000000000003,-17.99039709267069
2021-03-14 06:03:00,249.42275351163096,241.34000000000003,8.082753511630926
2021-03-14 06:04:00,193.24619955744896,211.2,-17.953800442551028
2021-03-14 06:05:00,169.49080685396189,215.6,-46.10919314603811
2021-03-14 06:06:00,184.53937357286745,213.83999999999997,-29.300626427132528
2021-03-14 06:07:00,199.44044295221696,241.16,-41.71955704778304
2021-03-14 06:08:00,212.49035369861082,238.19,-25.69964630138918
2021-03-14 06:09:00,239.96720191999833,267.3,-27.33279808000168
2021-03-14 06:10:00,226.7100997644364,288.86,-62.14990023556362
2021-03-14 06:11:00,248.17522886682525,319.62,-71.44477113317475
2021-03-14 06:12:00,268.24700788322986,318.78,-50.53299211677012
2021-03-14 06:13:00,312.4028069543141,323.76,-11.357193045685904
2021-03-14 06:14:00,318.0656209215175,350.48,-32.41437907848251
2021-03-14 06:15:00,291.9510829601308,351.48999999999995,-59.53891703986915
2021-03-14 06:16:00,312.0141607401773,347.26,-35.245839259822674
2021-03-14 06:17:00,310.59320736697157,346.56999999999994,-35.97679263302837
2021-03-14 06:18:00,318.3403277556921,348.76,-30.41967224430789
2021-03-14 06:19:00,296.88109367840894,349.36,-52.47890632159107
2021-03-14 06:20:00,324.0251155837863,379.75,-55.72488441621368
2021-03-14 06:21:00,324.7079097407512,380.1,-55.392090259248846
2021-03-14 06:22:00,339.181908480384,351.01,-11.82809151961601
2021-03-14 06:23:00,304.7883106822847,382.05999999999995,-77.27168931771524
2021-03-14 06:24:00,356.62450382302893,381.5,-24.87549617697107
2021-03-14 06:25:00,373.5479721746725,383.46,-9.91202782532747
2021-03-14 06:26:00,522.2404873022639,492.84,29.40048730226391
2021-03-14 06:27:00,533.4946697758998,543.9,-10.405330224100226
2021-03-14 06:28:00,568.4202846393956,539.58,28.840284639395577
2021-03-14 06:29:00,788.5819410915122,666.22,122.36194109151222
2021-03-14 06:30:00,740.2712666071322,741.46,-1.188733392867789
2021-03-14 06:31:00,774.5907048072771,805.1400000000001,-30.54929519272298
2021-03-14 06:32:00,847.1209845390506,836.25,10.870984539050596
2021-03-14 06:33:00,872.9627189723109,858.49,14.472718972310872
2021-03-14 06:34:00,719.2912570901032,779.66,-60.36874290989681
2021-03-14 06:35:00,839.9556676089948,883.1500000000001,-43.19433239100533
2021-03-14 06:36:00,997.5009303372407,978.28,19.220930337240702
2021-03-14 06:37:00,1028.3567521039292,1032.82,-4.463247896070698
2021-03-14 06:38:00,982.0742039408595,938.5899999999999,43.48420394085963
2021-03-14 06:39:00,793.6738249052624,812.1099999999999,-18.43617509473745
2021-03-14 06:40:00,633.5282695753342,745.6099999999999,-112.0817304246657
2021-03-14 06:41:00,663.1889454673652,718.9000000000001,-55.711054532634876
2021-03-14 06:42:00,644.8645845156078,721.11,-76.2454154843922
2021-03-14 06:43:00,630.4914716142194,718.77,-88.27852838578053
2021-03-14 06:44:00,612.1691043458935,692.41,-80.24089565410645
2021-03-14 06:45:00,586.8554381302771,663.96,-77.10456186972294
2021-03-14 06:46:00,583.8868889699328,659.28,-75.39311103006719
2021-03-14 06:47:00,567.5768456841907,660.72,-93.14315431580928
2021-03-14 06:48:00,575.3388895167978,662.04,-86.70111048320211
2021-03-14 06:49:00,545.9916419089066,625.45,-79.45835809109349
2021-03-14 06:50:00,527.9930068484215,600.6,-72.60699315157854
2021-03-14 06:51:00,524.0096207662526,600.9300000000001,-76.92037923374744
2021-03-14 06:52:00,483.23249524286257,570.56,-87.32750475713738
2021-03-14 06:53:00,529.7324908182281,568.4300000000001,-38.69750918177192
2021-03-14 06:54:00,455.609161032858,545.8,-90.19083896714193
2021-03-14 06:55:00,439.58863083343596,516.46,-76.87136916656408
2021-03-14 06:56:00,443.8320765265472,519.8299999999999,-75.99792347345272
2021-03-14 06:57:00,438.9670057923003,518.5799999999999,-79.61299420769961
2021-03-14 06:58:00,477.08222603754,517.46,-40.377773962460026
2021-03-14 06:59:00,461.4950042171176,491.76,-30.26499578288241
2021-03-14 07:00:00,467.1158324400494,515.65,-48.53416755995056
2021-03-14 07:01:00,470.5897054170606,518.06,-47.470294582939346
2021-03-14 07:02:00,496.29593007456907,519.6600000000001,-23.36406992543101
2021-03-14 07:03:00,501.1946571767068,549.7,-48.50534282329323
2021-03-14 07:04:00,539.2274523714935,571.8299999999999,-32.602547628506386
2021-03-14 07:05:00,555.8587733996026,604.7800000000001,-48.92122660039752
2021-03-14 07:06:00,572.4506159845046,605.5500000000001,-33.0993840154955
2021-03-14 07:07:00,636.0845425517849,662.8799999999999,-26.79545744821496
2021-03-14 07:08:00,679.1892147871969,692.48,-13.290785212803144
2021-03-14 07:09:00,687.6357176772452,723.97,-36.3342823227548
2021-03-14 07:10:00,754.5433736604405,779.8,-25.25662633955949
2021-03-14 07:11:00,811.078083980197,831.0,-19.921916019803007
2021-03-14 07:12:00,845.7712517531492,890.24,-44.46874824685085
2021-03-14 07:13:00,852.6116800245248,888.8000000000001,-36.188319975475224
2021-03-14 07:14:00,856.3183610832726,921.7,-65.38163891672741
2021-03-14 07:15:00,912.8615862950734,951.66,-38.79841370492659
2021-03-14 07:16:00,946.7770377494423,973.21,-26.432962250557694
2021-03-14 07:17:00,970.7483100658325,1002.6000000000001,-31.851689934167666
2021-03-14 07:18:00,977.0061574671695,1001.52,-24.513842532830495
2021-03-14 07:19:00,956.7633334973872,1000.9800000000001,-44.21666650261295
2021-03-14 07:20:00,941.813186778494,1003.3199999999999,-61.50681322150592
2021-03-14 07:21:00,952.5716053522132,968.22,-15.648394647786859
2021-03-14 07:22:00,939.28455080672,972.1600000000001,-32.87544919328013
2021-03-14 07:23:00,1127.9315403720364,1201.63,-73.69845962796376
2021-03-14 07:24:00,1792.6452105050314,1842.76,-50.11478949496859
2021-03-14 07:25:00,1577.4245650753444,1637.05,-59.625434924655565
2021-03-14 07:26:00,1049.3779306020203,1110.0,-60.62206939797966
2021-03-14 07:27:00,1119.1020350934825,1137.38,-18.27796490651758
2021-03-14 07:28:00,1195.5324137636742,1228.92,-33.38758623632589
2021-03-14 07:29:00,1209.9141023809175,1277.6499999999999,-67.73589761908238
2021-03-14 07:30:00,1650.1126069372492,1723.58,-73.46739306275072
2021-03-14 07:31:00,1472.5824955085343,1534.73,-62.147504491465725
2021-03-14 07:32:00,1075.5116052239564,1156.89,-81.3783947760437
2021-03-14 07:33:00,1375.5052705819344,1395.0,-19.494729418065617
2021-03-14 07:34:00,2279.3377845010946,2358.7200000000003,-79.38221549890568
2021-03-14 07:35:00,1678.330668117592,1781.7600000000002,-103.42933188240818
2021-03-14 07:36:00,1676.5718783880325,1817.1100000000001,-140.53812161196765
2021-03-14 07:37:00,1121.766354413363,1271.8999999999999,-150.13364558663693
2021-03-14 07:38:00,1218.1122030688991,1306.98,-88.86779693110088
2021-03-14 07:39:00,1795.3442295329182,1877.8,-82.45577046708172
2021-03-14 07:40:00,2560.441394445825,2142.75,417.69139444582515
2021-03-14 07:41:00,2613.0614941979406,2799.1899999999996,-186.12850580205895
2021-03-14 07:42:00,2511.2760602155363,2693.0299999999997,-181.75393978446345
2021-03-14 07:43:00,2474.8863786313773,2660.64,-185.7536213686226
2021-03-14 07:44:00,2503.1632741168955,2640.88,-137.71672588310457
2021-03-14 07:45:00,2433.614929319935,2618.4399999999996,-184.82507068006453
2021-03-14 07:46:00,2427.178073787962,2590.17,-162.99192621203792
2021-03-14 07:47:00,2420.2026412880673,2550.24,-130.03735871193248
2021-03-14 07:48:00,2429.2587860067943,2580.7700000000004,-151.51121399320618
2021-03-14 07:49:00,2441.1142159677906,2618.48,-177.36578403220938
2021-03-14 07:50:00,2462.4404643825947,2613.24,-150.79953561740513
2021-03-14 07:51:00,2492.875729499377,2605.12,-112.24427050062286
2021-03-14 07:52:00,2481.1558676549735,2635.2,-154.04413234502636
2021-03-14 07:53:00,2501.4921195374227,2653.74,-152.2478804625771
2021-03-14 07:54:00,1487.4472896501675,1627.21,-139.76271034983256
2021-03-14 07:55:00,1828.858086430438,2058.9300000000003,-230.07191356956218
2021-03-14 07:56:00,2596.419705256458,2757.5,-161.0802947435418
2021-03-14 07:57:00,2627.67835906836,2772.37,-144.69164093164
2021-03-14 07:58:00,2588.8384433886035,2765.7699999999995,-176.931556611396
2021-03-14 07:59:00,2629.1551045656565,2803.62,-174.46489543434336
2021-03-14 08:00:00,2677.5421630679234,2839.7200000000003,-162.17783693207684
2021-03-14 08:01:00,2316.099252252273,2485.8,-169.7007477477273
2021-03-14 08:02:00,1803.8017557094831,1874.15,-70.34824429051696
2021-03-14 08:03:00,2593.8965947204338,2777.96,-184.06340527956627
2021-03-14 08:04:00,2670.3771421512038,2844.92,-174.5428578487963
2021-03-14 08:05:00,2670.368705515626,2730.5,-60.13129448437394
2021-03-14 08:06:00,2729.1640452882143,2864.89,-135.72595471178556
2021-03-14 08:07:00,2582.9188083407294,2721.5,-138.58119165927064
2021-03-14 08:08:00,2402.7481144232,2520.5,-117.75188557679985
2021-03-14 08:09:00,2908.667453501464,3023.25,-114.58254649853598
2021-03-14 08:10:00,2750.3140345315546,2920.32,-170.00596546844554
2021-03-14 08:11:00,1862.1115722409504,1989.8600000000001,-127.74842775904972
2021-03-14 08:12:00,1203.7678238877077,1339.5,-135.73217611229234
2021-03-14 08:13:00,1705.7354394219824,1782.33,-76.59456057801754
2021-03-14 08:14:00,1792.2474623278354,1861.5,-69.25253767216464
2021-03-14 08:15:00,2222.7766983849133,2336.62,-113.8433016150866
2021-03-14 08:16:00,2211.0614470684345,2370.83,-159.7685529315654
2021-03-14 08:17:00,2632.8713287660485,2761.83,-128.95867123395146
2021-03-14 08:18:00,2891.956000857802,3065.4399999999996,-173.48399914219772
2021-03-14 08:19:00,2836.3499813635985,2989.25,-152.90001863640146
2021-03-14 08:20:00,2979.593711964575,3192.51,-212.91628803542517
2021-03-14 08:21:00,2745.6109973951034,2989.8,-244.1890026048968
2021-03-14 08:22:00,2481.864218738894,2617.94,-136.07578126110593
2021-03-14 08:23:00,2887.2262275175053,3074.01,-186.7837724824949
2021-03-14 08:24:00,2684.4253751467745,2862.0,-177.5746248532255
2021-03-14 08:25:00,2495.0701330470492,2629.6400000000003,-134.5698669529511
2021-03-14 08:26:00,2512.599774377178,2646.0,-133.40022562282184
2021-03-14 08:27:00,2418.405600355874,2574.38,-155.97439964412615
2021-03-14 08:28:00,2278.4299843613244,2402.3,-123.8700156386758
2021-03-14 08:29:00,2236.9367965231295,2388.32,-151.38320347687068
2021-03-14 08:30:00,2705.6248809567605,2861.4700000000003,-155.84511904323972
2021-03-14 08:31:00,2521.756935059857,2682.4,-160.64306494014318
2021-03-14 08:32:00,2462.6945431873905,2585.75,-123.05545681260946
2021-03-14 08:33:00,2349.584771423631,2500.5599999999995,-150.9752285763684
2021-03-14 08:34:00,2728.039135075765,2849.75,-121.71086492423501
2021-03-14 08:35:00,3071.2322867743055,3262.8,-191.56771322569466
2021-03-14 08:36:00,3066.684441488248,3282.97,-216.2855585117518
2021-03-14 08:37:00,2960.1895251332726,3136.06,-175.87047486672736
2021-03-14 08:38:00,3300.1932474254677,3527.0099999999998,-226.81675257453207
2021-03-14 08:39:00,3304.313198301672,3517.1499999999996,-212.8368016983277
2021-03-14 08:40:00,3282.0137198309635,3490.5,-208.4862801690365
2021-03-14 08:41:00,3295.5930186657056,3515.25,-219.65698133429441
2021-03-14 08:42:00,3295.9004890225333,3502.18,-206.27951097746654
2021-03-14 08:43:00,3293.2180628732513,3506.13,-212.91193712674885
2021-03-14 08:44:00,3289.1650955941013,3522.4199999999996,-233.2549044058983
2021-03-14 08:45:00,3293.238511549539,3514.5,-221.261488450461
2021-03-14 08:46:00,3289.100857469608,3531.66,-242.5591425303919
2021-03-14 08:47:00,3347.0380218988284,3537.8,-190.76197810117174
2021-03-14 08:48:00,3403.806497342865,3575.12,-171.3135026571349
2021-03-14 08:49:00,3359.6357232482087,3547.65,-188.01427675179139
2021-03-14 08:50:00,3484.906918559117,3653.55,-168.64308144088318
2021-03-14 08:51:00,3547.187227225529,3746.6699999999996,-199.4827727744705
2021-03-14 08:52:00,3663.921138016485,3841.99,-178.06886198351458
2021-03-14 08:53:00,3696.2300733124866,3846.37,-150.13992668751325
2021-03-14 08:54:00,3583.23725935794,3716.7199999999993,-133.48274064205953
2021-03-14 08:55:00,3293.769640371038,3372.8,-79.03035962896229
2021-03-14 08:56:00,2886.11454101422,2902.32,-16.205458985780297
2021-03-14 08:57:00,3929.2552423495476,4102.21,-172.9547576504524
2021-03-14 08:58:00,3321.6989950259244,3379.2000000000003,-57.50100497407584
2021-03-14 08:59:00,3060.9933770370676,3107.2,-46.206622962932215
2021-03-14 09:00:00,3578.168470037158,3746.83,-168.661529962842
2021-03-14 09:01:00,2847.6849663256075,2882.61,-34.92503367439258
2021-03-14 09:02:00,2735.40870630351,2723.21,12.19870630350988
2021-03-14 09:03:00,2064.7258088950034,2095.2200000000003,-30.494191104996844
2021-03-14 09:04:00,2832.697208132092,2831.6899999999996,1.0072081320922734
2021-03-14 09:05:00,3396.282277516281,3482.47,-86.18772248371897
2021-03-14 09:06:00,3877.7851162062934,4046.24,-168.45488379370636
2021-03-14 09:07:00,4069.8930598930287,4261.41,-191.5169401069711
2021-03-14 09:08:00,4131.903655621587,4321.4,-189.4963443784127
2021-03-14 09:09:00,4149.5391480069575,4331.77,-182.23085199304296
2021-03-14 09:10:00,4170.148862142171,4390.68,-220.53113785782898
2021-03-14 09:11:00,4110.120844413868,4267.28,-157.15915558613142
2021-03-14 09:12:00,3137.945665871655,3171.3900000000003,-33.44433412834542
2021-03-14 09:13:00,1656.395980040904,1661.1200000000001,-4.72401995909604
2021-03-14 09:14:00,1324.9193457992149,1354.8600000000001,-29.940654200785275
2021-03-14 09:15:00,1308.6494093556591,1365.0,-56.350590644340855
2021-03-14 09:16:00,1456.712327097945,1485.12,-28.407672902054856
2021-03-14 09:17:00,1377.7462506664076,1436.13,-58.383749333592505
2021-03-14 09:18:00,1472.9245650262053,1503.04,-30.115434973794663
2021-03-14 09:19:00,2233.707606901235,2315.29,-81.5823930987649
2021-03-14 09:20:00,3588.9119088988123,3775.29,-186.3780911011877
2021-03-14 09:21:00,2682.632956698696,2661.19,21.44295669869598
2021-03-14 09:22:00,2009.316540658242,2053.8999999999996,-44.58345934175759
2021-03-14 09:23:00,1811.8642549744516,1898.0500000000002,-86.18574502554861
2021-03-14 09:24:00,1520.122023688656,1575.57,-55.44797631134384
2021-03-14 09:25:00,2052.084256805578,2053.58,-1.4957431944217205
2021-03-14 09:26:00,3069.0267220543433,3295.5600000000004,-226.53327794565712
2021-03-14 09:27:00,4258.403388909644,4543.25,-284.8466110903564
2021-03-14 09:28:00,4147.448511155201,4436.35,-288.90148884479913
2021-03-14 09:29:00,4049.4588474922007,4277.36,-227.901152507799
2021-03-14 09:30:00,3965.3628484942046,4180.68,-215.31715150579566
2021-03-14 09:31:00,3925.17949106391,4109.04,-183.8605089360899
2021-03-14 09:32:00,3938.310381537382,4078.62,-140.3096184626179
2021-03-14 09:33:00,3158.4108691230085,3198.23,-39.819130876991494
2021-03-14 09:34:00,2902.50785124267,2948.3999999999996,-45.89214875732978
2021-03-14 09:35:00,3888.9133877446866,4037.88,-148.96661225531352
2021-03-14 09:36:00,3246.9580581483983,3244.46,2.498058148398286
2021-03-14 09:37:00,2755.388352802129,2807.2,-51.811647197871025
2021-03-14 09:38:00,3839.1156375255864,3987.72,-148.6043624744134
2021-03-14 09:39:00,3839.987811460563,3957.3199999999997,-117.33218853943663
2021-03-14 09:40:00,3838.7335322329855,3962.5099999999998,-123.77646776701431
2021-03-14 09:41:00,3854.8759447621483,4008.13,-153.25405523785184
2021-03-14 09:42:00,3886.181402701907,4017.8600000000006,-131.6785972980938
2021-03-14 09:43:00,3890.669347404026,4021.71,-131.04065259597382
2021-03-14 09:44:00,3868.3241646156084,4014.0099999999998,-145.68583538439134
2021-03-14 09:45:00,3912.9201407228966,4054.4399999999996,-141.51985927710302
2021-03-14 09:46:00,3949.445374789805,4070.04,-120.59462521019486
2021-03-14 09:47:00,3937.3935935824156,4059.12,-121.72640641758426
2021-03-14 09:48:00,3950.341526895885,4068.23,-117.88847310411484
2021-03-14 09:49:00,3944.877890243651,4066.92,-122.04210975634896
2021-03-14 09:50:00,3948.547386652038,4093.78,-145.23261334796234
2021-03-14 09:51:00,3966.384164653133,4096.9400000000005,-130.5558353468673
2021-03-14 09:52:00,3949.63113604036,4095.36,-145.72886395963997
2021-03-14 09:53:00,3977.7278216562236,4096.150000000001,-118.42217834377698
2021-03-14 09:54:00,3973.4126759198216,4080.77,-107.35732408017839
2021-03-14 09:55:00,3985.946221071765,4112.05,-126.10377892823499
2021-03-14 09:56:00,3980.781772797154,4110.56,-129.7782272028462
2021-03-14 09:57:00,4017.528106533151,4126.4,-108.87189346684863
2021-03-14 09:58:00,4009.128715440595,4152.799999999999,-143.67128455940428
2021-03-14 09:59:00,4042.945168943503,4121.6,-78.65483105649719
2021-03-14 10:00:00,4055.0369233328142,4172.31,-117.27307666718616
2021-03-14 10:01:00,4097.761023220835,4184.459999999999,-86.69897677916379
2021-03-14 10:02:00,4149.330522911873,4263.71,-114.3794770881268
2021-03-14 10:03:00,4181.770265359262,4315.45,-133.67973464073748
2021-03-14 10:04:00,4218.166272611854,4367.03,-148.8637273881459
2021-03-14 10:05:00,4211.169333565263,4317.15,-105.98066643473703
2021-03-14 10:06:00,4218.519854103398,4330.75,-112.23014589660215
2021-03-14 10:07:00,3905.598104676801,3981.8999999999996,-76.30189532319855
2021-03-14 10:08:00,3718.9722439152006,3829.8500000000004,-110.87775608479978
2021-03-14 10:09:00,4148.845445756523,4214.8,-65.9545542434771
2021-03-14 10:10:00,3974.50971197338,4001.41,-26.90028802661982
2021-03-14 10:11:00,4579.8016512364275,4827.9,-248.09834876357218
2021-03-14 10:12:00,4377.906845874196,4557.6,-179.69315412580454
2021-03-14 10:13:00,4315.88592878772,4460.72,-144.83407121227992
2021-03-14 10:14:00,4301.677399419116,4460.150000000001,-158.47260058088432
2021-03-14 10:15:00,2772.6401785096205,2732.4000000000005,40.24017850961991
2021-03-14 10:16:00,3134.6283189467304,3161.99,-27.36168105326942
2021-03-14 10:17:00,4188.618930116862,4289.780000000001,-101.16106988313823
2021-03-14 10:18:00,4289.330197064769,4376.280000000001,-86.94980293523167
2021-03-14 10:19:00,4623.647354199435,4828.85,-205.20264580056573
2021-03-14 10:20:00,4669.181403184736,4913.049999999999,-243.86859681526312
2021-03-14 10:21:00,4557.919175849179,4785.610000000001,-227.69082415082175
2021-03-14 10:22:00,3514.525208478084,3527.1800000000003,-12.654791521916195
2021-03-14 10:23:00,4078.19137025784,4195.45,-117.25862974215988
2021-03-14 10:24:00,3414.1240844850317,3365.38,48.744084485031635
2021-03-14 10:25:00,3954.3157068677233,4109.6,-155.28429313227707
2021-03-14 10:26:00,4437.655744016114,4698.59,-260.93425598388603
2021-03-14 10:27:00,4715.375447137887,4970.56,-255.18455286211338
2021-03-14 10:28:00,4403.559498078165,4549.5,-145.94050192183477
2021-03-14 10:29:00,3613.042580662301,3611.1099999999997,1.9325806623014614
2021-03-14 10:30:00,3385.9537743639794,3432.41,-46.45622563602046
2021-03-14 10:31:00,3029.992970626995,3042.63,-12.637029373005134
2021-03-14 10:32:00,3071.1527494013067,3079.29,-8.1372505986933
2021-03-14 10:33:00,3225.4447999933973,3249.2000000000003,-23.75520000660299
2021-03-14 10:34:00,3741.019864175437,3799.6499999999996,-58.630135824562785
2021-03-14 10:35:00,3568.4303944773706,3641.4000000000005,-72.96960552262999
2021-03-14 10:36:00,3512.2858002405715,3555.84,-43.554199759428684
2021-03-14 10:37:00,3565.173588370097,3598.3500000000004,-33.176411629903214
2021-03-14 10:38:00,3656.269938045584,3701.2299999999996,-44.96006195441578
2021-03-14 10:39:00,3682.8735516726297,3755.5199999999995,-72.64644832736985
2021-03-14 10:40:00,3697.338014576748,3725.98,-28.64198542325221
2021-03-14 10:41:00,3912.1039546878333,3936.05,-23.946045312166916
2021-03-14 10:42:00,3918.672858764916,4027.92,-109.2471412350842
2021-03-14 10:43:00,3729.5311020857393,3768.99,-39.45889791426043
2021-03-14 10:44:00,4511.470958156264,4598.03,-86.55904184373594
2021-03-14 10:45:00,4234.0020167618095,4284.02,-50.017983238190936
2021-03-14 10:46:00,4282.526950634564,4330.75,-48.223049365436054
2021-03-14 10:47:00,4515.717432164837,4562.099999999999,-46.38256783516226
2021-03-14 10:48:00,4487.995261455616,4747.85,-259.8547385443844
2021-03-14 10:49:00,4423.428465973762,4590.32,-166.89153402623742
2021-03-14 10:50:00,4573.133522011941,4761.01,-187.87647798805938
2021-03-14 10:51:00,4773.394745682828,4978.08,-204.6852543171717
2021-03-14 10:52:00,4846.6661491347995,5049.18,-202.51385086520077
2021-03-14 10:53:00,4825.063035394283,4977.72,-152.6569646057169
2021-03-14 10:54:00,3802.6526800838406,3567.1000000000004,235.5526800838402
2021-03-14 10:55:00,4781.739957407558,4950.0,-168.260042592442
2021-03-14 10:56:00,4750.237606521706,4903.33,-153.09239347829407
2021-03-14 10:57:00,4731.273896203319,4880.4,-149.12610379668058
2021-03-14 10:58:00,4662.534255239074,4694.720000000001,-32.185744760927264
2021-03-14 10:59:00,4664.006884670576,4719.740000000001,-55.733115329424436
2021-03-14 11:00:00,4744.738119077553,4860.67,-115.93188092244691
2021-03-14 11:01:00,4585.242119034364,4655.4,-70.15788096563574
2021-03-14 11:02:00,4282.342515187179,4285.59,-3.2474848128213125
2021-03-14 11:03:00,4325.361175216755,4328.379999999999,-3.018824783243872
2021-03-14 11:04:00,4266.340179923131,4233.6,32.7401799231302
2021-03-14 11:05:00,4416.251356198534,4413.200000000001,3.05135619853354
2021-03-14 11:06:00,4396.512460971122,4370.879999999999,25.632460971122782
2021-03-14 11:07:00,4431.380823552768,4433.4400000000005,-2.0591764472328578
2021-03-14 11:08:00,4414.379003928736,4408.4800000000005,5.89900392873551
2021-03-14 11:09:00,4411.2809615117485,4396.98,14.300961511748937
2021-03-14 11:10:00,4417.978200653489,4411.82,6.158200653489075
2021-03-14 11:11:00,4396.449248308042,4383.93,12.519248308041824
2021-03-14 11:12:00,4406.952899713344,4381.48,25.472899713344304
2021-03-14 11:13:00,4413.696797396787,4411.08,2.616797396786751
2021-03-14 11:14:00,4399.594959956109,4408.8,-9.205040043891131
2021-03-14 11:15:00,4444.545593331467,4487.38,-42.83440666853312
2021-03-14 11:16:00,4497.21382117223,4521.6,-24.38617882776998
2021-03-14 11:17:00,4496.014018014303,4510.950000000001,-14.935981985698163
2021-03-14 11:18:00,4452.2448226067545,4502.51,-50.26517739324572
2021-03-14 11:19:00,4457.203987331647,4479.200000000001,-21.996012668353615
2021-03-14 11:20:00,4507.812502669929,4536.0,-28.187497330070983
2021-03-14 11:21:00,4463.146594711102,4479.37,-16.223405288897993
2021-03-14 11:22:00,4414.152222773049,4435.200000000001,-21.04777722695144
2021-03-14 11:23:00,4380.145383022943,4323.04,57.10538302294299
2021-03-14 11:24:00,4387.79700929115,4378.71,9.087009291150025
2021-03-14 11:25:00,4421.078849011378,4398.719999999999,22.35884901137888
2021-03-14 11:26:00,4438.629087627878,3477.72,960.9090876278783
2021-03-14 11:27:00,4431.384688230368,4424.64,6.744688230367501
2021-03-14 11:28:00,4409.972677746002,4403.12,6.852677746001973
2021-03-14 11:29:00,4348.834746649369,4345.12,3.7147466493688626
2021-03-14 11:30:00,4235.837149772695,4218.67,17.167149772694756
2021-03-14 11:31:00,4122.1847191068655,4105.889999999999,16.29471910686607
2021-03-14 11:32:00,4148.683009956317,4124.94,23.74300995631711
2021-03-14 11:33:00,4140.197410739328,4081.6,58.5974107393281
2021-03-14 11:34:00,4206.716246714132,4212.18,-5.463753285868734
2021-03-14 11:35:00,4204.609518321399,4166.42,38.18951832139919
2021-03-14 11:36:00,4249.615876980479,4226.17,23.445876980478715
2021-03-14 11:37:00,4279.3458893915895,4257.12,22.22588939158959
2021-03-14 11:38:00,4309.505426873408,4294.57,14.935426873408687
2021-03-14 11:39:00,4384.230689270299,4360.2,24.030689270299263
2021-03-14 11:40:00,4362.294758936849,4362.78,-0.4852410631510793
2021-03-14 11:41:00,4439.18735149097,4439.91,-0.7226485090295682
2021-03-14 11:42:00,4495.8674183562935,4505.63,-9.762581643706653
2021-03-14 11:43:00,4570.186898658048,4559.27,10.916898658048012
2021-03-14 11:44:00,4618.791766492736,4634.039999999999,-15.24823350726274
2021-03-14 11:45:00,4608.351802302211,4675.84,-67.48819769778947
2021-03-14 11:46:00,4613.738604317763,4645.41,-31.671395682236835
2021-03-14 11:47:00,4602.030526533255,4693.62,-91.5894734667445
2021-03-14 11:48:00,4616.196667302521,4703.01,-86.81333269747938
2021-03-14 11:49:00,4617.918713904976,4661.209999999999,-43.29128609502277
2021-03-14 11:50:00,4616.491976538918,4648.21,-31.71802346108234
2021-03-14 11:51:00,4683.633801483234,4717.860000000001,-34.226198516767
2021-03-14 11:52:00,4740.016125412708,4789.38,-49.36387458729223
2021-03-14 11:53:00,4251.109477999632,4787.5199999999995,-536.4105220003676
2021-03-14 11:54:00,4314.781343144657,4309.459999999999,5.321343144657476
2021-03-14 11:55:00,4294.6384163278435,4184.04,110.59841632784355
2021-03-14 11:56:00,4203.889222608207,4009.66,194.22922260820724
2021-03-14 11:57:00,4594.030231464664,4517.139999999999,76.8902314646648
2021-03-14 11:58:00,4633.080497383923,4638.3,-5.219502616077079
2021-03-14 11:59:00,4626.934660461328,4611.76,15.17466046132813
2021-03-14 12:00:00,4657.691349308844,4665.78,-8.088650691155635
2021-03-14 12:01:00,4659.943941006218,4622.88,37.06394100621765
2021-03-14 12:02:00,4189.159113096764,3988.71,200.44911309676354
2021-03-14 12:03:00,3786.463144856509,3637.44,149.02314485650913
2021-03-14 12:04:00,3582.316766837639,3414.32,167.99676683763892
2021-03-14 12:05:00,3494.0257471995005,3262.7200000000003,231.30574719950027
2021-03-14 12:06:00,3650.055668749232,3449.14,200.91566874923228
2021-03-14 12:07:00,3744.1441859231813,3620.1099999999997,124.03418592318167
2021-03-14 12:08:00,3638.74161584878,3439.92,198.82161584877986
2021-03-14 12:09:00,3815.441619589418,3757.0099999999998,58.43161958941846
2021-03-14 12:10:00,3149.181103405764,2962.6099999999997,186.57110340576446
2021-03-14 12:11:00,2849.238130716426,2734.17,115.06813071642591
2021-03-14 12:12:00,2860.336551235058,2731.04,129.2965512350579
2021-03-14 12:13:00,2513.6450672077467,2435.49,78.15506720774692
2021-03-14 12:14:00,2602.484060391184,2510.94,91.54406039118385
2021-03-14 12:15:00,2392.7632668088186,2323.2000000000003,69.5632668088183
2021-03-14 12:16:00,2962.2156754675134,2881.4400000000005,80.77567546751288
2021-03-14 12:17:00,2453.9823635918247,2389.5,64.48236359182465
2021-03-14 12:18:00,2546.7960400856005,2456.08,90.71604008560053
2021-03-14 12:19:00,2809.38584703391,2728.59,80.79584703390992
2021-03-14 12:20:00,3596.5914434076276,3563.0600000000004,33.531443407627194
2021-03-14 12:21:00,3459.5301462588195,3363.5699999999997,95.9601462588198
2021-03-14 12:22:00,3216.697505285932,3188.4,28.297505285931948
2021-03-14 12:23:00,3992.214055242614,3923.48,68.73405524261398
2021-03-14 12:24:00,5068.346060132449,5351.469999999999,-283.1239398675507
2021-03-14 12:25:00,5071.901956882027,5336.24,-264.33804311797303
2021-03-14 12:26:00,4786.447093751554,4905.15,-118.70290624844529
2021-03-14 12:27:00,4337.474448239487,4297.740000000001,39.73444823948648
2021-03-14 12:28:00,4113.3981064212085,4069.04,44.358106421208504
2021-03-14 12:29:00,4656.283294255796,4546.970000000001,109.31329425579497
2021-03-14 12:30:00,4380.446038990953,4323.35,57.096038990952366
2021-03-14 12:31:00,4255.429096239689,4086.71,168.71909623968895
2021-03-14 12:32:00,3353.582016376276,3255.04,98.54201637627602
2021-03-14 12:33:00,3240.6591546769737,3136.79,103.86915467697372
2021-03-14 12:34:00,2901.1735577431336,2788.15,113.02355774313355
2021-03-14 12:35:00,3420.77726313443,3322.2599999999998,98.51726313443032
2021-03-14 12:36:00,3162.458462854786,3100.04,62.41846285478596
2021-03-14 12:37:00,3452.7171723801234,3457.19,-4.472827619876625
2021-03-14 12:38:00,3297.9773097137495,3323.5600000000004,-25.58269028625091
2021-03-14 12:39:00,3432.0298280397114,3310.86,121.16982803971132
2021-03-14 12:40:00,4955.336943236023,5184.33,-228.9930567639767
2021-03-14 12:41:00,4938.175005788204,5139.889999999999,-201.71499421179578
2021-03-14 12:42:00,4921.951190877845,5000.75,-78.79880912215503
2021-03-14 12:43:00,3515.2259303725755,3336.45,178.77593037257566
2021-03-14 12:44:00,3178.4561748631522,3016.21,162.2461748631522
2021-03-14 12:45:00,3190.2521453217128,3128.4,61.85214532171267
2021-03-14 12:46:00,3102.193108833156,3091.7200000000003,10.473108833155948
2021-03-14 12:47:00,3503.1776975069843,3459.25,43.92769750698426
2021-03-14 12:48:00,3322.5305864319516,3288.6,33.930586431951724
2021-03-14 12:49:00,3054.5196295897,2843.04,211.47962958969993
2021-03-14 12:50:00,3607.3247836575206,3590.76,16.564783657520366
2021-03-14 12:51:00,3661.200382583792,3698.12,-36.919617416207984
2021-03-14 12:52:00,3718.1270817918457,3616.2000000000003,101.92708179184547
2021-03-14 12:53:00,4032.478788002089,4012.4700000000003,20.00878800208875
2021-03-14 12:54:00,4055.8814860922103,4101.610000000001,-45.72851390779033
2021-03-14 12:55:00,4633.492580908653,4595.68,37.81258090865231
2021-03-14 12:56:00,4756.703043763856,4893.45,-136.7469562361439
2021-03-14 12:57:00,4257.44431734295,4262.150000000001,-4.705682657050602
2021-03-14 12:58:00,4159.072353403146,3954.24,204.83235340314604
2021-03-14 12:59:00,4300.014443769895,4321.63,-21.61555623010554
2021-03-14 13:00:00,4085.0443160143213,3958.92,126.12431601432127
2021-03-14 13:01:00,4277.093346920311,4276.280000000001,0.8133469203103232
2021-03-14 13:02:00,3555.127751068906,3422.94,132.18775106890598
2021-03-14 13:03:00,3233.5449864347634,3045.6000000000004,187.944986434763
2021-03-14 13:04:00,4556.061091585218,4605.49,-49.4289084147822
2021-03-14 13:05:00,3802.410396437658,3658.13,144.28039643765806
2021-03-14 13:06:00,3649.4638930391025,3592.3899999999994,57.07389303910304
2021-03-14 13:07:00,3345.231840894464,3145.77,199.46184089446388
2021-03-14 13:08:00,2610.2933670764232,2439.42,170.87336707642316
2021-03-14 13:09:00,3420.362270375197,3466.71,-46.34772962480292
2021-03-14 13:10:00,2683.8494285746515,2525.2799999999997,158.56942857465174
2021-03-14 13:11:00,3727.5501125818832,3646.03,81.52011258188304
2021-03-14 13:12:00,3713.825861406622,3763.44,-49.6141385933779
2021-03-14 13:13:00,3739.5551996700847,3647.7000000000003,91.8551996700844
2021-03-14 13:14:00,4015.7767647278392,4111.1900000000005,-95.41323527216127
2021-03-14 13:15:00,3909.0933545535504,3890.1800000000003,18.913354553550107
2021-03-14 13:16:00,3559.9777780603254,3377.7799999999997,182.19777806032562
2021-03-14 13:17:00,4308.067408071539,4382.72,-74.65259192846133
2021-03-14 13:18:00,4206.116875007163,4274.5,-68.38312499283711
2021-03-14 13:19:00,2097.5112315684464,2012.79,84.72123156844646
2021-03-14 13:20:00,3748.49539850149,3607.32,141.17539850148978
2021-03-14 13:21:00,4215.971895197409,4331.43,-115.45810480259115
2021-03-14 13:22:00,3935.109255978399,3925.0999999999995,10.009255978399324
2021-03-14 13:23:00,3921.1321638091404,3926.92,-5.787836190859707
2021-03-14 13:24:00,3944.5615570843916,3942.5299999999997,2.0315570843918067
2021-03-14 13:25:00,3997.488311098727,3975.51,21.978311098726863
2021-03-14 13:26:00,4116.549822275298,4112.96,3.5898222752975926
2021-03-14 13:27:00,4092.1226753302576,4074.82,17.302675330257443
2021-03-14 13:28:00,4080.733086242118,4069.7400000000002,10.993086242117897
2021-03-14 13:29:00,4052.892651989354,4069.7400000000002,-16.84734801064633
2021-03-14 13:30:00,4070.214354114586,4069.7400000000002,0.47435411458582166
2021-03-14 13:31:00,4018.17941945668,4069.7400000000002,-51.56058054332016
2021-03-14 13:32:00,3938.2226426643238,4069.7400000000002,-131.51735733567648
2021-03-14 13:33:00,3947.5000198922044,4069.7400000000002,-122.23998010779587
2021-03-14 13:34:00,3935.8009240961633,4069.7400000000002,-133.93907590383697
2021-03-14 13:35:00,3980.086267909819,4069.7400000000002,-89.65373209018117
2021-03-14 13:36:00,3966.776433045631,4069.7400000000002,-102.96356695436907
2021-03-14 13:37:00,3952.7561897508044,4069.7400000000002,-116.98381024919581
2021-03-14 13:38:00,3978.546603224501,4069.7400000000002,-91.19339677549942
2021-03-14 13:39:00,3980.494590694715,4069.7400000000002,-89.2454093052852
2021-03-14 13:40:00,3948.660240836516,4069.7400000000002,-121.07975916348414
2021-03-14 13:41:00,3916.292711814602,4069.7400000000002,-153.44728818539807
2021-03-14 13:42:00,3896.1570904921546,4069.7400000000002,-173.58290950784567
2021-03-14 13:43:00,3879.663128022527,4069.7400000000002,-190.07687197747327
2021-03-14 13:44:00,3851.2915584413154,4069.7400000000002,-218.44844155868486
2021-03-14 13:45:00,3854.3436072923014,4069.7400000000002,-215.39639270769885
2021-03-14 13:46:00,3852.0010796689,4069.7400000000002,-217.73892033110042
2021-03-14 13:47:00,3868.6105507156403,4069.7400000000002,-201.1294492843599
2021-03-14 13:48:00,3839.426373988071,4069.7400000000002,-230.31362601192905
2021-03-14 13:49:00,3833.6743544812903,4069.7400000000002,-236.06564551870997
2021-03-14 13:50:00,3834.4898657679064,4069.7400000000002,-235.25013423209384
2021-03-14 13:51:00,3806.8039836928388,4069.7400000000002,-262.9360163071615
2021-03-14 13:52:00,3823.4891163610455,4069.7400000000002,-246.25088363895475
2021-03-14 13:53:00,3808.180360719466,4069.7400000000002,-261.55963928053416
2021-03-14 13:54:00,3798.3089517800145,3786.52,11.788951780014486
2021-03-14 13:55:00,3804.904608264836,3788.63,16.274608264835933
2021-03-14 13:56:00,3749.7939423744224,3734.9900000000002,14.80394237442215
2021-03-14 13:57:00,3725.9199517762527,3707.2799999999997,18.63995177625293
2021-03-14 13:58:00,3726.4191763203644,2909.95,816.4691763203646
2021-03-14 13:59:00,3727.919432967392,3700.6,27.319432967392004
2021-03-14 14:00:00,3693.4029322427577,3672.12,21.282932242757852
2021-03-14 14:01:00,3681.6683476192147,3690.58,-8.911652380785199
2021-03-14 14:02:00,3614.122110740924,3674.25,-60.1278892590758
2021-03-14 14:03:00,3563.2430611104455,3574.8900000000003,-11.646938889554804
2021-03-14 14:04:00,3557.113346832913,3512.5099999999998,44.6033468329133
2021-03-14 14:05:00,3501.8116557843323,3485.34,16.471655784332143
2021-03-14 14:06:00,3501.845473767035,3389.1000000000004,112.74547376703458
2021-03-14 14:07:00,3501.8780640371256,3397.55,104.32806403712539
2021-03-14 14:08:00,3455.4275707601746,3452.5299999999997,2.897570760174858
2021-03-14 14:09:00,3458.574818213834,3460.3799999999997,-1.8051817861655763
2021-03-14 14:10:00,3434.1160333132557,3414.45,19.666033313255866
2021-03-14 14:11:00,3433.3802802677355,3426.8,6.580280267735361
2021-03-14 14:12:00,3463.40770847019,3450.4799999999996,12.927708470190282
2021-03-14 14:13:00,3403.1925902608455,3410.55,-7.357409739154718
2021-03-14 14:14:00,3384.998214883564,3368.23,16.768214883563815
2021-03-14 14:15:00,3342.8165264883905,3382.4,-39.583473511609554
2021-03-14 14:16:00,3308.0848163766723,3347.2000000000003,-39.115183623327994
2021-03-14 14:17:00,3356.850205558898,3369.6000000000004,-12.749794441102495
2021-03-14 14:18:00,3365.7970310363526,3340.16,25.63703103635271
2021-03-14 14:19:00,3275.9402814259684,3314.43,-38.489718574031485
2021-03-14 14:20:00,3202.607039391817,3212.2799999999997,-9.67296060818262
2021-03-14 14:21:00,3098.8846829633776,3105.17,-6.285317036622473
2021-03-14 14:22:00,2987.7846022626954,2999.91,-12.12539773730441
2021-03-14 14:23:00,2850.877373603131,2916.6499999999996,-65.77262639686842
2021-03-14 14:24:00,2816.7991712537073,2804.23,12.569171253707282
2021-03-14 14:25:00,2744.1634398630035,2741.96,2.2034398630034957
2021-03-14 14:26:00,2670.9489212608955,2701.47,-30.52107873910427
2021-03-14 14:27:00,2657.5374425449436,2660.0,-2.4625574550564124
2021-03-14 14:28:00,2655.053107987868,2621.9900000000002,33.063107987867625
2021-03-14 14:29:00,2579.0091016327824,2619.05,-40.04089836721778
2021-03-14 14:30:00,2621.6611724392337,2611.7,9.961172439233906
2021-03-14 14:31:00,2577.507308615719,2620.03,-42.52269138428119
2021-03-14 14:32:00,2561.4476288440246,2592.96,-31.512371155975416
2021-03-14 14:33:00,2598.803706227511,2644.04,-45.23629377248881
2021-03-14 14:34:00,2731.775415691955,2756.5499999999997,-24.774584308044723
2021-03-14 14:35:00,2817.744978914205,2906.8200000000006,-89.07502108579547
2021-03-14 14:36:00,2960.6761952762627,2991.81,-31.133804723737285
2021-03-14 14:37:00,2959.6901603116708,2994.5299999999997,-34.83983968832899
2021-03-14 14:38:00,2915.5372179506635,2909.0600000000004,6.477217950663089
2021-03-14 14:39:00,2833.6667792493317,2818.0099999999998,15.656779249331976
2021-03-14 14:40:00,2789.4507233550225,2779.92,9.530723355022474
2021-03-14 14:41:00,2590.4984550858785,2623.46,-32.96154491412153
2021-03-14 14:42:00,2400.698954824504,2421.0,-20.3010451754958
2021-03-14 14:43:00,2344.3453813629985,2370.28,-25.934618637001677
2021-03-14 14:44:00,2407.528590159567,2439.0,-31.471409840432898
2021-03-14 14:45:00,2406.789997598035,2466.33,-59.54000240196501
2021-03-14 14:46:00,2526.9108463068364,2546.9300000000003,-20.019153693163844
2021-03-14 14:47:00,2481.2244565080705,2484.0,-2.775543491929511
2021-03-14 14:48:00,2381.3434685622274,2444.85,-63.50653143777254
2021-03-14 14:49:00,2426.317978713741,2443.5,-17.182021286258987
2021-03-14 14:50:00,2389.3274265275186,2443.5,-54.17257347248142
2021-03-14 14:51:00,2446.325622999091,2437.2,9.12562299909132
2021-03-14 14:52:00,2362.7216281557303,2451.6,-88.87837184426962
2021-03-14 14:53:00,2434.5992469825665,2455.2,-20.600753017433362
2021-03-14 14:54:00,2449.3188376032795,2461.5,-12.181162396720538
2021-03-14 14:55:00,2460.3050195525484,2478.14,-17.83498044745147
2021-03-14 14:56:00,2514.506243845217,2549.28,-34.773756154783314
2021-03-14 14:57:00,2479.9675183475824,2488.1400000000003,-8.1724816524179
2021-03-14 14:58:00,2460.6526823744166,2495.5,-34.8473176255834
2021-03-14 14:59:00,2488.386268938581,2504.24,-15.853731061418785
2021-03-14 15:00:00,2484.466232695848,2499.6399999999994,-15.173767304151625
2021-03-14 15:01:00,2476.893854745914,2490.8999999999996,-14.006145254085823
2021-03-14 15:02:00,2418.8304879722164,2444.85,-26.01951202778355
2021-03-14 15:03:00,2450.2101412825214,2491.3599999999997,-41.14985871747831
2021-03-14 15:04:00,2478.2188260193043,2504.24,-26.021173980695494
2021-03-14 15:05:00,2493.9320318556443,2527.89,-33.95796814435562
2021-03-14 15:06:00,2490.3960254141916,2502.8599999999997,-12.463974585808046
2021-03-14 15:07:00,2457.636220548044,2491.8199999999997,-34.183779451955616
2021-03-14 15:08:00,2420.955160808025,2434.5,-13.544839191974916
2021-03-14 15:09:00,2417.5589818933577,2435.29,-17.731018106642296
2021-03-14 15:10:00,2360.6635696737,2383.92,-23.256430326300233
2021-03-14 15:11:00,2335.537276293485,2340.49,-4.952723706514917
2021-03-14 15:12:00,2261.2453912939773,2307.36,-46.114608706022864
2021-03-14 15:13:00,2282.7210951520883,2277.24,5.481095152088528
2021-03-14 15:14:00,2233.9025840230865,2229.58,4.32258402308662
2021-03-14 15:15:00,2145.247677195795,2171.2,-25.95232280420487
2021-03-14 15:16:00,2133.557281661114,2123.94,9.617281661113793
2021-03-14 15:17:00,2088.605984043886,2123.94,-35.334015956113944
2021-03-14 15:18:00,2028.1215666152532,2063.7799999999997,-35.65843338474656
2021-03-14 15:19:00,2025.2013120858726,2013.5400000000002,11.661312085872396
2021-03-14 15:20:00,1991.7900742796776,2019.8300000000002,-28.03992572032257
2021-03-14 15:21:00,1961.1643830562637,1984.68,-23.515616943736404
2021-03-14 15:22:00,1872.2934684917088,1876.1599999999999,-3.8665315082910183
2021-03-14 15:23:00,1776.9142147685764,1805.7599999999998,-28.845785231423406
2021-03-14 15:24:00,1758.215677491702,1777.41,-19.194322508298
2021-03-14 15:25:00,1719.2582056137192,1756.1599999999999,-36.9017943862807
2021-03-14 15:26:00,1700.4622597242371,1700.6599999999999,-0.19774027576272601
2021-03-14 15:27:00,1655.444380215716,1664.6799999999998,-9.235619784283926
2021-03-14 15:28:00,1625.8214666089075,1649.4,-23.578533391092606
2021-03-14 15:29:00,1729.9052655411945,1719.2599999999998,10.645265541194703
2021-03-14 15:30:00,1851.817326046459,1882.24,-30.422673953541107
2021-03-14 15:31:00,1798.3640360443453,1815.6599999999999,-17.295963955654543
2021-03-14 15:32:00,1746.5760005529708,1766.7200000000003,-20.1439994470295
2021-03-14 15:33:00,1719.7898369608172,1713.0600000000002,6.7298369608170105
2021-03-14 15:34:00,1659.2780847514198,1680.7599999999998,-21.48191524857998
2021-03-14 15:35:00,1531.4094992378043,1540.56,-9.150500762195634
2021-03-14 15:36:00,1457.3760436473065,1493.1000000000001,-35.723956352693676
2021-03-14 15:37:00,1425.260546471403,1460.71,-35.44945352859713
2021-03-14 15:38:00,1415.7055681961056,1439.88,-24.17443180389455
2021-03-14 15:39:00,1510.9504734075488,1552.6,-41.64952659245114
2021-03-14 15:40:00,1550.0440312094242,1581.96,-31.91596879057579
2021-03-14 15:41:00,1602.6815677607203,1613.27,-10.588432239279655
2021-03-14 15:42:00,1639.6103854497555,1613.85,25.76038544975563
2021-03-14 15:43:00,1622.2011970152428,1668.9,-46.69880298475732
2021-03-14 15:44:00,1645.7453466082125,1668.3000000000002,-22.554653391787724
2021-03-14 15:45:00,1627.0932371686883,1674.6,-47.50676283131156
2021-03-14 15:46:00,1647.8367651786648,1672.1999999999998,-24.363234821335027
2021-03-14 15:47:00,1654.5208707170393,1671.9,-17.379129282960776
2021-03-14 15:48:00,1663.9075189708979,1669.7999999999997,-5.892481029101873
2021-03-14 15:49:00,1615.7093826374012,1611.24,4.469382637401168
2021-03-14 15:50:00,1631.1304813458185,1616.46,14.670481345818416
2021-03-14 15:51:00,1592.1252587363408,1563.2399999999998,28.88525873634103
2021-03-14 15:52:00,1559.700999184635,1559.04,0.6609991846351022
2021-03-14 15:53:00,1536.8830188489753,1506.06,30.82301884897538
2021-03-14 15:54:00,1530.9763350962037,1506.06,24.91633509620374
2021-03-14 15:55:00,1527.4664850693653,1504.98,22.486485069365244
2021-03-14 15:56:00,1507.4246051007522,1509.8400000000001,-2.4153948992479854
2021-03-14 15:57:00,1532.1379682530132,1510.38,21.757968253013132
2021-03-14 15:58:00,1493.061187069732,1451.06,42.00118706973194
2021-03-14 15:59:00,1461.8655145194723,1453.92,7.945514519472226
2021-03-14 16:00:00,1450.7734111752704,1424.0700000000002,26.703411175270276
2021-03-14 16:01:00,1403.9523766800382,1399.25,4.702376680038242
2021-03-14 16:02:00,1420.020461170594,1402.0,18.02046117059399
2021-03-14 16:03:00,1395.7229192458374,1370.31,25.41291924583743
2021-03-14 16:04:00,1336.9051207831542,1311.6699999999998,25.235120783154343
2021-03-14 16:05:00,1274.2625368118263,1253.98,20.282536811826276
2021-03-14 16:06:00,1276.4102057282919,1232.88,43.530205728291776
2021-03-14 16:07:00,1268.94876420301,1232.2200000000003,36.72876420300963
2021-03-14 16:08:00,1256.1538101458118,1232.66,23.49381014581172
2021-03-14 16:09:00,1255.714749002707,1235.08,20.634749002707167
2021-03-14 16:10:00,1283.5300894075888,1236.6200000000001,46.91008940758866
2021-03-14 16:11:00,1313.3260363002585,1242.7800000000002,70.54603630025827
2021-03-14 16:12:00,1331.223801523312,1268.5,62.72380152331198
2021-03-14 16:13:00,1331.0448867202385,1245.6399999999999,85.40488672023866
2021-03-14 16:14:00,1299.7490194396646,1246.96,52.78901943966457
2021-03-14 16:15:00,1327.2707369912664,1243.66,83.61073699126632
2021-03-14 16:16:00,1314.040415374687,1243.2200000000003,70.82041537468672
2021-03-14 16:17:00,1293.0678658099175,1216.37,76.69786580991763
2021-03-14 16:18:00,1268.4454611603962,1192.8,75.64546116039628
2021-03-14 16:19:00,1247.356177442921,1193.6399999999999,53.71617744292121
2021-03-14 16:20:00,1228.0222766076333,1135.8000000000002,92.22227660763315
2021-03-14 16:21:00,1202.8282820326071,1134.6,68.22828203260724
2021-03-14 16:22:00,1183.3950673390664,1106.75,76.64506733906637
2021-03-14 16:23:00,1164.8535611710522,1080.72,84.13356117105218
2021-03-14 16:24:00,1139.6565095788417,1077.87,61.78650957884179
2021-03-14 16:25:00,1112.766810499759,1022.76,90.00681049975901
2021-03-14 16:26:00,1112.4107205756695,1020.96,91.4507205756695
2021-03-14 16:27:00,1068.7064483249587,990.8999999999999,77.80644832495886
2021-03-14 16:28:00,1051.1617346476555,963.56,87.60173464765558
2021-03-14 16:29:00,1032.9163660534873,967.6399999999999,65.27636605348744
2021-03-14 16:30:00,1022.2140326870118,936.27,85.94403268701183
2021-03-14 16:31:00,1004.6766484548326,911.0400000000002,93.63664845483243
2021-03-14 16:32:00,997.4767370798382,912.48,84.99673707983823
2021-03-14 16:33:00,950.2140427836351,879.23,70.98404278363512
2021-03-14 16:34:00,936.2242946843791,852.9000000000001,83.32429468437897
2021-03-14 16:35:00,936.0213476704971,854.55,81.47134767049715
2021-03-14 16:36:00,917.79366659709,795.62,122.17366659709
2021-03-14 16:37:00,843.4151367656375,767.4100000000001,76.00513676563742
2021-03-14 16:38:00,823.9068372258303,741.26,82.64683722583027
2021-03-14 16:39:00,770.6060585764269,682.9199999999998,87.68605857642706
2021-03-14 16:40:00,723.2341239475076,650.8,72.4341239475076
2021-03-14 16:41:00,710.2157617001023,623.7,86.5157617001023
2021-03-14 16:42:00,656.6201142880356,590.51,66.11011428803556
2021-03-14 16:43:00,618.6554588938274,562.0999999999999,56.55545889382745
2021-03-14 16:44:00,577.6141426875887,527.8299999999999,49.78414268758877
2021-03-14 16:45:00,561.8019041318341,500.58000000000004,61.221904131834094
2021-03-14 16:46:00,526.2785587927664,503.28,22.998558792766403
2021-03-14 16:47:00,547.3201764397804,501.75,45.570176439780425
2021-03-14 16:48:00,561.1301855180589,504.99000000000007,56.140185518058786
2021-03-14 16:49:00,551.9661756314695,473.75,78.21617563146947
2021-03-14 16:50:00,498.90669277279756,446.08000000000004,52.826692772797514
2021-03-14 16:51:00,450.21769386762685,413.67,36.54769386762683
2021-03-14 16:52:00,449.9815245012037,383.11,66.87152450120368
2021-03-14 16:53:00,414.2948589533866,385.49,28.8048589533866
2021-03-14 16:54:00,431.02036688543893,391.29999999999995,39.72036688543898
2021-03-14 16:55:00,469.2263213717979,393.4,75.82632137179792
2021-03-14 16:56:00,479.93430301778403,395.15,84.78430301778405
2021-03-14 16:57:00,447.24801422996035,393.75,53.49801422996035
2021-03-14 16:58:00,408.66730415235025,353.54999999999995,55.1173041523503
2021-03-14 16:59:00,351.6116114005642,332.34000000000003,19.271611400564154
2021-03-14 17:00:00,316.7157598407214,272.9,43.8157598407214
2021-03-14 17:01:00,287.11544216154215,269.45,17.66544216154216
2021-03-14 17:02:00,256.8642045661218,269.4,-12.53579543387815
2021-03-14 17:03:00,263.921380121779,240.31,23.611380121779007
2021-03-14 17:04:00,243.44612188429397,240.72000000000003,2.7261218842939456
2021-03-14 17:05:00,227.90318377144052,215.12,12.78318377144052
2021-03-14 17:06:00,201.39999409495692,212.76000000000002,-11.360005905043096
2021-03-14 17:07:00,218.01805279247156,212.56,5.4580527924715625
2021-03-14 17:08:00,212.28698489996003,214.68,-2.3930151000399746
2021-03-14 17:09:00,227.3912495101788,216.20000000000002,11.191249510178778
2021-03-14 17:10:00,230.10888532404584,216.36,13.74888532404583
2021-03-14 17:11:00,209.53460117870543,186.89,22.644601178705443
2021-03-14 17:12:00,209.94506219000527,186.75,23.195062190005274
2021-03-14 17:13:00,187.18852640489575,161.04,26.14852640489576
2021-03-14 17:14:00,181.9768135998242,160.98000000000002,20.99681359982418
2021-03-14 17:15:00,172.69934394455674,160.44,12.259343944556747
2021-03-14 17:16:00,146.89308203678235,158.39999999999998,-11.506917963217631
2021-03-14 17:17:00,142.91111267441366,131.44,11.47111267441366
2021-03-14 17:18:00,134.54995026265863,131.54000000000002,3.009950262658606
2021-03-14 17:19:00,118.6497817211612,130.28,-11.630218278838797
2021-03-14 17:20:00,105.60560644548718,127.02,-21.414393554512813
2021-03-14 17:21:00,96.8196232064199,102.78,-5.960376793580096
2021-03-14 17:22:00,88.89396574176614,96.64,-7.746034258233863
2021-03-14 17:23:00,91.64006461548347,91.22,0.42006461548346863
2021-03-14 17:24:00,77.00731284795881,84.54,-7.532687152041191
2021-03-14 17:25:00,77.56550640424047,76.64,0.9255064042404655
2021-03-14 17:26:00,72.26384820998209,75.62,-3.3561517900179183
2021-03-14 17:27:00,73.43732883000365,74.48,-1.0426711699963533
2021-03-14 17:28:00,67.77106496424591,71.82000000000001,-4.0489350357540985
2021-03-14 17:29:00,62.13898697228057,40.89,21.24898697228057
2021-03-14 17:30:00,54.50567596210557,35.92,18.58567596210557
2021-03-14 17:31:00,47.63617878308826,33.3,14.336178783088265
2021-03-14 17:32:00,42.3781493202343,24.54,17.8381493202343
2021-03-14 17:33:00,26.84249028138632,22.990000000000002,3.8524902813863164
2021-03-14 17:34:00,26.467969881507365,23.89,2.5779698815073644
2021-03-14 17:35:00,27.429557157871493,22.42,5.009557157871491
2021-03-14 17:36:00,47.92281752760765,21.61,26.31281752760765
2021-03-14 17:37:00,51.30602315791005,20.44,30.866023157910046
2021-03-14 17:38:00,54.43388010653326,19.64,34.79388010653326
2021-03-14 17:39:00,44.770090660130606,22.93,21.840090660130606
2021-03-14 17:40:00,46.163500735184776,22.950000000000003,23.213500735184773
2021-03-14 17:41:00,37.374051150590034,21.28,16.094051150590033
2021-03-14 17:42:00,47.37016610500604,20.68,26.690166105006043
2021-03-14 17:43:00,42.71341685051295,21.64,21.07341685051295
2021-03-14 17:44:00,44.768504637881634,20.3,24.468504637881633
2021-03-14 17:45:00,38.54184014163853,21.21,17.33184014163853
2021-03-14 17:46:00,43.633432320463235,10.690000000000001,32.94343232046323
2021-03-14 17:47:00,38.69842718091457,22.950000000000003,15.748427180914568
2021-03-14 17:48:00,38.69842718091457,21.080000000000002,17.61842718091457
